candidate_id,title,field,reviewer_a,reviewer_b,adjudicated_value,adjudication_anchor,adjudication_notes
MWM-X10E1E2640B,A Modular Framework to Predict Alzheimer’s Disease Progression Using Conditional Generative Adversarial Networks,domain,Alzheimer disease longitudinal MRI,Alzheimer disease; longitudinal neuroimaging,Alzheimer disease; longitudinal neuroimaging,Sec. V-A Data,Primary publication supports Reviewer B's more precise formulation for domain; no incompatible claim from Reviewer A was carried forward.
MWM-X10E1E2640B,A Modular Framework to Predict Alzheimer’s Disease Progression Using Conditional Generative Adversarial Networks,dataset_or_cohort,ADNI longitudinal MRI; stable MCI and AD groups,"ADNI longitudinal MRI; stable MCI and Alzheimer disease cohorts, with normal controls used for descriptive comparison","ADNI longitudinal MRI; stable MCI and Alzheimer disease cohorts, with normal controls used for descriptive comparison",Sec. V-A Data,Primary publication supports Reviewer B's more precise formulation for dataset_or_cohort; no incompatible claim from Reviewer A was carried forward.
MWM-X10E1E2640B,A Modular Framework to Predict Alzheimer’s Disease Progression Using Conditional Generative Adversarial Networks,sample_scale,532 stable-MCI patients and 1764 images; 327 AD patients and 1016 images; 4-5 years of visits,"532 stable-MCI participants/1,764 images and 327 Alzheimer participants/1,016 images; normal-control count NI","532 stable-MCI participants/1,764 images and 327 Alzheimer participants/1,016 images; normal-control count NI",Sec. V-A Data,Primary publication supports Reviewer B's more precise formulation for sample_scale; no incompatible claim from Reviewer A was carried forward.
MWM-X10E1E2640B,A Modular Framework to Predict Alzheimer’s Disease Progression Using Conditional Generative Adversarial Networks,institution_count,NI: analyzed ADNI site count not reported,One multisite public consortium (ADNI); contributing site count NI,One multisite public consortium (ADNI); contributing site count NI,Sec. V-A Data,Primary publication supports Reviewer B's more precise formulation for institution_count; no incompatible claim from Reviewer A was carried forward.
MWM-X10E1E2640B,A Modular Framework to Predict Alzheimer’s Disease Progression Using Conditional Generative Adversarial Networks,split_strategy,0: no patient-level train/validation/test split reported,NI: no patient-level train/validation/test split or held-out trajectory protocol reported,NI: no patient-level train/validation/test split or held-out trajectory protocol reported,Sec. V-A Data,Primary publication supports Reviewer B's more precise formulation for split_strategy; no incompatible claim from Reviewer A was carried forward.
MWM-X10E1E2640B,A Modular Framework to Predict Alzheimer’s Disease Progression Using Conditional Generative Adversarial Networks,observation_process,"Irregular structural MRI in 6, 12, 18, 24, 36, and 48 month buckets; some visit gaps","Irregular MRI visits grouped into 6-, 12-, 18-, 24-, 36-, and 48-month buckets; cortical ribbons extracted from MR images","Irregular MRI visits grouped into 6-, 12-, 18-, 24-, 36-, and 48-month buckets; cortical ribbons extracted from MR images",Sec. V-A Data,Primary publication supports Reviewer B's more precise formulation for observation_process; no incompatible claim from Reviewer A was carried forward.
MWM-X10E1E2640B,A Modular Framework to Predict Alzheimer’s Disease Progression Using Conditional Generative Adversarial Networks,missingness,1: visit gaps acknowledged; no imputation or missingness model,"Visit gaps acknowledged; NI: no missing-visit model, imputation rule, or sensitivity analysis","Visit gaps acknowledged; NI: no missing-visit model, imputation rule, or sensitivity analysis",Sec. V-A Data,Primary publication supports Reviewer B's more precise formulation for missingness; no incompatible claim from Reviewer A was carried forward.
MWM-X10E1E2640B,A Modular Framework to Predict Alzheimer’s Disease Progression Using Conditional Generative Adversarial Networks,censoring_or_competing_events,"0: dropout, death, and truncation not analyzed","NI: attrition, death, diagnosis conversion, and competing events are not modeled","NI: attrition, death, diagnosis conversion, and competing events are not modeled",Sec. V-A Data,Primary publication supports Reviewer B's more precise formulation for censoring_or_competing_events; no incompatible claim from Reviewer A was carried forward.
MWM-X10E1E2640B,A Modular Framework to Predict Alzheimer’s Disease Progression Using Conditional Generative Adversarial Networks,state,Current MRI/cortical-ribbon image and visit-stage label,Baseline/current cortical-ribbon MR image plus disease-stage/visit conditioning,Baseline/current cortical-ribbon MR image plus disease-stage/visit conditioning,Sec. IV-A/IV-B and Fig. 3,Primary publication supports Reviewer B's more precise formulation for state; no incompatible claim from Reviewer A was carried forward.
MWM-X10E1E2640B,A Modular Framework to Predict Alzheimer’s Disease Progression Using Conditional Generative Adversarial Networks,observation_decoder,Synthetic future-stage MRI and cortical-ribbon mask; derived fractal dimension,Conditional generator outputs a 256x256x3 future cortical-ribbon image; fractal dimension is derived,Conditional generator outputs a 256x256x3 future cortical-ribbon image; fractal dimension is derived,Sec. IV-A/IV-B and Fig. 3,Primary publication supports Reviewer B's more precise formulation for observation_decoder; no incompatible claim from Reviewer A was carried forward.
MWM-X10E1E2640B,A Modular Framework to Predict Alzheimer’s Disease Progression Using Conditional Generative Adversarial Networks,action,NA: passive progression model,NA: no treatment or controllable action,NA: no treatment or controllable action,Sec. IV-A/IV-B and Fig. 3,Primary publication supports Reviewer B's more precise formulation for action; no incompatible claim from Reviewer A was carried forward.
MWM-X10E1E2640B,A Modular Framework to Predict Alzheimer’s Disease Progression Using Conditional Generative Adversarial Networks,action_provenance,NA: no treatment or control input,NA: passive disease-progression forecasting,NA: passive disease-progression forecasting,Sec. IV-A/IV-B and Fig. 3,Primary publication supports Reviewer B's more precise formulation for action_provenance; no incompatible claim from Reviewer A was carried forward.
MWM-X10E1E2640B,A Modular Framework to Predict Alzheimer’s Disease Progression Using Conditional Generative Adversarial Networks,transition_mechanism,Stage-specific conditional DCGAN modules arranged as a proposed cascade,"Cascaded conditional DCGAN modules; each later module conditions on the current or previously generated stage, with k-space manipulation and cortical-ribbon extraction",Stage-specific conditional DCGAN modules with a proposed cascade in which a generated cortical-ribbon image is combined with the original MRI for the next module,Sec. IV-A/IV-B and Fig. 3,Primary publication resolves transition_mechanism to the stated source-bounded value; incompatible or incomplete reviewer wording was not merged.
MWM-X10E1E2640B,A Modular Framework to Predict Alzheimer’s Disease Progression Using Conditional Generative Adversarial Networks,rollout_regime,Proposed recursive cascade; complete held-out free-running patient rollout not demonstrated,Recursive cascade can feed a generated stage to the next module; evaluation is generated examples and fractal trends rather than held-out trajectory error,"Conceptual recursive cascade; experiments show separate 6- and 12-month generators plus visit-bucket fractal trends, not a same-patient held-out free-running cascade",Sec. IV-A/IV-B and Fig. 3,Primary publication resolves rollout_regime to the stated source-bounded value; incompatible or incomplete reviewer wording was not merged.
MWM-X10E1E2640B,A Modular Framework to Predict Alzheimer’s Disease Progression Using Conditional Generative Adversarial Networks,capability_claim,Passive forecasting/simulation of MCI-to-AD atrophy,passive_forecasting,Passive forecasting/simulation of Alzheimer-related atrophy,Sec. IV-A/IV-B and Fig. 3,Primary publication resolves capability_claim to the stated source-bounded value; incompatible or incomplete reviewer wording was not merged.
MWM-X10E1E2640B,A Modular Framework to Predict Alzheimer’s Disease Progression Using Conditional Generative Adversarial Networks,baselines,0: no predictive baseline,No standard forecasting baseline; descriptive full versus undersampled k-space and healthy/MCI fractal-range comparisons,No standard forecasting baseline; descriptive full versus undersampled k-space and healthy/MCI fractal-range comparisons,Sec. IV-E and V-B; Figs. 11-21,Primary publication supports Reviewer B's more precise formulation for baselines; no incompatible claim from Reviewer A was carried forward.
MWM-X10E1E2640B,A Modular Framework to Predict Alzheimer’s Disease Progression Using Conditional Generative Adversarial Networks,state_fidelity_metrics,Generated-image examples and cortical-ribbon fractal dimension; no held-out image metric,"Fractal-dimension ranges and qualitative image inspection; NI: no SSIM, PSNR, clinical-label fidelity, or held-out distribution metric","Fractal-dimension ranges and qualitative image inspection; NI: no SSIM, PSNR, clinical-label fidelity, or held-out distribution metric",Sec. IV-E and V-B; Figs. 11-21,Primary publication supports Reviewer B's more precise formulation for state_fidelity_metrics; no incompatible claim from Reviewer A was carried forward.
MWM-X10E1E2640B,A Modular Framework to Predict Alzheimer’s Disease Progression Using Conditional Generative Adversarial Networks,transition_metrics,Fractal trend by visit; ranges 1.68-1.76 full k-space and 1.50-1.60 undersampled,Direction of fractal-dimension change across visits; NI: no error against matched future patient images,"Fractal-dimension trends across 6-, 12-, 18-, 24-, 36-, and 48-month visit buckets; no error against matched future patient images",Sec. IV-E and V-B; Figs. 11-21,Primary publication resolves transition_metrics to the stated source-bounded value; incompatible or incomplete reviewer wording was not merged.
MWM-X10E1E2640B,A Modular Framework to Predict Alzheimer’s Disease Progression Using Conditional Generative Adversarial Networks,rollout_stability,"0: no drift, divergence, or recursive-error metric","NI: no drift, collapse, constraint-violation, or long-rollout stability analysis","NI: no drift, collapse, constraint-violation, or long-rollout stability analysis",Sec. IV-E and V-B; Figs. 11-21,Primary publication supports Reviewer B's more precise formulation for rollout_stability; no incompatible claim from Reviewer A was carried forward.
MWM-X10E1E2640B,A Modular Framework to Predict Alzheimer’s Disease Progression Using Conditional Generative Adversarial Networks,action_sensitivity,NA: no action,NA: no action input,NA: no action input,Sec. IV-E and V-B; Figs. 11-21,Primary publication supports Reviewer B's more precise formulation for action_sensitivity; no incompatible claim from Reviewer A was carried forward.
MWM-X10E1E2640B,A Modular Framework to Predict Alzheimer’s Disease Progression Using Conditional Generative Adversarial Networks,calibration_and_uncertainty,"0: no intervals, coverage, or calibration","NI: no predictive intervals, calibration, coverage, or repeated-model uncertainty","NI: no predictive intervals, calibration, coverage, or repeated-model uncertainty",Sec. IV-E and V-B; Figs. 11-21,Primary publication supports Reviewer B's more precise formulation for calibration_and_uncertainty; no incompatible claim from Reviewer A was carried forward.
MWM-X10E1E2640B,A Modular Framework to Predict Alzheimer’s Disease Progression Using Conditional Generative Adversarial Networks,external_validation,0: no external validation,NI: no external cohort or institution,NI: no external cohort or institution,Sec. IV-E and V-B; Figs. 11-21,Primary publication supports Reviewer B's more precise formulation for external_validation; no incompatible claim from Reviewer A was carried forward.
MWM-X10E1E2640B,A Modular Framework to Predict Alzheimer’s Disease Progression Using Conditional Generative Adversarial Networks,decision_utility,0: clinical usefulness discussed but not tested,"Conceptual early-diagnosis/atrophy visualization only; no clinician, workflow, or decision comparison","Conceptual early-diagnosis/atrophy visualization only; no clinician, workflow, or decision comparison",Sec. IV-E and V-B; Figs. 11-21,Primary publication supports Reviewer B's more precise formulation for decision_utility; no incompatible claim from Reviewer A was carried forward.
MWM-X10E1E2640B,A Modular Framework to Predict Alzheimer’s Disease Progression Using Conditional Generative Adversarial Networks,safety_evaluation,0: no safety evaluation,NI: no safety or failure-mode evaluation,NI: no safety or failure-mode evaluation,Sec. IV-E and V-B; Figs. 11-21,Primary publication supports Reviewer B's more precise formulation for safety_evaluation; no incompatible claim from Reviewer A was carried forward.
MWM-X10E1E2640B,A Modular Framework to Predict Alzheimer’s Disease Progression Using Conditional Generative Adversarial Networks,statistical_analysis,"0: no confidence intervals, resampling, or hypothesis tests for progression","Descriptive fractal summaries; NI: no CIs, significance tests, resampling, or multiplicity control for forecasting","Descriptive fractal summaries; NI: no CIs, significance tests, resampling, or multiplicity control for forecasting",Sec. IV-E and V-B; Figs. 11-21,Primary publication supports Reviewer B's more precise formulation for statistical_analysis; no incompatible claim from Reviewer A was carried forward.
MWM-X10E1E2640B,A Modular Framework to Predict Alzheimer’s Disease Progression Using Conditional Generative Adversarial Networks,causal_language,Prediction/simulation language only; no treatment-effect claim,Prediction/simulation language for atrophy progression without a causal intervention claim,Prediction/simulation language for atrophy progression without a causal intervention claim,"Abstract, Introduction, and Conclusion capability language",Primary publication supports Reviewer B's more precise formulation for causal_language; no incompatible claim from Reviewer A was carried forward.
MWM-X10E1E2640B,A Modular Framework to Predict Alzheimer’s Disease Progression Using Conditional Generative Adversarial Networks,estimand,Observed-process image progression; no formal estimand,NA: observational future-image generation; no causal estimand,NA: observational future-image generation; no causal estimand,"Abstract, Introduction, and Conclusion capability language",Primary publication supports Reviewer B's more precise formulation for estimand; no incompatible claim from Reviewer A was carried forward.
MWM-X10E1E2640B,A Modular Framework to Predict Alzheimer’s Disease Progression Using Conditional Generative Adversarial Networks,confounding_strategy,NA: no intervention claim,NA: no treatment-effect claim; NI for adjustment of cohort differences,NA: no intervention claim,"Abstract, Introduction, and Conclusion capability language",Primary publication supports Reviewer A for confounding_strategy; Reviewer B's competing interpretation was not retained.
MWM-X10E1E2640B,A Modular Framework to Predict Alzheimer’s Disease Progression Using Conditional Generative Adversarial Networks,positivity_and_overlap,NA: no intervention contrast,NA: no causal treatment comparison,NA: no causal treatment comparison,"Abstract, Introduction, and Conclusion capability language",Primary publication supports Reviewer B's more precise formulation for positivity_and_overlap; no incompatible claim from Reviewer A was carried forward.
MWM-X10E1E2640B,A Modular Framework to Predict Alzheimer’s Disease Progression Using Conditional Generative Adversarial Networks,code_access,0: code not reported,NI: no public code identified,NI: no public code identified,Sec. IV-B-IV-D and V; no availability statement,Primary publication supports Reviewer B's more precise formulation for code_access; no incompatible claim from Reviewer A was carried forward.
MWM-X10E1E2640B,A Modular Framework to Predict Alzheimer’s Disease Progression Using Conditional Generative Adversarial Networks,weights_access,0: weights not reported,NI: no public model weights identified,NI: no public model weights identified,Sec. IV-B-IV-D and V; no availability statement,Primary publication supports Reviewer B's more precise formulation for weights_access; no incompatible claim from Reviewer A was carried forward.
MWM-X10E1E2640B,A Modular Framework to Predict Alzheimer’s Disease Progression Using Conditional Generative Adversarial Networks,data_access,Credentialed ADNI access,ADNI is credentialed/request-based,ADNI is credentialed/request-based,Sec. IV-B-IV-D and V; no availability statement,Primary publication supports Reviewer B's more precise formulation for data_access; no incompatible claim from Reviewer A was carried forward.
MWM-X10E1E2640B,A Modular Framework to Predict Alzheimer’s Disease Progression Using Conditional Generative Adversarial Networks,preprocessing_reproducibility,"1: source preprocessing, resampling, ribbon extraction, k-space processing, and thresholds described; split absent","Partial: image extraction, size, k-space variants, and GAN architecture described; cohort construction/split details insufficient","Partial: image extraction, size, k-space variants, and GAN architecture described; cohort construction/split details insufficient",Sec. IV-B-IV-D and V; no availability statement,Primary publication supports Reviewer B's more precise formulation for preprocessing_reproducibility; no incompatible claim from Reviewer A was carried forward.
MWM-X10E1E2640B,A Modular Framework to Predict Alzheimer’s Disease Progression Using Conditional Generative Adversarial Networks,randomness,0: GAN noise used but seeds and repeated runs not reported,"NI: seeds, repeated runs, and stochastic variability not reported","NI: seeds, repeated runs, and stochastic variability not reported",Sec. IV-B-IV-D and V; no availability statement,Primary publication supports Reviewer B's more precise formulation for randomness; no incompatible claim from Reviewer A was carried forward.
MWM-X10E1E2640B,A Modular Framework to Predict Alzheimer’s Disease Progression Using Conditional Generative Adversarial Networks,evidence_anchors,Primary PDF pp. 3-7; Fig. 3; Sec. IV; Sec. V-A/V-B; Fig. 21; stable DOI,Public author PDF pp. 3-7; Fig. 3; Experiments V.A-V.B; Figs. 11-21; Conclusion,"Primary IJCNN PDF Sec. IV-A/IV-E and V-A/V-B; Figs. 3, 11-21; Conclusion; DOI 10.1109/IJCNN48605.2020.9206875","Full IJCNN PDF, Secs. IV-VI",Primary publication resolves evidence_anchors to the stated source-bounded value; incompatible or incomplete reviewer wording was not merged.
MWM-X10E1E2640B,A Modular Framework to Predict Alzheimer’s Disease Progression Using Conditional Generative Adversarial Networks,appraisal_strengths,"Longitudinal dataset, explicit future stages, cohort counts, and imaging pipeline",Explicit recursive multistage generation and interpretable atrophy proxy over named horizons,"Longitudinal ADNI visit buckets, explicit future-stage image generation, cohort counts, and an interpretable cortical-ribbon atrophy proxy","Full IJCNN PDF, Secs. IV-VI",Primary publication resolves appraisal_strengths to the stated source-bounded value; incompatible or incomplete reviewer wording was not merged.
MWM-X10E1E2640B,A Modular Framework to Predict Alzheimer’s Disease Progression Using Conditional Generative Adversarial Networks,appraisal_limitations,"No split, held-out trajectory fidelity, baseline, uncertainty, external validation, or demonstrated full cascade","No patient-level split, matched-future error, competitive baseline, uncertainty, external validation, or utility test","No patient-level split, matched-future trajectory error, demonstrated full recursive cascade, competitive baseline, calibration, external validation, or utility test","Full IJCNN PDF, Secs. IV-VI",Primary publication resolves appraisal_limitations to the stated source-bounded value; incompatible or incomplete reviewer wording was not merged.
MWM-X10E1E2640B,A Modular Framework to Predict Alzheimer’s Disease Progression Using Conditional Generative Adversarial Networks,source_status,Full primary conference PDF inspected,Exact paper inspected via the University of Missouri public WCCI/IJCNN archive; DOI identifies the IEEE publication,Exact primary IJCNN conference PDF inspected from the public University of Missouri WCCI archive; IEEE DOI verified,IJCNN PDF title page and DOI; Conclusion,Primary publication resolves source_status to the stated source-bounded value; incompatible or incomplete reviewer wording was not merged.
MWM-XF6449FE2D4,AKI-twinX: explainable organ structured digital twin for sepsis AKI trajectory forecasting,publication_status,medRxiv preprint posted 22 March 2026,medRxiv preprint v1 posted 2026-03-22,medRxiv preprint v1 posted 2026-03-22,"medRxiv v1 title page, DOI, and availability statements",Primary publication supports Reviewer B's more precise formulation for publication_status; no incompatible claim from Reviewer A was carried forward.
MWM-XF6449FE2D4,AKI-twinX: explainable organ structured digital twin for sepsis AKI trajectory forecasting,domain,Critical-care EHR; sepsis and AKI,Sepsis acute kidney injury; ICU cardio-renal forecasting,Sepsis acute kidney injury; ICU cardio-renal forecasting,"Methods Datasets, Input features, and Preprocessing",Primary publication supports Reviewer B's more precise formulation for domain; no incompatible claim from Reviewer A was carried forward.
MWM-XF6449FE2D4,AKI-twinX: explainable organ structured digital twin for sepsis AKI trajectory forecasting,dataset_or_cohort,MIMIC-IV v2.2 and Indiana University Health ICU v1.0 sepsis cohorts,MIMIC-IV v2.2 from Beth Israel Deaconess and IUH ICU v1.0 across 11 hospitals,MIMIC-IV v2.2 from Beth Israel Deaconess and IUH ICU v1.0 across 11 hospitals,"Methods Datasets, Input features, and Preprocessing",Primary publication supports Reviewer B's more precise formulation for dataset_or_cohort; no incompatible claim from Reviewer A was carried forward.
MWM-XF6449FE2D4,AKI-twinX: explainable organ structured digital twin for sepsis AKI trajectory forecasting,sample_scale,Parent databases contain 73181 MIMIC stays and 6918 IUH admissions; 6673 MIMIC test windows in BP analysis,"Source databases: 73,181 MIMIC ICU stays and 6,918 IUH admissions; analytic sepsis count NI; 6,673 MIMIC BP test windows","Source databases: 73,181 MIMIC ICU stays and 6,918 IUH admissions; analytic sepsis count NI; 6,673 MIMIC BP test windows","Methods Datasets, Input features, and Preprocessing",Primary publication supports Reviewer B's more precise formulation for sample_scale; no incompatible claim from Reviewer A was carried forward.
MWM-XF6449FE2D4,AKI-twinX: explainable organ structured digital twin for sepsis AKI trajectory forecasting,institution_count,Two systems: one Boston hospital and 11 IUH hospitals,12 hospitals: one MIMIC hospital plus 11 IUH hospitals,12 hospitals: one MIMIC hospital plus 11 IUH hospitals,"Methods Datasets, Input features, and Preprocessing",Primary publication supports Reviewer B's more precise formulation for institution_count; no incompatible claim from Reviewer A was carried forward.
MWM-XF6449FE2D4,AKI-twinX: explainable organ structured digital twin for sepsis AKI trajectory forecasting,split_strategy,Five-fold MIMIC cross-validation at ICU-stay level; independent IUH external evaluation,Five-fold ICU-stay-level MIMIC cross-validation; independent IUH evaluation; Phase-1 encoders frozen before Phase-2 heads,Five-fold ICU-stay-level MIMIC cross-validation; independent IUH evaluation; Phase-1 encoders frozen before Phase-2 heads,"Methods Datasets, Input features, and Preprocessing",Primary publication supports Reviewer B's more precise formulation for split_strategy; no incompatible claim from Reviewer A was carried forward.
MWM-XF6449FE2D4,AKI-twinX: explainable organ structured digital twin for sepsis AKI trajectory forecasting,observation_process,Irregular EHR aligned hourly; 12-hour by 49-variable sequence plus 42 baseline/context variables,42 baseline variables plus 49 time-varying variables binned hourly over the preceding 12 hours; next-window outcomes forecast,42 baseline variables plus 49 time-varying variables binned hourly over the preceding 12 hours; adjacent-window physiological and outcome forecasts,"Methods Datasets, Input features, and Preprocessing",Primary publication resolves observation_process to the stated source-bounded value; incompatible or incomplete reviewer wording was not merged.
MWM-XF6449FE2D4,AKI-twinX: explainable organ structured digital twin for sepsis AKI trajectory forecasting,missingness,"2: exclusions, median imputation, SOFA forward-fill, lab carry-forward/interpolation, and no whole-group imputation described",Baseline median fill; SOFA forward fill; lab/physiology carry-forward or median interpolation; absent respiratory documentation coded absent; IUH medication stop times use 12-hour decay,Baseline median fill; SOFA forward fill; lab/physiology carry-forward or median interpolation; absent respiratory documentation coded absent; IUH medication stop times use 12-hour decay,"Methods Datasets, Input features, and Preprocessing",Primary publication supports Reviewer B's more precise formulation for missingness; no incompatible claim from Reviewer A was carried forward.
MWM-XF6449FE2D4,AKI-twinX: explainable organ structured digital twin for sepsis AKI trajectory forecasting,censoring_or_competing_events,1: 12-hour survival outcome and exclusion of stays under 48 hours; no time-to-event censoring model,"Near-term survival is an outcome; NI: discharge, informative missingness, repeat admissions, and competing risks otherwise not modeled","Near-term survival is an outcome; NI: discharge, informative missingness, repeat admissions, and competing risks otherwise not modeled","Methods Datasets, Input features, and Preprocessing",Primary publication supports Reviewer B's more precise formulation for censoring_or_competing_events; no incompatible claim from Reviewer A was carried forward.
MWM-XF6449FE2D4,AKI-twinX: explainable organ structured digital twin for sepsis AKI trajectory forecasting,state,"Cardiovascular, renal, and other-organ variational latent states","Cardiovascular, renal, and other-organ latent states from a 12x49 temporal matrix plus 42 baseline variables","Cardiovascular, renal, and other-organ latent states from a 12x49 temporal matrix plus 42 baseline variables",Methods Phase 1 and Phase 2; Fig. 1,Primary publication supports Reviewer B's more precise formulation for state; no incompatible claim from Reviewer A was carried forward.
MWM-XF6449FE2D4,AKI-twinX: explainable organ structured digital twin for sepsis AKI trajectory forecasting,observation_decoder,"Next-12-hour features, SOFA, mortality, AKI onset, and AKI trajectory","Next-12-hour feature sequence and cardiovascular/renal SOFA; heads predict mortality, AKI onset, and ordinal trajectory","Next-12-hour feature sequence and cardiovascular/renal SOFA; heads predict mortality, AKI onset, and ordinal trajectory",Methods Phase 1 and Phase 2; Fig. 1,Primary publication supports Reviewer B's more precise formulation for observation_decoder; no incompatible claim from Reviewer A was carried forward.
MWM-XF6449FE2D4,AKI-twinX: explainable organ structured digital twin for sepsis AKI trajectory forecasting,action,Medication/support exposures; vasopressor withdrawal sets four agents absent,"Vasoactive exposure; simulated withdrawal sets norepinephrine, phenylephrine, vasopressin, and epinephrine absent","Vasoactive exposure; simulated withdrawal sets norepinephrine, phenylephrine, vasopressin, and epinephrine absent",Methods Phase 1 and Phase 2; Fig. 1,Primary publication supports Reviewer B's more precise formulation for action; no incompatible claim from Reviewer A was carried forward.
MWM-XF6449FE2D4,AKI-twinX: explainable organ structured digital twin for sepsis AKI trajectory forecasting,action_provenance,Observed documented administrations; withdrawal is simulated,"Observed EHR-administered/documented exposure; counterfactual action is an altered input, not randomized treatment","Observed EHR-administered/documented exposure; counterfactual action is an altered input, not randomized treatment",Methods Phase 1 and Phase 2; Fig. 1,Primary publication supports Reviewer B's more precise formulation for action_provenance; no incompatible claim from Reviewer A was carried forward.
MWM-XF6449FE2D4,AKI-twinX: explainable organ structured digital twin for sepsis AKI trajectory forecasting,transition_mechanism,"GRU variational organ encoders/decoders followed by frozen encoders, cross-attention, and outcome heads",Organ-specific variational GRU encoders/decoders with sparse gates and cross-organ attention; frozen encoders feed heads,Organ-specific variational GRU encoders/decoders with sparse gates and cross-organ attention; frozen encoders feed heads,Methods Phase 1 and Phase 2; Fig. 1,Primary publication supports Reviewer B's more precise formulation for transition_mechanism; no incompatible claim from Reviewer A was carried forward.
MWM-XF6449FE2D4,AKI-twinX: explainable organ structured digital twin for sepsis AKI trajectory forecasting,maximum_horizon,One subsequent 12-hour window,"12 hours in Methods/decoders/figures; Results prose also says 24 hours, an internal inconsistency","Operational Methods and figures use adjacent 12-hour windows; Results prose also reports next-24-hour endpoints and an overview mentions 24/48-hour examples, an internal inconsistency",Methods Phase 1 and Phase 2; Fig. 1,Primary publication resolves maximum_horizon to the stated source-bounded value; incompatible or incomplete reviewer wording was not merged.
MWM-XF6449FE2D4,AKI-twinX: explainable organ structured digital twin for sepsis AKI trajectory forecasting,rollout_regime,One-step next-window forecast; no recursive rollout,Direct next-window forecasting; no recursive free-running multi-window rollout,Direct next-window forecasting; no recursive free-running multi-window rollout,Methods Phase 1 and Phase 2; Fig. 1,Primary publication supports Reviewer B's more precise formulation for rollout_regime; no incompatible claim from Reviewer A was carried forward.
MWM-XF6449FE2D4,AKI-twinX: explainable organ structured digital twin for sepsis AKI trajectory forecasting,capability_claim,Short-horizon forecasting plus counterfactual-labeled vasopressor sensitivity,counterfactual,counterfactual,Methods Phase 1 and Phase 2; Fig. 1,Primary publication supports Reviewer B's more precise formulation for capability_claim; no incompatible claim from Reviewer A was carried forward.
MWM-XF6449FE2D4,AKI-twinX: explainable organ structured digital twin for sepsis AKI trajectory forecasting,baselines,0: no strong alternative model comparison for core tasks,"Cross-cohort results reported, but NI: no standard clinical or ML prediction baseline in the main manuscript","Cross-cohort results reported, but NI: no standard clinical or ML prediction baseline in the main manuscript","Results Model performance and Figs. 2, 4-5",Primary publication supports Reviewer B's more precise formulation for baselines; no incompatible claim from Reviewer A was carried forward.
MWM-XF6449FE2D4,AKI-twinX: explainable organ structured digital twin for sepsis AKI trajectory forecasting,state_fidelity_metrics,Mortality AUC 0.86/0.88; AKI-onset 0.78/0.82; trajectory 0.73/0.78; BP MAE 8.5 mmHg and r=0.76,"SBP correlation 0.76, MAE 8.52 mmHg, RMSE 10.79, and 95th-percentile error 21.62 on 6,673 windows","SBP correlation 0.76, MAE 8.52 mmHg, RMSE 10.79, and 95th-percentile error 21.62 on 6,673 windows","Results Model performance and Figs. 2, 4-5",Primary publication supports Reviewer B's more precise formulation for state_fidelity_metrics; no incompatible claim from Reviewer A was carried forward.
MWM-XF6449FE2D4,AKI-twinX: explainable organ structured digital twin for sepsis AKI trajectory forecasting,transition_metrics,"Next-window MSE, SOFA error, and 12-hour outcome/trajectory AUC","AUC: mortality 0.86-0.88, AKI onset 0.78-0.82, AKI trajectory 0.73-0.78 across MIMIC/IUH","AUC: mortality 0.86-0.88, AKI onset 0.78-0.82, AKI trajectory 0.73-0.78 across MIMIC/IUH","Results Model performance and Figs. 2, 4-5",Primary publication supports Reviewer B's more precise formulation for transition_metrics; no incompatible claim from Reviewer A was carried forward.
MWM-XF6449FE2D4,AKI-twinX: explainable organ structured digital twin for sepsis AKI trajectory forecasting,rollout_stability,0: no multistep stability metric; future drift monitoring recommended,NA for free-running rollout; NI: no recursive drift/stability test,NA for free-running rollout; NI: no recursive drift/stability test,"Results Model performance and Figs. 2, 4-5",Primary publication supports Reviewer B's more precise formulation for rollout_stability; no incompatible claim from Reviewer A was carried forward.
MWM-XF6449FE2D4,AKI-twinX: explainable organ structured digital twin for sepsis AKI trajectory forecasting,action_sensitivity,1: vasopressor-withdrawal input ablation on 6673 samples and one case; no dose/timing test,Observed-treatment forecasts versus vasopressor withdrawal shift toward lower BP and higher risk; one detailed case,Observed-treatment forecasts versus vasopressor withdrawal shift toward lower BP and higher risk; one detailed case,"Results Model performance and Figs. 2, 4-5",Primary publication supports Reviewer B's more precise formulation for action_sensitivity; no incompatible claim from Reviewer A was carried forward.
MWM-XF6449FE2D4,AKI-twinX: explainable organ structured digital twin for sepsis AKI trajectory forecasting,calibration_and_uncertainty,0: VAE and aggregate AUC confidence intervals but no predictive calibration,"Variational latents and AUC CIs; NI: no calibration slope, reliability curve, Brier score, or interval coverage","Variational latent representations and AUC confidence intervals; no evaluated predictive calibration, reliability, or interval coverage","Results Model performance and Figs. 2, 4-5",Primary publication resolves calibration_and_uncertainty to the stated source-bounded value; incompatible or incomplete reviewer wording was not merged.
MWM-XF6449FE2D4,AKI-twinX: explainable organ structured digital twin for sepsis AKI trajectory forecasting,external_validation,2: frozen independent IUH evaluation across 11 hospitals,Independent 11-hospital IUH cohort with frozen components implied; discrimination transfers but calibration/drift not evaluated,"Frozen MIMIC-IV-developed model evaluated on an independent 11-hospital IUH cohort; discrimination reported, calibration and drift not evaluated","Results Model performance and Figs. 2, 4-5",Primary publication resolves external_validation to the stated source-bounded value; incompatible or incomplete reviewer wording was not merged.
MWM-XF6449FE2D4,AKI-twinX: explainable organ structured digital twin for sepsis AKI trajectory forecasting,decision_utility,1: offline sensitivity and illustrative case; no prospective workflow,"Retrospective bedside what-if illustration; no clinician study, silent deployment, or measured benefit","Retrospective bedside what-if illustration; no clinician study, silent deployment, or measured benefit","Results Model performance and Figs. 2, 4-5",Primary publication supports Reviewer B's more precise formulation for decision_utility; no incompatible claim from Reviewer A was carried forward.
MWM-XF6449FE2D4,AKI-twinX: explainable organ structured digital twin for sepsis AKI trajectory forecasting,safety_evaluation,"0: no defined hazard, override, or recovery test","Safety-oriented tapering discussion and causal warnings; NI: no hazard threshold, override, stress test, or prospective endpoint","Safety-oriented tapering discussion only; no defined hazard threshold, override, stress/recovery test, or prospective safety endpoint","Results Model performance and Figs. 2, 4-5",Primary publication resolves safety_evaluation to the stated source-bounded value; incompatible or incomplete reviewer wording was not merged.
MWM-XF6449FE2D4,AKI-twinX: explainable organ structured digital twin for sepsis AKI trajectory forecasting,statistical_analysis,"AUC with 95% CI, Pearson correlation, MAE, and cross-validation","Five-fold summaries and 95% AUC CIs; exact CI method, repeated-seed variance, and multiplicity NI","Five-fold summaries and 95% AUC CIs; exact CI method, repeated-seed variance, and multiplicity NI","Results Model performance and Figs. 2, 4-5",Primary publication supports Reviewer B's more precise formulation for statistical_analysis; no incompatible claim from Reviewer A was carried forward.
MWM-XF6449FE2D4,AKI-twinX: explainable organ structured digital twin for sepsis AKI trajectory forecasting,causal_language,"Counterfactual language is explicitly bounded as sensitivity, not causal effect",Calls withdrawal counterfactual while explicitly stating it is not a causal estimate because treatment is confounded,Calls withdrawal counterfactual while explicitly stating it is not a causal estimate because treatment is confounded,Methods counterfactual simulation and Discussion limitations,Primary publication supports Reviewer B's more precise formulation for causal_language; no incompatible claim from Reviewer A was carried forward.
MWM-XF6449FE2D4,AKI-twinX: explainable organ structured digital twin for sepsis AKI trajectory forecasting,estimand,No explicit estimand; model-prediction contrast after setting vasopressors absent,Predicted difference after setting vasopressor indicators absent versus observed; not an identified treatment effect,Predicted difference after setting vasopressor indicators absent versus observed; not an identified treatment effect,Methods counterfactual simulation and Discussion limitations,Primary publication supports Reviewer B's more precise formulation for estimand; no incompatible claim from Reviewer A was carried forward.
MWM-XF6449FE2D4,AKI-twinX: explainable organ structured digital twin for sepsis AKI trajectory forecasting,confounding_strategy,0: treatment confounding acknowledged but not adjusted,No causal adjustment; confounding by indication and incomplete titration representation acknowledged,No causal adjustment; confounding by indication and incomplete titration representation acknowledged,Methods counterfactual simulation and Discussion limitations,Primary publication supports Reviewer B's more precise formulation for confounding_strategy; no incompatible claim from Reviewer A was carried forward.
MWM-XF6449FE2D4,AKI-twinX: explainable organ structured digital twin for sepsis AKI trajectory forecasting,positivity_and_overlap,0: overlap not evaluated,NI: no overlap/positivity diagnostics,NI: no overlap/positivity diagnostics,Methods counterfactual simulation and Discussion limitations,Primary publication supports Reviewer B's more precise formulation for positivity_and_overlap; no incompatible claim from Reviewer A was carried forward.
MWM-XF6449FE2D4,AKI-twinX: explainable organ structured digital twin for sepsis AKI trajectory forecasting,counterfactual_validation,0: clinical-direction coherence only; no causal validation,"Clinical-direction check on one case and 6,673 windows; no randomized/interventional known-effect validation","Clinical-direction check on one case and 6,673 windows; no randomized/interventional known-effect validation",Methods counterfactual simulation and Discussion limitations,Primary publication supports Reviewer B's more precise formulation for counterfactual_validation; no incompatible claim from Reviewer A was carried forward.
MWM-XF6449FE2D4,AKI-twinX: explainable organ structured digital twin for sepsis AKI trajectory forecasting,code_access,1: code promised on GitHub but no inspectable link,Not currently public; manuscript says code will be released on GitHub,Planned: manuscript says code will be made available on GitHub; no inspectable repository URL at the coding cutoff,Methods training/evaluation and Data/Code availability,Primary publication resolves code_access to the stated source-bounded value; incompatible or incomplete reviewer wording was not merged.
MWM-XF6449FE2D4,AKI-twinX: explainable organ structured digital twin for sepsis AKI trajectory forecasting,weights_access,0: weights unavailable,NI: no public pretrained weights,NI: no public pretrained weights,Methods training/evaluation and Data/Code availability,Primary publication supports Reviewer B's more precise formulation for weights_access; no incompatible claim from Reviewer A was carried forward.
MWM-XF6449FE2D4,AKI-twinX: explainable organ structured digital twin for sepsis AKI trajectory forecasting,data_access,MIMIC credentialed; IUH request-based pending approval,MIMIC credentialed; IUH by request pending institutional approval,MIMIC credentialed; IUH by request pending institutional approval,Methods training/evaluation and Data/Code availability,Primary publication supports Reviewer B's more precise formulation for data_access; no incompatible claim from Reviewer A was carried forward.
MWM-XF6449FE2D4,AKI-twinX: explainable organ structured digital twin for sepsis AKI trajectory forecasting,preprocessing_reproducibility,"2: feature, missingness, architecture, fold, loss, and training details reported","Moderate: cohorts, windows, features, missingness, exposure encoding, architecture, and phases described; analytic counts/timing inconsistent","Moderate: cohorts, windows, features, missingness, exposure encoding, architecture, and phases described; analytic counts/timing inconsistent",Methods training/evaluation and Data/Code availability,Primary publication supports Reviewer B's more precise formulation for preprocessing_reproducibility; no incompatible claim from Reviewer A was carried forward.
MWM-XF6449FE2D4,AKI-twinX: explainable organ structured digital twin for sepsis AKI trajectory forecasting,randomness,1: five-fold CV and latent sampling; no seeds or repeated initialization analysis,NI: seeds and repeated independent runs not reported,NI: seeds and repeated independent runs not reported,Methods training/evaluation and Data/Code availability,Primary publication supports Reviewer B's more precise formulation for randomness; no incompatible claim from Reviewer A was carried forward.
MWM-XF6449FE2D4,AKI-twinX: explainable organ structured digital twin for sepsis AKI trajectory forecasting,evidence_anchors,Preprint pp. 16-24 Methods and intervention analysis; Figs. 2 and 4; pp. 14-16 limitations; stable DOI,"Preprint Data/Code availability; Results/Figs. 2-5; Methods data, windows, phases, external validation; Discussion limitations","medRxiv v1 Abstract; Results model performance, Figs. 2 and 4-5; Methods Input features, Preprocessing, Phase 1/2, cross-validation; Discussion limitations; Data/Code availability",Full medRxiv v1 PDF,Primary publication resolves evidence_anchors to the stated source-bounded value; incompatible or incomplete reviewer wording was not merged.
MWM-XF6449FE2D4,AKI-twinX: explainable organ structured digital twin for sepsis AKI trajectory forecasting,appraisal_strengths,"Leakage control, detailed missingness, multicenter external test, confidence intervals, and explicit causal boundary","Organ structure, external health-system evaluation, quantitative BP fidelity, and meaningful action perturbation","Stay-level leakage control, explicit missingness rules, organ-structured dynamics, frozen cross-system evaluation, physiological fidelity, and a bounded altered-input sensitivity probe",Full medRxiv v1 PDF,Primary publication resolves appraisal_strengths to the stated source-bounded value; incompatible or incomplete reviewer wording was not merged.
MWM-XF6449FE2D4,AKI-twinX: explainable organ structured digital twin for sepsis AKI trajectory forecasting,appraisal_limitations,"One-step horizon, no calibration/model baseline, simplified intervention, incomplete IUH stop times, and no prospective utility","Preprint; analytic count absent, 12h/24h inconsistency, weak baselines, no calibration, no causal identification","One-step adjacent-window forecasts, inconsistent 12/24/48-hour descriptions, no strong prediction baseline or calibration, simplified exposure encoding, no causal identification, and no prospective utility",Full medRxiv v1 PDF,Primary publication resolves appraisal_limitations to the stated source-bounded value; incompatible or incomplete reviewer wording was not merged.
MWM-XF6449FE2D4,AKI-twinX: explainable organ structured digital twin for sepsis AKI trajectory forecasting,source_status,Full primary preprint PDF inspected,Exact medRxiv PDF/source inspected from the DOI record,Exact primary medRxiv v1 PDF inspected from DOI 10.64898/2026.03.13.26346736,"medRxiv v1 title page, DOI, and availability statements",Primary publication resolves source_status to the stated source-bounded value; incompatible or incomplete reviewer wording was not merged.
MWM-X1BBCF32528,"CellPace: A temporal diffusion-forcing framework for simulation, interpolation and forecasting of single-cell dynamics",publication_status,bioRxiv preprint posted 26 February 2026,bioRxiv preprint v1 posted 2026-02-26,bioRxiv preprint v1 posted 2026-02-26,bioRxiv v1 DOI record and title page,Primary publication supports Reviewer B's more precise formulation for publication_status; no incompatible claim from Reviewer A was carried forward.
MWM-X1BBCF32528,"CellPace: A temporal diffusion-forcing framework for simulation, interpolation and forecasting of single-cell dynamics",dataset_or_cohort,Mouse embryo lineages; palate RNA-ATAC multiome; MOSTA spatial atlas,"Mouse embryo atlas scRNA-seq lineages, posterior embryo, and mouse-palate paired RNA-ATAC from public repositories","Mouse embryo atlas scRNA-seq lineages, posterior embryo, and mouse-palate paired RNA-ATAC from public repositories",Methods datasets and deterministic temporal splits,Primary publication supports Reviewer B's more precise formulation for dataset_or_cohort; no incompatible claim from Reviewer A was carried forward.
MWM-X1BBCF32528,"CellPace: A temporal diffusion-forcing framework for simulation, interpolation and forecasting of single-cell dynamics",sample_scale,Epithelial 54k; retinal 35275; endothelial 9k; posterior embryo 121k; palate 36154 cells,"Atlas >11M cells; somite subset ~2M/32 stages; modeled epithelial 54k, retinal 35k, endothelial 9k, posterior embryo 121k, palate 36,154","Atlas >11M cells; somite subset ~2M/32 stages; modeled epithelial 54k, retinal 35k, endothelial 9k, posterior embryo 121k, palate 36,154",Methods datasets and deterministic temporal splits,Primary publication supports Reviewer B's more precise formulation for sample_scale; no incompatible claim from Reviewer A was carried forward.
MWM-X1BBCF32528,"CellPace: A temporal diffusion-forcing framework for simulation, interpolation and forecasting of single-cell dynamics",institution_count,"NA: public biological datasets, not a clinical institution cohort",NA: public experimental datasets; clinical institution count not applicable,NA: public experimental datasets; clinical institution count not applicable,Methods datasets and deterministic temporal splits,Primary publication supports Reviewer B's more precise formulation for institution_count; no incompatible claim from Reviewer A was carried forward.
MWM-X1BBCF32528,"CellPace: A temporal diffusion-forcing framework for simulation, interpolation and forecasting of single-cell dynamics",split_strategy,Deterministic stage holdout for interpolation/extrapolation and validation; training-only feature selection,Deterministic stage holdouts: test S12/S15/S18 and S33/S34; validation S10/S11/S22/S31/S32; rest train. Palate holds every fifth bin and pt46-pt49; preprocessing uses train only,Deterministic stage holdouts: test S12/S15/S18 and S33/S34; validation S10/S11/S22/S31/S32; rest train. Palate holds every fifth bin and pt46-pt49; preprocessing uses train only,Methods datasets and deterministic temporal splits,Primary publication supports Reviewer B's more precise formulation for split_strategy; no incompatible claim from Reviewer A was carried forward.
MWM-X1BBCF32528,"CellPace: A temporal diffusion-forcing framework for simulation, interpolation and forecasting of single-cell dynamics",observation_process,Destructive cross-sectional snapshots at irregular stages; multiome uses inferred pseudotime,Destructive cross-sectional snapshots at irregular somite stages or inferred pseudotime; cells are not longitudinally followed,Destructive cross-sectional snapshots at irregular somite stages or inferred pseudotime; cells are not longitudinally followed,Methods datasets and deterministic temporal splits,Primary publication supports Reviewer B's more precise formulation for observation_process; no incompatible claim from Reviewer A was carried forward.
MWM-X1BBCF32528,"CellPace: A temporal diffusion-forcing framework for simulation, interpolation and forecasting of single-cell dynamics",missingness,"2: intentional stage holdouts, QC, doublet removal, and leakage controls; no cell-level imputation claim",No ordinary missing-value model; absent/held-out stages are the target problem; posterior stages 13 and 19 absent,No ordinary missing-value model; absent/held-out stages are the target problem; posterior stages 13 and 19 absent,Methods datasets and deterministic temporal splits,Primary publication supports Reviewer B's more precise formulation for missingness; no incompatible claim from Reviewer A was carried forward.
MWM-X1BBCF32528,"CellPace: A temporal diffusion-forcing framework for simulation, interpolation and forecasting of single-cell dynamics",censoring_or_competing_events,NA: no patient censoring,"NA: developmental snapshots, not event data","NA: developmental snapshots, not event data",Methods datasets and deterministic temporal splits,Primary publication supports Reviewer B's more precise formulation for censoring_or_competing_events; no incompatible claim from Reviewer A was carried forward.
MWM-X1BBCF32528,"CellPace: A temporal diffusion-forcing framework for simulation, interpolation and forecasting of single-cell dynamics",state,scVI/MultiVI latent cell states with continuous stage and gap-aware encoding,scVI/MultiVI latent cell-state distributions conditioned on continuous developmental position and time gap,scVI/MultiVI latent cell-state distributions conditioned on continuous developmental position and time gap,Fig. 1 and Methods temporal diffusion-forcing/generation,Primary publication supports Reviewer B's more precise formulation for state; no incompatible claim from Reviewer A was carried forward.
MWM-X1BBCF32528,"CellPace: A temporal diffusion-forcing framework for simulation, interpolation and forecasting of single-cell dynamics",observation_decoder,"Generated RNA and chromatin profiles at observed, missing, and future stages",scVI decodes RNA with ZINB; MultiVI decodes RNA and ATAC including Bernoulli accessibility,scVI decodes RNA with ZINB; MultiVI decodes RNA and ATAC including Bernoulli accessibility,Fig. 1 and Methods temporal diffusion-forcing/generation,Primary publication supports Reviewer B's more precise formulation for observation_decoder; no incompatible claim from Reviewer A was carried forward.
MWM-X1BBCF32528,"CellPace: A temporal diffusion-forcing framework for simulation, interpolation and forecasting of single-cell dynamics",action,NA: developmental time is not an intervention,"NA: time/stage is conditioning, not a controllable intervention","NA: time/stage is conditioning, not a controllable intervention",Fig. 1 and Methods temporal diffusion-forcing/generation,Primary publication supports Reviewer B's more precise formulation for action; no incompatible claim from Reviewer A was carried forward.
MWM-X1BBCF32528,"CellPace: A temporal diffusion-forcing framework for simulation, interpolation and forecasting of single-cell dynamics",action_provenance,NA: no treatment/control action,NA: passive developmental forecasting,NA: passive developmental forecasting,Fig. 1 and Methods temporal diffusion-forcing/generation,Primary publication supports Reviewer B's more precise formulation for action_provenance; no incompatible claim from Reviewer A was carried forward.
MWM-X1BBCF32528,"CellPace: A temporal diffusion-forcing framework for simulation, interpolation and forecasting of single-cell dynamics",transition_mechanism,Temporal diffusion-forcing transformer with pyramid scheduling and sliding-window extrapolation,"Causally masked temporal diffusion-forcing transformer with gap-aware conditioning, pyramid denoising, and sliding windows","Causally masked temporal diffusion-forcing transformer with gap-aware conditioning, pyramid denoising, and sliding windows",Fig. 1 and Methods temporal diffusion-forcing/generation,Primary publication supports Reviewer B's more precise formulation for transition_mechanism; no incompatible claim from Reviewer A was carried forward.
MWM-X1BBCF32528,"CellPace: A temporal diffusion-forcing framework for simulation, interpolation and forecasting of single-cell dynamics",maximum_horizon,Future somites 33-34 and pseudotime bins 46-49; extrapolation beyond training block,Retinal through somite 34 beyond training; palate through pt49 beyond pt45; arbitrary-length generation claimed,Retinal through somite 34 beyond training; palate through pt49 beyond pt45; arbitrary-length generation claimed,Fig. 1 and Methods temporal diffusion-forcing/generation,Primary publication supports Reviewer B's more precise formulation for maximum_horizon; no incompatible claim from Reviewer A was carried forward.
MWM-X1BBCF32528,"CellPace: A temporal diffusion-forcing framework for simulation, interpolation and forecasting of single-cell dynamics",rollout_regime,Autoregressive/free-running latent-sequence generation from noise,Free-running sliding windows use generated latent states as later context,Free-running sliding windows use generated latent states as later context,Fig. 1 and Methods temporal diffusion-forcing/generation,Primary publication supports Reviewer B's more precise formulation for rollout_regime; no incompatible claim from Reviewer A was carried forward.
MWM-X1BBCF32528,"CellPace: A temporal diffusion-forcing framework for simulation, interpolation and forecasting of single-cell dynamics",capability_claim,"Passive simulation, interpolation, and forecasting",passive_forecasting,"Passive simulation, interpolation, and forecasting of developmental cell-state distributions",Fig. 1 and Methods temporal diffusion-forcing/generation,Primary publication resolves capability_claim to the stated source-bounded value; incompatible or incomplete reviewer wording was not merged.
MWM-X1BBCF32528,"CellPace: A temporal diffusion-forcing framework for simulation, interpolation and forecasting of single-cell dynamics",baselines,scDiffusion; cfDiffusion; ESCFD; CFGen; scNODE; scIMF on matched splits,"scDiffusion, cfDiffusion, ESCFD, CFGen, scNODE, scIMF on common splits/HVGs; CFGen for multiome","scDiffusion, cfDiffusion, ESCFD, CFGen, scNODE, scIMF on common splits/HVGs; CFGen for multiome",Figs. 2-5 and metric sections,Primary publication supports Reviewer B's more precise formulation for baselines; no incompatible claim from Reviewer A was carried forward.
MWM-X1BBCF32528,"CellPace: A temporal diffusion-forcing framework for simulation, interpolation and forecasting of single-cell dynamics",state_fidelity_metrics,"miLISI, MMD, W1/W2, energy distance, expression, marker, spatial, and GRN measures","miLISI, MMD, 1/2-Wasserstein, marker dynamics, RNA-ATAC metrics, spatial mapping, regulon concordance","miLISI, MMD, 1/2-Wasserstein, marker dynamics, RNA-ATAC metrics, spatial mapping, regulon concordance",Figs. 2-5 and metric sections,Primary publication supports Reviewer B's more precise formulation for state_fidelity_metrics; no incompatible claim from Reviewer A was carried forward.
MWM-X1BBCF32528,"CellPace: A temporal diffusion-forcing framework for simulation, interpolation and forecasting of single-cell dynamics",transition_metrics,Stage-resolved W2/miLISI; pseudotime distances/correlations; PAGA topology distance,"Held-out interpolation/extrapolation pseudotime, correlations, graph topology/IM distance, lineage and regulatory dynamics","Held-out interpolation/extrapolation pseudotime, correlations, graph topology/IM distance, lineage and regulatory dynamics",Figs. 2-5 and metric sections,Primary publication supports Reviewer B's more precise formulation for transition_metrics; no incompatible claim from Reviewer A was carried forward.
MWM-X1BBCF32528,"CellPace: A temporal diffusion-forcing framework for simulation, interpolation and forecasting of single-cell dynamics",rollout_stability,1: interpolation/extrapolation and topology degradation assessed; no explicit constraint-violation metric,Multistage trajectories/topology assessed; NI: explicit drift/constraint metric beyond evaluated stages,Multistage trajectories/topology assessed; NI: explicit drift/constraint metric beyond evaluated stages,Figs. 2-5 and metric sections,Primary publication supports Reviewer B's more precise formulation for rollout_stability; no incompatible claim from Reviewer A was carried forward.
MWM-X1BBCF32528,"CellPace: A temporal diffusion-forcing framework for simulation, interpolation and forecasting of single-cell dynamics",action_sensitivity,NA: no action,NA: no action input,NA: no action input,Figs. 2-5 and metric sections,Primary publication supports Reviewer B's more precise formulation for action_sensitivity; no incompatible claim from Reviewer A was carried forward.
MWM-X1BBCF32528,"CellPace: A temporal diffusion-forcing framework for simulation, interpolation and forecasting of single-cell dynamics",calibration_and_uncertainty,1: stochastic samples and bootstrap metric construction; no calibration/coverage,"Stochastic samples and bootstrap-assisted MMD bandwidths; NI: coverage, reliability calibration, or uncertainty-quality test","Stochastic samples and bootstrap-assisted MMD bandwidths; NI: coverage, reliability calibration, or uncertainty-quality test",Figs. 2-5 and metric sections,Primary publication supports Reviewer B's more precise formulation for calibration_and_uncertainty; no incompatible claim from Reviewer A was carried forward.
MWM-X1BBCF32528,"CellPace: A temporal diffusion-forcing framework for simulation, interpolation and forecasting of single-cell dynamics",external_validation,0: models evaluated within each source rather than frozen cross-source,"No frozen cross-study transfer; each dataset is trained separately. Spatial-atlas mapping is downstream fidelity, not external forecasting validation","No frozen cross-study transfer; each dataset is trained separately. Spatial-atlas mapping is downstream fidelity, not external forecasting validation",Figs. 2-5 and metric sections,Primary publication supports Reviewer B's more precise formulation for external_validation; no incompatible claim from Reviewer A was carried forward.
MWM-X1BBCF32528,"CellPace: A temporal diffusion-forcing framework for simulation, interpolation and forecasting of single-cell dynamics",decision_utility,0: no decision outcome,"Offline trajectory, spatial, topology, and regulation analyses; no experimental decision/intervention study","Offline trajectory, spatial, topology, and regulatory fidelity analyses; no experimental decision or intervention evaluation",Figs. 2-5 and metric sections,Primary publication resolves decision_utility to the stated source-bounded value; incompatible or incomplete reviewer wording was not merged.
MWM-X1BBCF32528,"CellPace: A temporal diffusion-forcing framework for simulation, interpolation and forecasting of single-cell dynamics",safety_evaluation,0: no safety evaluation,NA: nonclinical developmental modeling,NA: nonclinical developmental modeling,Figs. 2-5 and metric sections,Primary publication supports Reviewer B's more precise formulation for safety_evaluation; no incompatible claim from Reviewer A was carried forward.
MWM-X1BBCF32528,"CellPace: A temporal diffusion-forcing framework for simulation, interpolation and forecasting of single-cell dynamics",statistical_analysis,"Fixed-seed subsampling; 20 bootstrap samples; correlations, p-values, and KS tests","Fixed-seed subsampling, 20 bootstrap samples for MMD bandwidth, KS tests, correlations, and stage summaries; training variability NI","Fixed-seed subsampling, 20 bootstrap samples for MMD bandwidth, KS tests, correlations, and stage summaries; training variability NI",Figs. 2-5 and metric sections,Primary publication supports Reviewer B's more precise formulation for statistical_analysis; no incompatible claim from Reviewer A was carried forward.
MWM-X1BBCF32528,"CellPace: A temporal diffusion-forcing framework for simulation, interpolation and forecasting of single-cell dynamics",causal_language,Causal-attention terminology only; no treatment-effect claim,Developmental dynamics/forecasting language without intervention-effect claims,Developmental dynamics/forecasting language without intervention-effect claims,Abstract and Methods; no intervention-effect claim,Primary publication supports Reviewer B's more precise formulation for causal_language; no incompatible claim from Reviewer A was carried forward.
MWM-X1BBCF32528,"CellPace: A temporal diffusion-forcing framework for simulation, interpolation and forecasting of single-cell dynamics",estimand,Developmental-state distribution at specified time; no causal estimand,NA: cell-state distribution at observed or unobserved developmental positions,NA: cell-state distribution at observed or unobserved developmental positions,Abstract and Methods; no intervention-effect claim,Primary publication supports Reviewer B's more precise formulation for estimand; no incompatible claim from Reviewer A was carried forward.
MWM-X1BBCF32528,"CellPace: A temporal diffusion-forcing framework for simulation, interpolation and forecasting of single-cell dynamics",confounding_strategy,NA: no intervention claim,NA: no causal treatment-effect claim,NA: no causal treatment-effect claim,Abstract and Methods; no intervention-effect claim,Primary publication supports Reviewer B's more precise formulation for confounding_strategy; no incompatible claim from Reviewer A was carried forward.
MWM-X1BBCF32528,"CellPace: A temporal diffusion-forcing framework for simulation, interpolation and forecasting of single-cell dynamics",positivity_and_overlap,NA: no treatment strategies,NA: no treatment comparison,NA: no treatment comparison,Abstract and Methods; no intervention-effect claim,Primary publication supports Reviewer B's more precise formulation for positivity_and_overlap; no incompatible claim from Reviewer A was carried forward.
MWM-X1BBCF32528,"CellPace: A temporal diffusion-forcing framework for simulation, interpolation and forecasting of single-cell dynamics",counterfactual_validation,NA: no counterfactual claim,NA: no counterfactual intervention claim,NA: no counterfactual intervention claim,Abstract and Methods; no intervention-effect claim,Primary publication supports Reviewer B's more precise formulation for counterfactual_validation; no incompatible claim from Reviewer A was carried forward.
MWM-X1BBCF32528,"CellPace: A temporal diffusion-forcing framework for simulation, interpolation and forecasting of single-cell dynamics",code_access,2: public CellPace-release GitHub repository,Public CellPace-release GitHub repository,Public CellPace-release GitHub repository,Software and Data Availability; CellPace-release repository,Primary publication supports Reviewer B's more precise formulation for code_access; no incompatible claim from Reviewer A was carried forward.
MWM-X1BBCF32528,"CellPace: A temporal diffusion-forcing framework for simulation, interpolation and forecasting of single-cell dynamics",weights_access,1: public software; pretrained-weight availability unclear,NI: public pretrained weights for all experiments not clearly promised,NI: public pretrained weights for all experiments not clearly promised,Software and Data Availability; CellPace-release repository,Primary publication supports Reviewer B's more precise formulation for weights_access; no incompatible claim from Reviewer A was carried forward.
MWM-X1BBCF32528,"CellPace: A temporal diffusion-forcing framework for simulation, interpolation and forecasting of single-cell dynamics",data_access,2: all analyzed datasets public with identifiers,Public CZ CellxGene embryo collection and public palate repository,Public CZ CellxGene embryo collection and public palate repository,Software and Data Availability; CellPace-release repository,Primary publication supports Reviewer B's more precise formulation for data_access; no incompatible claim from Reviewer A was carried forward.
MWM-X1BBCF32528,"CellPace: A temporal diffusion-forcing framework for simulation, interpolation and forecasting of single-cell dynamics",preprocessing_reproducibility,"2: QC, normalization, splits, baselines, metrics, and versions detailed","Strong: versions, QC, normalization, feature selection, deterministic splits, leakage controls, baseline harmonization, and metrics specified","Strong: versions, QC, normalization, feature selection, deterministic splits, leakage controls, baseline harmonization, and metrics specified",Software and Data Availability; CellPace-release repository,Primary publication supports Reviewer B's more precise formulation for preprocessing_reproducibility; no incompatible claim from Reviewer A was carried forward.
MWM-X1BBCF32528,"CellPace: A temporal diffusion-forcing framework for simulation, interpolation and forecasting of single-cell dynamics",randomness,2: random sequence sampling and fixed-seed evaluation; global seed value not stated,Fixed seed for metric subsampling; complete training seeds/repeated-run variance NI,Fixed seed for metric subsampling; complete training seeds/repeated-run variance NI,Software and Data Availability; CellPace-release repository,Primary publication supports Reviewer B's more precise formulation for randomness; no incompatible claim from Reviewer A was carried forward.
MWM-X1BBCF32528,"CellPace: A temporal diffusion-forcing framework for simulation, interpolation and forecasting of single-cell dynamics",evidence_anchors,Preprint Figs. 1-5; pp. 23-30 Methods and availability; stable DOI,"Abstract/Fig. 1; Figs. 2-5 and supplements; Methods datasets, splits, generation, metrics; Software and Data Availability","bioRxiv v1 Figs. 1-5 and supplements; Methods datasets, deterministic stage splits, generation, and metrics; Software/Data Availability; DOI 10.64898/2026.02.25.707938",bioRxiv v1 full-text reviewer anchors; DOI/abstract/repository recheck,Primary publication resolves evidence_anchors to the stated source-bounded value; incompatible or incomplete reviewer wording was not merged.
MWM-X1BBCF32528,"CellPace: A temporal diffusion-forcing framework for simulation, interpolation and forecasting of single-cell dynamics",appraisal_strengths,"Leakage-aware stage holdouts, strong baselines, direct future-stage metrics, public code/data, and biological checks","Leakage-aware temporal holdouts, broad fidelity tests, common-split baselines, public data, and public code","Leakage-aware temporal holdouts, broad fidelity tests, common-split baselines, public data, and public code",bioRxiv v1 full-text reviewer anchors; DOI/abstract/repository recheck,Primary publication supports Reviewer B's more precise formulation for appraisal_strengths; no incompatible claim from Reviewer A was carried forward.
MWM-X1BBCF32528,"CellPace: A temporal diffusion-forcing framework for simulation, interpolation and forecasting of single-cell dynamics",appraisal_limitations,"Cross-sectional cells cannot verify individual paths; no calibrated uncertainty, frozen transfer, action effects, or decision utility","Cross-sectional snapshots do not establish same-cell dynamics; no frozen external forecasting, formal calibration, or intervention test","Cross-sectional snapshots do not establish same-cell dynamics; no frozen external forecasting, formal calibration, or intervention test",bioRxiv v1 full-text reviewer anchors; DOI/abstract/repository recheck,Primary publication supports Reviewer B's more precise formulation for appraisal_limitations; no incompatible claim from Reviewer A was carried forward.
MWM-X1BBCF32528,"CellPace: A temporal diffusion-forcing framework for simulation, interpolation and forecasting of single-cell dynamics",source_status,Full primary preprint PDF inspected,Exact bioRxiv full text inspected through a lawful text mirror after direct host rate limiting; DOI and GitHub verified,"Both independent reviewers inspected the exact bioRxiv v1 full text; lead re-fetch was rate-limited (HTTP 429), while DOI metadata, abstract, and the author CellPace-release repository were rechecked",bioRxiv v1 DOI record and title page,Primary publication resolves source_status to the stated source-bounded value; incompatible or incomplete reviewer wording was not merged.
MWM-X2BD39C3B8E,Deep Generative Model of Macrophage Immune Response for Hepato-intestinal Tumor Therapy Optimization.,publication_status,Peer-reviewed Cyborg and Bionic Systems article; 2026,Peer-reviewed Cyborg and Bionic Systems journal article (2026),Peer-reviewed Cyborg and Bionic Systems journal article (2026),Journal PDF title page and DOI,Primary publication supports Reviewer B's more precise formulation for publication_status; no incompatible claim from Reviewer A was carried forward.
MWM-X2BD39C3B8E,Deep Generative Model of Macrophage Immune Response for Hepato-intestinal Tumor Therapy Optimization.,domain,Oncology immunotherapy and multimodal tumor microenvironment,GI/hepatobiliary cancer immunotherapy and tumor immune microenvironment,GI/hepatobiliary cancer immunotherapy and tumor immune microenvironment,"Methods Patient cohorts, completeness, temporal and external cohorts",Primary publication supports Reviewer B's more precise formulation for domain; no incompatible claim from Reviewer A was carried forward.
MWM-X2BD39C3B8E,Deep Generative Model of Macrophage Immune Response for Hepato-intestinal Tumor Therapy Optimization.,dataset_or_cohort,"Public GEO, TCGA, TCIA, and cBioPortal records across five GI cancers","Public multimodal repositories across five cancers: scRNA-seq, mIHC, imaging/clinical trajectories, serial biopsies, and temporal treatment holdout","Public multimodal repositories across five cancers: scRNA-seq, mIHC, imaging/clinical trajectories, serial biopsies, and temporal treatment holdout","Methods Patient cohorts, completeness, temporal and external cohorts",Primary publication supports Reviewer B's more precise formulation for dataset_or_cohort; no incompatible claim from Reviewer A was carried forward.
MWM-X2BD39C3B8E,Deep Generative Model of Macrophage Immune Response for Hepato-intestinal Tumor Therapy Optimization.,sample_scale,2847 patients; 1247832 scRNA cells from 1423; mIHC for 2156; all modalities for 1186; temporal cohort 312,"2,847 patients; 1,247,832 cells/1,423 patients; 2,156 mIHC; 1,186 all modalities; 89 serial-biopsy; 312 temporal holdout including 156 discordant","2,847 patients; 1,247,832 cells/1,423 patients; 2,156 mIHC; 1,186 all modalities; 89 serial-biopsy; 312 temporal holdout including 156 discordant","Methods Patient cohorts, completeness, temporal and external cohorts",Primary publication supports Reviewer B's more precise formulation for sample_scale; no incompatible claim from Reviewer A was carried forward.
MWM-X2BD39C3B8E,Deep Generative Model of Macrophage Immune Response for Hepato-intestinal Tumor Therapy Optimization.,institution_count,"Multiple centers across East Asia, North America, and Europe; exact count NI; three external locations",Multiple development centers plus three independent external geographic/institutional locations; exact total NI,Multiple development centers plus three independent external geographic/institutional locations; exact total NI,"Methods Patient cohorts, completeness, temporal and external cohorts",Primary publication supports Reviewer B's more precise formulation for institution_count; no incompatible claim from Reviewer A was carried forward.
MWM-X2BD39C3B8E,Deep Generative Model of Macrophage Immune Response for Hepato-intestinal Tumor Therapy Optimization.,split_strategy,Temporal post-December-2023 holdout with fixed model; 89 serial-biopsy patients held out; remaining split NI,Patient 70%/15%/15%; 89 serial-biopsy held out; three-site external validation; post-Dec-2023 temporal holdout with fixed parameters,Patient 70%/15%/15%; 89 serial-biopsy held out; three-site external validation; post-Dec-2023 temporal holdout with fixed parameters,"Methods Patient cohorts, completeness, temporal and external cohorts",Primary publication supports Reviewer B's more precise formulation for split_strategy; no incompatible claim from Reviewer A was carried forward.
MWM-X2BD39C3B8E,Deep Generative Model of Macrophage Immune Response for Hepato-intestinal Tumor Therapy Optimization.,observation_process,"At least three serial clinical/imaging assessments with scRNA, mIHC, treatments, RECIST, and survival",Multimodal clinical/imaging/omics records with at least three time points where available; serial biopsies observe immune trajectories,Multimodal clinical/imaging/omics records with at least three time points where available; serial biopsies observe immune trajectories,"Methods Patient cohorts, completeness, temporal and external cohorts",Primary publication supports Reviewer B's more precise formulation for observation_process; no incompatible claim from Reviewer A was carried forward.
MWM-X2BD39C3B8E,Deep Generative Model of Macrophage Immune Response for Hepato-intestinal Tumor Therapy Optimization.,missingness,2: modality-specific encoders and missing-modality masks; modality-stratified results referenced,Missing modalities handled with masks; performance stratified by modality availability,Missing modalities handled with masks; performance stratified by modality availability,"Methods Patient cohorts, completeness, temporal and external cohorts",Primary publication supports Reviewer B's more precise formulation for missingness; no incompatible claim from Reviewer A was carried forward.
MWM-X2BD39C3B8E,Deep Generative Model of Macrophage Immune Response for Hepato-intestinal Tumor Therapy Optimization.,censoring_or_competing_events,1: PFS/OS defined and survival analysis restricted for at least 12 months; detailed censoring NI,PFS to progression/death and OS to death/last follow-up; minimum 12-month follow-up; competing-risk model NI,PFS to progression/death and OS to death/last follow-up; minimum 12-month follow-up; competing-risk model NI,"Methods Patient cohorts, completeness, temporal and external cohorts",Primary publication supports Reviewer B's more precise formulation for censoring_or_competing_events; no incompatible claim from Reviewer A was carried forward.
MWM-X2BD39C3B8E,Deep Generative Model of Macrophage Immune Response for Hepato-intestinal Tumor Therapy Optimization.,state,"Unified 64D immune latent state including TAM polarization, CD8, cytokine, spatial, and clinical features","Unified 64D latent immune state with TAM polarization, CD8 infiltration, cytokine, spatial, and clinical features","Unified 64D latent immune state with TAM polarization, CD8 infiltration, cytokine, spatial, and clinical features",Figs. 1-2; TDM and treatment-optimization Methods,Primary publication supports Reviewer B's more precise formulation for state; no incompatible claim from Reviewer A was carried forward.
MWM-X2BD39C3B8E,Deep Generative Model of Macrophage Immune Response for Hepato-intestinal Tumor Therapy Optimization.,observation_decoder,"Next immune trajectory, response, survival-related outcomes, and repolarization",Distribution over next immune state plus treatment-response and survival outputs,Distribution over next immune state plus treatment-response and survival outputs,Figs. 1-2; TDM and treatment-optimization Methods,Primary publication supports Reviewer B's more precise formulation for observation_decoder; no incompatible claim from Reviewer A was carried forward.
MWM-X2BD39C3B8E,Deep Generative Model of Macrophage Immune Response for Hepato-intestinal Tumor Therapy Optimization.,action,Immunotherapy regimen/timing and MPC/CEM candidate sequences,Sequences of 847 validated regimens with timing/dose/frequency considered by MPC,Sequences of 847 validated regimens with timing/dose/frequency considered by MPC,Figs. 1-2; TDM and treatment-optimization Methods,Primary publication supports Reviewer B's more precise formulation for action; no incompatible claim from Reviewer A was carried forward.
MWM-X2BD39C3B8E,Deep Generative Model of Macrophage Immune Response for Hepato-intestinal Tumor Therapy Optimization.,action_provenance,Observed clinician treatments plus simulated candidates; model-guided allocation nonrandomized,Observed physician regimens plus candidate simulated regimens from MPC/CEM,Observed physician regimens plus candidate simulated regimens from MPC/CEM,Figs. 1-2; TDM and treatment-optimization Methods,Primary publication supports Reviewer B's more precise formulation for action_provenance; no incompatible claim from Reviewer A was carried forward.
MWM-X2BD39C3B8E,Deep Generative Model of Macrophage Immune Response for Hepato-intestinal Tumor Therapy Optimization.,transition_mechanism,"Hierarchical multimodal VAE, action-conditioned causal transformer, and MPC/CEM","Variational multimodal encoders plus causal-mask transformer p(z[t+1]|history,action); MPC/CEM optimizes response, repolarization, toxicity, survival","Variational multimodal encoders plus causal-mask transformer p(z[t+1]|history,action); MPC/CEM optimizes response, repolarization, toxicity, survival",Figs. 1-2; TDM and treatment-optimization Methods,Primary publication supports Reviewer B's more precise formulation for transition_mechanism; no incompatible claim from Reviewer A was carried forward.
MWM-X2BD39C3B8E,Deep Generative Model of Macrophage Immune Response for Hepato-intestinal Tumor Therapy Optimization.,maximum_horizon,NI: accessible primary XML truncates before horizon details,Four-week repolarization and months-long planning; survival at 6/12/24 months,"Four-week repolarization windows and months-long planning/trajectory claims; survival endpoints at 6, 12, and 24 months, without a horizon-stratified rollout-fidelity curve",Figs. 1-2; TDM and treatment-optimization Methods,Primary publication resolves maximum_horizon to the stated source-bounded value; incompatible or incomplete reviewer wording was not merged.
MWM-X2BD39C3B8E,Deep Generative Model of Macrophage Immune Response for Hepato-intestinal Tumor Therapy Optimization.,rollout_regime,Planning through predicted trajectories claimed; free-running details NI,Sequential latent prediction and MPC action rollouts; fidelity by rollout horizon is limited,Sequential latent predictions used by MPC/CEM for treatment planning; physician uptake evaluated in a real but nonrandomized observational cohort,Figs. 1-2; TDM and treatment-optimization Methods,Primary publication resolves rollout_regime to the stated source-bounded value; incompatible or incomplete reviewer wording was not merged.
MWM-X2BD39C3B8E,Deep Generative Model of Macrophage Immune Response for Hepato-intestinal Tumor Therapy Optimization.,capability_claim,Offline treatment planning/optimization with observational outcome comparison,planning,planning,Figs. 1-2; TDM and treatment-optimization Methods,Primary publication supports Reviewer B's more precise formulation for capability_claim; no incompatible claim from Reviewer A was carried forward.
MWM-X2BD39C3B8E,Deep Generative Model of Macrophage Immune Response for Hepato-intestinal Tumor Therapy Optimization.,baselines,"TIS, TIDE, ImmuneCells.Sig, and conventional biomarker AUROC 0.692","Biomarkers, TIS/TIDE, pathology DL/CONCH, same-input reduced model, LSTM/GRU, and physician standard care","Biomarkers, TIS/TIDE, pathology DL/CONCH, same-input reduced model, LSTM/GRU, and physician standard care",Evaluation Methods; trajectory/deployment Results; Tables 2-4 and supplements,Primary publication supports Reviewer B's more precise formulation for baselines; no incompatible claim from Reviewer A was carried forward.
MWM-X2BD39C3B8E,Deep Generative Model of Macrophage Immune Response for Hepato-intestinal Tumor Therapy Optimization.,state_fidelity_metrics,Reported response AUROC 0.847; unavailable tables prevent fuller verification,"AUROC/AUPRC/sensitivity/specificity/F1, latent-biomarker correlations, modality-stratified performance","AUROC/AUPRC/sensitivity/specificity/F1, latent-biomarker correlations, modality-stratified performance",Evaluation Methods; trajectory/deployment Results; Tables 2-4 and supplements,Primary publication supports Reviewer B's more precise formulation for state_fidelity_metrics; no incompatible claim from Reviewer A was carried forward.
MWM-X2BD39C3B8E,Deep Generative Model of Macrophage Immune Response for Hepato-intestinal Tumor Therapy Optimization.,transition_metrics,Reported trajectory prediction and 2.3-fold CD8 increase; horizon error NI,"Serial-biopsy trajectory r=0.86 and R2=0.72; concordance 78.4%, kappa 0.68; survival C-index/AUROC/IBS","Serial-biopsy trajectory r=0.86 and R2=0.72; concordance 78.4%, kappa 0.68; survival C-index/AUROC/IBS",Evaluation Methods; trajectory/deployment Results; Tables 2-4 and supplements,Primary publication supports Reviewer B's more precise formulation for transition_metrics; no incompatible claim from Reviewer A was carried forward.
MWM-X2BD39C3B8E,Deep Generative Model of Macrophage Immune Response for Hepato-intestinal Tumor Therapy Optimization.,rollout_stability,NI: inaccessible remainder prevents verification,"NI: no explicit long-rollout drift, constraint violation, or compounding-error curve","NI: no explicit long-rollout drift, constraint violation, or compounding-error curve",Evaluation Methods; trajectory/deployment Results; Tables 2-4 and supplements,Primary publication supports Reviewer B's more precise formulation for rollout_stability; no incompatible claim from Reviewer A was carried forward.
MWM-X2BD39C3B8E,Deep Generative Model of Macrophage Immune Response for Hepato-intestinal Tumor Therapy Optimization.,action_sensitivity,1: recommendations and observed/model-guided choices compared; controlled perturbation NI,MPC regimen/timing candidates and observational model-guided versus standard regimens; no randomized action ablation,"MPC/CEM varies candidate regimen sequences and timing across an 847-regimen action space; observational model-guided versus standard-care comparison, without randomized action ablation",Evaluation Methods; trajectory/deployment Results; Tables 2-4 and supplements,Primary publication resolves action_sensitivity to the stated source-bounded value; incompatible or incomplete reviewer wording was not merged.
MWM-X2BD39C3B8E,Deep Generative Model of Macrophage Immune Response for Hepato-intestinal Tumor Therapy Optimization.,calibration_and_uncertainty,NI: no verifiable calibration result in accessible text,"Variational distributions, bootstrap CIs, and survival IBS 0.128; NI: reliability curve, calibration slope, interval coverage","Variational predictive distributions, 1,000-bootstrap confidence intervals, and survival integrated Brier score 0.128; no reliability or interval-coverage calibration",Evaluation Methods; trajectory/deployment Results; Tables 2-4 and supplements,Primary publication resolves calibration_and_uncertainty to the stated source-bounded value; incompatible or incomplete reviewer wording was not merged.
MWM-X2BD39C3B8E,Deep Generative Model of Macrophage Immune Response for Hepato-intestinal Tumor Therapy Optimization.,external_validation,2: three independent geographic/institutional locations; model reportedly fixed,Three independent locations with different workflows and fixed parameters; detailed site results mainly supplementary,Three independent locations with different workflows and fixed parameters; detailed site results mainly supplementary,Evaluation Methods; trajectory/deployment Results; Tables 2-4 and supplements,Primary publication supports Reviewer B's more precise formulation for external_validation; no incompatible claim from Reviewer A was carried forward.
MWM-X2BD39C3B8E,Deep Generative Model of Macrophage Immune Response for Hepato-intestinal Tumor Therapy Optimization.,decision_utility,1: nonrandomized discordant cohort ORR 47.4% vs 28.2% and PFS 9.8 vs 6.0 months,"Nonrandomized physician use in 156 discordant cases: ORR 47.4% vs 28.2%, median PFS 9.8 vs 6.0 months; selection bias acknowledged","Nonrandomized physician use in 156 discordant cases: ORR 47.4% vs 28.2%, median PFS 9.8 vs 6.0 months; selection bias acknowledged",Evaluation Methods; trajectory/deployment Results; Tables 2-4 and supplements,Primary publication supports Reviewer B's more precise formulation for decision_utility; no incompatible claim from Reviewer A was carried forward.
MWM-X2BD39C3B8E,Deep Generative Model of Macrophage Immune Response for Hepato-intestinal Tumor Therapy Optimization.,safety_evaluation,1: toxicity avoidance in objective; no verifiable hazard/severity or override test,Toxicity reward; grade 3-4 AEs and discontinuation compared with no significant excess; no randomized safety confirmation,"Toxicity is an optimization objective; grade 3-4 adverse events and discontinuation were compared in 156 discordant cases, without randomized safety confirmation or an override/recovery test",Evaluation Methods; trajectory/deployment Results; Tables 2-4 and supplements,Primary publication resolves safety_evaluation to the stated source-bounded value; incompatible or incomplete reviewer wording was not merged.
MWM-X2BD39C3B8E,Deep Generative Model of Macrophage Immune Response for Hepato-intestinal Tumor Therapy Optimization.,statistical_analysis,Reported P below 0.001 for AUROC and P=0.003 for outcome comparison; detailed methods NI,"DeLong/log-rank/Fisher, multivariable regression, 1,000 bootstrap CIs, BH correction, propensity weighting, E-values","DeLong/log-rank/Fisher, multivariable regression, 1,000 bootstrap CIs, BH correction, propensity weighting, E-values",Evaluation Methods; trajectory/deployment Results; Tables 2-4 and supplements,Primary publication supports Reviewer B's more precise formulation for statistical_analysis; no incompatible claim from Reviewer A was carried forward.
MWM-X2BD39C3B8E,Deep Generative Model of Macrophage Immune Response for Hepato-intestinal Tumor Therapy Optimization.,causal_language,Causal-transformer terminology; paper explicitly says nonrandomized design precludes causal inference,"Causal-transformer/optimization terminology but explicit statement that learned relations are associations, not formal causation","Causal-transformer/optimization terminology but explicit statement that learned relations are associations, not formal causation",Prospective deployment Methods; limitations and causal-boundary Discussion,Primary publication supports Reviewer B's more precise formulation for causal_language; no incompatible claim from Reviewer A was carried forward.
MWM-X2BD39C3B8E,Deep Generative Model of Macrophage Immune Response for Hepato-intestinal Tumor Therapy Optimization.,estimand,0: no explicit intervention-effect or regime-value estimand verified,Association of physician uptake of model recommendation with ORR/PFS/OS in discordant cohort; no prespecified causal estimand,Association of physician uptake of model recommendation with ORR/PFS/OS in discordant cohort; no prespecified causal estimand,Prospective deployment Methods; limitations and causal-boundary Discussion,Primary publication supports Reviewer B's more precise formulation for estimand; no incompatible claim from Reviewer A was carried forward.
MWM-X2BD39C3B8E,Deep Generative Model of Macrophage Immune Response for Hepato-intestinal Tumor Therapy Optimization.,confounding_strategy,0: selection bias acknowledged; no adjustment verified,"Adjusted ECOG, tumor type, prior treatment, PD-L1; propensity weighting/E-values; unmeasured confounding remains","Adjusted ECOG, tumor type, prior treatment, PD-L1; propensity weighting/E-values; unmeasured confounding remains",Prospective deployment Methods; limitations and causal-boundary Discussion,Primary publication supports Reviewer B's more precise formulation for confounding_strategy; no incompatible claim from Reviewer A was carried forward.
MWM-X2BD39C3B8E,Deep Generative Model of Macrophage Immune Response for Hepato-intestinal Tumor Therapy Optimization.,positivity_and_overlap,0: overlap not verified,NI: no propensity-overlap/positivity diagnostic,NI: no propensity-overlap/positivity diagnostic,Prospective deployment Methods; limitations and causal-boundary Discussion,Primary publication supports Reviewer B's more precise formulation for positivity_and_overlap; no incompatible claim from Reviewer A was carried forward.
MWM-X2BD39C3B8E,Deep Generative Model of Macrophage Immune Response for Hepato-intestinal Tumor Therapy Optimization.,counterfactual_validation,0: observational nonrandomized comparison only,No randomized validation; paired biopsies in 42 model-directed patients and observational outcomes only,No randomized validation; paired biopsies in 42 model-directed patients and observational outcomes only,Prospective deployment Methods; limitations and causal-boundary Discussion,Primary publication supports Reviewer B's more precise formulation for counterfactual_validation; no incompatible claim from Reviewer A was carried forward.
MWM-X2BD39C3B8E,Deep Generative Model of Macrophage Immune Response for Hepato-intestinal Tumor Therapy Optimization.,code_access,NI: software claim present but repository not verifiable from truncated source,"Article says full code is public in supplements, but no stable repository URL identified","Article states that full code is public, but no stable inspectable repository URL is identified in the primary article","Training pipeline, Data Availability, and Reproducibility sections",Primary publication resolves code_access to the stated source-bounded value; incompatible or incomplete reviewer wording was not merged.
MWM-X2BD39C3B8E,Deep Generative Model of Macrophage Immune Response for Hepato-intestinal Tumor Therapy Optimization.,weights_access,NI: not verifiable,Article says pretrained checkpoints are in supplements; direct stable-repository inspectability unclear,"Article states that pretrained checkpoints are provided, but no stable inspectable repository location is identified in the primary article","Training pipeline, Data Availability, and Reproducibility sections",Primary publication resolves weights_access to the stated source-bounded value; incompatible or incomplete reviewer wording was not merged.
MWM-X2BD39C3B8E,Deep Generative Model of Macrophage Immune Response for Hepato-intestinal Tumor Therapy Optimization.,data_access,1: underlying repositories public; accession-level reconstruction unavailable,Claims public GEO/TCGA/TCIA/cBioPortal sources while noting patient-level restrictions for complete clinical reproduction,Underlying GEO/TCGA/TCIA/cBioPortal sources are identified as public; complete patient-level reconstruction remains subject to original source availability and agreements,"Training pipeline, Data Availability, and Reproducibility sections",Primary publication resolves data_access to the stated source-bounded value; incompatible or incomplete reviewer wording was not merged.
MWM-X2BD39C3B8E,Deep Generative Model of Macrophage Immune Response for Hepato-intestinal Tumor Therapy Optimization.,preprocessing_reproducibility,1: high-level QC and architecture described; XML ends mid-equation,"Detailed QC, architecture, dependencies, hyperparameters, action space, and supplementary pipeline","Detailed QC, architecture, dependencies, hyperparameters, action space, and supplementary pipeline","Training pipeline, Data Availability, and Reproducibility sections",Primary publication supports Reviewer B's more precise formulation for preprocessing_reproducibility; no incompatible claim from Reviewer A was carried forward.
MWM-X2BD39C3B8E,Deep Generative Model of Macrophage Immune Response for Hepato-intestinal Tumor Therapy Optimization.,randomness,NI: not verifiable,Fixed seed 42; bootstrap resampling reported,Fixed seed 42; bootstrap resampling reported,"Training pipeline, Data Availability, and Reproducibility sections",Primary publication supports Reviewer B's more precise formulation for randomness; no incompatible claim from Reviewer A was carried forward.
MWM-X2BD39C3B8E,Deep Generative Model of Macrophage Immune Response for Hepato-intestinal Tumor Therapy Optimization.,evidence_anchors,Europe PMC PMCID PMC13505573 fullTextXML sections through hierarchical encoder; Figs. 1-2; stable DOI; publisher PDF denied access,Methods cohort/external/temporal holdouts; Figs. 1-4; Tables 3-4/S11-S16; trajectory/deployment Results; Discussion; Reproducibility,"Primary journal PDF Figs. 1-4; cohort/completeness and temporal holdout Methods; TDM, MPC/CEM, training and evaluation Methods; trajectory Results; Table 4; deployment, limitations, and Reproducibility sections",Full primary journal PDF,Primary publication resolves evidence_anchors to the stated source-bounded value; incompatible or incomplete reviewer wording was not merged.
MWM-X2BD39C3B8E,Deep Generative Model of Macrophage Immune Response for Hepato-intestinal Tumor Therapy Optimization.,appraisal_strengths,"Large multimodal cohort, missing-modality design, temporal/external cohorts, and explicit causal caution","Large multimodal cohort, trajectory holdout, frozen geographic validation, planning, real observational decision use, and AE reporting","Large multimodal cohort, patient-level splits, missing-modality handling, held-out trajectory and geographic validation, explicit planning, real observational decision use, and adverse-event reporting",Full primary journal PDF,Primary publication resolves appraisal_strengths to the stated source-bounded value; incompatible or incomplete reviewer wording was not merged.
MWM-X2BD39C3B8E,Deep Generative Model of Macrophage Immune Response for Hepato-intestinal Tumor Therapy Optimization.,appraisal_limitations,"Primary public XML truncates mid-Methods; key metrics, horizon, calibration, reproducibility, and statistics not independently verifiable","Nonrandom allocation, no causal identification, provenance tensions, richer-input baseline advantage, and no stable code URL","Nonrandomized treatment uptake, no causal identification or positivity diagnostic, modality advantages across baselines, no horizon-resolved rollout fidelity or formal calibration, and no stable code/checkpoint URL",Full primary journal PDF,Primary publication resolves appraisal_limitations to the stated source-bounded value; incompatible or incomplete reviewer wording was not merged.
MWM-X2BD39C3B8E,Deep Generative Model of Macrophage Immune Response for Hepato-intestinal Tumor Therapy Optimization.,source_status,Partial primary full text inspected; Europe PMC XML truncated and publisher PDF inaccessible,Exact open full text inspected through Europe PMC/PMC,Exact open primary Cyborg and Bionic Systems journal PDF inspected from DOI 10.34133/cbsystems.0559,Journal PDF title page and DOI,Primary publication resolves source_status to the stated source-bounded value; incompatible or incomplete reviewer wording was not merged.
MWM-X2BD39C3B8E,Deep Generative Model of Macrophage Immune Response for Hepato-intestinal Tumor Therapy Optimization.,reviewer_confidence,low,medium,high,Full primary journal PDF,Primary publication resolves reviewer_confidence to the stated source-bounded value; incompatible or incomplete reviewer wording was not merged.
MWM-XF38CEA9063,Digital twin models for predicting venetoclax and azacitidine-induced neutropenia in patients with acute myeloid leukemia.,publication_status,Peer-reviewed npj Digital Medicine article; 2025,Peer-reviewed npj Digital Medicine journal article (2025),Peer-reviewed npj Digital Medicine journal article (2025),npj Digital Medicine title page and DOI,Primary publication supports Reviewer B's more precise formulation for publication_status; no incompatible claim from Reviewer A was carried forward.
MWM-XF38CEA9063,Digital twin models for predicting venetoclax and azacitidine-induced neutropenia in patients with acute myeloid leukemia.,domain,AML mechanistic pharmacology and longitudinal clinical data,AML treatment toxicity and neutropenia forecasting,AML treatment toxicity and neutropenia forecasting,Methods Clinical and cellular data; Table 2,Primary publication supports Reviewer B's more precise formulation for domain; no incompatible claim from Reviewer A was carried forward.
MWM-XF38CEA9063,Digital twin models for predicting venetoclax and azacitidine-induced neutropenia in patients with acute myeloid leukemia.,dataset_or_cohort,VenEx trial NCT04267081; venetoclax plus azacitidine,"VenEx NCT04267081, Finnish AML Group/University of Helsinki; venetoclax/azacitidine schedules with longitudinal neutrophils and marrow blasts","VenEx NCT04267081, Finnish AML Group/University of Helsinki; venetoclax/azacitidine schedules with longitudinal neutrophils and marrow blasts",Methods Clinical and cellular data; Table 2,Primary publication supports Reviewer B's more precise formulation for dataset_or_cohort; no incompatible claim from Reviewer A was carried forward.
MWM-XF38CEA9063,Digital twin models for predicting venetoclax and azacitidine-induced neutropenia in patients with acute myeloid leukemia.,sample_scale,92 patients available; 71 modeled; 33 with enough cycles for temporal testing,92 treated; 71 model-fit; 33 with at least seven cycles for temporal train/test,92 treated; 71 model-fit; 33 with at least seven cycles for temporal train/test,Methods Clinical and cellular data; Table 2,Primary publication supports Reviewer B's more precise formulation for sample_scale; no incompatible claim from Reviewer A was carried forward.
MWM-XF38CEA9063,Digital twin models for predicting venetoclax and azacitidine-induced neutropenia in patients with acute myeloid leukemia.,institution_count,One Finnish multicenter trial cohort; site count NI,Single trial network/coordinating institution; exact treating-site count NI,Single trial network/coordinating institution; exact treating-site count NI,Methods Clinical and cellular data; Table 2,Primary publication supports Reviewer B's more precise formulation for institution_count; no incompatible claim from Reviewer A was carried forward.
MWM-XF38CEA9063,Digital twin models for predicting venetoclax and azacitidine-induced neutropenia in patients with acute myeloid leukemia.,split_strategy,"Within-patient temporal split: 1-5 training cycles, next two short-term tests, later cycles long-term tests","Within-patient temporal split: 1-5 training cycles, next two short-term test, all later cycles long-term test","Within-patient temporal split: one to five training cycles, the next two cycles as short-term tests, and all later observed cycles as long-term tests",Methods Clinical and cellular data; Table 2,Primary publication resolves split_strategy to the stated source-bounded value; incompatible or incomplete reviewer wording was not merged.
MWM-XF38CEA9063,Digital twin models for predicting venetoclax and azacitidine-induced neutropenia in patients with acute myeloid leukemia.,observation_process,"Sparse irregular neutrophil counts, marrow blasts, treatment schedules, and doses",Sparse longitudinal neutrophil counts and marrow-blast percentages aligned to treatment cycles/doses,Sparse longitudinal neutrophil counts and marrow-blast percentages aligned to treatment cycles/doses,Methods Clinical and cellular data; Table 2,Primary publication supports Reviewer B's more precise formulation for observation_process; no incompatible claim from Reviewer A was carried forward.
MWM-XF38CEA9063,Digital twin models for predicting venetoclax and azacitidine-induced neutropenia in patients with acute myeloid leukemia.,missingness,2: PCHIP blast interpolation validated by leave-one-measurement-out MAE 5.8%; minimum coverage required,PCHIP for intermediate blast values; leave-one-measurement check MAE 5.8%,PCHIP for intermediate blast values; leave-one-measurement check MAE 5.8%,Methods Clinical and cellular data; Table 2,Primary publication supports Reviewer B's more precise formulation for missingness; no incompatible claim from Reviewer A was carried forward.
MWM-XF38CEA9063,Digital twin models for predicting venetoclax and azacitidine-induced neutropenia in patients with acute myeloid leukemia.,censoring_or_competing_events,1: survival described but prediction does not model censoring; later cycles end with follow-up,Survival/remission describe selection but are not transition outcomes; seven-cycle requirement creates survivor/responder selection,Survival/remission describe selection but are not transition outcomes; seven-cycle requirement creates survivor/responder selection,Methods Clinical and cellular data; Table 2,Primary publication supports Reviewer B's more precise formulation for censoring_or_competing_events; no incompatible claim from Reviewer A was carried forward.
MWM-XF38CEA9063,Digital twin models for predicting venetoclax and azacitidine-induced neutropenia in patients with acute myeloid leukemia.,state,"Patient-specific ODE compartments for neutrophils, blasts, and fitted parameters",Mechanistic proliferating/transitional/mature neutrophil and marrow/blood blast compartments,Mechanistic proliferating/transitional/mature neutrophil and marrow/blood blast compartments,Results model overview; Methods ODE equations and parameter update,Primary publication supports Reviewer B's more precise formulation for state; no incompatible claim from Reviewer A was carried forward.
MWM-XF38CEA9063,Digital twin models for predicting venetoclax and azacitidine-induced neutropenia in patients with acute myeloid leukemia.,action,Venetoclax and azacitidine schedules/doses,Venetoclax and azacitidine dose/schedule,Venetoclax and azacitidine dose/schedule,Results model overview; Methods ODE equations and parameter update,Primary publication supports Reviewer B's more precise formulation for action; no incompatible claim from Reviewer A was carried forward.
MWM-XF38CEA9063,Digital twin models for predicting venetoclax and azacitidine-induced neutropenia in patients with acute myeloid leukemia.,action_provenance,Observed administered trial regimens; alternative schedules discussed as future use,Observed cycles/doses; drug effects modeled as on/off dose-proportional or published population-PK functions,Observed cycles/doses; drug effects modeled as on/off dose-proportional or published population-PK functions,Results model overview; Methods ODE equations and parameter update,Primary publication supports Reviewer B's more precise formulation for action_provenance; no incompatible claim from Reviewer A was carried forward.
MWM-XF38CEA9063,Digital twin models for predicting venetoclax and azacitidine-induced neutropenia in patients with acute myeloid leukemia.,transition_mechanism,Patient-specific semi-mechanistic ODEs with PK/simplified drug effects and Bayesian MAP updating,Patient-specific semi-mechanistic ODE systems with MAP Bayesian parameter estimation,Patient-specific semi-mechanistic ODE systems with MAP Bayesian parameter estimation,Results model overview; Methods ODE equations and parameter update,Primary publication supports Reviewer B's more precise formulation for transition_mechanism; no incompatible claim from Reviewer A was carried forward.
MWM-XF38CEA9063,Digital twin models for predicting venetoclax and azacitidine-induced neutropenia in patients with acute myeloid leukemia.,maximum_horizon,Next two cycles plus all later observed cycles after training,At least seven cycles; next-two-cycle short term and all-later-cycle long term,At least seven cycles; next-two-cycle short term and all-later-cycle long term,Results model overview; Methods ODE equations and parameter update,Primary publication supports Reviewer B's more precise formulation for maximum_horizon; no incompatible claim from Reviewer A was carried forward.
MWM-XF38CEA9063,Digital twin models for predicting venetoclax and azacitidine-induced neutropenia in patients with acute myeloid leukemia.,rollout_regime,Free-running continuous ODE integration over future cycles with parameter updates,Free-running ODE integration under recorded schedules; parameters updated as cycles accrue,Free-running ODE integration under recorded schedules; parameters updated as cycles accrue,Results model overview; Methods ODE equations and parameter update,Primary publication supports Reviewer B's more precise formulation for rollout_regime; no incompatible claim from Reviewer A was carried forward.
MWM-XF38CEA9063,Digital twin models for predicting venetoclax and azacitidine-induced neutropenia in patients with acute myeloid leukemia.,capability_claim,Action-conditioned toxicity forecasting,action_conditioned,action_conditioned,Results model overview; Methods ODE equations and parameter update,Primary publication supports Reviewer B's more precise formulation for capability_claim; no incompatible claim from Reviewer A was carried forward.
MWM-XF38CEA9063,Digital twin models for predicting venetoclax and azacitidine-induced neutropenia in patients with acute myeloid leukemia.,baselines,Multiple ODE variants and patient-specific linear regression,Ten ODE variants and a patient-specific linear-regression next-measurement model,Ten ODE variants and a patient-specific linear-regression next-measurement model,Figs. 1-3; multi-cycle train/test and statistical analysis,Primary publication supports Reviewer B's more precise formulation for baselines; no incompatible claim from Reviewer A was carried forward.
MWM-XF38CEA9063,Digital twin models for predicting venetoclax and azacitidine-induced neutropenia in patients with acute myeloid leukemia.,state_fidelity_metrics,FVU and RMSE; best M2c median FVU about 0.46; interpolation MAE 5.8%,FVU and RMSE; best model median FVU about 0.46,FVU and RMSE; best model median FVU about 0.46,Figs. 1-3; multi-cycle train/test and statistical analysis,Primary publication supports Reviewer B's more precise formulation for state_fidelity_metrics; no incompatible claim from Reviewer A was carried forward.
MWM-XF38CEA9063,Digital twin models for predicting venetoclax and azacitidine-induced neutropenia in patients with acute myeloid leukemia.,transition_metrics,Short- and long-term RMSE by training cycles; short-term r=-0.28 and P=0.0021,RMSE by training-cycle count and short/long future cycles; short-term RMSE declines with more cycles,RMSE by training-cycle count and short/long future cycles; short-term RMSE declines with more cycles,Figs. 1-3; multi-cycle train/test and statistical analysis,Primary publication supports Reviewer B's more precise formulation for transition_metrics; no incompatible claim from Reviewer A was carried forward.
MWM-XF38CEA9063,Digital twin models for predicting venetoclax and azacitidine-induced neutropenia in patients with acute myeloid leukemia.,rollout_stability,1: long-term error/variance exceed short-term and patient variability analyzed,Long-term error/variance exceed short term; NI: physiological constraint-violation analysis,Long-term error/variance exceed short term; NI: physiological constraint-violation analysis,Figs. 1-3; multi-cycle train/test and statistical analysis,Primary publication supports Reviewer B's more precise formulation for rollout_stability; no incompatible claim from Reviewer A was carried forward.
MWM-XF38CEA9063,Digital twin models for predicting venetoclax and azacitidine-induced neutropenia in patients with acute myeloid leukemia.,action_sensitivity,1: PK versus simplified drug formulations and mechanism variants; no direct action-removal or dose test,"Simplified on/off, PK-based, venetoclax-only, and combination variants; no randomized no-treatment comparator","Simplified on/off, PK-based, venetoclax-only, and combination variants; no randomized no-treatment comparator",Figs. 1-3; multi-cycle train/test and statistical analysis,Primary publication supports Reviewer B's more precise formulation for action_sensitivity; no incompatible claim from Reviewer A was carried forward.
MWM-XF38CEA9063,Digital twin models for predicting venetoclax and azacitidine-induced neutropenia in patients with acute myeloid leukemia.,calibration_and_uncertainty,1: Bayesian fitting without predictive interval coverage/calibration,"MAP/posterior fitting; NI: predictive coverage, calibration curves, or posterior predictive checks","MAP/posterior fitting; NI: predictive coverage, calibration curves, or posterior predictive checks",Figs. 1-3; multi-cycle train/test and statistical analysis,Primary publication supports Reviewer B's more precise formulation for calibration_and_uncertainty; no incompatible claim from Reviewer A was carried forward.
MWM-XF38CEA9063,Digital twin models for predicting venetoclax and azacitidine-induced neutropenia in patients with acute myeloid leukemia.,external_validation,0: no external cohort,NI: no external patient cohort; authors call for new-setting validation,NI: no external patient cohort; authors call for new-setting validation,Figs. 1-3; multi-cycle train/test and statistical analysis,Primary publication supports Reviewer B's more precise formulation for external_validation; no incompatible claim from Reviewer A was carried forward.
MWM-XF38CEA9063,Digital twin models for predicting venetoclax and azacitidine-induced neutropenia in patients with acute myeloid leukemia.,decision_utility,1: schedule optimization proposed; no prospective decision evaluation,Retrospective toxicity forecasting and proposed schedule design; no clinician comparison/prospective use,Retrospective toxicity forecasting and proposed schedule design; no clinician comparison/prospective use,Figs. 1-3; multi-cycle train/test and statistical analysis,Primary publication supports Reviewer B's more precise formulation for decision_utility; no incompatible claim from Reviewer A was carried forward.
MWM-XF38CEA9063,Digital twin models for predicting venetoclax and azacitidine-induced neutropenia in patients with acute myeloid leukemia.,safety_evaluation,1: neutropenia is the modeled toxicity; no deployment hazard/override test,Neutropenia is explicit life-threatening toxicity target; no deployed alert/override or prospective safety endpoint,Neutropenia is explicit life-threatening toxicity target; no deployed alert/override or prospective safety endpoint,Figs. 1-3; multi-cycle train/test and statistical analysis,Primary publication supports Reviewer B's more precise formulation for safety_evaluation; no incompatible claim from Reviewer A was carried forward.
MWM-XF38CEA9063,Digital twin models for predicting venetoclax and azacitidine-induced neutropenia in patients with acute myeloid leukemia.,statistical_analysis,Wilcoxon tests with BH-FDR; Pearson and binomial tests; RMSE/FVU,"Wilcoxon with BH correction, Pearson correlations, binomial tests, and patient RMSE/FVU summaries","Wilcoxon with BH correction, Pearson correlations, binomial tests, and patient RMSE/FVU summaries",Figs. 1-3; multi-cycle train/test and statistical analysis,Primary publication supports Reviewer B's more precise formulation for statistical_analysis; no incompatible claim from Reviewer A was carried forward.
MWM-XF38CEA9063,Digital twin models for predicting venetoclax and azacitidine-induced neutropenia in patients with acute myeloid leukemia.,causal_language,Mechanistic drug-effect assumptions; no identified causal effect claim,Mechanistic drug-effect/simulation language without treatment-effect identification claim,Mechanistic drug-effect/simulation language without treatment-effect identification claim,Discussion and modeled-drug-effect assumptions,Primary publication supports Reviewer B's more precise formulation for causal_language; no incompatible claim from Reviewer A was carried forward.
MWM-XF38CEA9063,Digital twin models for predicting venetoclax and azacitidine-induced neutropenia in patients with acute myeloid leukemia.,estimand,Observed trajectory under recorded regimen; no formal causal estimand,"NA: trajectory prediction under recorded/hypothetical schedules, not an identified causal effect","NA: trajectory prediction under recorded/hypothetical schedules, not an identified causal effect",Discussion and modeled-drug-effect assumptions,Primary publication supports Reviewer B's more precise formulation for estimand; no incompatible claim from Reviewer A was carried forward.
MWM-XF38CEA9063,Digital twin models for predicting venetoclax and azacitidine-induced neutropenia in patients with acute myeloid leukemia.,confounding_strategy,NA: no empirical alternative-treatment effect,NA for causal effect; patient-specific model on trial cohort observations,NA for causal effect; patient-specific model on trial cohort observations,Discussion and modeled-drug-effect assumptions,Primary publication supports Reviewer B's more precise formulation for confounding_strategy; no incompatible claim from Reviewer A was carried forward.
MWM-XF38CEA9063,Digital twin models for predicting venetoclax and azacitidine-induced neutropenia in patients with acute myeloid leukemia.,positivity_and_overlap,NA: no causal contrast,NA: no comparative treatment-effect estimand,NA: no comparative treatment-effect estimand,Discussion and modeled-drug-effect assumptions,Primary publication supports Reviewer B's more precise formulation for positivity_and_overlap; no incompatible claim from Reviewer A was carried forward.
MWM-XF38CEA9063,Digital twin models for predicting venetoclax and azacitidine-induced neutropenia in patients with acute myeloid leukemia.,counterfactual_validation,"NA: mechanistic assumptions, not counterfactual validation",NI: alternative schedules not validated against randomized outcomes,NI: alternative schedules not validated against randomized outcomes,Discussion and modeled-drug-effect assumptions,Primary publication supports Reviewer B's more precise formulation for counterfactual_validation; no incompatible claim from Reviewer A was carried forward.
MWM-XF38CEA9063,Digital twin models for predicting venetoclax and azacitidine-induced neutropenia in patients with acute myeloid leukemia.,code_access,2: public AMLDT/Venex_Neutropenia_Models GitHub,Public AMLDT/Venex_Neutropenia_Models GitHub,Public AMLDT/Venex_Neutropenia_Models GitHub,"Methods, Data availability, and Code availability",Primary publication supports Reviewer B's more precise formulation for code_access; no incompatible claim from Reviewer A was carried forward.
MWM-XF38CEA9063,Digital twin models for predicting venetoclax and azacitidine-induced neutropenia in patients with acute myeloid leukemia.,weights_access,1: explicit fitted-weight/parameter release unclear,NA: mechanistic fitted parameters rather than neural weights; full fitted patient parameters unclear,NI: patient-specific fitted parameters are not identified as a standalone public release,"Methods, Data availability, and Code availability",Primary publication resolves weights_access to the stated source-bounded value; incompatible or incomplete reviewer wording was not merged.
MWM-XF38CEA9063,Digital twin models for predicting venetoclax and azacitidine-induced neutropenia in patients with acute myeloid leukemia.,data_access,1: full trial data request-based; repository includes subset,VenEx restricted/request-based; repository includes a subset,VenEx restricted/request-based; repository includes a subset,"Methods, Data availability, and Code availability",Primary publication supports Reviewer B's more precise formulation for data_access; no incompatible claim from Reviewer A was carried forward.
MWM-XF38CEA9063,Digital twin models for predicting venetoclax and azacitidine-induced neutropenia in patients with acute myeloid leukemia.,preprocessing_reproducibility,"2: equations, parameters, software, interpolation, split, and statistics detailed","Strong-moderate: equations, fitting, cycle splits, interpolation, software, metrics detailed; complete data restricted","Strong-moderate: equations, fitting, cycle splits, interpolation, software, metrics detailed; complete data restricted","Methods, Data availability, and Code availability",Primary publication supports Reviewer B's more precise formulation for preprocessing_reproducibility; no incompatible claim from Reviewer A was carried forward.
MWM-XF38CEA9063,Digital twin models for predicting venetoclax and azacitidine-induced neutropenia in patients with acute myeloid leukemia.,randomness,1: optimization described; seeds and repeated initializations not reported,NI: optimization seeds/repeated stochastic fits not reported,NI: optimization seeds/repeated stochastic fits not reported,"Methods, Data availability, and Code availability",Primary publication supports Reviewer B's more precise formulation for randomness; no incompatible claim from Reviewer A was carried forward.
MWM-XF38CEA9063,Digital twin models for predicting venetoclax and azacitidine-induced neutropenia in patients with acute myeloid leukemia.,evidence_anchors,Primary article Figs. 1-3; Model fitting; Data from multiple cycles; Methods; Code/Data availability; stable DOI,"Fig. 1; Fig. 3/Table 2; Methods patient data, multi-cycle learning, interpolation/statistics; Data/Code availability","Primary article Figs. 1-3 and Table 2; Model fitting and continuous updating Results; Methods patient selection, multi-cycle learning, interpolation, and statistics; Data/Code availability",Full primary journal PDF,Primary publication resolves evidence_anchors to the stated source-bounded value; incompatible or incomplete reviewer wording was not merged.
MWM-XF38CEA9063,Digital twin models for predicting venetoclax and azacitidine-induced neutropenia in patients with acute myeloid leukemia.,appraisal_strengths,"Temporal horizon testing, validated missingness handling, mechanistic baselines, public code, and toxicity outcome","Interpretable dynamics, patient temporal testing, horizon-separated results, toxicity target, comparators, public code","Interpretable dynamics, patient temporal testing, horizon-separated results, toxicity target, comparators, public code",Full primary journal PDF,Primary publication supports Reviewer B's more precise formulation for appraisal_strengths; no incompatible claim from Reviewer A was carried forward.
MWM-XF38CEA9063,Digital twin models for predicting venetoclax and azacitidine-induced neutropenia in patients with acute myeloid leukemia.,appraisal_limitations,"Small selected forecasting subset, sparse data, no patient-held-out/external test, high heterogeneity, and no calibration","Small selected subset, sparse data, high interpatient error, no external validation/calibration, and five cycles needed","Small selected subset, sparse data, high interpatient error, no external validation/calibration, and five cycles needed",Full primary journal PDF,Primary publication supports Reviewer B's more precise formulation for appraisal_limitations; no incompatible claim from Reviewer A was carried forward.
MWM-XF38CEA9063,Digital twin models for predicting venetoclax and azacitidine-induced neutropenia in patients with acute myeloid leukemia.,source_status,Full primary PMC article inspected,Exact open full text inspected through Europe PMC/PMC,Exact open primary npj Digital Medicine PDF inspected from DOI 10.1038/s41746-025-01978-4,npj Digital Medicine title page and DOI,Primary publication resolves source_status to the stated source-bounded value; incompatible or incomplete reviewer wording was not merged.
MWM-XEA4B3285B2,Learning Temporal Basis Vectors for Closed-Loop Neural Stimulation.,primary_source_url,https://doi.org/10.1109/EMBC58623.2025.11254522; https://arxiv.org/abs/2507.15274,https://doi.org/10.1109/embc58623.2025.11254522,https://doi.org/10.1109/EMBC58623.2025.11254522; https://arxiv.org/abs/2507.15274,EMBC DOI and arXiv:2507.15274v1 title page,Primary publication resolves primary_source_url to the stated source-bounded value; incompatible or incomplete reviewer wording was not merged.
MWM-XEA4B3285B2,Learning Temporal Basis Vectors for Closed-Loop Neural Stimulation.,publication_status,Peer-reviewed EMBC 2025 paper; detailed public preprint,Peer-reviewed IEEE EMBC 2025 conference full paper,Peer-reviewed IEEE EMBC 2025 conference full paper,EMBC DOI and arXiv:2507.15274v1 title page,Primary publication supports Reviewer B's more precise formulation for publication_status; no incompatible claim from Reviewer A was carried forward.
MWM-XEA4B3285B2,Learning Temporal Basis Vectors for Closed-Loop Neural Stimulation.,domain,Closed-loop neural stimulation and NHP electrophysiology,Closed-loop neural stimulation and micro-ECoG response forecasting,Closed-loop neural stimulation and micro-ECoG response forecasting,ArXiv Secs. 3.1-3.2 and Appendix 6.1,Primary publication supports Reviewer B's more precise formulation for domain; no incompatible claim from Reviewer A was carried forward.
MWM-XEA4B3285B2,Learning Temporal Basis Vectors for Closed-Loop Neural Stimulation.,dataset_or_cohort,Micro-ECoG optogenetic stimulation data from two rhesus macaques,Two male rhesus macaques with micro-ECoG during paired excitatory optogenetic stimulation,Two male rhesus macaques with micro-ECoG during paired excitatory optogenetic stimulation,ArXiv Secs. 3.1-3.2 and Appendix 6.1,Primary publication supports Reviewer B's more precise formulation for dataset_or_cohort; no incompatible claim from Reviewer A was carried forward.
MWM-XEA4B3285B2,Learning Temporal Basis Vectors for Closed-Loop Neural Stimulation.,sample_scale,40 sessions; about 15000 paired-pulse trials per typical session; 96 channels with mean 78.6 usable,"40 sessions; about 15,000 trials/session; 96 channels with mean 78.6 usable","40 sessions; about 15,000 trials/session; 96 channels with mean 78.6 usable",ArXiv Secs. 3.1-3.2 and Appendix 6.1,Primary publication supports Reviewer B's more precise formulation for sample_scale; no incompatible claim from Reviewer A was carried forward.
MWM-XEA4B3285B2,Learning Temporal Basis Vectors for Closed-Loop Neural Stimulation.,institution_count,One experimental program/dataset,One experimental program; two animal subjects,One experimental program; two animal subjects,ArXiv Secs. 3.1-3.2 and Appendix 6.1,Primary publication supports Reviewer B's more precise formulation for institution_count; no incompatible claim from Reviewer A was carried forward.
MWM-XEA4B3285B2,Learning Temporal Basis Vectors for Closed-Loop Neural Stimulation.,split_strategy,Temporal split: first 5000 trials train and last 2500 test; validation for basis count; larger held-out simulation sets,"Within-session temporal split: first 5,000 trials train, last 2,500 test; three runs/session","Within-session temporal split: first 5,000 trials train, last 2,500 test; three runs/session",ArXiv Secs. 3.1-3.2 and Appendix 6.1,Primary publication supports Reviewer B's more precise formulation for split_strategy; no incompatible claim from Reviewer A was carried forward.
MWM-XEA4B3285B2,Learning Temporal Basis Vectors for Closed-Loop Neural Stimulation.,observation_process,1 kHz LFP in 184-ms trials with 20-ms runway and paired pulses; stimulation/rest blocks,Prior 20 ms LFP predicts post-stimulation response; paired pulses every 200 ms with 10/30/100 ms intervals,Prior 20 ms LFP predicts post-stimulation response; paired pulses every 200 ms with 10/30/100 ms intervals,ArXiv Secs. 3.1-3.2 and Appendix 6.1,Primary publication supports Reviewer B's more precise formulation for observation_process; no incompatible claim from Reviewer A was carried forward.
MWM-XEA4B3285B2,Learning Temporal Basis Vectors for Closed-Loop Neural Stimulation.,missingness,1: unusable electrodes excluded; no imputation,Unusable channels excluded; NI: missing-trial/artifact missingness analysis,Unusable channels excluded; NI: missing-trial/artifact missingness analysis,ArXiv Secs. 3.1-3.2 and Appendix 6.1,Primary publication supports Reviewer B's more precise formulation for missingness; no incompatible claim from Reviewer A was carried forward.
MWM-XEA4B3285B2,Learning Temporal Basis Vectors for Closed-Loop Neural Stimulation.,censoring_or_competing_events,NA: fixed experimental trials,NA: fixed-window neurophysiology,NA: fixed-window neurophysiology,ArXiv Secs. 3.1-3.2 and Appendix 6.1,Primary publication supports Reviewer B's more precise formulation for censoring_or_competing_events; no incompatible claim from Reviewer A was carried forward.
MWM-XEA4B3285B2,Learning Temporal Basis Vectors for Closed-Loop Neural Stimulation.,state,Recent 20-ms multichannel LFP runway,Recent multichannel LFP encoded as state-dependent temporal-basis weights,Recent multichannel LFP encoded as state-dependent temporal-basis weights,Secs. 3.3-3.6,Primary publication supports Reviewer B's more precise formulation for state; no incompatible claim from Reviewer A was carried forward.
MWM-XEA4B3285B2,Learning Temporal Basis Vectors for Closed-Loop Neural Stimulation.,observation_decoder,Direct 40-ms or 164-ms multichannel LFP trajectory,Predicted multichannel waveform over 40 or 164 ms,Predicted multichannel waveform over 40 or 164 ms,Secs. 3.3-3.6,Primary publication supports Reviewer B's more precise formulation for observation_decoder; no incompatible claim from Reviewer A was carried forward.
MWM-XEA4B3285B2,Learning Temporal Basis Vectors for Closed-Loop Neural Stimulation.,action,Binary stimulate/not-stimulate and paired-pulse timing descriptor,Optogenetic stimulation occurrence and interpulse timing; simulated controller selects stimulate/no stimulation,Optogenetic stimulation occurrence and interpulse timing; simulated controller selects stimulate/no stimulation,Secs. 3.3-3.6,Primary publication supports Reviewer B's more precise formulation for action; no incompatible claim from Reviewer A was carried forward.
MWM-XEA4B3285B2,Learning Temporal Basis Vectors for Closed-Loop Neural Stimulation.,action_provenance,Actually delivered pulses for fitting; controller actions simulated on held-out trials,Observed administered pulses plus simulated controller actions,Observed administered pulses plus simulated controller actions,Secs. 3.3-3.6,Primary publication supports Reviewer B's more precise formulation for action_provenance; no incompatible claim from Reviewer A was carried forward.
MWM-XEA4B3285B2,Learning Temporal Basis Vectors for Closed-Loop Neural Stimulation.,transition_mechanism,Temporal basis generator plus state-dependent affine basis weights; direct multistep output,Learned temporal response bases with affine state/stimulation-dependent weights for direct multistep forecasting,Learned temporal response bases with affine state/stimulation-dependent weights for direct multistep forecasting,Secs. 3.3-3.6,Primary publication supports Reviewer B's more precise formulation for transition_mechanism; no incompatible claim from Reviewer A was carried forward.
MWM-XEA4B3285B2,Learning Temporal Basis Vectors for Closed-Loop Neural Stimulation.,maximum_horizon,164 ms; 40 ms emphasized for controller,164 ms; 40 ms short-horizon results also reported,164 ms; 40 ms short-horizon results also reported,Secs. 3.3-3.6,Primary publication supports Reviewer B's more precise formulation for maximum_horizon; no incompatible claim from Reviewer A was carried forward.
MWM-XEA4B3285B2,Learning Temporal Basis Vectors for Closed-Loop Neural Stimulation.,rollout_regime,Direct multistep forecast and simulated closed loop; not autoregressive,Direct multistep forecast embedded in two free-running simulated closed-loop experiments,Direct multistep forecasting embedded in two simulated closed-loop controllers; the loop is in silico rather than in vivo,Secs. 3.3-3.6,Primary publication resolves rollout_regime to the stated source-bounded value; incompatible or incomplete reviewer wording was not merged.
MWM-XEA4B3285B2,Learning Temporal Basis Vectors for Closed-Loop Neural Stimulation.,capability_claim,Closed-loop planning/control in simulation,planning,planning,Secs. 3.3-3.6,Primary publication supports Reviewer B's more precise formulation for capability_claim; no incompatible claim from Reviewer A was carried forward.
MWM-XEA4B3285B2,Learning Temporal Basis Vectors for Closed-Loop Neural Stimulation.,baselines,"LSSM, AE-LSTM, state-agnostic TBFM, and matched no-stimulation trajectories","Linear state-space, autoencoder-LSTM, state-agnostic temporal-basis, and resting/no-stimulation response","Linear state-space, autoencoder-LSTM, state-agnostic temporal-basis, and resting/no-stimulation response","Sec. 4, horizon figures/tables, and two controller experiments",Primary publication supports Reviewer B's more precise formulation for baselines; no incompatible claim from Reviewer A was carried forward.
MWM-XEA4B3285B2,Learning Temporal Basis Vectors for Closed-Loop Neural Stimulation.,state_fidelity_metrics,Test R2 by horizon; 164-ms 0.462 plus/minus 0.207; 40-ms 0.787 plus/minus 0.143,Channel/session R2 and waveform agreement; mean test R2 ~0.462 at 164 ms and ~0.787 at 40 ms,Channel/session R2 and waveform agreement; mean test R2 ~0.462 at 164 ms and ~0.787 at 40 ms,"Sec. 4, horizon figures/tables, and two controller experiments",Primary publication supports Reviewer B's more precise formulation for state_fidelity_metrics; no incompatible claim from Reviewer A was carried forward.
MWM-XEA4B3285B2,Learning Temporal Basis Vectors for Closed-Loop Neural Stimulation.,transition_metrics,"R2 curves, mean/state-dependent R2, sample efficiency, training time, and latency",R2 by horizon/state dependence; reported state-dependent R2 ~0.878 versus state-agnostic 0.006,R2 by horizon/state dependence; reported state-dependent R2 ~0.878 versus state-agnostic 0.006,"Sec. 4, horizon figures/tables, and two controller experiments",Primary publication supports Reviewer B's more precise formulation for transition_metrics; no incompatible claim from Reviewer A was carried forward.
MWM-XEA4B3285B2,Learning Temporal Basis Vectors for Closed-Loop Neural Stimulation.,rollout_stability,2: horizon degradation and early-to-late session shift measured,Closed-loop target shaping reported; NI: drift/constraint violations over longer runs,"Prediction fidelity is reported over 40-, 60-, and 164-ms horizons and across early-to-late session shift; simulated control succeeds, but long-run biological constraint violations are not tested","Sec. 4, horizon figures/tables, and two controller experiments",Primary publication resolves rollout_stability to the stated source-bounded value; incompatible or incomplete reviewer wording was not merged.
MWM-XEA4B3285B2,Learning Temporal Basis Vectors for Closed-Loop Neural Stimulation.,action_sensitivity,"2: stimulation/no-stimulation, state ablation, pulse intervals, and binary actions tested",10/30/100 ms pulse conditions and stimulate/no-stimulate simulation; state-agnostic/resting comparisons,10/30/100 ms pulse conditions and stimulate/no-stimulate simulation; state-agnostic/resting comparisons,"Sec. 4, horizon figures/tables, and two controller experiments",Primary publication supports Reviewer B's more precise formulation for action_sensitivity; no incompatible claim from Reviewer A was carried forward.
MWM-XEA4B3285B2,Learning Temporal Basis Vectors for Closed-Loop Neural Stimulation.,calibration_and_uncertainty,0: no probabilistic calibration; controller margins only,Across-run/session SD and controller margins; NI: probabilistic calibration/coverage,"Across-session/run variability and controller margins are reported; no predictive uncertainty distribution, calibration, or interval coverage","Sec. 4, horizon figures/tables, and two controller experiments",Primary publication resolves calibration_and_uncertainty to the stated source-bounded value; incompatible or incomplete reviewer wording was not merged.
MWM-XEA4B3285B2,Learning Temporal Basis Vectors for Closed-Loop Neural Stimulation.,external_validation,0: same two-animal dataset,NI: no held-out animal/lab/dataset; session tests within two animals,NI: no held-out animal/lab/dataset; session tests within two animals,"Sec. 4, horizon figures/tables, and two controller experiments",Primary publication supports Reviewer B's more precise formulation for external_validation; no incompatible claim from Reviewer A was carried forward.
MWM-XEA4B3285B2,Learning Temporal Basis Vectors for Closed-Loop Neural Stimulation.,decision_utility,2: two simulated controllers with AUC about 0.65-0.72 and latency comparisons,Two simulated closed-loop experiments shape activity toward targets; no in-vivo closed loop,Two simulated closed-loop experiments shape activity toward targets; no in-vivo closed loop,"Sec. 4, horizon figures/tables, and two controller experiments",Primary publication supports Reviewer B's more precise formulation for decision_utility; no incompatible claim from Reviewer A was carried forward.
MWM-XEA4B3285B2,Learning Temporal Basis Vectors for Closed-Loop Neural Stimulation.,safety_evaluation,1: over-stimulation risk represented in cost discussion; no biological hazard/recovery test,Latency and over/under-stimulation errors; no biological injury/adverse-event/recovery hazard test,Latency and over/under-stimulation errors; no biological injury/adverse-event/recovery hazard test,"Sec. 4, horizon figures/tables, and two controller experiments",Primary publication supports Reviewer B's more precise formulation for safety_evaluation; no incompatible claim from Reviewer A was carried forward.
MWM-XEA4B3285B2,Learning Temporal Basis Vectors for Closed-Loop Neural Stimulation.,statistical_analysis,Means/SD over 40 sessions and three runs; KSG-MI/HSIC tests with 1000 permutations,"Three runs/session, session SDs, state-dependence testing; subject-level uncertainty limited at n=2","Three runs/session, session SDs, state-dependence testing; subject-level uncertainty limited at n=2","Sec. 4, horizon figures/tables, and two controller experiments",Primary publication supports Reviewer B's more precise formulation for statistical_analysis; no incompatible claim from Reviewer A was carried forward.
MWM-XEA4B3285B2,Learning Temporal Basis Vectors for Closed-Loop Neural Stimulation.,causal_language,Action-response forecasting; no treatment-effect claim,Stimulation-conditioned forecasting/control; no formal treatment-effect claim,Stimulation-conditioned forecasting/control; no formal treatment-effect claim,Introduction/Discussion; controlled stimulation without treatment-effect estimand,Primary publication supports Reviewer B's more precise formulation for causal_language; no incompatible claim from Reviewer A was carried forward.
MWM-XEA4B3285B2,Learning Temporal Basis Vectors for Closed-Loop Neural Stimulation.,estimand,Simulated controller task performance; no causal estimand,"NA: neural forecast/control objective, not clinical causal estimand","NA: neural forecast/control objective, not clinical causal estimand",Introduction/Discussion; controlled stimulation without treatment-effect estimand,Primary publication supports Reviewer B's more precise formulation for estimand; no incompatible claim from Reviewer A was carried forward.
MWM-XEA4B3285B2,Learning Temporal Basis Vectors for Closed-Loop Neural Stimulation.,confounding_strategy,NA: controlled experiment,NA: controlled animal stimulation,NA: controlled animal stimulation,Introduction/Discussion; controlled stimulation without treatment-effect estimand,Primary publication supports Reviewer B's more precise formulation for confounding_strategy; no incompatible claim from Reviewer A was carried forward.
MWM-XEA4B3285B2,Learning Temporal Basis Vectors for Closed-Loop Neural Stimulation.,positivity_and_overlap,1: three pulse intervals and fixed sites; narrow support,NA: fixed experimental stimulation conditions,1: three pulse intervals and fixed sites; narrow support,Introduction/Discussion; controlled stimulation without treatment-effect estimand,Primary publication supports Reviewer A for positivity_and_overlap; Reviewer B's competing interpretation was not retained.
MWM-XEA4B3285B2,Learning Temporal Basis Vectors for Closed-Loop Neural Stimulation.,counterfactual_validation,NA: no causal counterfactual claim,"Alternative simulated actions checked against learned model, not new animal interventions","Alternative simulated actions checked against learned model, not new animal interventions",Introduction/Discussion; controlled stimulation without treatment-effect estimand,Primary publication supports Reviewer B's more precise formulation for counterfactual_validation; no incompatible claim from Reviewer A was carried forward.
MWM-XEA4B3285B2,Learning Temporal Basis Vectors for Closed-Loop Neural Stimulation.,code_access,2: public py-tbfm GitHub,Public py-tbfm GitHub demo,Public py-tbfm GitHub demo,"Secs. 3.4-3.6, Appendix 6.1-6.4, Code/Data availability",Primary publication supports Reviewer B's more precise formulation for code_access; no incompatible claim from Reviewer A was carried forward.
MWM-XEA4B3285B2,Learning Temporal Basis Vectors for Closed-Loop Neural Stimulation.,weights_access,0: trained session weights not public,NI: no public fitted animal-session weights,NI: no public fitted animal-session weights,"Secs. 3.4-3.6, Appendix 6.1-6.4, Code/Data availability",Primary publication supports Reviewer B's more precise formulation for weights_access; no incompatible claim from Reviewer A was carried forward.
MWM-XEA4B3285B2,Learning Temporal Basis Vectors for Closed-Loop Neural Stimulation.,data_access,1: data available on reasonable request,Animal data from authors on request,Animal data from authors on request,"Secs. 3.4-3.6, Appendix 6.1-6.4, Code/Data availability",Primary publication supports Reviewer B's more precise formulation for data_access; no incompatible claim from Reviewer A was carried forward.
MWM-XEA4B3285B2,Learning Temporal Basis Vectors for Closed-Loop Neural Stimulation.,preprocessing_reproducibility,"2: filtering, windows, split, architecture, losses, optimizer, and controller detailed","Moderate: trials, split, model, horizons, timing described; exact proceedings supplement unavailable","Moderate: trials, split, model, horizons, timing described; exact proceedings supplement unavailable","Secs. 3.4-3.6, Appendix 6.1-6.4, Code/Data availability",Primary publication supports Reviewer B's more precise formulation for preprocessing_reproducibility; no incompatible claim from Reviewer A was carried forward.
MWM-XEA4B3285B2,Learning Temporal Basis Vectors for Closed-Loop Neural Stimulation.,randomness,"2: three runs, random controls/targets, 1000 permutations; seeds unstated",Three runs/session; seeds NI,Three runs/session; seeds NI,"Secs. 3.4-3.6, Appendix 6.1-6.4, Code/Data availability",Primary publication supports Reviewer B's more precise formulation for randomness; no incompatible claim from Reviewer A was carried forward.
MWM-XEA4B3285B2,Learning Temporal Basis Vectors for Closed-Loop Neural Stimulation.,evidence_anchors,Detailed preprint pp. 4-12 and 20-25; Table 1; Fig. 12; Appendix 6.1-6.3; EMBC DOI,Corresponding arXiv manuscript pp. 1-7; Methods/Data; forecasting tables/figures; closed-loop simulations; code/data statements,Corresponding arXiv manuscript Secs. 3.1-3.6 and 4; forecasting/horizon results; two closed-loop simulations; Table 1; Appendix 6.1-6.4 and 6.9; Code/Data availability; EMBC DOI,Detailed same-author arXiv manuscript plus EMBC record,Primary publication resolves evidence_anchors to the stated source-bounded value; incompatible or incomplete reviewer wording was not merged.
MWM-XEA4B3285B2,Learning Temporal Basis Vectors for Closed-Loop Neural Stimulation.,appraisal_strengths,"Horizon testing, temporal shift split, action/no-action data, strong baselines, repeated sessions, simulation, latency, and code","Efficient action-conditioned forecasting, temporal tests, horizon accuracy, multiple baselines, and operational simulated control","Efficient action-conditioned forecasting, temporal tests, horizon accuracy, multiple baselines, and operational simulated control",Detailed same-author arXiv manuscript plus EMBC record,Primary publication supports Reviewer B's more precise formulation for appraisal_strengths; no incompatible claim from Reviewer A was carried forward.
MWM-XEA4B3285B2,Learning Temporal Basis Vectors for Closed-Loop Neural Stimulation.,appraisal_limitations,"Two animals, fixed action space, simulated not in-vivo loop, no calibration, and limited safety testing","Two animals, no subject-held-out/external validation, no calibrated uncertainty, simulation-only closed loop","Two animals, no subject-held-out/external validation, no calibrated uncertainty, simulation-only closed loop",Detailed same-author arXiv manuscript plus EMBC record,Primary publication supports Reviewer B's more precise formulation for appraisal_limitations; no incompatible claim from Reviewer A was carried forward.
MWM-XEA4B3285B2,Learning Temporal Basis Vectors for Closed-Loop Neural Stimulation.,source_status,Conference record plus full primary preprint inspected,"IEEE DOI verified; hosted PDF blocked by WAF, so corresponding same-author arXiv:2507.15274v1 with slightly different title was inspected",IEEE EMBC DOI verified; exact same-author detailed arXiv:2507.15274v1 manuscript inspected because the IEEE PDF was access-blocked,EMBC DOI and arXiv:2507.15274v1 title page,Primary publication resolves source_status to the stated source-bounded value; incompatible or incomplete reviewer wording was not merged.
MWM-XEA4B3285B2,Learning Temporal Basis Vectors for Closed-Loop Neural Stimulation.,reviewer_confidence,high,medium,high,Detailed same-author arXiv manuscript plus EMBC record,Primary publication resolves reviewer_confidence to the stated source-bounded value; incompatible or incomplete reviewer wording was not merged.
MWM-X772584A789,Multi-Objective Model-based Reinforcement Learning for Infectious Disease Control,primary_source_url,https://arxiv.org/abs/2009.04607,https://arxiv.org/abs/2009.04607v3,https://arxiv.org/abs/2009.04607v3,arXiv v3 title page and KDD acceptance note,Primary publication resolves primary_source_url to the stated source-bounded value; incompatible or incomplete reviewer wording was not merged.
MWM-X772584A789,Multi-Objective Model-based Reinforcement Learning for Infectious Disease Control,publication_status,Peer-reviewed KDD 2021 paper; arXiv v3 inspected,Peer-reviewed KDD 2021 paper; public arXiv v3 inspected,Peer-reviewed KDD 2021 paper; public arXiv v3 inspected,arXiv v3 title page and KDD acceptance note,Primary publication supports Reviewer B's more precise formulation for publication_status; no incompatible claim from Reviewer A was carried forward.
MWM-X772584A789,Multi-Objective Model-based Reinforcement Learning for Infectious Disease Control,domain,Infectious-disease epidemiology and public-health policy,Infectious-disease epidemiology and intervention planning,Infectious-disease epidemiology and intervention planning,Sec. 5.1 and Appendix C.1,Primary publication supports Reviewer B's more precise formulation for domain; no incompatible claim from Reviewer A was carried forward.
MWM-X772584A789,Multi-Objective Model-based Reinforcement Learning for Infectious Disease Control,dataset_or_cohort,"COVID-19 surveillance, intervention, GDP, population, and Baidu mobility for six Chinese cities","Daily COVID cases, economics/demographics, Baidu mobility, and interventions for six Chinese cities, 2020-01-15 to 2020-05-13","Daily COVID cases, economics/demographics, Baidu mobility, and interventions for six Chinese cities, 2020-01-15 to 2020-05-13",Sec. 5.1 and Appendix C.1,Primary publication supports Reviewer B's more precise formulation for dataset_or_cohort; no incompatible claim from Reviewer A was carried forward.
MWM-X772584A789,Multi-Objective Model-based Reinforcement Learning for Infectious Disease Control,sample_scale,Six cities observed daily for 120 days from 15 January to 13 May 2020,"Six cities x 120 days; 1,000 posterior simulations for bands","Six cities x 120 days; 1,000 posterior simulations for bands",Sec. 5.1 and Appendix C.1,Primary publication supports Reviewer B's more precise formulation for sample_scale; no incompatible claim from Reviewer A was carried forward.
MWM-X772584A789,Multi-Objective Model-based Reinforcement Learning for Infectious Disease Control,institution_count,Six geographic regions; not patient institutions,"NA: city-level units, not healthcare institutions","NA: city-level units, not healthcare institutions",Sec. 5.1 and Appendix C.1,Primary publication supports Reviewer B's more precise formulation for institution_count; no incompatible claim from Reviewer A was carried forward.
MWM-X772584A789,Multi-Objective Model-based Reinforcement Learning for Infectious Disease Control,split_strategy,Temporal train through day 12 and predict days 13-120; day-61 fit; leave-one-city-out validation,"Fit through day 12, evaluate to day 120 under observed actions; leave-one-city-out validation; H1N1 parameter stress test","Fit through day 12, evaluate to day 120 under observed actions; leave-one-city-out validation; H1N1 parameter stress test",Sec. 5.1 and Appendix C.1,Primary publication supports Reviewer B's more precise formulation for split_strategy; no incompatible claim from Reviewer A was carried forward.
MWM-X772584A789,Multi-Objective Model-based Reinforcement Learning for Infectious Disease Control,observation_process,Daily regional surveillance with delayed cases and intervention records,Daily cumulative infections/covariates linked to discrete policy levels,Daily cumulative infections/covariates linked to discrete policy levels,Sec. 5.1 and Appendix C.1,Primary publication supports Reviewer B's more precise formulation for observation_process; no incompatible claim from Reviewer A was carried forward.
MWM-X772584A789,Multi-Objective Model-based Reinforcement Learning for Infectious Disease Control,missingness,1: irregular cumulative cases neighbor-imputed; reporting delay modeled; broader missingness not analyzed,Irregular case records imputed by neighboring-day averages; infection latent with nine-day reporting-delay proxy,Irregular case records imputed by neighboring-day averages; infection latent with nine-day reporting-delay proxy,Sec. 5.1 and Appendix C.1,Primary publication supports Reviewer B's more precise formulation for missingness; no incompatible claim from Reviewer A was carried forward.
MWM-X772584A789,Multi-Objective Model-based Reinforcement Learning for Infectious Disease Control,censoring_or_competing_events,NA: finite 120-day regional horizon,Recovered state modeled; NI: death/reporting truncation not separate competing events,Recovered state modeled; NI: death/reporting truncation not separate competing events,Sec. 5.1 and Appendix C.1,Primary publication supports Reviewer B's more precise formulation for censoring_or_competing_events; no incompatible claim from Reviewer A was carried forward.
MWM-X772584A789,Multi-Objective Model-based Reinforcement Learning for Infectious Disease Control,state,"Generalized SIR state, Bayesian transition posterior, and economic context",City susceptible/infected/recovered counts plus posterior parameters/economic context,City susceptible/infected/recovered counts plus posterior parameters/economic context,Secs. 2-4 and Algorithms 1-3,Primary publication supports Reviewer B's more precise formulation for state; no incompatible claim from Reviewer A was carried forward.
MWM-X772584A789,Multi-Objective Model-based Reinforcement Learning for Infectious Disease Control,observation_decoder,Future infections and epidemiological/economic costs with prediction bands,"Stochastic infection trajectories, epidemiological/economic costs, bands, recommended policies","Stochastic infection trajectories, epidemiological/economic costs, bands, recommended policies",Secs. 2-4 and Algorithms 1-3,Primary publication supports Reviewer B's more precise formulation for observation_decoder; no incompatible claim from Reviewer A was carried forward.
MWM-X772584A789,Multi-Objective Model-based Reinforcement Learning for Infectious Disease Control,action,Three ordinal NPI levels,"Three levels: few/no controls, emergency response, lockdown/closed management","Three levels: few/no controls, emergency response, lockdown/closed management",Secs. 2-4 and Algorithms 1-3,Primary publication supports Reviewer B's more precise formulation for action; no incompatible claim from Reviewer A was carried forward.
MWM-X772584A789,Multi-Objective Model-based Reinforcement Learning for Infectious Disease Control,action_provenance,Observed government actions for estimation; sequential actions generated in simulation,Observed government actions plus planner-generated actions,Observed government actions plus planner-generated actions,Secs. 2-4 and Algorithms 1-3,Primary publication supports Reviewer B's more precise formulation for action_provenance; no incompatible claim from Reviewer A was carried forward.
MWM-X772584A789,Multi-Objective Model-based Reinforcement Learning for Infectious Disease Control,transition_mechanism,Bayesian stochastic GSIR with Poisson/Binomial transitions and Monte Carlo policy rollouts,Bayesian generalized SIR Poisson/Binomial environment updated online; grid/DQN multiobjective planning over posterior simulations,Bayesian generalized SIR Poisson/Binomial environment updated online; grid/DQN multiobjective planning over posterior simulations,Secs. 2-4 and Algorithms 1-3,Primary publication supports Reviewer B's more precise formulation for transition_mechanism; no incompatible claim from Reviewer A was carried forward.
MWM-X772584A789,Multi-Objective Model-based Reinforcement Learning for Infectious Disease Control,maximum_horizon,108 days; policy decisions every seven days,"Day 12 to 120, about 108 days","Day 12 to 120, about 108 days",Secs. 2-4 and Algorithms 1-3,Primary publication supports Reviewer B's more precise formulation for maximum_horizon; no incompatible claim from Reviewer A was carried forward.
MWM-X772584A789,Multi-Objective Model-based Reinforcement Learning for Infectious Disease Control,rollout_regime,Free-running Monte Carlo rollouts with weekly policy selection,Free-running Monte Carlo policy rollouts to day 120,Free-running Monte Carlo policy rollouts to day 120,Secs. 2-4 and Algorithms 1-3,Primary publication supports Reviewer B's more precise formulation for rollout_regime; no incompatible claim from Reviewer A was carried forward.
MWM-X772584A789,Multi-Objective Model-based Reinforcement Learning for Infectious Disease Control,capability_claim,Multi-objective closed-loop policy planning,planning,planning,Secs. 2-4 and Algorithms 1-3,Primary publication supports Reviewer B's more precise formulation for capability_claim; no incompatible claim from Reviewer A was carried forward.
MWM-X772584A789,Multi-Objective Model-based Reinforcement Learning for Infectious Disease Control,baselines,"Occurrence mitigation/suppression, count-threshold, and observed behavior policies","Expert mitigation/suppression, count threshold, behavior policy, grid search, DQN","Expert mitigation/suppression, count threshold, behavior policy, grid search, DQN",Secs. 5.2-5.3; Figs. 4-6; Appendix C.3,Primary publication supports Reviewer B's more precise formulation for baselines; no incompatible claim from Reviewer A was carried forward.
MWM-X772584A789,Multi-Objective Model-based Reinforcement Learning for Infectious Disease Control,state_fidelity_metrics,Observed versus predicted cases with 99% bands; leave-one-city-out relative error 0.18,Observed cumulative infections versus 99% prediction bands; bands cover most city trajectories,Observed cumulative infections versus 99% prediction bands; bands cover most city trajectories,Secs. 5.2-5.3; Figs. 4-6; Appendix C.3,Primary publication supports Reviewer B's more precise formulation for state_fidelity_metrics; no incompatible claim from Reviewer A was carried forward.
MWM-X772584A789,Multi-Objective Model-based Reinforcement Learning for Infectious Disease Control,transition_metrics,Day-resolved epidemic curves and posterior transition parameters by action,Leave-one-city-out day-120 relative error average ~0.18; observed-action forecasts day 13-120,Leave-one-city-out day-120 relative error average ~0.18; observed-action forecasts day 13-120,Secs. 5.2-5.3; Figs. 4-6; Appendix C.3,Primary publication supports Reviewer B's more precise formulation for transition_metrics; no incompatible claim from Reviewer A was carried forward.
MWM-X772584A789,Multi-Objective Model-based Reinforcement Learning for Infectious Disease Control,rollout_stability,2: long temporal validation and SEIR/prior/H1N1 robustness tests,Long-horizon costs and sensitivity to epidemiological/H1N1 parameters; no explicit constraint metric,"Day-12-to-120 temporal validation plus generalized-SEIR, prior, cost, and H1N1 parameter stress tests; no explicit state-constraint violation metric",Secs. 5.2-5.3; Figs. 4-6; Appendix C.3,Primary publication resolves rollout_stability to the stated source-bounded value; incompatible or incomplete reviewer wording was not merged.
MWM-X772584A789,Multi-Objective Model-based Reinforcement Learning for Infectious Disease Control,action_sensitivity,"2: three action levels, policy families, schedules, and objective weights compared","All three levels including no/few intervention; policies/costs compared across expert, behavior, threshold, grid, DQN","All three levels including no/few intervention; policies/costs compared across expert, behavior, threshold, grid, DQN",Secs. 5.2-5.3; Figs. 4-6; Appendix C.3,Primary publication supports Reviewer B's more precise formulation for action_sensitivity; no incompatible claim from Reviewer A was carried forward.
MWM-X772584A789,Multi-Objective Model-based Reinforcement Learning for Infectious Disease Control,calibration_and_uncertainty,1: Bayesian posterior and 99% bands; empirical coverage described only qualitatively,Bayesian posterior and Monte Carlo bands; NI: empirical coverage/formal calibration,Bayesian posterior and Monte Carlo bands; NI: empirical coverage/formal calibration,Secs. 5.2-5.3; Figs. 4-6; Appendix C.3,Primary publication supports Reviewer B's more precise formulation for calibration_and_uncertainty; no incompatible claim from Reviewer A was carried forward.
MWM-X772584A789,Multi-Objective Model-based Reinforcement Learning for Infectious Disease Control,external_validation,2: leave-one-city-out geographic validation,Leave-one-city-out and H1N1 stress; no independent country/epidemic dataset,Frozen leave-one-city-out geographic validation: parameters estimated on five cities and applied to the held-out sixth city under observed actions; no independent country/epidemic dataset,Secs. 5.2-5.3; Figs. 4-6; Appendix C.3,Primary publication resolves external_validation to the stated source-bounded value; incompatible or incomplete reviewer wording was not merged.
MWM-X772584A789,Multi-Objective Model-based Reinforcement Learning for Infectious Disease Control,decision_utility,2: simulated sequential policy value against expert and behavior baselines,Pareto epidemiological/economic policy tradeoffs and recommended actions versus expert/behavior baselines in simulation,Pareto epidemiological/economic policy tradeoffs and recommended actions versus expert/behavior baselines in simulation,Secs. 5.2-5.3; Figs. 4-6; Appendix C.3,Primary publication supports Reviewer B's more precise formulation for decision_utility; no incompatible claim from Reviewer A was carried forward.
MWM-X772584A789,Multi-Objective Model-based Reinforcement Learning for Infectious Disease Control,safety_evaluation,1: health and economic harms are objectives; no separate hazard/subgroup/override analysis,"Infection cost is objective; NI: separate hazard, override, or failure-mode protocol","Epidemiological and economic costs are optimization objectives; no separate clinical hazard, subgroup, override, or failure-recovery protocol",Secs. 5.2-5.3; Figs. 4-6; Appendix C.3,Primary publication resolves safety_evaluation to the stated source-bounded value; incompatible or incomplete reviewer wording was not merged.
MWM-X772584A789,Multi-Objective Model-based Reinforcement Learning for Infectious Disease Control,statistical_analysis,"1000 forecast and 100 policy replications; posterior SD, SE, sensitivity, and leave-one-city-out error","Posterior means/SDs, 1,000 replications, sensitivity, leave-one-city-out error; seeds/planner variability NI","Posterior means/SDs, 1,000 replications, sensitivity, leave-one-city-out error; seeds/planner variability NI",Secs. 5.2-5.3; Figs. 4-6; Appendix C.3,Primary publication supports Reviewer B's more precise formulation for statistical_analysis; no incompatible claim from Reviewer A was carried forward.
MWM-X772584A789,Multi-Objective Model-based Reinforcement Learning for Infectious Disease Control,causal_language,Alternative-policy effects modeled from observational actions and strong priors without causal identification,Alternative intervention policies framed as changing outcomes under a learned model,Alternative-policy effects are simulated from observational actions and strong epidemiological priors; no causal identification claim is established,"GSIR assumptions, policy-value definition, and Discussion",Primary publication resolves causal_language to the stated source-bounded value; incompatible or incomplete reviewer wording was not merged.
MWM-X772584A789,Multi-Objective Model-based Reinforcement Learning for Infectious Disease Control,estimand,Expected finite-horizon epidemiological and economic regime value,Finite-horizon expected epidemiological/economic cost under a policy/regime,Finite-horizon expected epidemiological/economic cost under a policy/regime,"GSIR assumptions, policy-value definition, and Discussion",Primary publication supports Reviewer B's more precise formulation for estimand; no incompatible claim from Reviewer A was carried forward.
MWM-X772584A789,Multi-Objective Model-based Reinforcement Learning for Infectious Disease Control,confounding_strategy,0: no policy-confounding adjustment,No adjustment for time-varying confounding of government action and epidemic severity; depends on GSIR assumptions,No adjustment for time-varying confounding of government action and epidemic severity; depends on GSIR assumptions,"GSIR assumptions, policy-value definition, and Discussion",Primary publication supports Reviewer B's more precise formulation for confounding_strategy; no incompatible claim from Reviewer A was carried forward.
MWM-X772584A789,Multi-Objective Model-based Reinforcement Learning for Infectious Disease Control,positivity_and_overlap,0: no overlap diagnostic,NI: no action-support/overlap diagnostic,NI: no action-support/overlap diagnostic,"GSIR assumptions, policy-value definition, and Discussion",Primary publication supports Reviewer B's more precise formulation for positivity_and_overlap; no incompatible claim from Reviewer A was carried forward.
MWM-X772584A789,Multi-Objective Model-based Reinforcement Learning for Infectious Disease Control,counterfactual_validation,1: simulation compared with observed behavior and prediction checks; no randomized validation,"Observed-action backtest, city holdout, parameter stress; no randomized policy/natural experiment","Observed-action temporal backtest, frozen city holdout, and parameter/model stress tests; no randomized policy or natural-experiment validation","GSIR assumptions, policy-value definition, and Discussion",Primary publication resolves counterfactual_validation to the stated source-bounded value; incompatible or incomplete reviewer wording was not merged.
MWM-X772584A789,Multi-Objective Model-based Reinforcement Learning for Infectious Disease Control,code_access,0: code not reported,NI: no public implementation identified,NI: no public implementation identified,Secs. 3-5 and Appendix C; no code statement,Primary publication supports Reviewer B's more precise formulation for code_access; no incompatible claim from Reviewer A was carried forward.
MWM-X772584A789,Multi-Objective Model-based Reinforcement Learning for Infectious Disease Control,weights_access,NA: no released policy weights,NA: no pretrained weights,NA: no pretrained weights,Secs. 3-5 and Appendix C; no code statement,Primary publication supports Reviewer B's more precise formulation for weights_access; no incompatible claim from Reviewer A was carried forward.
MWM-X772584A789,Multi-Objective Model-based Reinforcement Learning for Infectious Disease Control,data_access,1: public/linked case and mobility data; some intervention dates manually collected,"Public cases/Harvard Dataverse plus public mobility, census/economic, news/government sources; manual assembly","Public cases/Harvard Dataverse plus public mobility, census/economic, news/government sources; manual assembly",Secs. 3-5 and Appendix C; no code statement,Primary publication supports Reviewer B's more precise formulation for data_access; no incompatible claim from Reviewer A was carried forward.
MWM-X772584A789,Multi-Objective Model-based Reinforcement Learning for Infectious Disease Control,preprocessing_reproducibility,"1: equations, priors, algorithms, hyperparameters, and sources detailed; no code","Moderate: equations, actions, delay, sources, algorithms, hyperparameters described; integration fragmented","Moderate: equations, actions, delay, sources, algorithms, hyperparameters described; integration fragmented",Secs. 3-5 and Appendix C; no code statement,Primary publication supports Reviewer B's more precise formulation for preprocessing_reproducibility; no incompatible claim from Reviewer A was carried forward.
MWM-X772584A789,Multi-Objective Model-based Reinforcement Learning for Infectious Disease Control,randomness,1: Monte Carlo and epsilon-greedy procedures; seeds unreported,"1,000 Monte Carlo replications; seeds NI","1,000 Monte Carlo replications; seeds NI",Secs. 3-5 and Appendix C; no code statement,Primary publication supports Reviewer B's more precise formulation for randomness; no incompatible claim from Reviewer A was carried forward.
MWM-X772584A789,Multi-Objective Model-based Reinforcement Learning for Infectious Disease Control,evidence_anchors,ArXiv v3 Secs. 3-5; Figs. 4-6; Appendix C.1-C.4,arXiv pp. 1-2 venue note; Secs. 3-5; Algorithms 1-3; Table 1; Figs. 3-6; Appendix C,"arXiv v3 Secs. 2-5; Algorithms 1-3; Figs. 3-6; Table 1; Appendix C.1-C.4, especially leave-one-city-out validation",Full primary arXiv v3 manuscript,Primary publication resolves evidence_anchors to the stated source-bounded value; incompatible or incomplete reviewer wording was not merged.
MWM-X772584A789,Multi-Objective Model-based Reinforcement Learning for Infectious Disease Control,appraisal_strengths,"Long rollout, uncertainty, policy baselines, geographic validation, sequential utility, and mismatch sensitivity","Stochastic environment, no-action comparisons, long rollouts, policy baselines, uncertainty bands, city holdout","Stochastic environment, no-action comparisons, long rollouts, policy baselines, uncertainty bands, city holdout",Full primary arXiv v3 manuscript,Primary publication supports Reviewer B's more precise formulation for appraisal_strengths; no incompatible claim from Reviewer A was carried forward.
MWM-X772584A789,Multi-Objective Model-based Reinforcement Learning for Infectious Disease Control,appraisal_limitations,"Observational/prior-driven action effects, no confounding/overlap analysis, proxy economic cost, no code or real deployment","Six-city early-pandemic data, no formal calibration/external epidemic validation, policy effects not causally identified","Six-city early-pandemic data, no formal calibration/external epidemic validation, policy effects not causally identified",Full primary arXiv v3 manuscript,Primary publication supports Reviewer B's more precise formulation for appraisal_limitations; no incompatible claim from Reviewer A was carried forward.
MWM-X772584A789,Multi-Objective Model-based Reinforcement Learning for Infectious Disease Control,source_status,Full primary arXiv conference manuscript inspected,Exact arXiv v3 inspected; manuscript states KDD 2021 acceptance,Exact primary arXiv v3 conference manuscript inspected; manuscript records KDD 2021 acceptance,arXiv v3 title page and KDD acceptance note,Primary publication resolves source_status to the stated source-bounded value; incompatible or incomplete reviewer wording was not merged.
MWM-X7FD0DBDE79,Predictive modeling of hemodynamics during viscerosensory neurostimulation via neural computation mechanism in the brainstem.,publication_status,Peer-reviewed npj Digital Medicine article; 2025,Peer-reviewed npj Digital Medicine journal article (2025),Peer-reviewed npj Digital Medicine journal article (2025),npj Digital Medicine title page and DOI,Primary publication supports Reviewer B's more precise formulation for publication_status; no incompatible claim from Reviewer A was carried forward.
MWM-X7FD0DBDE79,Predictive modeling of hemodynamics during viscerosensory neurostimulation via neural computation mechanism in the brainstem.,domain,Viscerosensory neurostimulation and hemodynamics,Viscerosensory neurostimulation and blood-pressure control,Viscerosensory neurostimulation and blood-pressure control,Results animal cohort; Methods experiments and preprocessing,Primary publication supports Reviewer B's more precise formulation for domain; no incompatible claim from Reviewer A was carried forward.
MWM-X7FD0DBDE79,Predictive modeling of hemodynamics during viscerosensory neurostimulation via neural computation mechanism in the brainstem.,dataset_or_cohort,Acute solitary-tract stimulation in anesthetized male Sprague-Dawley rats,Anesthetized rats with NTS single-unit and femoral arterial BP during solitary-tract stimulation,Anesthetized rats with NTS single-unit and femoral arterial BP during solitary-tract stimulation,Results animal cohort; Methods experiments and preprocessing,Primary publication supports Reviewer B's more precise formulation for dataset_or_cohort; no incompatible claim from Reviewer A was carried forward.
MWM-X7FD0DBDE79,Predictive modeling of hemodynamics during viscerosensory neurostimulation via neural computation mechanism in the brainstem.,sample_scale,10 rats; 266 recorded NTS neurons; 192 responsive; up to four 100-second trials per rat,"10 male rats; 266 neurons, 192 responsive; maximum four trials/rat","10 male rats; 266 neurons, 192 responsive; maximum four trials/rat",Results animal cohort; Methods experiments and preprocessing,Primary publication supports Reviewer B's more precise formulation for sample_scale; no incompatible claim from Reviewer A was carried forward.
MWM-X7FD0DBDE79,Predictive modeling of hemodynamics during viscerosensory neurostimulation via neural computation mechanism in the brainstem.,institution_count,One animal-research institution,One laboratory/animal program,One laboratory/animal program,Results animal cohort; Methods experiments and preprocessing,Primary publication supports Reviewer B's more precise formulation for institution_count; no incompatible claim from Reviewer A was carried forward.
MWM-X7FD0DBDE79,Predictive modeling of hemodynamics during viscerosensory neurostimulation via neural computation mechanism in the brainstem.,split_strategy,Within-rat k-fold validation; up to four folds because at most four trials; results averaged,Within-rat k-fold over repeated trials; one individualized H-BIND/rat; no animal-held-out external test,Within-rat k-fold over repeated trials; one individualized H-BIND/rat; no animal-held-out external test,Results animal cohort; Methods experiments and preprocessing,Primary publication supports Reviewer B's more precise formulation for split_strategy; no incompatible claim from Reviewer A was carried forward.
MWM-X7FD0DBDE79,Predictive modeling of hemodynamics during viscerosensory neurostimulation via neural computation mechanism in the brainstem.,observation_process,"Continuous arterial BP and NTS activity; 20-s rest, 60-s stimulation, 20-s recovery; 100-ms model step","20 s rest, 60 s stimulation, 20 s recovery; synchronous neural/BP signals at 100 ms model steps","20 s rest, 60 s stimulation, 20 s recovery; synchronous neural/BP signals at 100 ms model steps",Results animal cohort; Methods experiments and preprocessing,Primary publication supports Reviewer B's more precise formulation for observation_process; no incompatible claim from Reviewer A was carried forward.
MWM-X7FD0DBDE79,Predictive modeling of hemodynamics during viscerosensory neurostimulation via neural computation mechanism in the brainstem.,missingness,1: recording instability analyzed and motivates BP-reconstructed latent paths; no conventional imputation,Responsive neurons retained; recording instability/subpopulation distortion analyzed; NI: missing-signal imputation,Responsive neurons retained; recording instability/subpopulation distortion analyzed; NI: missing-signal imputation,Results animal cohort; Methods experiments and preprocessing,Primary publication supports Reviewer B's more precise formulation for missingness; no incompatible claim from Reviewer A was carried forward.
MWM-X7FD0DBDE79,Predictive modeling of hemodynamics during viscerosensory neurostimulation via neural computation mechanism in the brainstem.,censoring_or_competing_events,NA: fixed non-survival acute experiments,NA: fixed-duration non-survival animal experiment,NA: fixed-duration non-survival animal experiment,Results animal cohort; Methods experiments and preprocessing,Primary publication supports Reviewer B's more precise formulation for censoring_or_competing_events; no incompatible claim from Reviewer A was carried forward.
MWM-X7FD0DBDE79,Predictive modeling of hemodynamics during viscerosensory neurostimulation via neural computation mechanism in the brainstem.,state,Current BP encoded as a normalized 2D NTS latent state,2D normalized NTS collective-dynamics state encoded from current hemodynamics,2D normalized NTS collective-dynamics state encoded from current hemodynamics,Figs. 5-7; H-BIND and NMPC Methods,Primary publication supports Reviewer B's more precise formulation for state; no incompatible claim from Reviewer A was carried forward.
MWM-X7FD0DBDE79,Predictive modeling of hemodynamics during viscerosensory neurostimulation via neural computation mechanism in the brainstem.,observation_decoder,Next latent state and decoded BP trajectory,Vertical latent coordinate to change in BP; also neural trajectory/unit activity,Vertical latent coordinate to change in BP; also neural trajectory/unit activity,Figs. 5-7; H-BIND and NMPC Methods,Primary publication supports Reviewer B's more precise formulation for observation_decoder; no incompatible claim from Reviewer A was carried forward.
MWM-X7FD0DBDE79,Predictive modeling of hemodynamics during viscerosensory neurostimulation via neural computation mechanism in the brainstem.,action,Solitary-tract stimulation frequency selected by NMPC,Electrical-stimulation input; NMPC chooses normalized frequency 0-1,Electrical-stimulation input; NMPC chooses normalized frequency 0-1,Figs. 5-7; H-BIND and NMPC Methods,Primary publication supports Reviewer B's more precise formulation for action; no incompatible claim from Reviewer A was carried forward.
MWM-X7FD0DBDE79,Predictive modeling of hemodynamics during viscerosensory neurostimulation via neural computation mechanism in the brainstem.,action_provenance,Actual stimulation for identification; NMPC sequence evaluated in silico,Observed 20-Hz stimulation plus in-silico NMPC feedback actions,Observed 20-Hz stimulation plus in-silico NMPC feedback actions,Figs. 5-7; H-BIND and NMPC Methods,Primary publication supports Reviewer B's more precise formulation for action_provenance; no incompatible claim from Reviewer A was carried forward.
MWM-X7FD0DBDE79,Predictive modeling of hemodynamics during viscerosensory neurostimulation via neural computation mechanism in the brainstem.,transition_mechanism,Wilson-Cowan-like RNN with learned 2D projection and bidirectional BP encoder/decoder,Wilson-Cowan-inspired RNN trained by recursive least squares within H-BIND encoder-transition-decoder,Wilson-Cowan-inspired RNN trained by recursive least squares within H-BIND encoder-transition-decoder,Figs. 5-7; H-BIND and NMPC Methods,Primary publication supports Reviewer B's more precise formulation for transition_mechanism; no incompatible claim from Reviewer A was carried forward.
MWM-X7FD0DBDE79,Predictive modeling of hemodynamics during viscerosensory neurostimulation via neural computation mechanism in the brainstem.,maximum_horizon,100-ms steps; five-step NMPC horizon; about 30-s control simulations,Full 100-second trajectories; NMPC five steps (0.5 s),"Observed 100-second trajectories with 100-ms recurrent steps; NMPC prediction horizon is five steps (0.5 seconds), with approximately 30-second control traces",Figs. 5-7; H-BIND and NMPC Methods,Primary publication resolves maximum_horizon to the stated source-bounded value; incompatible or incomplete reviewer wording was not merged.
MWM-X7FD0DBDE79,Predictive modeling of hemodynamics during viscerosensory neurostimulation via neural computation mechanism in the brainstem.,rollout_regime,Free-running RNN inside simulated receding-horizon control,Recurrent free-running trajectory simulation; in-silico receding-horizon closed loop versus constant open loop,Recurrent free-running trajectory simulation; in-silico receding-horizon closed loop versus constant open loop,Figs. 5-7; H-BIND and NMPC Methods,Primary publication supports Reviewer B's more precise formulation for rollout_regime; no incompatible claim from Reviewer A was carried forward.
MWM-X7FD0DBDE79,Predictive modeling of hemodynamics during viscerosensory neurostimulation via neural computation mechanism in the brainstem.,capability_claim,Closed-loop planning/control of BP,planning,planning,Figs. 5-7; H-BIND and NMPC Methods,Primary publication supports Reviewer B's more precise formulation for capability_claim; no incompatible claim from Reviewer A was carried forward.
MWM-X7FD0DBDE79,Predictive modeling of hemodynamics during viscerosensory neurostimulation via neural computation mechanism in the brainstem.,baselines,Direct neural decoding and constant-frequency open-loop stimulation,Empirical neural decoding/single-neuron regressions; constant-frequency open loop; shuffled-neuron dummy,Empirical neural decoding/single-neuron regressions; constant-frequency open loop; shuffled-neuron dummy,Figs. 6-7; Supplementary Fig. 14; k-fold and statistics Methods,Primary publication supports Reviewer B's more precise formulation for baselines; no incompatible claim from Reviewer A was carried forward.
MWM-X7FD0DBDE79,Predictive modeling of hemodynamics during viscerosensory neurostimulation via neural computation mechanism in the brainstem.,state_fidelity_metrics,Median BP accuracy 0.95 vs 0.83; error 0.036 vs 0.17; phase/radial errors,BP prediction R2/MSE plus radial/phase errors; H-BIND median accuracy 0.95 and error 0.036,BP prediction R2/MSE plus radial/phase errors; H-BIND median accuracy 0.95 and error 0.036,Figs. 6-7; Supplementary Fig. 14; k-fold and statistics Methods,Primary publication supports Reviewer B's more precise formulation for state_fidelity_metrics; no incompatible claim from Reviewer A was carried forward.
MWM-X7FD0DBDE79,Predictive modeling of hemodynamics during viscerosensory neurostimulation via neural computation mechanism in the brainstem.,transition_metrics,Cross-validated BP and latent-trajectory accuracy/error,Whole-trial BP/latent trajectory under k-fold; H-BIND significantly outperforms empirical decoding,Whole-trial BP/latent trajectory under k-fold; H-BIND significantly outperforms empirical decoding,Figs. 6-7; Supplementary Fig. 14; k-fold and statistics Methods,Primary publication supports Reviewer B's more precise formulation for transition_metrics; no incompatible claim from Reviewer A was carried forward.
MWM-X7FD0DBDE79,Predictive modeling of hemodynamics during viscerosensory neurostimulation via neural computation mechanism in the brainstem.,rollout_stability,2: repeated simulation and stable-versus-unstable target tests,Thirty closed-loop simulations; stable versus unstable target tests,Thirty closed-loop simulations; stable versus unstable target tests,Figs. 6-7; Supplementary Fig. 14; k-fold and statistics Methods,Primary publication supports Reviewer B's more precise formulation for rollout_stability; no incompatible claim from Reviewer A was carried forward.
MWM-X7FD0DBDE79,Predictive modeling of hemodynamics during viscerosensory neurostimulation via neural computation mechanism in the brainstem.,action_sensitivity,"2: frequency feedback, open/closed loop, input constraints, and target stability tested",Variable closed loop versus constant open loop; stable/unstable targets; bounded frequency,Variable closed loop versus constant open loop; stable/unstable targets; bounded frequency,Figs. 6-7; Supplementary Fig. 14; k-fold and statistics Methods,Primary publication supports Reviewer B's more precise formulation for action_sensitivity; no incompatible claim from Reviewer A was carried forward.
MWM-X7FD0DBDE79,Predictive modeling of hemodynamics during viscerosensory neurostimulation via neural computation mechanism in the brainstem.,calibration_and_uncertainty,0: no calibration or interval coverage,"Rat IQRs, tests, simulation SDs; NI: predictive intervals/calibration/coverage","Rat IQRs, tests, simulation SDs; NI: predictive intervals/calibration/coverage",Figs. 6-7; Supplementary Fig. 14; k-fold and statistics Methods,Primary publication supports Reviewer B's more precise formulation for calibration_and_uncertainty; no incompatible claim from Reviewer A was carried forward.
MWM-X7FD0DBDE79,Predictive modeling of hemodynamics during viscerosensory neurostimulation via neural computation mechanism in the brainstem.,external_validation,0: within-rat only; no independent animal/human transfer,NI: no held-out species/lab/human cohort,NI: no held-out species/lab/human cohort,Figs. 6-7; Supplementary Fig. 14; k-fold and statistics Methods,Primary publication supports Reviewer B's more precise formulation for external_validation; no incompatible claim from Reviewer A was carried forward.
MWM-X7FD0DBDE79,Predictive modeling of hemodynamics during viscerosensory neurostimulation via neural computation mechanism in the brainstem.,decision_utility,2: in-silico NMPC controls BP and outperforms open loop,In-silico NMPC reaches target and sustains ~10 mmHg reduction versus open loop; no in-vivo/clinical test,In-silico NMPC reaches target and sustains ~10 mmHg reduction versus open loop; no in-vivo/clinical test,Figs. 6-7; Supplementary Fig. 14; k-fold and statistics Methods,Primary publication supports Reviewer B's more precise formulation for decision_utility; no incompatible claim from Reviewer A was carried forward.
MWM-X7FD0DBDE79,Predictive modeling of hemodynamics during viscerosensory neurostimulation via neural computation mechanism in the brainstem.,safety_evaluation,1: stable target and input constraints; no physiological severity/recovery or awake-animal safety,Stable versus unstable targets and excessive-reduction motivation; no in-vivo adverse-event/recovery test,"Bounded stimulation input and stable-versus-unstable target failure testing; no in-vivo adverse-event, excessive-reduction severity, override, or recovery evaluation",Figs. 6-7; Supplementary Fig. 14; k-fold and statistics Methods,Primary publication resolves safety_evaluation to the stated source-bounded value; incompatible or incomplete reviewer wording was not merged.
MWM-X7FD0DBDE79,Predictive modeling of hemodynamics during viscerosensory neurostimulation via neural computation mechanism in the brainstem.,statistical_analysis,"Two-sided tests, KS checks, Mann-Whitney, power, medians/IQR, and 30 simulations; no random allocation/blinding","Two-sided tests, Mann-Whitney U, power analysis, rat IQRs, 30 simulations; no randomization/blinding/sample-size calculation","Two-sided tests, Mann-Whitney U, power analysis, rat IQRs, 30 simulations; no randomization/blinding/sample-size calculation",Figs. 6-7; Supplementary Fig. 14; k-fold and statistics Methods,Primary publication supports Reviewer B's more precise formulation for statistical_analysis; no incompatible claim from Reviewer A was carried forward.
MWM-X7FD0DBDE79,Predictive modeling of hemodynamics during viscerosensory neurostimulation via neural computation mechanism in the brainstem.,causal_language,Mechanistic stimulus-response modeling; no formal treatment-effect claim,Biophysical stimulus-response mechanism language; no clinical causal estimand,Biophysical stimulus-response mechanism language; no clinical causal estimand,Discussion and controlled-stimulation design,Primary publication supports Reviewer B's more precise formulation for causal_language; no incompatible claim from Reviewer A was carried forward.
MWM-X7FD0DBDE79,Predictive modeling of hemodynamics during viscerosensory neurostimulation via neural computation mechanism in the brainstem.,estimand,Control cost and BP trajectory under simulated feedback; no causal estimand,NA: individualized stimulus-conditioned trajectory/control cost,NA: individualized stimulus-conditioned trajectory/control cost,Discussion and controlled-stimulation design,Primary publication supports Reviewer B's more precise formulation for estimand; no incompatible claim from Reviewer A was carried forward.
MWM-X7FD0DBDE79,Predictive modeling of hemodynamics during viscerosensory neurostimulation via neural computation mechanism in the brainstem.,confounding_strategy,NA: controlled animal stimulation,NA: controlled acute stimulation,NA: controlled acute stimulation,Discussion and controlled-stimulation design,Primary publication supports Reviewer B's more precise formulation for confounding_strategy; no incompatible claim from Reviewer A was carried forward.
MWM-X7FD0DBDE79,Predictive modeling of hemodynamics during viscerosensory neurostimulation via neural computation mechanism in the brainstem.,positivity_and_overlap,1: bounded experimental frequency support; no formal overlap analysis,NA: fixed action range,NA: fixed action range,Discussion and controlled-stimulation design,Primary publication supports Reviewer B's more precise formulation for positivity_and_overlap; no incompatible claim from Reviewer A was carried forward.
MWM-X7FD0DBDE79,Predictive modeling of hemodynamics during viscerosensory neurostimulation via neural computation mechanism in the brainstem.,counterfactual_validation,NA: no causal counterfactual claim,"Alternative NMPC actions validated only in simulation, not new in-vivo intervention","Alternative NMPC actions validated only in simulation, not new in-vivo intervention",Discussion and controlled-stimulation design,Primary publication supports Reviewer B's more precise formulation for counterfactual_validation; no incompatible claim from Reviewer A was carried forward.
MWM-X7FD0DBDE79,Predictive modeling of hemodynamics during viscerosensory neurostimulation via neural computation mechanism in the brainstem.,code_access,2: public NTS_Neuro-haemodynamic GitHub,Public Ez0-9606/NTS_Neuro-haemodynamic GitHub,Public Ez0-9606/NTS_Neuro-haemodynamic GitHub,Methods plus Data/Code availability,Primary publication supports Reviewer B's more precise formulation for code_access; no incompatible claim from Reviewer A was carried forward.
MWM-X7FD0DBDE79,Predictive modeling of hemodynamics during viscerosensory neurostimulation via neural computation mechanism in the brainstem.,weights_access,1: trained individualized weights not explicitly released,NI: no pretrained individualized weights identified,NI: no pretrained individualized weights identified,Methods plus Data/Code availability,Primary publication supports Reviewer B's more precise formulation for weights_access; no incompatible claim from Reviewer A was carried forward.
MWM-X7FD0DBDE79,Predictive modeling of hemodynamics during viscerosensory neurostimulation via neural computation mechanism in the brainstem.,data_access,2: public OSF data,Public OSF data at osf.io/z7pj8,Public OSF data at osf.io/z7pj8,Methods plus Data/Code availability,Primary publication supports Reviewer B's more precise formulation for data_access; no incompatible claim from Reviewer A was carried forward.
MWM-X7FD0DBDE79,Predictive modeling of hemodynamics during viscerosensory neurostimulation via neural computation mechanism in the brainstem.,preprocessing_reproducibility,"2: surgery, stimulation, processing, latent model, CV, and NMPC detailed","Strong: protocol, signals, normalization, equations/hyperparameters, versions, code, data available","Strong: protocol, signals, normalization, equations/hyperparameters, versions, code, data available",Methods plus Data/Code availability,Primary publication supports Reviewer B's more precise formulation for preprocessing_reproducibility; no incompatible claim from Reviewer A was carried forward.
MWM-X7FD0DBDE79,Predictive modeling of hemodynamics during viscerosensory neurostimulation via neural computation mechanism in the brainstem.,randomness,"2: Gaussian initialization/noise, repeated training/simulation, random subpopulations; seeds unstated",Gaussian initialization/noise; five feedforward repeats and 30 control simulations; exact seeds NI,Gaussian initialization/noise; five feedforward repeats and 30 control simulations; exact seeds NI,Methods plus Data/Code availability,Primary publication supports Reviewer B's more precise formulation for randomness; no incompatible claim from Reviewer A was carried forward.
MWM-X7FD0DBDE79,Predictive modeling of hemodynamics during viscerosensory neurostimulation via neural computation mechanism in the brainstem.,evidence_anchors,"Primary article Figs. 1-7; pp. 12-18 Methods, H-BIND, CV, NMPC, statistics, availability; stable DOI","Results Figs. 2-7, especially Figs. 6-7; Methods Animals/stimulation/H-BIND/k-fold/NMPC/statistics; Data/Code availability",Primary article Figs. 1-7; H-BIND prediction and k-fold Methods; NMPC Methods and Supplementary Fig. 14 stable/unstable targets; statistics; Data/Code availability,Full primary journal PDF,Primary publication resolves evidence_anchors to the stated source-bounded value; incompatible or incomplete reviewer wording was not merged.
MWM-X7FD0DBDE79,Predictive modeling of hemodynamics during viscerosensory neurostimulation via neural computation mechanism in the brainstem.,appraisal_strengths,"Interpretable dynamics, individualized CV, open-loop comparator, stability stress, repeated simulation, and public code/data","Mechanism-linked dynamics, individualized CV, real stimulus data, quantitative errors, control comparator, public data/code","Mechanism-linked dynamics, individualized CV, real stimulus data, quantitative errors, control comparator, public data/code",Full primary journal PDF,Primary publication supports Reviewer B's more precise formulation for appraisal_strengths; no incompatible claim from Reviewer A was carried forward.
MWM-X7FD0DBDE79,Predictive modeling of hemodynamics during viscerosensory neurostimulation via neural computation mechanism in the brainstem.,appraisal_limitations,"Ten anesthetized rats, few trials, no external/human or in-vivo closed loop, no calibration, and translation risk","10 anesthetized rats, within-animal folds, no independent validation/calibration, closed loop only in silico","10 anesthetized rats, within-animal folds, no independent validation/calibration, closed loop only in silico",Full primary journal PDF,Primary publication supports Reviewer B's more precise formulation for appraisal_limitations; no incompatible claim from Reviewer A was carried forward.
MWM-X7FD0DBDE79,Predictive modeling of hemodynamics during viscerosensory neurostimulation via neural computation mechanism in the brainstem.,source_status,Full primary journal PDF inspected,Exact open full text inspected through Europe PMC/PMC,Exact open primary npj Digital Medicine PDF inspected from DOI 10.1038/s41746-025-01635-w,npj Digital Medicine title page and DOI,Primary publication resolves source_status to the stated source-bounded value; incompatible or incomplete reviewer wording was not merged.
MWM-X9C071A2447,Structure-aware World Model for Probe Guidance via Large-scale Self-supervised Pre-train,primary_source_url,https://arxiv.org/abs/2406.19756,https://arxiv.org/abs/2406.19756v2,https://arxiv.org/abs/2406.19756v2,arXiv:2406.19756v2 title page,Primary publication resolves primary_source_url to the stated source-bounded value; incompatible or incomplete reviewer wording was not merged.
MWM-X9C071A2447,Structure-aware World Model for Probe Guidance via Large-scale Self-supervised Pre-train,publication_status,arXiv v2 corresponding to 2024 ASMUS/MICCAI workshop chapter,arXiv v2 corresponding to ASMUS/MICCAI 2024 workshop chapter,arXiv v2 corresponding to ASMUS/MICCAI 2024 workshop chapter,arXiv:2406.19756v2 title page,Primary publication supports Reviewer B's more precise formulation for publication_status; no incompatible claim from Reviewer A was carried forward.
MWM-X9C071A2447,Structure-aware World Model for Probe Guidance via Large-scale Self-supervised Pre-train,domain,Cardiac ultrasound acquisition and probe guidance,Echocardiography acquisition and probe guidance,Echocardiography acquisition and probe guidance,Sec. 3.1 Dataset and split,Primary publication supports Reviewer B's more precise formulation for domain; no incompatible claim from Reviewer A was carried forward.
MWM-X9C071A2447,Structure-aware World Model for Probe Guidance via Large-scale Self-supervised Pre-train,dataset_or_cohort,Ten echocardiographic views from 364 routine scans by three certified sonographers,Expert acquisitions of ten standard views with paired ultrasound frames and 6-DoF probe poses,Expert acquisitions of ten standard views with paired ultrasound frames and 6-DoF probe poses,Sec. 3.1 Dataset and split,Primary publication supports Reviewer B's more precise formulation for dataset_or_cohort; no incompatible claim from Reviewer A was carried forward.
MWM-X9C071A2447,Structure-aware World Model for Probe Guidance via Large-scale Self-supervised Pre-train,sample_scale,1.36 million image/pose pairs; 290 scans and 1.07 million train samples; 74 scans and 0.29 million test samples,"364 routine scans/1.36M pairs; 290 scans/1.07M train, 74 scans/0.29M test","364 routine scans/1.36M pairs; 290 scans/1.07M train, 74 scans/0.29M test",Sec. 3.1 Dataset and split,Primary publication supports Reviewer B's more precise formulation for sample_scale; no incompatible claim from Reviewer A was carried forward.
MWM-X9C071A2447,Structure-aware World Model for Probe Guidance via Large-scale Self-supervised Pre-train,institution_count,NI: institution count not reported,NI: site count not reported,NI: site count not reported,Sec. 3.1 Dataset and split,Primary publication supports Reviewer B's more precise formulation for institution_count; no incompatible claim from Reviewer A was carried forward.
MWM-X9C071A2447,Structure-aware World Model for Probe Guidance via Large-scale Self-supervised Pre-train,split_strategy,Scan/individual-disjoint 290/74 split; pretraining on train only; downstream evaluation on held-out scans,Person-disjoint 290/74 scan split; pretraining train only; downstream fine-tunes train/evaluates test,Person-disjoint 290/74 scan split; pretraining train only; downstream fine-tunes train/evaluates test,Sec. 3.1 Dataset and split,Primary publication supports Reviewer B's more precise formulation for split_strategy; no incompatible claim from Reviewer A was carried forward.
MWM-X9C071A2447,Structure-aware World Model for Probe Guidance via Large-scale Self-supervised Pre-train,observation_process,Sequential 2D ultrasound frames with six-DOF poses; source/target separated by at least 150 frames,Dense expert frame/pose pairs; source/target frames from same person separated by at least 150 frames,Dense expert frame/pose pairs; source/target frames from same person separated by at least 150 frames,Sec. 3.1 Dataset and split,Primary publication supports Reviewer B's more precise formulation for observation_process; no incompatible claim from Reviewer A was carried forward.
MWM-X9C071A2447,Structure-aware World Model for Probe Guidance via Large-scale Self-supervised Pre-train,missingness,0: missing frames/poses and exclusions not discussed,"NI: frame/pose missingness, exclusions, and QC attrition not reported","NI: frame/pose missingness, exclusions, and QC attrition not reported",Sec. 3.1 Dataset and split,Primary publication supports Reviewer B's more precise formulation for missingness; no incompatible claim from Reviewer A was carried forward.
MWM-X9C071A2447,Structure-aware World Model for Probe Guidance via Large-scale Self-supervised Pre-train,censoring_or_competing_events,NA: imaging acquisition task,NA: fixed scan/frame dataset,NA: fixed scan/frame dataset,Sec. 3.1 Dataset and split,Primary publication supports Reviewer B's more precise formulation for censoring_or_competing_events; no incompatible claim from Reviewer A was carried forward.
MWM-X9C071A2447,Structure-aware World Model for Probe Guidance via Large-scale Self-supervised Pre-train,state,Source-plane context features and 2D position,ViT representation of source ultrasound patches and masked 2D anatomy,ViT representation of source-image context and masked 2D anatomy; task-relevant state fidelity is assessed only indirectly through downstream pose error,Sec. 2.2 and Fig. 2,Primary publication resolves state to the stated source-bounded value; incompatible or incomplete reviewer wording was not merged.
MWM-X9C071A2447,Structure-aware World Model for Probe Guidance via Large-scale Self-supervised Pre-train,observation_decoder,Target-plane latent features and downstream six-DOF probe adjustment,Predicts target-plane feature blocks; downstream predicts 6-DoF adjustment,Predicts target-plane feature blocks; downstream predicts 6-DoF adjustment,Sec. 2.2 and Fig. 2,Primary publication supports Reviewer B's more precise formulation for observation_decoder; no incompatible claim from Reviewer A was carried forward.
MWM-X9C071A2447,Structure-aware World Model for Probe Guidance via Large-scale Self-supervised Pre-train,action,Relative 3D probe translation/rotation,Relative 3D probe transform: translation/rotation x/y/z,Relative 3D probe transform: translation/rotation x/y/z,Sec. 2.2 and Fig. 2,Primary publication supports Reviewer B's more precise formulation for action; no incompatible claim from Reviewer A was carried forward.
MWM-X9C071A2447,Structure-aware World Model for Probe Guidance via Large-scale Self-supervised Pre-train,action_provenance,Observed expert sonographer motion/poses,Observed expert probe pose differences,Observed expert probe pose differences,Sec. 2.2 and Fig. 2,Primary publication supports Reviewer B's more precise formulation for action_provenance; no incompatible claim from Reviewer A was carried forward.
MWM-X9C071A2447,Structure-aware World Model for Probe Guidance via Large-scale Self-supervised Pre-train,transition_mechanism,"Vision-transformer joint-embedding predictor conditioned on context, target position, and pose change","I-JEPA-style 2D-3D predictive transformer conditioned on source context, target position, and 6-DoF pose embedding","I-JEPA-style 2D-3D predictive transformer conditioned on source context, target position, and 6-DoF pose embedding",Sec. 2.2 and Fig. 2,Primary publication supports Reviewer B's more precise formulation for transition_mechanism; no incompatible claim from Reviewer A was carried forward.
MWM-X9C071A2447,Structure-aware World Model for Probe Guidance via Large-scale Self-supervised Pre-train,maximum_horizon,One source-to-target transformation; at least 150 frames; duration NI,One source-to-target transformation; no temporal multistep horizon,One source-to-target transformation; no temporal multistep horizon,Sec. 2.2 and Fig. 2,Primary publication supports Reviewer B's more precise formulation for maximum_horizon; no incompatible claim from Reviewer A was carried forward.
MWM-X9C071A2447,Structure-aware World Model for Probe Guidance via Large-scale Self-supervised Pre-train,rollout_regime,One-step latent prediction and offline regression; no recursive/closed loop,One-step feature prediction and offline guidance regression; no free-running scan rollout,One-step feature prediction and offline guidance regression; no free-running scan rollout,Sec. 2.2 and Fig. 2,Primary publication supports Reviewer B's more precise formulation for rollout_regime; no incompatible claim from Reviewer A was carried forward.
MWM-X9C071A2447,Structure-aware World Model for Probe Guidance via Large-scale Self-supervised Pre-train,capability_claim,Action-conditioned spatial transition for probe guidance,action_conditioned,action_conditioned,Sec. 2.2 and Fig. 2,Primary publication supports Reviewer B's more precise formulation for capability_claim; no incompatible claim from Reviewer A was carried forward.
MWM-X9C071A2447,Structure-aware World Model for Probe Guidance via Large-scale Self-supervised Pre-train,baselines,Cardiac Dreamer and 2D-only/3D-only ablations,Cardiac Dreamer; 2D-only and 3D-only pretraining ablations,Cardiac Dreamer; 2D-only and 3D-only pretraining ablations,"Table 1, Fig. 4, and Sec. 3.2",Primary publication supports Reviewer B's more precise formulation for baselines; no incompatible claim from Reviewer A was carried forward.
MWM-X9C071A2447,Structure-aware World Model for Probe Guidance via Large-scale Self-supervised Pre-train,state_fidelity_metrics,No direct target-feature fidelity metric; downstream MAE proxy,No direct feature/image fidelity; downstream proxy is 6-DoF pose MAE across ten views,No direct feature/image fidelity; downstream proxy is 6-DoF pose MAE across ten views,"Table 1, Fig. 4, and Sec. 3.2",Primary publication supports Reviewer B's more precise formulation for state_fidelity_metrics; no incompatible claim from Reviewer A was carried forward.
MWM-X9C071A2447,Structure-aware World Model for Probe Guidance via Large-scale Self-supervised Pre-train,transition_metrics,Six translation/rotation MAEs for ten views; improvement up to 4.34%,Translation MAE mm and rotation MAE degrees; relative improvement up to 4.34%,Translation MAE mm and rotation MAE degrees; relative improvement up to 4.34%,"Table 1, Fig. 4, and Sec. 3.2",Primary publication supports Reviewer B's more precise formulation for transition_metrics; no incompatible claim from Reviewer A was carried forward.
MWM-X9C071A2447,Structure-aware World Model for Probe Guidance via Large-scale Self-supervised Pre-train,rollout_stability,0: no multistep drift/failure metric,NA: no multistep rollout,NA: no multistep rollout,"Table 1, Fig. 4, and Sec. 3.2",Primary publication supports Reviewer B's more precise formulation for rollout_stability; no incompatible claim from Reviewer A was carried forward.
MWM-X9C071A2447,Structure-aware World Model for Probe Guidance via Large-scale Self-supervised Pre-train,action_sensitivity,2: 2D-only versus 3D-only versus joint objective removes pose-conditioned information,Pose conditioning plus 2D-only/3D-only ablations; NI: controlled curve by action magnitude/direction,Pose-conditioned joint objective compared with 2D-only action-agnostic and 3D-only ablations; no graded perturbation by motion magnitude or direction,"Table 1, Fig. 4, and Sec. 3.2",Primary publication resolves action_sensitivity to the stated source-bounded value; incompatible or incomplete reviewer wording was not merged.
MWM-X9C071A2447,Structure-aware World Model for Probe Guidance via Large-scale Self-supervised Pre-train,calibration_and_uncertainty,0: no uncertainty/calibration,"NI: no uncertainty, CIs, calibration, or repeated-run variability","NI: no uncertainty, CIs, calibration, or repeated-run variability","Table 1, Fig. 4, and Sec. 3.2",Primary publication supports Reviewer B's more precise formulation for calibration_and_uncertainty; no incompatible claim from Reviewer A was carried forward.
MWM-X9C071A2447,Structure-aware World Model for Probe Guidance via Large-scale Self-supervised Pre-train,external_validation,0: same-source held-out scans; no institution/device external test,NI: no independent site/device/operator; test is person-disjoint same collection,NI: no independent site/device/operator; test is person-disjoint same collection,"Table 1, Fig. 4, and Sec. 3.2",Primary publication supports Reviewer B's more precise formulation for external_validation; no incompatible claim from Reviewer A was carried forward.
MWM-X9C071A2447,Structure-aware World Model for Probe Guidance via Large-scale Self-supervised Pre-train,decision_utility,1: offline guidance error; no novice-user or workflow outcome,"Offline guidance error; no novice-sonographer, robotic execution, or clinical acquisition endpoint","Offline guidance error; no novice-sonographer, robotic execution, or clinical acquisition endpoint","Table 1, Fig. 4, and Sec. 3.2",Primary publication supports Reviewer B's more precise formulation for decision_utility; no incompatible claim from Reviewer A was carried forward.
MWM-X9C071A2447,Structure-aware World Model for Probe Guidance via Large-scale Self-supervised Pre-train,safety_evaluation,"0: no contact-force, harmful-motion, or recovery test","NI: no contact-force, unsafe-motion, anatomy-risk, or recovery evaluation","NI: no contact-force, unsafe-motion, anatomy-risk, or recovery evaluation","Table 1, Fig. 4, and Sec. 3.2",Primary publication supports Reviewer B's more precise formulation for safety_evaluation; no incompatible claim from Reviewer A was carried forward.
MWM-X9C071A2447,Structure-aware World Model for Probe Guidance via Large-scale Self-supervised Pre-train,statistical_analysis,0: point MAE and percent changes only; no CI or significance,"Per-view MAE/relative changes; NI: CIs, tests, bootstrap, or repeated seeds","Per-view MAE/relative changes; NI: CIs, tests, bootstrap, or repeated seeds","Table 1, Fig. 4, and Sec. 3.2",Primary publication supports Reviewer B's more precise formulation for statistical_analysis; no incompatible claim from Reviewer A was carried forward.
MWM-X9C071A2447,Structure-aware World Model for Probe Guidance via Large-scale Self-supervised Pre-train,causal_language,No causal/counterfactual language,Spatial prediction/guidance without causal treatment claim,Spatial prediction/guidance without causal treatment claim,Method/Conclusion; no treatment-effect claim,Primary publication supports Reviewer B's more precise formulation for causal_language; no incompatible claim from Reviewer A was carried forward.
MWM-X9C071A2447,Structure-aware World Model for Probe Guidance via Large-scale Self-supervised Pre-train,estimand,Observed expert probe-transform prediction; no causal estimand,NA: probe-pose error,NA: probe-pose error,Method/Conclusion; no treatment-effect claim,Primary publication supports Reviewer B's more precise formulation for estimand; no incompatible claim from Reviewer A was carried forward.
MWM-X9C071A2447,Structure-aware World Model for Probe Guidance via Large-scale Self-supervised Pre-train,confounding_strategy,NA: no treatment claim,NA: no causal effect claim,NA: no causal effect claim,Method/Conclusion; no treatment-effect claim,Primary publication supports Reviewer B's more precise formulation for confounding_strategy; no incompatible claim from Reviewer A was carried forward.
MWM-X9C071A2447,Structure-aware World Model for Probe Guidance via Large-scale Self-supervised Pre-train,positivity_and_overlap,1: expert pose support only; no support analysis,NA: no treatment/action-effect estimand,NA: no treatment/action-effect estimand,Method/Conclusion; no treatment-effect claim,Primary publication supports Reviewer B's more precise formulation for positivity_and_overlap; no incompatible claim from Reviewer A was carried forward.
MWM-X9C071A2447,Structure-aware World Model for Probe Guidance via Large-scale Self-supervised Pre-train,counterfactual_validation,NA: no counterfactual claim,NA: target pose changes are observed expert transformations,NA: target pose changes are observed expert transformations,Method/Conclusion; no treatment-effect claim,Primary publication supports Reviewer B's more precise formulation for counterfactual_validation; no incompatible claim from Reviewer A was carried forward.
MWM-X9C071A2447,Structure-aware World Model for Probe Guidance via Large-scale Self-supervised Pre-train,code_access,0: code not reported,NI: no code repository stated,NI: no code repository stated,Sec. 3.1 implementation; no availability statement,Primary publication supports Reviewer B's more precise formulation for code_access; no incompatible claim from Reviewer A was carried forward.
MWM-X9C071A2447,Structure-aware World Model for Probe Guidance via Large-scale Self-supervised Pre-train,weights_access,0: weights not reported,NI: no pretrained weights stated,NI: no pretrained weights stated,Sec. 3.1 implementation; no availability statement,Primary publication supports Reviewer B's more precise formulation for weights_access; no incompatible claim from Reviewer A was carried forward.
MWM-X9C071A2447,Structure-aware World Model for Probe Guidance via Large-scale Self-supervised Pre-train,data_access,0: clinical image/pose dataset not public,NI: clinical image-pose data not stated public,NI: clinical image-pose data not stated public,Sec. 3.1 implementation; no availability statement,Primary publication supports Reviewer B's more precise formulation for data_access; no incompatible claim from Reviewer A was carried forward.
MWM-X9C071A2447,Structure-aware World Model for Probe Guidance via Large-scale Self-supervised Pre-train,preprocessing_reproducibility,"1: architecture, pair construction, split, training, and metric described; acquisition details defer to prior work","Moderate: split, model, masking, optimization, downstream described; acquisition/preprocessing defer to prior work","Moderate: split, model, masking, optimization, downstream described; acquisition/preprocessing defer to prior work",Sec. 3.1 implementation; no availability statement,Primary publication supports Reviewer B's more precise formulation for preprocessing_reproducibility; no incompatible claim from Reviewer A was carried forward.
MWM-X9C071A2447,Structure-aware World Model for Probe Guidance via Large-scale Self-supervised Pre-train,randomness,0: random masking used; seeds and repeats not reported,Random context/target blocks; seeds/repeated runs NI,Random context/target blocks; seeds/repeated runs NI,Sec. 3.1 implementation; no availability statement,Primary publication supports Reviewer B's more precise formulation for randomness; no incompatible claim from Reviewer A was carried forward.
MWM-X9C071A2447,Structure-aware World Model for Probe Guidance via Large-scale Self-supervised Pre-train,evidence_anchors,ArXiv v2 Sec. 2.2; Sec. 3.1; Table 1; Fig. 4; pp. 8-9 limitations,arXiv pp. 1-3; Fig. 2/Sec. 2.2; Sec. 3.1; Table 1; Fig. 4; Conclusion,Primary arXiv v2 Sec. 2.2 and Fig. 2; Sec. 3.1; Table 1; Fig. 4 ablations; Conclusion,Full primary arXiv v2 manuscript,Primary publication resolves evidence_anchors to the stated source-bounded value; incompatible or incomplete reviewer wording was not merged.
MWM-X9C071A2447,Structure-aware World Model for Probe Guidance via Large-scale Self-supervised Pre-train,appraisal_strengths,"Large paired dataset, individual-disjoint split, pose conditioning, ten-view evaluation, and action ablations","Large paired corpus, person-disjoint test, explicit 6-DoF conditioning, ablations, ten-view evaluation","Large paired corpus, person-disjoint testing, explicit 6-DoF pose conditioning, action-removal ablation, and ten-view evaluation",Full primary arXiv v2 manuscript,Primary publication resolves appraisal_strengths to the stated source-bounded value; incompatible or incomplete reviewer wording was not merged.
MWM-X9C071A2447,Structure-aware World Model for Probe Guidance via Large-scale Self-supervised Pre-train,appraisal_limitations,"One-step indirect dynamics, same-source test, no uncertainty/statistics/code/data, no user study, and no safety test","One step, no direct transition fidelity, uncertainty, external site/user study, or public code/data","One-step indirect dynamics, no direct target-feature fidelity, same-source test, no uncertainty/statistics, no real guidance or safety evaluation, and no public code/data",Full primary arXiv v2 manuscript,Primary publication resolves appraisal_limitations to the stated source-bounded value; incompatible or incomplete reviewer wording was not merged.
MWM-X9C071A2447,Structure-aware World Model for Probe Guidance via Large-scale Self-supervised Pre-train,source_status,Full primary arXiv/workshop manuscript inspected,Exact arXiv v2 inspected; corresponds to public workshop version,Exact primary arXiv:2406.19756v2 workshop manuscript inspected,arXiv:2406.19756v2 title page,Primary publication resolves source_status to the stated source-bounded value; incompatible or incomplete reviewer wording was not merged.
MWM-X2E0B832A46,Type 1 diabetes prevention clinical trial simulator: Case reports of model-informed drug development tool.,publication_status,Peer-reviewed CPT Pharmacometrics and Systems Pharmacology article; 2024,Peer-reviewed CPT: Pharmacometrics & Systems Pharmacology article (2024),Peer-reviewed CPT: Pharmacometrics & Systems Pharmacology article (2024),PMC11330176 title and DOI,Primary publication supports Reviewer B's more precise formulation for publication_status; no incompatible claim from Reviewer A was carried forward.
MWM-X2E0B832A46,Type 1 diabetes prevention clinical trial simulator: Case reports of model-informed drug development tool.,domain,T1D disease progression and clinical-trial simulation,Type 1 diabetes prevention trial simulation/design,Type 1 diabetes prevention trial simulation/design,Introduction and Individual Characteristics/Clinical Trial Design sections,Primary publication supports Reviewer B's more precise formulation for domain; no incompatible claim from Reviewer A was carried forward.
MWM-X2E0B832A46,Type 1 diabetes prevention clinical trial simulator: Case reports of model-informed drug development tool.,dataset_or_cohort,Underlying TrialNet Pathway to Prevention and TEDDY model; real and synthetic populations,TrialNet Pathway to Prevention and TEDDY natural history underlying a prior joint model; oral-insulin and TN10/teplizumab case studies,TrialNet Pathway to Prevention and TEDDY natural history underlying a prior joint model; oral-insulin and TN10/teplizumab case studies,Introduction and Individual Characteristics/Clinical Trial Design sections,Primary publication supports Reviewer B's more precise formulation for dataset_or_cohort; no incompatible claim from Reviewer A was carried forward.
MWM-X2E0B832A46,Type 1 diabetes prevention clinical trial simulator: Case reports of model-informed drug development tool.,sample_scale,NI in this tool paper; examples use 100 replicate trials and user-selected arm sizes,Underlying participant counts NI in this article; real-data and MVN/ctree virtual populations; 100 replicates in reported cases,Underlying participant counts NI in this article; real-data and MVN/ctree virtual populations; 100 replicates in reported cases,Introduction and Individual Characteristics/Clinical Trial Design sections,Primary publication supports Reviewer B's more precise formulation for sample_scale; no incompatible claim from Reviewer A was carried forward.
MWM-X2E0B832A46,Type 1 diabetes prevention clinical trial simulator: Case reports of model-informed drug development tool.,institution_count,Multicenter natural-history studies; exact count NI,Multicenter TrialNet/TEDDY; exact site count NI in this article,Multicenter TrialNet/TEDDY; exact site count NI in this article,Introduction and Individual Characteristics/Clinical Trial Design sections,Primary publication supports Reviewer B's more precise formulation for institution_count; no incompatible claim from Reviewer A was carried forward.
MWM-X2E0B832A46,Type 1 diabetes prevention clinical trial simulator: Case reports of model-informed drug development tool.,split_strategy,No new development split; uses a previously published externally validated joint model and two case scenarios,No new split reported; simulator reuses a previously developed/externally validated model and explores scenarios,No new split reported; simulator reuses a previously developed/externally validated model and explores scenarios,Introduction and Individual Characteristics/Clinical Trial Design sections,Primary publication supports Reviewer B's more precise formulation for split_strategy; no incompatible claim from Reviewer A was carried forward.
MWM-X2E0B832A46,Type 1 diabetes prevention clinical trial simulator: Case reports of model-informed drug development tool.,observation_process,Longitudinal glycemic measures and time to stage-3 T1D; virtual baseline populations,Longitudinal glycemia linked to time of stage-3 T1D in individuals with at least two autoantibodies,Longitudinal glycemia linked to time of stage-3 T1D in individuals with at least two autoantibodies,Introduction and Individual Characteristics/Clinical Trial Design sections,Primary publication supports Reviewer B's more precise formulation for observation_process; no incompatible claim from Reviewer A was carried forward.
MWM-X2E0B832A46,Type 1 diabetes prevention clinical trial simulator: Case reports of model-informed drug development tool.,missingness,1: simulated exponential/uniform dropout under MCAR; other missingness NI,Simulated exponential/uniform dropout under MCAR assumption,Simulated exponential/uniform dropout under MCAR assumption,Introduction and Individual Characteristics/Clinical Trial Design sections,Primary publication supports Reviewer B's more precise formulation for missingness; no incompatible claim from Reviewer A was carried forward.
MWM-X2E0B832A46,Type 1 diabetes prevention clinical trial simulator: Case reports of model-informed drug development tool.,censoring_or_competing_events,"2: parametric time-to-event, user-defined duration, and arm-specific dropout",Parametric time-to-T1D; user follow-up/dropout; competing events NI,Parametric time-to-T1D; user follow-up/dropout; competing events NI,Introduction and Individual Characteristics/Clinical Trial Design sections,Primary publication supports Reviewer B's more precise formulation for censoring_or_competing_events; no incompatible claim from Reviewer A was carried forward.
MWM-X2E0B832A46,Type 1 diabetes prevention clinical trial simulator: Case reports of model-informed drug development tool.,state,Five baseline autoantibody/glycemic covariates plus glycemic trajectory and event hazard,Baseline autoantibodies/glycemic covariates plus nonlinear mixed-effects latent disease progression,Baseline autoantibodies/glycemic covariates plus nonlinear mixed-effects latent disease progression,"Overall layout, Clinical Trial Design, and Power Curve sections",Primary publication supports Reviewer B's more precise formulation for state; no incompatible claim from Reviewer A was carried forward.
MWM-X2E0B832A46,Type 1 diabetes prevention clinical trial simulator: Case reports of model-informed drug development tool.,observation_decoder,"Time-to-T1D, arm event curves, power, and scenario summaries","Simulated glycemic/time-to-diagnosis trajectories, survival summaries, power, and go/no-go outputs","Simulated glycemic/time-to-diagnosis trajectories, survival summaries, power, and go/no-go outputs","Overall layout, Clinical Trial Design, and Power Curve sections",Primary publication supports Reviewer B's more precise formulation for observation_decoder; no incompatible claim from Reviewer A was carried forward.
MWM-X2E0B832A46,Type 1 diabetes prevention clinical trial simulator: Case reports of model-informed drug development tool.,action,User-assumed DP50 treatment multiplier plus trial-design choices,Placebo versus treatment with user-assumed multiplicative change to DP50,Placebo versus treatment with user-assumed multiplicative change to DP50,"Overall layout, Clinical Trial Design, and Power Curve sections",Primary publication supports Reviewer B's more precise formulation for action; no incompatible claim from Reviewer A was carried forward.
MWM-X2E0B832A46,Type 1 diabetes prevention clinical trial simulator: Case reports of model-informed drug development tool.,action_provenance,Entirely simulated; drug effect not estimated from treatment data,Hypothetical effect selected by user; emulates trials but not estimated from drug data,Hypothetical effect selected by user; emulates trials but not estimated from drug data,"Overall layout, Clinical Trial Design, and Power Curve sections",Primary publication supports Reviewer B's more precise formulation for action_provenance; no incompatible claim from Reviewer A was carried forward.
MWM-X2E0B832A46,Type 1 diabetes prevention clinical trial simulator: Case reports of model-informed drug development tool.,transition_mechanism,Nonlinear mixed-effects glycemic model linked to parametric time-to-event Monte Carlo simulation,Published joint nonlinear mixed-effects longitudinal plus parametric time-to-event model; MVN/ctree virtual populations,Published joint nonlinear mixed-effects longitudinal plus parametric time-to-event model; MVN/ctree virtual populations,"Overall layout, Clinical Trial Design, and Power Curve sections",Primary publication supports Reviewer B's more precise formulation for transition_mechanism; no incompatible claim from Reviewer A was carried forward.
MWM-X2E0B832A46,Type 1 diabetes prevention clinical trial simulator: Case reports of model-informed drug development tool.,maximum_horizon,User-defined multi-year duration; case explores about 2.6 years versus longer design,User-defined; anti-CD3 case explores ~2.6 years and broader duration/power curves,User-defined; anti-CD3 case explores ~2.6 years and broader duration/power curves,"Overall layout, Clinical Trial Design, and Power Curve sections",Primary publication supports Reviewer B's more precise formulation for maximum_horizon; no incompatible claim from Reviewer A was carried forward.
MWM-X2E0B832A46,Type 1 diabetes prevention clinical trial simulator: Case reports of model-informed drug development tool.,rollout_regime,Free-running repeated virtual trial/event simulation,Free-running virtual participants/trials under placebo/treatment; power is fraction of significant log-rank replicates,Free-running virtual participants/trials under placebo/treatment; power is fraction of significant log-rank replicates,"Overall layout, Clinical Trial Design, and Power Curve sections",Primary publication supports Reviewer B's more precise formulation for rollout_regime; no incompatible claim from Reviewer A was carried forward.
MWM-X2E0B832A46,Type 1 diabetes prevention clinical trial simulator: Case reports of model-informed drug development tool.,capability_claim,Action-conditioned trial simulation and design support; not sequential treatment planning,counterfactual,Counterfactual/what-if clinical-trial simulation under user-imposed treatment effects; not an identified treatment effect,"Overall layout, Clinical Trial Design, and Power Curve sections",Primary publication resolves capability_claim to the stated source-bounded value; incompatible or incomplete reviewer wording was not merged.
MWM-X2E0B832A46,Type 1 diabetes prevention clinical trial simulator: Case reports of model-informed drug development tool.,baselines,Reproduced oral-insulin and TN10/teplizumab designs; no algorithm baseline,"Placebo and alternative criteria, sample sizes, durations, dropout, virtual-population methods, effect strengths","Placebo and alternative criteria, sample sizes, durations, dropout, virtual-population methods, effect strengths",Case Studies I-II and Figs. 2-4,Primary publication supports Reviewer B's more precise formulation for baselines; no incompatible claim from Reviewer A was carried forward.
MWM-X2E0B832A46,Type 1 diabetes prevention clinical trial simulator: Case reports of model-informed drug development tool.,state_fidelity_metrics,No new trajectory-fidelity metric; relies on prior model validation,No new held-out trajectory fidelity; cites prior model development/external validation,No new held-out trajectory fidelity; cites prior model development/external validation,Case Studies I-II and Figs. 2-4,Primary publication supports Reviewer B's more precise formulation for state_fidelity_metrics; no incompatible claim from Reviewer A was carried forward.
MWM-X2E0B832A46,Type 1 diabetes prevention clinical trial simulator: Case reports of model-informed drug development tool.,transition_metrics,Simulated event curves and power across scenarios,Simulated time-to-T1D and power; case powers 88%-91% with design sensitivity,Simulated time-to-T1D and power; case powers 88%-91% with design sensitivity,Case Studies I-II and Figs. 2-4,Primary publication supports Reviewer B's more precise formulation for transition_metrics; no incompatible claim from Reviewer A was carried forward.
MWM-X2E0B832A46,Type 1 diabetes prevention clinical trial simulator: Case reports of model-informed drug development tool.,rollout_stability,"1: sensitivity to criteria, sample size, duration, dropout, and assumed effect; no drift metric",Power curves and 100 replicates; NI: convergence versus replicate count or horizon drift,"Repeated virtual-trial power curves and sensitivity to eligibility, arm size, duration, dropout, and assumed effect; no trajectory-fidelity drift or replicate-convergence analysis",Case Studies I-II and Figs. 2-4,Primary publication resolves rollout_stability to the stated source-bounded value; incompatible or incomplete reviewer wording was not merged.
MWM-X2E0B832A46,Type 1 diabetes prevention clinical trial simulator: Case reports of model-informed drug development tool.,action_sensitivity,2: placebo/no-effect arm and perturbation of effect/design parameters,"Effect multiplier, placebo/treatment, and design parameters varied; effect assumed rather than learned","Effect multiplier, placebo/treatment, and design parameters varied; effect assumed rather than learned",Case Studies I-II and Figs. 2-4,Primary publication supports Reviewer B's more precise formulation for action_sensitivity; no incompatible claim from Reviewer A was carried forward.
MWM-X2E0B832A46,Type 1 diabetes prevention clinical trial simulator: Case reports of model-informed drug development tool.,calibration_and_uncertainty,1: Monte Carlo variability and power; no predictive calibration/coverage,"Interindividual variability, virtual populations, dropout, repeated trials/power; NI: predictive calibration against independent trial","Interindividual variability, virtual populations, dropout, repeated trials/power; NI: predictive calibration against independent trial",Case Studies I-II and Figs. 2-4,Primary publication supports Reviewer B's more precise formulation for calibration_and_uncertainty; no incompatible claim from Reviewer A was carried forward.
MWM-X2E0B832A46,Type 1 diabetes prevention clinical trial simulator: Case reports of model-informed drug development tool.,external_validation,1: underlying model described as externally validated; no new frozen external test,Underlying model stated previously externally validated; current simulator outputs have no frozen prospective/independent validation,Underlying model stated previously externally validated; current simulator outputs have no frozen prospective/independent validation,Case Studies I-II and Figs. 2-4,Primary publication supports Reviewer B's more precise formulation for external_validation; no incompatible claim from Reviewer A was carried forward.
MWM-X2E0B832A46,Type 1 diabetes prevention clinical trial simulator: Case reports of model-informed drug development tool.,decision_utility,1: offline go/no-go and design case studies; no prospective outcome,"Trial-design go/no-go examples for eligibility, sample size, duration; no prospective improvement evidence","Offline simulated go/no-go and trial-design decisions for eligibility, sample size, and duration; no prospective decision-outcome evaluation",Case Studies I-II and Figs. 2-4,Primary publication resolves decision_utility to the stated source-bounded value; incompatible or incomplete reviewer wording was not merged.
MWM-X2E0B832A46,Type 1 diabetes prevention clinical trial simulator: Case reports of model-informed drug development tool.,safety_evaluation,0: explicitly not a substitute for safety/efficacy trials,Explicitly not a replacement for safety/efficacy trials; no adverse-event/hazard model,Explicitly not a replacement for safety/efficacy trials; no adverse-event/hazard model,Case Studies I-II and Figs. 2-4,Primary publication supports Reviewer B's more precise formulation for safety_evaluation; no incompatible claim from Reviewer A was carried forward.
MWM-X2E0B832A46,Type 1 diabetes prevention clinical trial simulator: Case reports of model-informed drug development tool.,statistical_analysis,"100 replicates, log-rank test, significance level, and power; seeds/intervals unreported","User alpha, log-rank, repeated simulation, power fraction; cases use 100 replicates","User alpha, log-rank, repeated simulation, power fraction; cases use 100 replicates",Case Studies I-II and Figs. 2-4,Primary publication supports Reviewer B's more precise formulation for statistical_analysis; no incompatible claim from Reviewer A was carried forward.
MWM-X2E0B832A46,Type 1 diabetes prevention clinical trial simulator: Case reports of model-informed drug development tool.,causal_language,Drug effects are hypothetical; no causal effect estimated,"Assumed effect/what-if language; effect user-imposed, not causal estimate","Assumed effect/what-if language; effect user-imposed, not causal estimate",Key Questions/Assumptions and Impact assessment limitations,Primary publication supports Reviewer B's more precise formulation for causal_language; no incompatible claim from Reviewer A was carried forward.
MWM-X2E0B832A46,Type 1 diabetes prevention clinical trial simulator: Case reports of model-informed drug development tool.,estimand,Simulated time-to-T1D contrast/power under imposed effect; no empirical causal estimand,Simulated difference in time-to-T1D distributions/power under specified hypothetical effect; not identified real-world causal effect,Simulated difference in time-to-T1D distributions/power under specified hypothetical effect; not identified real-world causal effect,Key Questions/Assumptions and Impact assessment limitations,Primary publication supports Reviewer B's more precise formulation for estimand; no incompatible claim from Reviewer A was carried forward.
MWM-X2E0B832A46,Type 1 diabetes prevention clinical trial simulator: Case reports of model-informed drug development tool.,confounding_strategy,NA: virtual contrast generated by assumption,NA: synthetic randomized arms; no observational effect estimation,NA: synthetic randomized arms; no observational effect estimation,Key Questions/Assumptions and Impact assessment limitations,Primary publication supports Reviewer B's more precise formulation for confounding_strategy; no incompatible claim from Reviewer A was carried forward.
MWM-X2E0B832A46,Type 1 diabetes prevention clinical trial simulator: Case reports of model-informed drug development tool.,positivity_and_overlap,NA: no empirical overlap diagnostic,NA: synthetic randomization; representativeness limited to modeled population,NA: synthetic randomization; representativeness limited to modeled population,Key Questions/Assumptions and Impact assessment limitations,Primary publication supports Reviewer B's more precise formulation for positivity_and_overlap; no incompatible claim from Reviewer A was carried forward.
MWM-X2E0B832A46,Type 1 diabetes prevention clinical trial simulator: Case reports of model-informed drug development tool.,counterfactual_validation,0: case reproduction only; no randomized-data validation of imposed effect,Trial designs reproduced but effects tuned; no out-of-sample actual-effect validation,Trial designs reproduced but effects tuned; no out-of-sample actual-effect validation,Key Questions/Assumptions and Impact assessment limitations,Primary publication supports Reviewer B's more precise formulation for counterfactual_validation; no incompatible claim from Reviewer A was carried forward.
MWM-X2E0B832A46,Type 1 diabetes prevention clinical trial simulator: Case reports of model-informed drug development tool.,code_access,1: public web application; source code not inspectable,No source repository identified; public web application reported,No source repository identified; public web application reported,Web-tool description and article methods; no source repository,Primary publication supports Reviewer B's more precise formulation for code_access; no incompatible claim from Reviewer A was carried forward.
MWM-X2E0B832A46,Type 1 diabetes prevention clinical trial simulator: Case reports of model-informed drug development tool.,weights_access,0: fitted parameters/weights not downloadable in paper,NA: pharmacometric parameters embedded in tool; downloadable package NI,NA: pharmacometric parameters are embedded in the web tool; a downloadable fitted-parameter package is not reported,Web-tool description and article methods; no source repository,Primary publication resolves weights_access to the stated source-bounded value; incompatible or incomplete reviewer wording was not merged.
MWM-X2E0B832A46,Type 1 diabetes prevention clinical trial simulator: Case reports of model-informed drug development tool.,data_access,1: TrialNet/TEDDY individual data governed; application exposes real/virtual population options,TrialNet/TEDDY individual data not provided; source-study access applies,TrialNet/TEDDY individual data not provided; source-study access applies,Web-tool description and article methods; no source repository,Primary publication supports Reviewer B's more precise formulation for data_access; no incompatible claim from Reviewer A was carried forward.
MWM-X2E0B832A46,Type 1 diabetes prevention clinical trial simulator: Case reports of model-informed drug development tool.,preprocessing_reproducibility,"1: GUI inputs, covariates, dropout, effect, and simulation logic explained; underlying fit requires prior work","Moderate: GUI inputs, virtual methods, dropout, effect, tests, cases described; prior paper needed for model/data","Moderate: GUI inputs, virtual methods, dropout, effect, tests, cases described; prior paper needed for model/data",Web-tool description and article methods; no source repository,Primary publication supports Reviewer B's more precise formulation for preprocessing_reproducibility; no incompatible claim from Reviewer A was carried forward.
MWM-X2E0B832A46,Type 1 diabetes prevention clinical trial simulator: Case reports of model-informed drug development tool.,randomness,1: replicate simulation and MVND/ctree generation; seeds unreported,Repeated simulations; seeds/settings NI,Repeated simulations; seeds/settings NI,Web-tool description and article methods; no source repository,Primary publication supports Reviewer B's more precise formulation for randomness; no incompatible claim from Reviewer A was carried forward.
MWM-X2E0B832A46,Type 1 diabetes prevention clinical trial simulator: Case reports of model-informed drug development tool.,evidence_anchors,Primary PMC Introduction; GUI sections; Case Studies I-II; Impact assessment; Figs. 1-4; stable DOI,Abstract/Introduction; Key Questions; Fig. 1; Clinical Trial Design/Power Curve; Case Studies/Figs. 2-4; Conclusion,Primary PMC article Introduction and Key Questions; Clinical Trial Design and Power Curve tabs; Case Studies I-II and Figs. 2-4; Impact assessment; DOI 10.1002/psp4.13193,Full primary PMC article,Primary publication resolves evidence_anchors to the stated source-bounded value; incompatible or incomplete reviewer wording was not merged.
MWM-X2E0B832A46,Type 1 diabetes prevention clinical trial simulator: Case reports of model-informed drug development tool.,appraisal_strengths,"Explicit censoring/dropout, transparent hypothetical-effect warning, scenario sensitivity, public tool, and realistic cases","Operational public simulator, placebo/action and design perturbations, stochastic replication, time-to-event output, decision cases","Operational public simulator, placebo/action and design perturbations, stochastic replication, time-to-event output, decision cases",Full primary PMC article,Primary publication supports Reviewer B's more precise formulation for appraisal_strengths; no incompatible claim from Reviewer A was carried forward.
MWM-X2E0B832A46,Type 1 diabetes prevention clinical trial simulator: Case reports of model-informed drug development tool.,appraisal_limitations,"No new trajectory validation; imposed effect; cohort scale, code, and parameters incomplete; no calibration, safety, or prospective utility","Sample count NI here, effects assumed/tuned, no current external validation/calibration/safety model/source code","Sample count NI here, effects assumed/tuned, no current external validation/calibration/safety model/source code",Full primary PMC article,Primary publication supports Reviewer B's more precise formulation for appraisal_limitations; no incompatible claim from Reviewer A was carried forward.
MWM-X2E0B832A46,Type 1 diabetes prevention clinical trial simulator: Case reports of model-informed drug development tool.,source_status,Full primary PMC article inspected,Exact open full text inspected through Europe PMC/PMC; web-tool URL stated,Exact open primary article inspected through Europe PMC/PMC11330176,PMC11330176 title and DOI,Primary publication resolves source_status to the stated source-bounded value; incompatible or incomplete reviewer wording was not merged.
