candidate_id,title,field,reviewer_a,reviewer_b,adjudicated_value,adjudication_anchor,adjudication_notes
MWM-XD5F16C34AE,A Data-Driven Closed-Loop Control Approach to Drive Neural State Transitions for Mechanistic Insight.,primary_source_url,https://pmc.ncbi.nlm.nih.gov/articles/PMC13370802/,https://doi.org/10.1002/hbm.70600,https://pmc.ncbi.nlm.nih.gov/articles/PMC13370802/,"Human Brain Mapping PMCID PMC13370802: Methods 5.2-5.3 (DSR and control), Results Figs. 2-6, Supplementary Figs. S4 and S12, Limitations, and Data Availability; official humml-lab/fmri-control repository.",Primary-source adjudication for primary_source_url: retained the publication-bounded value; NI/NA is used where the source does not support a stronger claim.
MWM-XD5F16C34AE,A Data-Driven Closed-Loop Control Approach to Drive Neural State Transitions for Mechanistic Insight.,publication_status,Peer-reviewed journal article; Human Brain Mapping; 2026,"Peer-reviewed journal article (Human Brain Mapping, 2026)",Peer-reviewed journal article; Human Brain Mapping; 2026,"Human Brain Mapping PMCID PMC13370802: Methods 5.2-5.3 (DSR and control), Results Figs. 2-6, Supplementary Figs. S4 and S12, Limitations, and Data Availability; official humml-lab/fmri-control repository.",Primary-source adjudication for publication_status: retained the publication-bounded value; NI/NA is used where the source does not support a stronger claim.
MWM-XD5F16C34AE,A Data-Driven Closed-Loop Control Approach to Drive Neural State Transitions for Mechanistic Insight.,domain,Neuroimaging; affective neuroscience; individualized fMRI dynamics and control,Resting-state and mood-induction fMRI; computational psychiatry,Neuroimaging; affective neuroscience; individualized fMRI dynamics and control,"Human Brain Mapping PMCID PMC13370802: Methods 5.2-5.3 (DSR and control), Results Figs. 2-6, Supplementary Figs. S4 and S12, Limitations, and Data Availability; official humml-lab/fmri-control repository.",Primary-source adjudication for domain: retained the publication-bounded value; NI/NA is used where the source does not support a stronger claim.
MWM-XD5F16C34AE,A Data-Driven Closed-Loop Control Approach to Drive Neural State Transitions for Mechanistic Insight.,dataset_or_cohort,Reanalysis of Zamoscik et al. remitted major depressive disorder cohort from Heidelberg,Remitted major depressive disorder (rMDD) and healthy-control fMRI cohort collected in Heidelberg,Reanalysis of Zamoscik et al. remitted major depressive disorder cohort from Heidelberg,"Human Brain Mapping PMCID PMC13370802: Methods 5.2-5.3 (DSR and control), Results Figs. 2-6, Supplementary Figs. S4 and S12, Limitations, and Data Availability; official humml-lab/fmri-control repository.",Primary-source adjudication for dataset_or_cohort: retained the publication-bounded value; NI/NA is used where the source does not support a stronger claim.
MWM-XD5F16C34AE,A Data-Driven Closed-Loop Control Approach to Drive Neural State Transitions for Mechanistic Insight.,sample_scale,60 participants: 30 remitted MDD and 30 matched healthy controls; two 4.5-minute scans per person,60 participants: 30 rMDD and 30 healthy controls; 320 time points per participant across rest and sad-mood conditions,60 participants: 30 remitted MDD and 30 matched healthy controls; two 4.5-minute scans per person,"Human Brain Mapping PMCID PMC13370802: Methods 5.2-5.3 (DSR and control), Results Figs. 2-6, Supplementary Figs. S4 and S12, Limitations, and Data Availability; official humml-lab/fmri-control repository.",Primary-source adjudication for sample_scale: retained the publication-bounded value; NI/NA is used where the source does not support a stronger claim.
MWM-XD5F16C34AE,A Data-Driven Closed-Loop Control Approach to Drive Neural State Transitions for Mechanistic Insight.,institution_count,1 institution/source cohort,1 institution/site reported (Heidelberg),1 institution/source cohort,"Human Brain Mapping PMCID PMC13370802: Methods 5.2-5.3 (DSR and control), Results Figs. 2-6, Supplementary Figs. S4 and S12, Limitations, and Data Availability; official humml-lab/fmri-control repository.",Primary-source adjudication for institution_count: retained the publication-bounded value; NI/NA is used where the source does not support a stronger claim.
MWM-XD5F16C34AE,A Data-Driven Closed-Loop Control Approach to Drive Neural State Transitions for Mechanistic Insight.,split_strategy,Per participant and condition: first 120 time points for training and last 40 for testing; hyperparameters were selected using test data in five subjects,Within-series split: first 120 points per condition for model training and final 40 for testing; five initialized models selected using lowest test loss,"Within each participant and condition, the first 120 time points trained the DSR model and the final 40 formed the test segment; five independently initialized models were fitted and the lowest-test-loss model was selected, so the test segment participated in model selection.","Human Brain Mapping PMCID PMC13370802: Methods 5.2-5.3 (DSR and control), Results Figs. 2-6, Supplementary Figs. S4 and S12, Limitations, and Data Availability; official humml-lab/fmri-control repository.",Primary-source adjudication for split_strategy: retained the publication-bounded value; NI/NA is used where the source does not support a stronger claim.
MWM-XD5F16C34AE,A Data-Driven Closed-Loop Control Approach to Drive Neural State Transitions for Mechanistic Insight.,observation_process,3 T Siemens fMRI; TR 1.5 seconds; rest and sad-mood induction; 11 bilateral ROIs reduced to 66 principal-component features,Two 4.5-minute fMRI sessions; TR 1.5 s; 11 bilateral regions represented by three principal components each (66-dimensional observations),3 T Siemens fMRI; TR 1.5 seconds; rest and sad-mood induction; 11 bilateral ROIs reduced to 66 principal-component features,"Human Brain Mapping PMCID PMC13370802: Methods 5.2-5.3 (DSR and control), Results Figs. 2-6, Supplementary Figs. S4 and S12, Limitations, and Data Availability; official humml-lab/fmri-control repository.",Primary-source adjudication for observation_process: retained the publication-bounded value; NI/NA is used where the source does not support a stronger claim.
MWM-XD5F16C34AE,A Data-Driven Closed-Loop Control Approach to Drive Neural State Transitions for Mechanistic Insight.,missingness,No missing-data model reported; eight remitted-MDD participants used psychotropic medication; preprocessing removed nuisance and band-pass filtered signals,No explicit missing-data model reported; preprocessing and included time series were complete for the modeled segments,No explicit missing-data model was reported; preprocessing produced complete modeled segments after nuisance removal and band-pass filtering.,"Human Brain Mapping PMCID PMC13370802: Methods 5.2-5.3 (DSR and control), Results Figs. 2-6, Supplementary Figs. S4 and S12, Limitations, and Data Availability; official humml-lab/fmri-control repository.",Primary-source adjudication for missingness: retained the publication-bounded value; NI/NA is used where the source does not support a stronger claim.
MWM-XD5F16C34AE,A Data-Driven Closed-Loop Control Approach to Drive Neural State Transitions for Mechanistic Insight.,censoring_or_competing_events,NA: no clinical time-to-event outcome; each scan is a fixed-length sequence,"NA: fixed experimental scans; no clinical event censoring, discharge, death, or competing-risk process",NA: no clinical time-to-event outcome; each scan is a fixed-length sequence,"Human Brain Mapping PMCID PMC13370802: Methods 5.2-5.3 (DSR and control), Results Figs. 2-6, Supplementary Figs. S4 and S12, Limitations, and Data Availability; official humml-lab/fmri-control repository.",Primary-source adjudication for censoring_or_competing_events: retained the publication-bounded value; NI/NA is used where the source does not support a stronger claim.
MWM-XD5F16C34AE,A Data-Driven Closed-Loop Control Approach to Drive Neural State Transitions for Mechanistic Insight.,state,Individual latent neural state learned by a shallow piecewise-linear recurrent neural network; linear decoder maps latent state to 66-dimensional ROI-PC observations,Latent nonlinear neural state reconstructed by a shallow piecewise-linear recurrent neural network from 66 regional principal-component signals,Individual nonlinear latent neural state reconstructed by a shallow piecewise-linear recurrent neural network from 66 regional principal-component signals.,"Human Brain Mapping PMCID PMC13370802: Methods 5.2-5.3 (DSR and control), Results Figs. 2-6, Supplementary Figs. S4 and S12, Limitations, and Data Availability; official humml-lab/fmri-control repository.",Primary-source adjudication for state: retained the publication-bounded value; NI/NA is used where the source does not support a stronger claim.
MWM-XD5F16C34AE,A Data-Driven Closed-Loop Control Approach to Drive Neural State Transitions for Mechanistic Insight.,observation_decoder,Reconstructed fMRI trajectories; power spectra; functional connectivity; target-distribution likelihood and control energy,Linear decoder maps latent state to regional fMRI observations; target affective states represented by Gaussian-mixture distributions,A linear decoder maps latent state to 66-dimensional regional fMRI observations; affective target states are represented by Gaussian-mixture distributions.,"Human Brain Mapping PMCID PMC13370802: Methods 5.2-5.3 (DSR and control), Results Figs. 2-6, Supplementary Figs. S4 and S12, Limitations, and Data Availability; official humml-lab/fmri-control repository.",Primary-source adjudication for observation_decoder: retained the publication-bounded value; NI/NA is used where the source does not support a stronger claim.
MWM-XD5F16C34AE,A Data-Driven Closed-Loop Control Approach to Drive Neural State Transitions for Mechanistic Insight.,action,Additive state-dependent latent control restricted globally or to selected regions,"Additive, state-dependent control input, including controls restricted to individual brain regions",Additive state-dependent latent control restricted globally or to selected regions,"Human Brain Mapping PMCID PMC13370802: Methods 5.2-5.3 (DSR and control), Results Figs. 2-6, Supplementary Figs. S4 and S12, Limitations, and Data Availability; official humml-lab/fmri-control repository.",Primary-source adjudication for action: retained the publication-bounded value; NI/NA is used where the source does not support a stronger claim.
MWM-XD5F16C34AE,A Data-Driven Closed-Loop Control Approach to Drive Neural State Transitions for Mechanistic Insight.,action_provenance,Simulated model control; not an administered physiological stimulation,Simulated model-based control; not an administered human intervention,Simulated model control; not an administered physiological stimulation,"Human Brain Mapping PMCID PMC13370802: Methods 5.2-5.3 (DSR and control), Results Figs. 2-6, Supplementary Figs. S4 and S12, Limitations, and Data Availability; official humml-lab/fmri-control repository.",Primary-source adjudication for action_provenance: retained the publication-bounded value; NI/NA is used where the source does not support a stronger claim.
MWM-XD5F16C34AE,A Data-Driven Closed-Loop Control Approach to Drive Neural State Transitions for Mechanistic Insight.,transition_mechanism,Individual nonlinear latent state-space transition plus optimized feedback controller toward a Gaussian-mixture target,"Shallow piecewise-linear recurrent neural network learned separately for group/condition dynamics, coupled to an optimized state-feedback controller",Individual shallow piecewise-linear recurrent neural dynamics coupled to an optimized state-feedback controller toward a Gaussian-mixture target.,"Human Brain Mapping PMCID PMC13370802: Methods 5.2-5.3 (DSR and control), Results Figs. 2-6, Supplementary Figs. S4 and S12, Limitations, and Data Availability; official humml-lab/fmri-control repository.",Primary-source adjudication for transition_mechanism: retained the publication-bounded value; NI/NA is used where the source does not support a stronger claim.
MWM-XD5F16C34AE,A Data-Driven Closed-Loop Control Approach to Drive Neural State Transitions for Mechanistic Insight.,maximum_horizon,80 model steps for evaluation trajectories; approximately 120 seconds at TR 1.5 seconds,Control trajectories evaluated for 80 model steps; DSR train/test segments span 120/40 observed points per condition,"Main controlled trajectories run T=D+11 steps with D=10 (21 steps total, approximately 31.5 s at TR 1.5 s); D=5 is reported as a sensitivity analysis. The DSR train/test segments contain 120/40 observed points per condition.","Human Brain Mapping PMCID PMC13370802: Methods 5.2-5.3 (DSR and control), Results Figs. 2-6, Supplementary Figs. S4 and S12, Limitations, and Data Availability; official humml-lab/fmri-control repository.","Primary-source correction to both reviewers: 80 is the number of held-out initial states, not rollout steps; the main trajectory is T=D+11 with D=10, and D=5 is the reported horizon sensitivity."
MWM-XD5F16C34AE,A Data-Driven Closed-Loop Control Approach to Drive Neural State Transitions for Mechanistic Insight.,rollout_regime,Free generative reconstruction and simulated closed-loop control from empirical initial states,Free-running controlled model simulation toward target distributions; no real closed-loop human experiment,Free generative reconstruction and simulated closed-loop control from empirical initial states,"Human Brain Mapping PMCID PMC13370802: Methods 5.2-5.3 (DSR and control), Results Figs. 2-6, Supplementary Figs. S4 and S12, Limitations, and Data Availability; official humml-lab/fmri-control repository.",Primary-source adjudication for rollout_regime: retained the publication-bounded value; NI/NA is used where the source does not support a stronger claim.
MWM-XD5F16C34AE,A Data-Driven Closed-Loop Control Approach to Drive Neural State Transitions for Mechanistic Insight.,capability_claim,Planning: optimize controls that move reconstructed brain dynamics between rest and sad-mood targets,Planning: optimized feedback controls are selected from learned dynamics to move between resting and sad-mood state distributions,Planning: optimize controls that move reconstructed brain dynamics between rest and sad-mood targets,"Human Brain Mapping PMCID PMC13370802: Methods 5.2-5.3 (DSR and control), Results Figs. 2-6, Supplementary Figs. S4 and S12, Limitations, and Data Availability; official humml-lab/fmri-control repository.",Primary-source adjudication for capability_claim: retained the publication-bounded value; NI/NA is used where the source does not support a stronger claim.
MWM-XD5F16C34AE,A Data-Driven Closed-Loop Control Approach to Drive Neural State Transitions for Mechanistic Insight.,baselines,Group and region comparisons; uncontrolled trajectories; no independent action-agnostic predictive model,Uncontrolled dynamics and region-restricted control solutions; rMDD versus healthy-control models; no separate action-agnostic learned baseline beyond zero control,"Uncontrolled (zero-control) dynamics, rMDD-versus-healthy-control models, and 11 region-restricted control solutions; no separate action-agnostic learned predictive model.","Human Brain Mapping PMCID PMC13370802: Methods 5.2-5.3 (DSR and control), Results Figs. 2-6, Supplementary Figs. S4 and S12, Limitations, and Data Availability; official humml-lab/fmri-control repository.",Primary-source adjudication for baselines: retained the publication-bounded value; NI/NA is used where the source does not support a stronger claim.
MWM-XD5F16C34AE,A Data-Driven Closed-Loop Control Approach to Drive Neural State Transitions for Mechanistic Insight.,state_fidelity_metrics,Power-spectrum Hellinger distance and empirical-versus-reconstructed functional-connectivity correlations,"Power-spectrum Hellinger distance (reported mean 0.22 ± 0.04), functional-connectivity cross-correlations, negative log likelihood, and target-distribution proximity","Held-out reconstruction, power-spectrum Hellinger distance, and empirical-versus-reconstructed functional-connectivity agreement.","Human Brain Mapping PMCID PMC13370802: Methods 5.2-5.3 (DSR and control), Results Figs. 2-6, Supplementary Figs. S4 and S12, Limitations, and Data Availability; official humml-lab/fmri-control repository.",Primary-source adjudication for state_fidelity_metrics: retained the publication-bounded value; NI/NA is used where the source does not support a stronger claim.
MWM-XD5F16C34AE,A Data-Driven Closed-Loop Control Approach to Drive Neural State Transitions for Mechanistic Insight.,transition_metrics,Test-sequence reconstruction plus target negative log likelihood and cumulative control energy over controlled trajectories,"Controlled trajectory convergence, target likelihood/proximity, and control energy; Lyapunov exponent reported for reconstructed dynamics (0.10 ± 0.02)","Target negative log likelihood over controlled trajectories, cumulative control energy, target convergence, and Lyapunov characterization of reconstructed dynamics.","Human Brain Mapping PMCID PMC13370802: Methods 5.2-5.3 (DSR and control), Results Figs. 2-6, Supplementary Figs. S4 and S12, Limitations, and Data Availability; official humml-lab/fmri-control repository.",Primary-source adjudication for transition_metrics: retained the publication-bounded value; NI/NA is used where the source does not support a stronger claim.
MWM-XD5F16C34AE,A Data-Driven Closed-Loop Control Approach to Drive Neural State Transitions for Mechanistic Insight.,rollout_stability,Target proximity and control energy over 80-step trajectories; no systematic multi-horizon drift or constraint-violation analysis,Sensitivity across control horizon/regularization and target convergence is shown; no explicit physiological-constraint or long-horizon drift-rate audit,"Target likelihood is traced over controlled trajectories and conclusions are stress-tested at D=5 versus D=10; no formal long-horizon drift, joint-state coherence, or physiological constraint-violation audit.","Human Brain Mapping PMCID PMC13370802: Methods 5.2-5.3 (DSR and control), Results Figs. 2-6, Supplementary Figs. S4 and S12, Limitations, and Data Availability; official humml-lab/fmri-control repository.",Primary-source adjudication for rollout_stability: retained the publication-bounded value; NI/NA is used where the source does not support a stronger claim.
MWM-XD5F16C34AE,A Data-Driven Closed-Loop Control Approach to Drive Neural State Transitions for Mechanistic Insight.,action_sensitivity,Region-restricted interventions and control-parameter sensitivity analyses; no real stimulation-response validation,Zero-control comparison and 11 region-specific control analyses; no empirical delivered-dose or randomized action perturbation,"Zero-control comparison, control restricted to each of 11 bilateral regions, and control-horizon/regularization sensitivity; no empirical stimulation-response validation.","Human Brain Mapping PMCID PMC13370802: Methods 5.2-5.3 (DSR and control), Results Figs. 2-6, Supplementary Figs. S4 and S12, Limitations, and Data Availability; official humml-lab/fmri-control repository.",Primary-source adjudication for action_sensitivity: retained the publication-bounded value; NI/NA is used where the source does not support a stronger claim.
MWM-XD5F16C34AE,A Data-Driven Closed-Loop Control Approach to Drive Neural State Transitions for Mechanistic Insight.,calibration_and_uncertainty,"NI: no predictive interval, reliability, ECE, or coverage assessment reported","Model/trajectory variability across five initializations is represented, but no reliability, ECE, calibration slope, or interval-coverage calibration is reported","Variation across independently initialized models is examined, but no reliability, ECE, calibration slope, predictive interval, or interval-coverage calibration is reported.","Human Brain Mapping PMCID PMC13370802: Methods 5.2-5.3 (DSR and control), Results Figs. 2-6, Supplementary Figs. S4 and S12, Limitations, and Data Availability; official humml-lab/fmri-control repository.",Primary-source adjudication for calibration_and_uncertainty: retained the publication-bounded value; NI/NA is used where the source does not support a stronger claim.
MWM-XD5F16C34AE,A Data-Driven Closed-Loop Control Approach to Drive Neural State Transitions for Mechanistic Insight.,external_validation,"No external, temporal, or institutional validation; authors identify single-dataset generalizability as a limitation","No frozen external, temporal, institutional, device, or population validation","No external, temporal, or institutional validation; authors identify single-dataset generalizability as a limitation","Human Brain Mapping PMCID PMC13370802: Methods 5.2-5.3 (DSR and control), Results Figs. 2-6, Supplementary Figs. S4 and S12, Limitations, and Data Availability; official humml-lab/fmri-control repository.",Primary-source adjudication for external_validation: retained the publication-bounded value; NI/NA is used where the source does not support a stronger claim.
MWM-XD5F16C34AE,A Data-Driven Closed-Loop Control Approach to Drive Neural State Transitions for Mechanistic Insight.,decision_utility,Simulated target attainment and energy quantify control feasibility; no clinician or patient decision outcome,Offline control energy and target-state reachability provide mechanistic utility; no clinician or patient decision outcome,Simulated target attainment and energy quantify control feasibility; no clinician or patient decision outcome,"Human Brain Mapping PMCID PMC13370802: Methods 5.2-5.3 (DSR and control), Results Figs. 2-6, Supplementary Figs. S4 and S12, Limitations, and Data Availability; official humml-lab/fmri-control repository.",Primary-source adjudication for decision_utility: retained the publication-bounded value; NI/NA is used where the source does not support a stronger claim.
MWM-XD5F16C34AE,A Data-Driven Closed-Loop Control Approach to Drive Neural State Transitions for Mechanistic Insight.,safety_evaluation,"No clinical hazard, physiological constraint, failure-recovery, or override evaluation","No explicit clinical hazard, adverse-state severity, override, recovery, or deployment monitoring test","No clinical hazard, physiological constraint, failure-recovery, or override evaluation","Human Brain Mapping PMCID PMC13370802: Methods 5.2-5.3 (DSR and control), Results Figs. 2-6, Supplementary Figs. S4 and S12, Limitations, and Data Availability; official humml-lab/fmri-control repository.",Primary-source adjudication for safety_evaluation: retained the publication-bounded value; NI/NA is used where the source does not support a stronger claim.
MWM-XD5F16C34AE,A Data-Driven Closed-Loop Control Approach to Drive Neural State Transitions for Mechanistic Insight.,statistical_analysis,"Mann-Whitney U tests, Pearson correlations, Benjamini-Hochberg FDR control, and IQR outlier handling",Group comparisons and associations are reported with inferential statistics; exact multiplicity coverage is only as documented in the article methods/results,"Mann-Whitney U tests, Pearson correlations, Benjamini-Hochberg FDR control, and IQR outlier handling","Human Brain Mapping PMCID PMC13370802: Methods 5.2-5.3 (DSR and control), Results Figs. 2-6, Supplementary Figs. S4 and S12, Limitations, and Data Availability; official humml-lab/fmri-control repository.",Primary-source adjudication for statistical_analysis: retained the publication-bounded value; NI/NA is used where the source does not support a stronger claim.
MWM-XD5F16C34AE,A Data-Driven Closed-Loop Control Approach to Drive Neural State Transitions for Mechanistic Insight.,causal_language,"Authors describe model-based causal intervention analyses and mechanistic insight, but interventions occur only in a learned latent model","Uses mechanistic and optimal-control language for simulated transitions, not an identified clinical treatment-effect claim","Authors describe model-based causal intervention analyses and mechanistic insight, but interventions occur only in a learned latent model","Human Brain Mapping PMCID PMC13370802: Methods 5.2-5.3 (DSR and control), Results Figs. 2-6, Supplementary Figs. S4 and S12, Limitations, and Data Availability; official humml-lab/fmri-control repository.",Primary-source adjudication for causal_language: retained the publication-bounded value; NI/NA is used where the source does not support a stronger claim.
MWM-XD5F16C34AE,A Data-Driven Closed-Loop Control Approach to Drive Neural State Transitions for Mechanistic Insight.,estimand,Model-specific individual controlled trajectory and target proximity; no identified real-world treatment-effect estimand,NA: simulated individual/group model trajectory under an optimized controller; no population treatment-effect estimand,Model-specific individual controlled trajectory and target proximity; no identified real-world treatment-effect estimand,"Human Brain Mapping PMCID PMC13370802: Methods 5.2-5.3 (DSR and control), Results Figs. 2-6, Supplementary Figs. S4 and S12, Limitations, and Data Availability; official humml-lab/fmri-control repository.",Primary-source adjudication for estimand: retained the publication-bounded value; NI/NA is used where the source does not support a stronger claim.
MWM-XD5F16C34AE,A Data-Driven Closed-Loop Control Approach to Drive Neural State Transitions for Mechanistic Insight.,confounding_strategy,No design-based or measured-confounder adjustment for real stimulation effects,NA: no observational treatment-effect estimation,NA: the study does not estimate a real stimulation treatment effect; simulated latent controls have no design-based confounding adjustment.,"Human Brain Mapping PMCID PMC13370802: Methods 5.2-5.3 (DSR and control), Results Figs. 2-6, Supplementary Figs. S4 and S12, Limitations, and Data Availability; official humml-lab/fmri-control repository.",Primary-source adjudication for confounding_strategy: retained the publication-bounded value; NI/NA is used where the source does not support a stronger claim.
MWM-XD5F16C34AE,A Data-Driven Closed-Loop Control Approach to Drive Neural State Transitions for Mechanistic Insight.,positivity_and_overlap,NI: overlap/support for latent controls was not evaluated,NA: simulated controls are not justified by treatment-support/overlap analysis,NI: overlap/support for latent controls was not evaluated,"Human Brain Mapping PMCID PMC13370802: Methods 5.2-5.3 (DSR and control), Results Figs. 2-6, Supplementary Figs. S4 and S12, Limitations, and Data Availability; official humml-lab/fmri-control repository.",Primary-source adjudication for positivity_and_overlap: retained the publication-bounded value; NI/NA is used where the source does not support a stronger claim.
MWM-XD5F16C34AE,A Data-Driven Closed-Loop Control Approach to Drive Neural State Transitions for Mechanistic Insight.,counterfactual_validation,Only internal model interventions and regional perturbations; no randomized or empirical counterfactual validation,Domain constraints and target-state convergence within a learned model only; no randomized or quasi-experimental counterfactual validation,Only internal model interventions and regional perturbations; no randomized or empirical counterfactual validation,"Human Brain Mapping PMCID PMC13370802: Methods 5.2-5.3 (DSR and control), Results Figs. 2-6, Supplementary Figs. S4 and S12, Limitations, and Data Availability; official humml-lab/fmri-control repository.",Primary-source adjudication for counterfactual_validation: retained the publication-bounded value; NI/NA is used where the source does not support a stronger claim.
MWM-XD5F16C34AE,A Data-Driven Closed-Loop Control Approach to Drive Neural State Transitions for Mechanistic Insight.,code_access,Public code and analysis repository: https://github.com/humml-lab/fmri-control; MIT license,Public repository reported at https://github.com/humml-lab/fmri-control,Public code and analysis repository: https://github.com/humml-lab/fmri-control; MIT license,"Human Brain Mapping PMCID PMC13370802: Methods 5.2-5.3 (DSR and control), Results Figs. 2-6, Supplementary Figs. S4 and S12, Limitations, and Data Availability; official humml-lab/fmri-control repository.",Primary-source adjudication for code_access: retained the publication-bounded value; NI/NA is used where the source does not support a stronger claim.
MWM-XD5F16C34AE,A Data-Driven Closed-Loop Control Approach to Drive Neural State Transitions for Mechanistic Insight.,weights_access,"Unclear: checkpoint-consuming scripts are present, but study-specific trained weights were not clearly released",Unclear: trained model weights were not confirmed as a separately reusable artifact,"Unclear: checkpoint-consuming scripts are present, but study-specific trained weights were not clearly released","Human Brain Mapping PMCID PMC13370802: Methods 5.2-5.3 (DSR and control), Results Figs. 2-6, Supplementary Figs. S4 and S12, Limitations, and Data Availability; official humml-lab/fmri-control repository.",Primary-source adjudication for weights_access: retained the publication-bounded value; NI/NA is used where the source does not support a stronger claim.
MWM-XD5F16C34AE,A Data-Driven Closed-Loop Control Approach to Drive Neural State Transitions for Mechanistic Insight.,data_access,Paper reports fully preprocessed data with the code; raw participant data access is governed by the original study,Fully preprocessed study data are reported in the public repository; raw-data access was not established,Paper reports fully preprocessed data with the code; raw participant data access is governed by the original study,"Human Brain Mapping PMCID PMC13370802: Methods 5.2-5.3 (DSR and control), Results Figs. 2-6, Supplementary Figs. S4 and S12, Limitations, and Data Availability; official humml-lab/fmri-control repository.",Primary-source adjudication for data_access: retained the publication-bounded value; NI/NA is used where the source does not support a stronger claim.
MWM-XD5F16C34AE,A Data-Driven Closed-Loop Control Approach to Drive Neural State Transitions for Mechanistic Insight.,preprocessing_reproducibility,"Detailed ROI, PCA, filtering, model-training, and control procedures; repository contains analysis notebooks",Public code and preprocessed arrays support substantial reproduction; scanner preprocessing from raw data is only partially reproducible from inspected materials,"Detailed ROI, PCA, filtering, model-training, and control procedures plus public analysis code/preprocessed arrays; reconstruction from raw scanner data is only partial.","Human Brain Mapping PMCID PMC13370802: Methods 5.2-5.3 (DSR and control), Results Figs. 2-6, Supplementary Figs. S4 and S12, Limitations, and Data Availability; official humml-lab/fmri-control repository.",Primary-source adjudication for preprocessing_reproducibility: retained the publication-bounded value; NI/NA is used where the source does not support a stronger claim.
MWM-XD5F16C34AE,A Data-Driven Closed-Loop Control Approach to Drive Neural State Transitions for Mechanistic Insight.,randomness,Five Xavier-initialized models per participant; best test loss selected; fixed random seeds not reported,Five Xavier-initialized models are trained; model-selection procedure and reported variation are described,Five Xavier-initialized models per participant; best test loss selected; fixed random seeds not reported,"Human Brain Mapping PMCID PMC13370802: Methods 5.2-5.3 (DSR and control), Results Figs. 2-6, Supplementary Figs. S4 and S12, Limitations, and Data Availability; official humml-lab/fmri-control repository.",Primary-source adjudication for randomness: retained the publication-bounded value; NI/NA is used where the source does not support a stronger claim.
MWM-XD5F16C34AE,A Data-Driven Closed-Loop Control Approach to Drive Neural State Transitions for Mechanistic Insight.,evidence_anchors,"PMC13370802 Methods: Participants, fMRI preprocessing, DSR training and closed-loop control; Results Figs. 2-6; Limitations; Data Availability. GitHub README identifies training, evaluation and control code.","Methods sections 'Data', 'Dynamical system reconstruction', and 'Control framework'; Results figures on reconstruction, regional controllability, control energy, and target proximity; Data Availability points to humml-lab/fmri-control","Human Brain Mapping PMCID PMC13370802: Methods 5.2-5.3 (DSR and control), Results Figs. 2-6, Supplementary Figs. S4 and S12, Limitations, and Data Availability; official humml-lab/fmri-control repository.","Human Brain Mapping PMCID PMC13370802: Methods 5.2-5.3 (DSR and control), Results Figs. 2-6, Supplementary Figs. S4 and S12, Limitations, and Data Availability; official humml-lab/fmri-control repository.",Primary-source adjudication for evidence_anchors: retained the publication-bounded value; NI/NA is used where the source does not support a stronger claim.
MWM-XD5F16C34AE,A Data-Driven Closed-Loop Control Approach to Drive Neural State Transitions for Mechanistic Insight.,appraisal_strengths,"Individual models, explicit held-out sequence evaluation, and direct closed-loop target/energy analyses","Direct neural-state and transition evaluation, genuinely free-running control trajectories, regional action sensitivity, and public code/preprocessed data","Individual models, held-out sequence reconstruction, free controlled trajectories, explicit zero-control/region perturbations, horizon sensitivity, and public code/preprocessed data.","Human Brain Mapping PMCID PMC13370802: Methods 5.2-5.3 (DSR and control), Results Figs. 2-6, Supplementary Figs. S4 and S12, Limitations, and Data Availability; official humml-lab/fmri-control repository.",Primary-source adjudication for appraisal_strengths: retained the publication-bounded value; NI/NA is used where the source does not support a stronger claim.
MWM-XD5F16C34AE,A Data-Driven Closed-Loop Control Approach to Drive Neural State Transitions for Mechanistic Insight.,appraisal_limitations,Test-set involvement in hyperparameter/model selection; one source cohort; abstract latent controls lack physiological dose/support and empirical intervention validation,"Small single-site cohort; final test segment participates in model selection; no external validation, formal calibration, real intervention, causal identification, or safety evaluation","Small single-site cohort; the final test segment participates in model selection; abstract latent controls lack a physiological dose mapping, empirical intervention validation, formal calibration, external validation, and hazard testing.","Human Brain Mapping PMCID PMC13370802: Methods 5.2-5.3 (DSR and control), Results Figs. 2-6, Supplementary Figs. S4 and S12, Limitations, and Data Availability; official humml-lab/fmri-control repository.",Primary-source adjudication for appraisal_limitations: retained the publication-bounded value; NI/NA is used where the source does not support a stronger claim.
MWM-XD5F16C34AE,A Data-Driven Closed-Loop Control Approach to Drive Neural State Transitions for Mechanistic Insight.,source_status,full_text_inspected,Primary peer-reviewed full text inspected through Europe PMC full-text XML; repository availability checked independently,Primary peer-reviewed full text and supplementary captions inspected; official code/data repository checked.,"Human Brain Mapping PMCID PMC13370802: Methods 5.2-5.3 (DSR and control), Results Figs. 2-6, Supplementary Figs. S4 and S12, Limitations, and Data Availability; official humml-lab/fmri-control repository.",Primary-source adjudication for source_status: retained the publication-bounded value; NI/NA is used where the source does not support a stronger claim.
MWM-XB41D731350,A digital twin for hospital antimicrobial resistance forecasting and constrained intervention optimisation,primary_source_url,https://www.medrxiv.org/content/10.64898/2026.05.15.26353296v1.full,https://doi.org/10.64898/2026.05.15.26353296,https://www.medrxiv.org/content/10.64898/2026.05.15.26353296v1.full,"medRxiv version 1 full text: Methods on the synthetic hospital, T=7/H=7 temporal graph task, partial observation, common-state/common-noise intervention branching, and constrained MILP; Results on surveillance and distribution shifts and within-state policy ranking; Code Availability links the predictive and causal repositories.",Primary-source adjudication for primary_source_url: retained the publication-bounded value; NI/NA is used where the source does not support a stronger claim.
MWM-XB41D731350,A digital twin for hospital antimicrobial resistance forecasting and constrained intervention optimisation,publication_status,medRxiv preprint version 1; posted 2026-05-22,"Preprint (medRxiv/openRxiv, version 1, 2026)",medRxiv preprint version 1; posted 2026-05-22,"medRxiv version 1 full text: Methods on the synthetic hospital, T=7/H=7 temporal graph task, partial observation, common-state/common-noise intervention branching, and constrained MILP; Results on surveillance and distribution shifts and within-state policy ranking; Code Availability links the predictive and causal repositories.",Primary-source adjudication for publication_status: retained the publication-bounded value; NI/NA is used where the source does not support a stronger claim.
MWM-XB41D731350,A digital twin for hospital antimicrobial resistance forecasting and constrained intervention optimisation,domain,Hospital epidemiology; antimicrobial resistance; synthetic contact-network digital twin,Hospital epidemiology and antimicrobial resistance digital twin,Hospital epidemiology; antimicrobial resistance; synthetic contact-network digital twin,"medRxiv version 1 full text: Methods on the synthetic hospital, T=7/H=7 temporal graph task, partial observation, common-state/common-noise intervention branching, and constrained MILP; Results on surveillance and distribution shifts and within-state policy ranking; Code Availability links the predictive and causal repositories.",Primary-source adjudication for domain: retained the publication-bounded value; NI/NA is used where the source does not support a stronger claim.
MWM-XB41D731350,A digital twin for hospital antimicrobial resistance forecasting and constrained intervention optimisation,dataset_or_cohort,"Author-developed synthetic hospital simulator under canonical, partial-observation, shock, superspreader, surveillance, and distribution-shift regimes",Synthetic medium-hospital agent/contact-network simulator under canonical and shifted epidemiological/surveillance regimes,"Author-developed synthetic hospital simulator under canonical, partial-observation, shock, superspreader, surveillance, and distribution-shift regimes","medRxiv version 1 full text: Methods on the synthetic hospital, T=7/H=7 temporal graph task, partial observation, common-state/common-noise intervention branching, and constrained MILP; Results on surveillance and distribution shifts and within-state policy ranking; Code Availability links the predictive and causal repositories.",Primary-source adjudication for dataset_or_cohort: retained the publication-bounded value; NI/NA is used where the source does not support a stronger claim.
MWM-XB41D731350,A digital twin for hospital antimicrobial resistance forecasting and constrained intervention optimisation,sample_scale,"10 wards, 200 patients, 300 staff; 60-day canonical and 360-day shifted trajectories; 12 independent replicates per family","10 wards, 200 patients, and 300 staff; canonical 60-day trajectories plus 360-day shifted experiments with 12 replicates per shift family","10 wards, 200 patients, 300 staff; 60-day canonical and 360-day shifted trajectories; 12 independent replicates per family","medRxiv version 1 full text: Methods on the synthetic hospital, T=7/H=7 temporal graph task, partial observation, common-state/common-noise intervention branching, and constrained MILP; Results on surveillance and distribution shifts and within-state policy ranking; Code Availability links the predictive and causal repositories.",Primary-source adjudication for sample_scale: retained the publication-bounded value; NI/NA is used where the source does not support a stronger claim.
MWM-XB41D731350,A digital twin for hospital antimicrobial resistance forecasting and constrained intervention optimisation,institution_count,NA: fully synthetic hospital rather than an observed institutional cohort,NA: fully synthetic hospital rather than observed institutions,NA: fully synthetic hospital rather than an observed institutional cohort,"medRxiv version 1 full text: Methods on the synthetic hospital, T=7/H=7 temporal graph task, partial observation, common-state/common-noise intervention branching, and constrained MILP; Results on surveillance and distribution shifts and within-state policy ranking; Code Availability links the predictive and causal repositories.",Primary-source adjudication for institution_count: retained the publication-bounded value; NI/NA is used where the source does not support a stronger claim.
MWM-XB41D731350,A digital twin for hospital antimicrobial resistance forecasting and constrained intervention optimisation,split_strategy,Trajectory-level train/validation/test partitions with disjoint simulator seed ranges; matched counterfactual branches share initial state and exogenous random stream,Disjoint simulation seeds for train/test; trajectory-level train/validation/test partitions for causal/action experiments; canonical-trained models are also tested zero-shot under shifts,Trajectory-level train/validation/test partitions with disjoint simulator seed ranges; matched counterfactual branches share initial state and exogenous random stream,"medRxiv version 1 full text: Methods on the synthetic hospital, T=7/H=7 temporal graph task, partial observation, common-state/common-noise intervention branching, and constrained MILP; Results on surveillance and distribution shifts and within-state policy ranking; Code Availability links the predictive and causal repositories.",Primary-source adjudication for split_strategy: retained the publication-bounded value; NI/NA is used where the source does not support a stronger claim.
MWM-XB41D731350,A digital twin for hospital antimicrobial resistance forecasting and constrained intervention optimisation,observation_process,"Daily directed weighted patient-staff contact graphs; patient/staff attributes, admissions, antibiotic exposure, infection/resistance, isolation, screening and surveillance",Daily evolving patient-staff contact graph; full latent-state setting and partially observed surveillance setting with positive/knownness channels,"Daily directed weighted patient-staff contact graphs; patient/staff attributes, admissions, antibiotic exposure, infection/resistance, isolation, screening and surveillance","medRxiv version 1 full text: Methods on the synthetic hospital, T=7/H=7 temporal graph task, partial observation, common-state/common-noise intervention branching, and constrained MILP; Results on surveillance and distribution shifts and within-state policy ranking; Code Availability links the predictive and causal repositories.",Primary-source adjudication for observation_process: retained the publication-bounded value; NI/NA is used where the source does not support a stronger claim.
MWM-XB41D731350,A digital twin for hospital antimicrobial resistance forecasting and constrained intervention optimisation,missingness,"Partial-observation experiments explicitly delay, reduce, or compress surveillance; no real-world missing-data mechanism","Partial observation is explicitly generated through delayed, less-frequent, and incomplete surveillance; incident channels are masked according to the observation regime","Partial-observation experiments explicitly delay, reduce, or compress surveillance; no real-world missing-data mechanism","medRxiv version 1 full text: Methods on the synthetic hospital, T=7/H=7 temporal graph task, partial observation, common-state/common-noise intervention branching, and constrained MILP; Results on surveillance and distribution shifts and within-state policy ranking; Code Availability links the predictive and causal repositories.",Primary-source adjudication for missingness: retained the publication-bounded value; NI/NA is used where the source does not support a stronger claim.
MWM-XB41D731350,A digital twin for hospital antimicrobial resistance forecasting and constrained intervention optimisation,censoring_or_competing_events,"Admissions, discharges and importation are generated by the simulator; no observational censoring problem",NA: simulated fixed trajectories; importation and transmission are modeled processes rather than censoring events,"Admissions, discharges and importation are generated by the simulator; no observational censoring problem","medRxiv version 1 full text: Methods on the synthetic hospital, T=7/H=7 temporal graph task, partial observation, common-state/common-noise intervention branching, and constrained MILP; Results on surveillance and distribution shifts and within-state policy ranking; Code Availability links the predictive and causal repositories.",Primary-source adjudication for censoring_or_competing_events: retained the publication-bounded value; NI/NA is used where the source does not support a stronger claim.
MWM-XB41D731350,A digital twin for hospital antimicrobial resistance forecasting and constrained intervention optimisation,state,"Daily hospital graph with node features, ward/contact structure, colonization/infection/resistance status, antibiotic exposure and containment state","Node/contact states encoding patient, staff, colonization/resistance, antibiotic, admission/importation, and surveillance information","Daily hospital graph with node features, ward/contact structure, colonization/infection/resistance status, antibiotic exposure and containment state","medRxiv version 1 full text: Methods on the synthetic hospital, T=7/H=7 temporal graph task, partial observation, common-state/common-noise intervention branching, and constrained MILP; Results on surveillance and distribution shifts and within-state policy ranking; Code Availability links the predictive and causal repositories.",Primary-source adjudication for state: retained the publication-bounded value; NI/NA is used where the source does not support a stronger claim.
MWM-XB41D731350,A digital twin for hospital antimicrobial resistance forecasting and constrained intervention optimisation,observation_decoder,Forecast of endogenous spread versus importation and intervention-conditioned future resistant burden/action ranking,Forecasts resistance-spread driver and future burden; intervention branch produces policy-specific future burden/ranking,Forecast of endogenous spread versus importation and intervention-conditioned future resistant burden/action ranking,"medRxiv version 1 full text: Methods on the synthetic hospital, T=7/H=7 temporal graph task, partial observation, common-state/common-noise intervention branching, and constrained MILP; Results on surveillance and distribution shifts and within-state policy ranking; Code Availability links the predictive and causal repositories.",Primary-source adjudication for observation_decoder: retained the publication-bounded value; NI/NA is used where the source does not support a stronger claim.
MWM-XB41D731350,A digital twin for hospital antimicrobial resistance forecasting and constrained intervention optimisation,action,"Library of hospital-wide screening and isolation policies subject to budgets, maximum-use and cooldown constraints",Five-policy library: baseline containment plus four screening/isolation variants,"Library of hospital-wide screening and isolation policies subject to budgets, maximum-use and cooldown constraints","medRxiv version 1 full text: Methods on the synthetic hospital, T=7/H=7 temporal graph task, partial observation, common-state/common-noise intervention branching, and constrained MILP; Results on surveillance and distribution shifts and within-state policy ranking; Code Availability links the predictive and causal repositories.",Primary-source adjudication for action: retained the publication-bounded value; NI/NA is used where the source does not support a stronger claim.
MWM-XB41D731350,A digital twin for hospital antimicrobial resistance forecasting and constrained intervention optimisation,action_provenance,Explicit simulated screening/isolation policies applied to cloned hospital states,Defined simulated hospital policies applied to branched common starting states,Explicit simulated screening/isolation policies applied to cloned hospital states,"medRxiv version 1 full text: Methods on the synthetic hospital, T=7/H=7 temporal graph task, partial observation, common-state/common-noise intervention branching, and constrained MILP; Results on surveillance and distribution shifts and within-state policy ranking; Code Availability links the predictive and causal repositories.",Primary-source adjudication for action_provenance: retained the publication-bounded value; NI/NA is used where the source does not support a stronger claim.
MWM-XB41D731350,A digital twin for hospital antimicrobial resistance forecasting and constrained intervention optimisation,transition_mechanism,Mechanistic agent/contact simulator plus GraphSAGE and temporal transformer forecasting; MILP selects a constrained policy,Temporal GraphSAGE representation plus transformer forecasting; intervention selection also uses constrained mathematical programming,Mechanistic agent/contact simulator plus GraphSAGE and temporal transformer forecasting; MILP selects a constrained policy,"medRxiv version 1 full text: Methods on the synthetic hospital, T=7/H=7 temporal graph task, partial observation, common-state/common-noise intervention branching, and constrained MILP; Results on surveillance and distribution shifts and within-state policy ranking; Code Availability links the predictive and causal repositories.",Primary-source adjudication for transition_mechanism: retained the publication-bounded value; NI/NA is used where the source does not support a stronger claim.
MWM-XB41D731350,A digital twin for hospital antimicrobial resistance forecasting and constrained intervention optimisation,maximum_horizon,7 observed days to forecast or branch 7 future days,Input window T=7 days and forecast horizon H=7 days for primary tasks; simulator trajectories extend to 60 or 360 days,7 observed days to forecast or branch 7 future days,"medRxiv version 1 full text: Methods on the synthetic hospital, T=7/H=7 temporal graph task, partial observation, common-state/common-noise intervention branching, and constrained MILP; Results on surveillance and distribution shifts and within-state policy ranking; Code Availability links the predictive and causal repositories.",Primary-source adjudication for maximum_horizon: retained the publication-bounded value; NI/NA is used where the source does not support a stronger claim.
MWM-XB41D731350,A digital twin for hospital antimicrobial resistance forecasting and constrained intervention optimisation,rollout_regime,Mechanistic free simulation and matched closed-loop policy branches; learned forecast evaluated at fixed H=7,Learned fixed-horizon forecasts from branched simulator states; policy evaluation uses shared past and shared deterministic noise streams rather than recursive learned rollouts,"Learned fixed-H=7 forecasts from branched simulator states; matched policy evaluation uses a common past and common exogenous random stream, while the mechanistic hospital simulator—not the learned forecaster—runs freely.","medRxiv version 1 full text: Methods on the synthetic hospital, T=7/H=7 temporal graph task, partial observation, common-state/common-noise intervention branching, and constrained MILP; Results on surveillance and distribution shifts and within-state policy ranking; Code Availability links the predictive and causal repositories.",Primary-source adjudication for rollout_regime: retained the publication-bounded value; NI/NA is used where the source does not support a stronger claim.
MWM-XB41D731350,A digital twin for hospital antimicrobial resistance forecasting and constrained intervention optimisation,capability_claim,Planning: forecast action-conditioned outcomes and optimize constrained screening/isolation policy,Planning: policy-conditioned future forecasts support constrained intervention choice and within-state action ranking,Planning: forecast action-conditioned outcomes and optimize constrained screening/isolation policy,"medRxiv version 1 full text: Methods on the synthetic hospital, T=7/H=7 temporal graph task, partial observation, common-state/common-noise intervention branching, and constrained MILP; Results on surveillance and distribution shifts and within-state policy ranking; Code Availability links the predictive and causal repositories.",Primary-source adjudication for capability_claim: retained the publication-bounded value; NI/NA is used where the source does not support a stronger claim.
MWM-XB41D731350,A digital twin for hospital antimicrobial resistance forecasting and constrained intervention optimisation,baselines,Predictive baselines and feature/contact ablations; baseline containment protocol serves as no-change comparator,"Baseline containment policy, alternative screening/isolation policies, simple predictive baselines, model ablations, full-state versus partial-state models, and canonical versus shifted training",Predictive baselines and feature/contact ablations; baseline containment protocol serves as no-change comparator,"medRxiv version 1 full text: Methods on the synthetic hospital, T=7/H=7 temporal graph task, partial observation, common-state/common-noise intervention branching, and constrained MILP; Results on surveillance and distribution shifts and within-state policy ranking; Code Availability links the predictive and causal repositories.",Primary-source adjudication for baselines: retained the publication-bounded value; NI/NA is used where the source does not support a stronger claim.
MWM-XB41D731350,A digital twin for hospital antimicrobial resistance forecasting and constrained intervention optimisation,state_fidelity_metrics,"AUROC, accuracy, F1, sensitivity and specificity for spread-source classification",AUROC/ranking performance for endogenous-versus-importation mechanism and burden/ranking outcomes across observation regimes,"AUROC, accuracy, F1, sensitivity and specificity for spread-source classification","medRxiv version 1 full text: Methods on the synthetic hospital, T=7/H=7 temporal graph task, partial observation, common-state/common-noise intervention branching, and constrained MILP; Results on surveillance and distribution shifts and within-state policy ranking; Code Availability links the predictive and causal repositories.",Primary-source adjudication for state_fidelity_metrics: retained the publication-bounded value; NI/NA is used where the source does not support a stronger claim.
MWM-XB41D731350,A digital twin for hospital antimicrobial resistance forecasting and constrained intervention optimisation,transition_metrics,"Within-state action-ranking accuracy, top-2 accuracy, strict improvement, non-worsening rate, regret and AUROC",Seven-day forecast performance and policy-specific burden contrast; shifted-regime and zero-shot transfer results,"Within-state action-ranking accuracy, top-2 accuracy, strict improvement, non-worsening rate, regret and AUROC","medRxiv version 1 full text: Methods on the synthetic hospital, T=7/H=7 temporal graph task, partial observation, common-state/common-noise intervention branching, and constrained MILP; Results on surveillance and distribution shifts and within-state policy ranking; Code Availability links the predictive and causal repositories.",Primary-source adjudication for transition_metrics: retained the publication-bounded value; NI/NA is used where the source does not support a stronger claim.
MWM-XB41D731350,A digital twin for hospital antimicrobial resistance forecasting and constrained intervention optimisation,rollout_stability,Distribution-shift and surveillance stress tests; non-worsening and regret reported; no formal long-horizon learned-model drift curve,Distribution-shift and surveillance-delay/frequency stress tests; no recursive learned-model drift curve,Distribution-shift and surveillance stress tests; non-worsening and regret reported; no formal long-horizon learned-model drift curve,"medRxiv version 1 full text: Methods on the synthetic hospital, T=7/H=7 temporal graph task, partial observation, common-state/common-noise intervention branching, and constrained MILP; Results on surveillance and distribution shifts and within-state policy ranking; Code Availability links the predictive and causal repositories.",Primary-source adjudication for rollout_stability: retained the publication-bounded value; NI/NA is used where the source does not support a stronger claim.
MWM-XB41D731350,A digital twin for hospital antimicrobial resistance forecasting and constrained intervention optimisation,action_sensitivity,"Ground-truth versus partial observation, contact-weight and node-feature ablations, delayed/frequent surveillance changes, and multiple policy actions","Policy branching from common states, baseline-policy comparison, and multiple screening/isolation interventions under a shock-and-superspreader regime","Ground-truth versus partial observation, contact-weight and node-feature ablations, delayed/frequent surveillance changes, and multiple policy actions","medRxiv version 1 full text: Methods on the synthetic hospital, T=7/H=7 temporal graph task, partial observation, common-state/common-noise intervention branching, and constrained MILP; Results on surveillance and distribution shifts and within-state policy ranking; Code Availability links the predictive and causal repositories.",Primary-source adjudication for action_sensitivity: retained the publication-bounded value; NI/NA is used where the source does not support a stronger claim.
MWM-XB41D731350,A digital twin for hospital antimicrobial resistance forecasting and constrained intervention optimisation,calibration_and_uncertainty,"Threshold fragility under shift is discussed; no reliability diagram, ECE, slope/intercept, or interval-coverage calibration","Threshold fragility is discussed and probability scores are evaluated, but no formal reliability/ECE/slope or interval-coverage calibration is reported","Threshold fragility under shift is discussed; no reliability diagram, ECE, slope/intercept, or interval-coverage calibration","medRxiv version 1 full text: Methods on the synthetic hospital, T=7/H=7 temporal graph task, partial observation, common-state/common-noise intervention branching, and constrained MILP; Results on surveillance and distribution shifts and within-state policy ranking; Code Availability links the predictive and causal repositories.",Primary-source adjudication for calibration_and_uncertainty: retained the publication-bounded value; NI/NA is used where the source does not support a stronger claim.
MWM-XB41D731350,A digital twin for hospital antimicrobial resistance forecasting and constrained intervention optimisation,external_validation,Only synthetic regime shifts and retraining/zero-shot transfer; no external hospital or simulated-to-real validation,Synthetic zero-shot evaluation across epidemiological and surveillance shifts; not external real-hospital validation,Only synthetic regime shifts and retraining/zero-shot transfer; no external hospital or simulated-to-real validation,"medRxiv version 1 full text: Methods on the synthetic hospital, T=7/H=7 temporal graph task, partial observation, common-state/common-noise intervention branching, and constrained MILP; Results on surveillance and distribution shifts and within-state policy ranking; Code Availability links the predictive and causal repositories.",Primary-source adjudication for external_validation: retained the publication-bounded value; NI/NA is used where the source does not support a stronger claim.
MWM-XB41D731350,A digital twin for hospital antimicrobial resistance forecasting and constrained intervention optimisation,decision_utility,Seventy held-out states support action ranking; MILP demonstrates constrained policy selection in simulation,Within-state action ranking and constrained policy selection against baseline containment protocols,Seventy held-out states support action ranking; MILP demonstrates constrained policy selection in simulation,"medRxiv version 1 full text: Methods on the synthetic hospital, T=7/H=7 temporal graph task, partial observation, common-state/common-noise intervention branching, and constrained MILP; Results on surveillance and distribution shifts and within-state policy ranking; Code Availability links the predictive and causal repositories.",Primary-source adjudication for decision_utility: retained the publication-bounded value; NI/NA is used where the source does not support a stronger claim.
MWM-XB41D731350,A digital twin for hospital antimicrobial resistance forecasting and constrained intervention optimisation,safety_evaluation,Containment burden and non-worsening are measured; budget/max-use/cooldown constraints and stress regimes are tested; no clinical deployment safety,"Constraints are built into optimization and worsening policies can be detected; no real clinical hazard severity, human override, or incident-response evaluation",Containment burden and non-worsening are measured; budget/max-use/cooldown constraints and stress regimes are tested; no clinical deployment safety,"medRxiv version 1 full text: Methods on the synthetic hospital, T=7/H=7 temporal graph task, partial observation, common-state/common-noise intervention branching, and constrained MILP; Results on surveillance and distribution shifts and within-state policy ranking; Code Availability links the predictive and causal repositories.",Primary-source adjudication for safety_evaluation: retained the publication-bounded value; NI/NA is used where the source does not support a stronger claim.
MWM-XB41D731350,A digital twin for hospital antimicrobial resistance forecasting and constrained intervention optimisation,statistical_analysis,"Independent replicates, held-out seed ranges and reported performance distributions; exact inferential test details are limited",Multiple simulation replicates and comparisons across shift families are reported; uncertainty derives from repeated synthetic runs rather than formal predictive intervals,"Independent replicates, held-out seed ranges and reported performance distributions; exact inferential test details are limited","medRxiv version 1 full text: Methods on the synthetic hospital, T=7/H=7 temporal graph task, partial observation, common-state/common-noise intervention branching, and constrained MILP; Results on surveillance and distribution shifts and within-state policy ranking; Code Availability links the predictive and causal repositories.",Primary-source adjudication for statistical_analysis: retained the publication-bounded value; NI/NA is used where the source does not support a stronger claim.
MWM-XB41D731350,A digital twin for hospital antimicrobial resistance forecasting and constrained intervention optimisation,causal_language,The paper labels a causal/intervention branch and generates matched counterfactual futures from identical states,"Uses digital-twin, intervention-conditioned, causal-trajectory, and policy-optimization language within a fully specified simulator",The paper labels a causal/intervention branch and generates matched counterfactual futures from identical states,"medRxiv version 1 full text: Methods on the synthetic hospital, T=7/H=7 temporal graph task, partial observation, common-state/common-noise intervention branching, and constrained MILP; Results on surveillance and distribution shifts and within-state policy ranking; Code Availability links the predictive and causal repositories.",Primary-source adjudication for causal_language: retained the publication-bounded value; NI/NA is used where the source does not support a stronger claim.
MWM-XB41D731350,A digital twin for hospital antimicrobial resistance forecasting and constrained intervention optimisation,estimand,Baseline-relative 7-day resistant-infection burden and policy value within the specified simulator,"Seven-day burden contrast ΔB7(a)=B7(baseline)-B7(a), with burden combining transmission and imported resistant cases",Baseline-relative 7-day resistant-infection burden and policy value within the specified simulator,"medRxiv version 1 full text: Methods on the synthetic hospital, T=7/H=7 temporal graph task, partial observation, common-state/common-noise intervention branching, and constrained MILP; Results on surveillance and distribution shifts and within-state policy ranking; Code Availability links the predictive and causal repositories.",Primary-source adjudication for estimand: retained the publication-bounded value; NI/NA is used where the source does not support a stronger claim.
MWM-XB41D731350,A digital twin for hospital antimicrobial resistance forecasting and constrained intervention optimisation,confounding_strategy,Simulator structure and matched exogenous random streams remove simulated confounding; no real-world confounding analysis,Synthetic design controls data generation; policy branches share the same history and deterministic noise streams,Simulator structure and matched exogenous random streams remove simulated confounding; no real-world confounding analysis,"medRxiv version 1 full text: Methods on the synthetic hospital, T=7/H=7 temporal graph task, partial observation, common-state/common-noise intervention branching, and constrained MILP; Results on surveillance and distribution shifts and within-state policy ranking; Code Availability links the predictive and causal repositories.",Primary-source adjudication for confounding_strategy: retained the publication-bounded value; NI/NA is used where the source does not support a stronger claim.
MWM-XB41D731350,A digital twin for hospital antimicrobial resistance forecasting and constrained intervention optimisation,positivity_and_overlap,Within-simulator actions are available by construction; real-hospital positivity/overlap is NA,Policy library is predefined and fully executable in the simulator; real-world treatment positivity is NA,Within-simulator actions are available by construction; real-hospital positivity/overlap is NA,"medRxiv version 1 full text: Methods on the synthetic hospital, T=7/H=7 temporal graph task, partial observation, common-state/common-noise intervention branching, and constrained MILP; Results on surveillance and distribution shifts and within-state policy ranking; Code Availability links the predictive and causal repositories.",Primary-source adjudication for positivity_and_overlap: retained the publication-bounded value; NI/NA is used where the source does not support a stronger claim.
MWM-XB41D731350,A digital twin for hospital antimicrobial resistance forecasting and constrained intervention optimisation,counterfactual_validation,Matched simulator branches provide synthetic counterfactual ground truth only,"Common-state/common-noise simulator branching validates action ranking internally; no real randomized, quasi-experimental, or target-trial validation",Matched simulator branches provide synthetic counterfactual ground truth only,"medRxiv version 1 full text: Methods on the synthetic hospital, T=7/H=7 temporal graph task, partial observation, common-state/common-noise intervention branching, and constrained MILP; Results on surveillance and distribution shifts and within-state policy ranking; Code Availability links the predictive and causal repositories.",Primary-source adjudication for counterfactual_validation: retained the publication-bounded value; NI/NA is used where the source does not support a stronger claim.
MWM-XB41D731350,A digital twin for hospital antimicrobial resistance forecasting and constrained intervention optimisation,code_access,Public implementations: https://github.com/harrytr/dt_amr_predictive and https://github.com/harrytr/dt_amr_causal,Public repositories reported for predictive and causal components: harrytr/dt_amr_predictive and harrytr/dt_amr_causal,Public implementations: https://github.com/harrytr/dt_amr_predictive and https://github.com/harrytr/dt_amr_causal,"medRxiv version 1 full text: Methods on the synthetic hospital, T=7/H=7 temporal graph task, partial observation, common-state/common-noise intervention branching, and constrained MILP; Results on surveillance and distribution shifts and within-state policy ranking; Code Availability links the predictive and causal repositories.",Primary-source adjudication for code_access: retained the publication-bounded value; NI/NA is used where the source does not support a stronger claim.
MWM-XB41D731350,A digital twin for hospital antimicrobial resistance forecasting and constrained intervention optimisation,weights_access,Unclear: pretrained learned-model weights were not stated as released,Unclear: reusable trained weights were not confirmed,Unclear: pretrained learned-model weights were not stated as released,"medRxiv version 1 full text: Methods on the synthetic hospital, T=7/H=7 temporal graph task, partial observation, common-state/common-noise intervention branching, and constrained MILP; Results on surveillance and distribution shifts and within-state policy ranking; Code Availability links the predictive and causal repositories.",Primary-source adjudication for weights_access: retained the publication-bounded value; NI/NA is used where the source does not support a stronger claim.
MWM-XB41D731350,A digital twin for hospital antimicrobial resistance forecasting and constrained intervention optimisation,data_access,Publicly regenerable synthetic trajectories and driver scripts; no real patient data,Synthetic data can be regenerated through the public implementation; no real patient data are used,Publicly regenerable synthetic trajectories and driver scripts; no real patient data,"medRxiv version 1 full text: Methods on the synthetic hospital, T=7/H=7 temporal graph task, partial observation, common-state/common-noise intervention branching, and constrained MILP; Results on surveillance and distribution shifts and within-state policy ranking; Code Availability links the predictive and causal repositories.",Primary-source adjudication for data_access: retained the publication-bounded value; NI/NA is used where the source does not support a stronger claim.
MWM-XB41D731350,A digital twin for hospital antimicrobial resistance forecasting and constrained intervention optimisation,preprocessing_reproducibility,"Simulator, feature construction, seed partitions and model/optimization workflow are described and coded","Code, simulator, configurations, and seed-based generation provide a reproducible synthetic pipeline","Simulator, feature construction, seed partitions and model/optimization workflow are described and coded","medRxiv version 1 full text: Methods on the synthetic hospital, T=7/H=7 temporal graph task, partial observation, common-state/common-noise intervention branching, and constrained MILP; Results on surveillance and distribution shifts and within-state policy ranking; Code Availability links the predictive and causal repositories.",Primary-source adjudication for preprocessing_reproducibility: retained the publication-bounded value; NI/NA is used where the source does not support a stronger claim.
MWM-XB41D731350,A digital twin for hospital antimicrobial resistance forecasting and constrained intervention optimisation,randomness,Disjoint seed ranges and 12 independent replicates are reported,Disjoint seeds and 12 replicates per shift family are reported,Disjoint seed ranges and 12 independent replicates are reported,"medRxiv version 1 full text: Methods on the synthetic hospital, T=7/H=7 temporal graph task, partial observation, common-state/common-noise intervention branching, and constrained MILP; Results on surveillance and distribution shifts and within-state policy ranking; Code Availability links the predictive and causal repositories.",Primary-source adjudication for randomness: retained the publication-bounded value; NI/NA is used where the source does not support a stronger claim.
MWM-XB41D731350,A digital twin for hospital antimicrobial resistance forecasting and constrained intervention optimisation,evidence_anchors,"medRxiv source XML Methods: hospital simulator, predictive task, causal branching and MILP; Results stress tests and held-out action ranking; Code Availability links both official repositories.","Preprint Methods on synthetic hospital, T=7/H=7 graph-transformer task, partial observation, and constrained optimization; Results on surveillance perturbations, distribution shift, and intervention-conditioned branching; equations defining ΔB7(a)","medRxiv version 1 full text: Methods on the synthetic hospital, T=7/H=7 temporal graph task, partial observation, common-state/common-noise intervention branching, and constrained MILP; Results on surveillance and distribution shifts and within-state policy ranking; Code Availability links the predictive and causal repositories.","medRxiv version 1 full text: Methods on the synthetic hospital, T=7/H=7 temporal graph task, partial observation, common-state/common-noise intervention branching, and constrained MILP; Results on surveillance and distribution shifts and within-state policy ranking; Code Availability links the predictive and causal repositories.",Primary-source adjudication for evidence_anchors: retained the publication-bounded value; NI/NA is used where the source does not support a stronger claim.
MWM-XB41D731350,A digital twin for hospital antimicrobial resistance forecasting and constrained intervention optimisation,appraisal_strengths,"Matched branches, explicit action library, action baselines, stress tests and constrained optimization","Explicit observation-process stress tests, common-noise policy comparisons, action ranking, constraints, and public generative code","Matched branches, explicit action library, action baselines, stress tests and constrained optimization","medRxiv version 1 full text: Methods on the synthetic hospital, T=7/H=7 temporal graph task, partial observation, common-state/common-noise intervention branching, and constrained MILP; Results on surveillance and distribution shifts and within-state policy ranking; Code Availability links the predictive and causal repositories.",Primary-source adjudication for appraisal_strengths: retained the publication-bounded value; NI/NA is used where the source does not support a stronger claim.
MWM-XB41D731350,A digital twin for hospital antimicrobial resistance forecasting and constrained intervention optimisation,appraisal_limitations,"All evidence is generated by an assumed simulator; no external hospital data, formal calibration, or deployment hazard evaluation",Preprint-only evidence; entirely synthetic; learned forecasts are fixed-horizon rather than demonstrated free-running world-model rollouts; no formal calibration or real external validation,"Preprint-only and entirely synthetic evidence; the learned forecaster is fixed-horizon rather than recursively free-running; no real-hospital validation, formal calibration, or clinical deployment hazard evaluation.","medRxiv version 1 full text: Methods on the synthetic hospital, T=7/H=7 temporal graph task, partial observation, common-state/common-noise intervention branching, and constrained MILP; Results on surveillance and distribution shifts and within-state policy ranking; Code Availability links the predictive and causal repositories.",Primary-source adjudication for appraisal_limitations: retained the publication-bounded value; NI/NA is used where the source does not support a stronger claim.
MWM-XB41D731350,A digital twin for hospital antimicrobial resistance forecasting and constrained intervention optimisation,source_status,full_text_inspected,Primary medRxiv PDF version 1 inspected; public code repositories identified from the preprint,full_text_inspected,"medRxiv version 1 full text: Methods on the synthetic hospital, T=7/H=7 temporal graph task, partial observation, common-state/common-noise intervention branching, and constrained MILP; Results on surveillance and distribution shifts and within-state policy ranking; Code Availability links the predictive and causal repositories.",Primary-source adjudication for source_status: retained the publication-bounded value; NI/NA is used where the source does not support a stronger claim.
MWM-XD3411F7D18,"CardamomOT: a mechanistic optimal transport-based framework for gene regulatory network inference, trajectory reconstruction and generative modeling",publication_status,bioRxiv preprint version 2; 2026-04-09,"Preprint (bioRxiv, version 2 dated 2026-04-09)",bioRxiv preprint version 2; 2026-04-09,"Accessible primary evidence: bioRxiv v2 abstract/version metadata for DOI 10.64898/2026.03.31.715390 and the official eliasventre/CardamomOT README, configs, dataset modules, tests, experimental_datasets, and article-result scripts. Direct v2 PDF/HTML requests returned HTTP 429 on 2026-09-12.","Primary-source adjudication for publication_status: full text remained inaccessible (HTTP 429), so this value is bounded to the abstract/version record and official repository; paper-only detail is NI."
MWM-XD3411F7D18,"CardamomOT: a mechanistic optimal transport-based framework for gene regulatory network inference, trajectory reconstruction and generative modeling",domain,Single-cell transcriptomics; gene-regulatory-network and developmental trajectory modeling,"Single-cell transcriptomics, gene-regulatory networks, and cell-state dynamics",Single-cell transcriptomics; gene-regulatory-network and developmental trajectory modeling,"Accessible primary evidence: bioRxiv v2 abstract/version metadata for DOI 10.64898/2026.03.31.715390 and the official eliasventre/CardamomOT README, configs, dataset modules, tests, experimental_datasets, and article-result scripts. Direct v2 PDF/HTML requests returned HTTP 429 on 2026-09-12.","Primary-source adjudication for domain: full text remained inaccessible (HTTP 429), so this value is bounded to the abstract/version record and official repository; paper-only detail is NI."
MWM-XD3411F7D18,"CardamomOT: a mechanistic optimal transport-based framework for gene regulatory network inference, trajectory reconstruction and generative modeling",dataset_or_cohort,"Accessible abstract plus official repository experimental datasets: Schiebinger mouse reprogramming, Semrau mouse embryonic stem cells, Kameneva human sympathoadrenal development, and in-silico network benchmarks","Synthetic network benchmarks plus documented experimental time-series datasets including Semrau mouse ESC, Kameneva, and Schiebinger reprogramming data","Accessible abstract plus official repository experimental datasets: Schiebinger mouse reprogramming, Semrau mouse embryonic stem cells, Kameneva human sympathoadrenal development, and in-silico network benchmarks","Accessible primary evidence: bioRxiv v2 abstract/version metadata for DOI 10.64898/2026.03.31.715390 and the official eliasventre/CardamomOT README, configs, dataset modules, tests, experimental_datasets, and article-result scripts. Direct v2 PDF/HTML requests returned HTTP 429 on 2026-09-12.","Primary-source adjudication for dataset_or_cohort: full text remained inaccessible (HTTP 429), so this value is bounded to the abstract/version record and official repository; paper-only detail is NI."
MWM-XD3411F7D18,"CardamomOT: a mechanistic optimal transport-based framework for gene regulatory network inference, trajectory reconstruction and generative modeling",sample_scale,NI: exact cell counts and all paper-level sample totals could not be verified because bioRxiv full text returned HTTP 429,"Repository documents synthetic FN4/FN8/CN5/BN8 systems and experimental series with 5 days, 4 stages/97 genes, and 18 time points/108 genes respectively; exact cell counts NI because full paper was inaccessible","Official repository materials document synthetic FN4/FN8/CN5/BN8 systems and experimental series spanning 5 days, 4 stages/97 genes, and 18 time points/108 genes; exact cell counts and complete paper-level totals are NI because the bioRxiv full text was inaccessible.","Accessible primary evidence: bioRxiv v2 abstract/version metadata for DOI 10.64898/2026.03.31.715390 and the official eliasventre/CardamomOT README, configs, dataset modules, tests, experimental_datasets, and article-result scripts. Direct v2 PDF/HTML requests returned HTTP 429 on 2026-09-12.","Primary-source adjudication for sample_scale: full text remained inaccessible (HTTP 429), so this value is bounded to the abstract/version record and official repository; paper-only detail is NI."
MWM-XD3411F7D18,"CardamomOT: a mechanistic optimal transport-based framework for gene regulatory network inference, trajectory reconstruction and generative modeling",institution_count,NA: public experimental and simulated datasets rather than a clinical institutional cohort,Multiple public datasets/studies; exact institution count NA for this computational secondary analysis,NA: public experimental and simulated datasets rather than a clinical institutional cohort,"Accessible primary evidence: bioRxiv v2 abstract/version metadata for DOI 10.64898/2026.03.31.715390 and the official eliasventre/CardamomOT README, configs, dataset modules, tests, experimental_datasets, and article-result scripts. Direct v2 PDF/HTML requests returned HTTP 429 on 2026-09-12.","Primary-source adjudication for institution_count: full text remained inaccessible (HTTP 429), so this value is bounded to the abstract/version record and official repository; paper-only detail is NI."
MWM-XD3411F7D18,"CardamomOT: a mechanistic optimal transport-based framework for gene regulatory network inference, trajectory reconstruction and generative modeling",split_strategy,"NI: full paper split protocol unavailable; official repository contains Schiebinger data_train.h5ad and data_test.h5ad, full datasets for other examples, and repeated benchmark result files",Repository provides explicit train/test handling for Schiebinger and repeated synthetic experiments; full paper's complete split protocol NI,"NI: full paper split protocol unavailable; official repository contains Schiebinger data_train.h5ad and data_test.h5ad, full datasets for other examples, and repeated benchmark result files","Accessible primary evidence: bioRxiv v2 abstract/version metadata for DOI 10.64898/2026.03.31.715390 and the official eliasventre/CardamomOT README, configs, dataset modules, tests, experimental_datasets, and article-result scripts. Direct v2 PDF/HTML requests returned HTTP 429 on 2026-09-12.","Primary-source adjudication for split_strategy: full text remained inaccessible (HTTP 429), so this value is bounded to the abstract/version record and official repository; paper-only detail is NI."
MWM-XD3411F7D18,"CardamomOT: a mechanistic optimal transport-based framework for gene regulatory network inference, trajectory reconstruction and generative modeling",observation_process,Time-labeled scRNA-seq snapshots with gene counts; exact labels and literature RNA/protein kinetic-rate priors,Irregular population snapshots of scRNA-seq at labeled time points; proteins are latent and not directly observed,Time-labeled scRNA-seq snapshots with gene counts; exact labels and literature RNA/protein kinetic-rate priors,"Accessible primary evidence: bioRxiv v2 abstract/version metadata for DOI 10.64898/2026.03.31.715390 and the official eliasventre/CardamomOT README, configs, dataset modules, tests, experimental_datasets, and article-result scripts. Direct v2 PDF/HTML requests returned HTTP 429 on 2026-09-12.","Primary-source adjudication for observation_process: full text remained inaccessible (HTTP 429), so this value is bounded to the abstract/version record and official repository; paper-only detail is NI."
MWM-XD3411F7D18,"CardamomOT: a mechanistic optimal transport-based framework for gene regulatory network inference, trajectory reconstruction and generative modeling",missingness,NI: manuscript treatment of missing genes/cells/dropout could not be inspected; repository documents required AnnData inputs and zero-inflated/negative-binomial mixture components,Snapshot sampling and dropout/time-point-noise experiments are represented in repository analyses; full missingness assumptions and exact rates NI,NI: manuscript treatment of missing genes/cells/dropout could not be inspected; repository documents required AnnData inputs and zero-inflated/negative-binomial mixture components,"Accessible primary evidence: bioRxiv v2 abstract/version metadata for DOI 10.64898/2026.03.31.715390 and the official eliasventre/CardamomOT README, configs, dataset modules, tests, experimental_datasets, and article-result scripts. Direct v2 PDF/HTML requests returned HTTP 429 on 2026-09-12.","Primary-source adjudication for missingness: full text remained inaccessible (HTTP 429), so this value is bounded to the abstract/version record and official repository; paper-only detail is NI."
MWM-XD3411F7D18,"CardamomOT: a mechanistic optimal transport-based framework for gene regulatory network inference, trajectory reconstruction and generative modeling",censoring_or_competing_events,NA: no clinical censoring or competing-event outcome,NA: cell-snapshot trajectory reconstruction; no clinical censoring or competing-risk endpoint identified,NA: no clinical censoring or competing-event outcome,"Accessible primary evidence: bioRxiv v2 abstract/version metadata for DOI 10.64898/2026.03.31.715390 and the official eliasventre/CardamomOT README, configs, dataset modules, tests, experimental_datasets, and article-result scripts. Direct v2 PDF/HTML requests returned HTTP 429 on 2026-09-12.","Primary-source adjudication for censoring_or_competing_events: full text remained inaccessible (HTTP 429), so this value is bounded to the abstract/version record and official repository; paper-only detail is NI."
MWM-XD3411F7D18,"CardamomOT: a mechanistic optimal transport-based framework for gene regulatory network inference, trajectory reconstruction and generative modeling",state,"Observed RNA counts plus latent proteins, kinetic parameters, cell-time distributions and inferred GRN state",Mechanistic latent mRNA/protein state with inferred gene-regulatory interactions and kinetic parameters,"Observed RNA counts plus latent proteins, kinetic parameters, cell-time distributions and inferred GRN state","Accessible primary evidence: bioRxiv v2 abstract/version metadata for DOI 10.64898/2026.03.31.715390 and the official eliasventre/CardamomOT README, configs, dataset modules, tests, experimental_datasets, and article-result scripts. Direct v2 PDF/HTML requests returned HTTP 429 on 2026-09-12.","Primary-source adjudication for state: full text remained inaccessible (HTTP 429), so this value is bounded to the abstract/version record and official repository; paper-only detail is NI."
MWM-XD3411F7D18,"CardamomOT: a mechanistic optimal transport-based framework for gene regulatory network inference, trajectory reconstruction and generative modeling",observation_decoder,"Reconstructed RNA/protein trajectories, GRN edges/velocity fields, and generated single-cell datasets under wild type or perturbation","Generates reconstructed mRNA/protein trajectories, velocity fields, and synthetic single-cell expression snapshots","Reconstructed RNA/protein trajectories, GRN edges/velocity fields, and generated single-cell datasets under wild type or perturbation","Accessible primary evidence: bioRxiv v2 abstract/version metadata for DOI 10.64898/2026.03.31.715390 and the official eliasventre/CardamomOT README, configs, dataset modules, tests, experimental_datasets, and article-result scripts. Direct v2 PDF/HTML requests returned HTTP 429 on 2026-09-12.","Primary-source adjudication for observation_decoder: full text remained inaccessible (HTTP 429), so this value is bounded to the abstract/version record and official repository; paper-only detail is NI."
MWM-XD3411F7D18,"CardamomOT: a mechanistic optimal transport-based framework for gene regulatory network inference, trajectory reconstruction and generative modeling",action,"Exogenous stimulus schedules and virtual gene knockout, partial knockout and overexpression","Gene knock-out, overexpression, and time-varying stimulus/regulatory modifications","Exogenous stimulus schedules and virtual gene knockout, partial knockout and overexpression","Accessible primary evidence: bioRxiv v2 abstract/version metadata for DOI 10.64898/2026.03.31.715390 and the official eliasventre/CardamomOT README, configs, dataset modules, tests, experimental_datasets, and article-result scripts. Direct v2 PDF/HTML requests returned HTTP 429 on 2026-09-12.","Primary-source adjudication for action: full text remained inaccessible (HTTP 429), so this value is bounded to the abstract/version record and official repository; paper-only detail is NI."
MWM-XD3411F7D18,"CardamomOT: a mechanistic optimal transport-based framework for gene regulatory network inference, trajectory reconstruction and generative modeling",action_provenance,Simulated modifications of calibrated regulatory interactions; not administered interventions in a prospective experiment,In silico modifications of calibrated regulatory interactions; unseen perturbations according to abstract and official repository,Simulated modifications of calibrated regulatory interactions; not administered interventions in a prospective experiment,"Accessible primary evidence: bioRxiv v2 abstract/version metadata for DOI 10.64898/2026.03.31.715390 and the official eliasventre/CardamomOT README, configs, dataset modules, tests, experimental_datasets, and article-result scripts. Direct v2 PDF/HTML requests returned HTTP 429 on 2026-09-12.","Primary-source adjudication for action_provenance: full text remained inaccessible (HTTP 429), so this value is bounded to the abstract/version record and official repository; paper-only detail is NI."
MWM-XD3411F7D18,"CardamomOT: a mechanistic optimal transport-based framework for gene regulatory network inference, trajectory reconstruction and generative modeling",transition_mechanism,Mechanistic transcriptional-bursting and translation/degradation model calibrated by optimal transport across time snapshots,"Mechanistic transcriptional bursting, translation, and degradation dynamics calibrated jointly with optimal-transport coupling across exact time labels",Mechanistic transcriptional-bursting and translation/degradation model calibrated by optimal transport across time snapshots,"Accessible primary evidence: bioRxiv v2 abstract/version metadata for DOI 10.64898/2026.03.31.715390 and the official eliasventre/CardamomOT README, configs, dataset modules, tests, experimental_datasets, and article-result scripts. Direct v2 PDF/HTML requests returned HTTP 429 on 2026-09-12.","Primary-source adjudication for transition_mechanism: full text remained inaccessible (HTTP 429), so this value is bounded to the abstract/version record and official repository; paper-only detail is NI."
MWM-XD3411F7D18,"CardamomOT: a mechanistic optimal transport-based framework for gene regulatory network inference, trajectory reconstruction and generative modeling",maximum_horizon,Up to day 18 in the Schiebinger real-data example; NI: manuscript-wide maximum horizon could not be verified,Repository supports forward generative simulations across dataset time grids; exact maximum rollout length and paper-defined horizon NI,Up to day 18 in the Schiebinger real-data example; NI: manuscript-wide maximum horizon could not be verified,"Accessible primary evidence: bioRxiv v2 abstract/version metadata for DOI 10.64898/2026.03.31.715390 and the official eliasventre/CardamomOT README, configs, dataset modules, tests, experimental_datasets, and article-result scripts. Direct v2 PDF/HTML requests returned HTTP 429 on 2026-09-12.","Primary-source adjudication for maximum_horizon: full text remained inaccessible (HTTP 429), so this value is bounded to the abstract/version record and official repository; paper-only detail is NI."
MWM-XD3411F7D18,"CardamomOT: a mechanistic optimal transport-based framework for gene regulatory network inference, trajectory reconstruction and generative modeling",rollout_regime,Free-running mechanistic simulation from a calibrated GRN; official artifacts compare simulated and observed temporal distributions,Free-running stochastic mechanistic generation after calibration; optimal-transport coupling is used during fitting,Free-running mechanistic simulation from a calibrated GRN; official artifacts compare simulated and observed temporal distributions,"Accessible primary evidence: bioRxiv v2 abstract/version metadata for DOI 10.64898/2026.03.31.715390 and the official eliasventre/CardamomOT README, configs, dataset modules, tests, experimental_datasets, and article-result scripts. Direct v2 PDF/HTML requests returned HTTP 429 on 2026-09-12.","Primary-source adjudication for rollout_regime: full text remained inaccessible (HTTP 429), so this value is bounded to the abstract/version record and official repository; paper-only detail is NI."
MWM-XD3411F7D18,"CardamomOT: a mechanistic optimal transport-based framework for gene regulatory network inference, trajectory reconstruction and generative modeling",capability_claim,Action-conditioned simulation: predict cellular trajectories under unseen regulatory perturbations,Counterfactual: the preprint claims prediction of cellular responses to unseen perturbations by modifying inferred regulatory interactions,Action-conditioned simulation: predict cellular trajectories under unseen regulatory perturbations,"Accessible primary evidence: bioRxiv v2 abstract/version metadata for DOI 10.64898/2026.03.31.715390 and the official eliasventre/CardamomOT README, configs, dataset modules, tests, experimental_datasets, and article-result scripts. Direct v2 PDF/HTML requests returned HTTP 429 on 2026-09-12.","Primary-source adjudication for capability_claim: full text remained inaccessible (HTTP 429), so this value is bounded to the abstract/version record and official repository; paper-only detail is NI."
MWM-XD3411F7D18,"CardamomOT: a mechanistic optimal transport-based framework for gene regulatory network inference, trajectory reconstruction and generative modeling",baselines,"Official result scripts compare CardamomOT with CARDAMOM1, GENIE3, Pearson, PIDC, SINCERITIES and reference-fitting variants",Repository analysis scripts compare GRN/trajectory methods and prior CARDAMOM; full paper baseline list and all settings NI,"Official result scripts compare CardamomOT with CARDAMOM1, GENIE3, Pearson, PIDC, SINCERITIES and reference-fitting variants","Accessible primary evidence: bioRxiv v2 abstract/version metadata for DOI 10.64898/2026.03.31.715390 and the official eliasventre/CardamomOT README, configs, dataset modules, tests, experimental_datasets, and article-result scripts. Direct v2 PDF/HTML requests returned HTTP 429 on 2026-09-12.","Primary-source adjudication for baselines: full text remained inaccessible (HTTP 429), so this value is bounded to the abstract/version record and official repository; paper-only detail is NI."
MWM-XD3411F7D18,"CardamomOT: a mechanistic optimal transport-based framework for gene regulatory network inference, trajectory reconstruction and generative modeling",state_fidelity_metrics,"Abstract reports GRN and trajectory reconstruction; repository contains score arrays, marginal comparisons, UMAPs and simulated-versus-data checks","GRN AUPR, protein/trajectory reconstruction, and velocity-field cosine analyses are present in repository figure scripts","Abstract reports GRN and trajectory reconstruction; repository contains score arrays, marginal comparisons, UMAPs and simulated-versus-data checks","Accessible primary evidence: bioRxiv v2 abstract/version metadata for DOI 10.64898/2026.03.31.715390 and the official eliasventre/CardamomOT README, configs, dataset modules, tests, experimental_datasets, and article-result scripts. Direct v2 PDF/HTML requests returned HTTP 429 on 2026-09-12.","Primary-source adjudication for state_fidelity_metrics: full text remained inaccessible (HTTP 429), so this value is bounded to the abstract/version record and official repository; paper-only detail is NI."
MWM-XD3411F7D18,"CardamomOT: a mechanistic optimal transport-based framework for gene regulatory network inference, trajectory reconstruction and generative modeling",transition_metrics,Trajectory score/loss arrays and velocity/trajectory reconstruction artifacts; NI: exact metric definitions and numerical paper results were not verifiable from full text,Trajectory and velocity-field reconstruction across time points; exact numeric paper results NI,Trajectory score/loss arrays and velocity/trajectory reconstruction artifacts; NI: exact metric definitions and numerical paper results were not verifiable from full text,"Accessible primary evidence: bioRxiv v2 abstract/version metadata for DOI 10.64898/2026.03.31.715390 and the official eliasventre/CardamomOT README, configs, dataset modules, tests, experimental_datasets, and article-result scripts. Direct v2 PDF/HTML requests returned HTTP 429 on 2026-09-12.","Primary-source adjudication for transition_metrics: full text remained inaccessible (HTTP 429), so this value is bounded to the abstract/version record and official repository; paper-only detail is NI."
MWM-XD3411F7D18,"CardamomOT: a mechanistic optimal transport-based framework for gene regulatory network inference, trajectory reconstruction and generative modeling",rollout_stability,Generated temporal marginal and UMAP checks are available; NI: formal stability/constraint analysis in the paper could not be verified,Dropout and time-point-noise robustness analyses are present; long-horizon divergence/constraint summaries NI,Generated temporal marginal and UMAP checks are available; NI: formal stability/constraint analysis in the paper could not be verified,"Accessible primary evidence: bioRxiv v2 abstract/version metadata for DOI 10.64898/2026.03.31.715390 and the official eliasventre/CardamomOT README, configs, dataset modules, tests, experimental_datasets, and article-result scripts. Direct v2 PDF/HTML requests returned HTTP 429 on 2026-09-12.","Primary-source adjudication for rollout_stability: full text remained inaccessible (HTTP 429), so this value is bounded to the abstract/version record and official repository; paper-only detail is NI."
MWM-XD3411F7D18,"CardamomOT: a mechanistic optimal transport-based framework for gene regulatory network inference, trajectory reconstruction and generative modeling",action_sensitivity,"Repository includes stimulus disabling/strength settings, KO, 50-percent KO and overexpression artifacts with wild-type simulations","Knock-out, overexpression, and stimulus-schedule modifications with wild-type/reference comparisons are implemented","Repository includes stimulus disabling/strength settings, KO, 50-percent KO and overexpression artifacts with wild-type simulations","Accessible primary evidence: bioRxiv v2 abstract/version metadata for DOI 10.64898/2026.03.31.715390 and the official eliasventre/CardamomOT README, configs, dataset modules, tests, experimental_datasets, and article-result scripts. Direct v2 PDF/HTML requests returned HTTP 429 on 2026-09-12.","Primary-source adjudication for action_sensitivity: full text remained inaccessible (HTTP 429), so this value is bounded to the abstract/version record and official repository; paper-only detail is NI."
MWM-XD3411F7D18,"CardamomOT: a mechanistic optimal transport-based framework for gene regulatory network inference, trajectory reconstruction and generative modeling",calibration_and_uncertainty,NI: no formal calibration or interval-coverage result could be verified in accessible abstract or official artifacts,Stochastic samples/repeated runs support variability assessment; no formal calibration or interval-coverage analysis was identified in accessible artifacts,NI: no formal calibration or interval-coverage result could be verified in accessible abstract or official artifacts,"Accessible primary evidence: bioRxiv v2 abstract/version metadata for DOI 10.64898/2026.03.31.715390 and the official eliasventre/CardamomOT README, configs, dataset modules, tests, experimental_datasets, and article-result scripts. Direct v2 PDF/HTML requests returned HTTP 429 on 2026-09-12.","Primary-source adjudication for calibration_and_uncertainty: full text remained inaccessible (HTTP 429), so this value is bounded to the abstract/version record and official repository; paper-only detail is NI."
MWM-XD3411F7D18,"CardamomOT: a mechanistic optimal transport-based framework for gene regulatory network inference, trajectory reconstruction and generative modeling",external_validation,"Multiple published experimental datasets are demonstrated, but models are fitted per dataset; no frozen external cohort was verified","Uses several experimental datasets and synthetic networks, with documented Schiebinger holdout; whether evaluation is fully frozen across every dataset is unclear","Multiple published experimental datasets are demonstrated, but models are fitted per dataset; no frozen external cohort was verified","Accessible primary evidence: bioRxiv v2 abstract/version metadata for DOI 10.64898/2026.03.31.715390 and the official eliasventre/CardamomOT README, configs, dataset modules, tests, experimental_datasets, and article-result scripts. Direct v2 PDF/HTML requests returned HTTP 429 on 2026-09-12.","Primary-source adjudication for external_validation: full text remained inaccessible (HTTP 429), so this value is bounded to the abstract/version record and official repository; paper-only detail is NI."
MWM-XD3411F7D18,"CardamomOT: a mechanistic optimal transport-based framework for gene regulatory network inference, trajectory reconstruction and generative modeling",decision_utility,No clinical or operational decision-utility evaluation; biological hypothesis generation is proposed,Mechanistic interpretation and perturbation hypothesis generation; no clinician/workflow or treatment decision evaluation,No clinical or operational decision-utility evaluation; biological hypothesis generation is proposed,"Accessible primary evidence: bioRxiv v2 abstract/version metadata for DOI 10.64898/2026.03.31.715390 and the official eliasventre/CardamomOT README, configs, dataset modules, tests, experimental_datasets, and article-result scripts. Direct v2 PDF/HTML requests returned HTTP 429 on 2026-09-12.","Primary-source adjudication for decision_utility: full text remained inaccessible (HTTP 429), so this value is bounded to the abstract/version record and official repository; paper-only detail is NI."
MWM-XD3411F7D18,"CardamomOT: a mechanistic optimal transport-based framework for gene regulatory network inference, trajectory reconstruction and generative modeling",safety_evaluation,NA: no clinical/physical deployment safety claim or hazard test,"No explicit clinical/physical hazard, severity, override, recovery, or deployment safety test identified",NA: no clinical/physical deployment safety claim or hazard test,"Accessible primary evidence: bioRxiv v2 abstract/version metadata for DOI 10.64898/2026.03.31.715390 and the official eliasventre/CardamomOT README, configs, dataset modules, tests, experimental_datasets, and article-result scripts. Direct v2 PDF/HTML requests returned HTTP 429 on 2026-09-12.","Primary-source adjudication for safety_evaluation: full text remained inaccessible (HTTP 429), so this value is bounded to the abstract/version record and official repository; paper-only detail is NI."
MWM-XD3411F7D18,"CardamomOT: a mechanistic optimal transport-based framework for gene regulatory network inference, trajectory reconstruction and generative modeling",statistical_analysis,NI: exact statistical tests could not be inspected; official results include five- and ten-run benchmark artifacts,"Repeated synthetic runs and GRN/trajectory metrics are implemented; exact confidence intervals, hypothesis tests, and correction procedures NI",NI: exact statistical tests could not be inspected; official results include five- and ten-run benchmark artifacts,"Accessible primary evidence: bioRxiv v2 abstract/version metadata for DOI 10.64898/2026.03.31.715390 and the official eliasventre/CardamomOT README, configs, dataset modules, tests, experimental_datasets, and article-result scripts. Direct v2 PDF/HTML requests returned HTTP 429 on 2026-09-12.","Primary-source adjudication for statistical_analysis: full text remained inaccessible (HTTP 429), so this value is bounded to the abstract/version record and official repository; paper-only detail is NI."
MWM-XD3411F7D18,"CardamomOT: a mechanistic optimal transport-based framework for gene regulatory network inference, trajectory reconstruction and generative modeling",causal_language,Abstract motivates causal regulator-target relationships and unseen perturbation response; no identified treatment-effect claim was verifiable,Abstract states that the calibrated generative model predicts responses to unseen perturbations; this is a model-based counterfactual claim,"The abstract claims prediction of responses to unseen perturbations by modifying inferred regulatory interactions; this is a model-based counterfactual claim, not an identified treatment effect.","Accessible primary evidence: bioRxiv v2 abstract/version metadata for DOI 10.64898/2026.03.31.715390 and the official eliasventre/CardamomOT README, configs, dataset modules, tests, experimental_datasets, and article-result scripts. Direct v2 PDF/HTML requests returned HTTP 429 on 2026-09-12.","Primary-source adjudication for causal_language: full text remained inaccessible (HTTP 429), so this value is bounded to the abstract/version record and official repository; paper-only detail is NI."
MWM-XD3411F7D18,"CardamomOT: a mechanistic optimal transport-based framework for gene regulatory network inference, trajectory reconstruction and generative modeling",estimand,"NA for reviewer coding: simulated response under specified GRN edits, not an identified population treatment-effect estimand",No explicit population intervention-effect or policy-value estimand identified in accessible abstract/repository,No explicit population or individual causal estimand could be verified; outputs are simulated responses under specified GRN edits.,"Accessible primary evidence: bioRxiv v2 abstract/version metadata for DOI 10.64898/2026.03.31.715390 and the official eliasventre/CardamomOT README, configs, dataset modules, tests, experimental_datasets, and article-result scripts. Direct v2 PDF/HTML requests returned HTTP 429 on 2026-09-12.","Primary-source adjudication for estimand: full text remained inaccessible (HTTP 429), so this value is bounded to the abstract/version record and official repository; paper-only detail is NI."
MWM-XD3411F7D18,"CardamomOT: a mechanistic optimal transport-based framework for gene regulatory network inference, trajectory reconstruction and generative modeling",confounding_strategy,NI: manuscript assumptions for causal identification/confounding could not be inspected,Synthetic ground truth and mechanistic assumptions; no observational causal-confounding adjustment identified,NI: manuscript assumptions for causal identification/confounding could not be inspected,"Accessible primary evidence: bioRxiv v2 abstract/version metadata for DOI 10.64898/2026.03.31.715390 and the official eliasventre/CardamomOT README, configs, dataset modules, tests, experimental_datasets, and article-result scripts. Direct v2 PDF/HTML requests returned HTTP 429 on 2026-09-12.","Primary-source adjudication for confounding_strategy: full text remained inaccessible (HTTP 429), so this value is bounded to the abstract/version record and official repository; paper-only detail is NI."
MWM-XD3411F7D18,"CardamomOT: a mechanistic optimal transport-based framework for gene regulatory network inference, trajectory reconstruction and generative modeling",positivity_and_overlap,NI: perturbation support/overlap discussion could not be inspected,Support/overlap for biological perturbations is not evaluated in accessible artifacts,NI: perturbation support/overlap discussion could not be inspected,"Accessible primary evidence: bioRxiv v2 abstract/version metadata for DOI 10.64898/2026.03.31.715390 and the official eliasventre/CardamomOT README, configs, dataset modules, tests, experimental_datasets, and article-result scripts. Direct v2 PDF/HTML requests returned HTTP 429 on 2026-09-12.","Primary-source adjudication for positivity_and_overlap: full text remained inaccessible (HTTP 429), so this value is bounded to the abstract/version record and official repository; paper-only detail is NI."
MWM-XD3411F7D18,"CardamomOT: a mechanistic optimal transport-based framework for gene regulatory network inference, trajectory reconstruction and generative modeling",counterfactual_validation,In-silico ground truth and generated KO/overexpression artifacts provide model-domain checks; experimental perturbation ground truth was not verified,Synthetic ground truth and cross-dataset biological plausibility provide indirect checks; no randomized perturbation validation confirmed,In-silico ground truth and generated KO/overexpression artifacts provide model-domain checks; experimental perturbation ground truth was not verified,"Accessible primary evidence: bioRxiv v2 abstract/version metadata for DOI 10.64898/2026.03.31.715390 and the official eliasventre/CardamomOT README, configs, dataset modules, tests, experimental_datasets, and article-result scripts. Direct v2 PDF/HTML requests returned HTTP 429 on 2026-09-12.","Primary-source adjudication for counterfactual_validation: full text remained inaccessible (HTTP 429), so this value is bounded to the abstract/version record and official repository; paper-only detail is NI."
MWM-XD3411F7D18,"CardamomOT: a mechanistic optimal transport-based framework for gene regulatory network inference, trajectory reconstruction and generative modeling",code_access,"Public official repository: https://github.com/eliasventre/CardamomOT; installation, pipeline and article-result scripts are inspectable",Public MIT-licensed official repository: https://github.com/ulysseherbach/CardamomOT,"Public official repository: https://github.com/eliasventre/CardamomOT; installation, pipeline, tests, and article-result scripts are inspectable, but no repository license metadata was detected.","Accessible primary evidence: bioRxiv v2 abstract/version metadata for DOI 10.64898/2026.03.31.715390 and the official eliasventre/CardamomOT README, configs, dataset modules, tests, experimental_datasets, and article-result scripts. Direct v2 PDF/HTML requests returned HTTP 429 on 2026-09-12.","Primary-source adjudication for code_access: full text remained inaccessible (HTTP 429), so this value is bounded to the abstract/version record and official repository; paper-only detail is NI."
MWM-XD3411F7D18,"CardamomOT: a mechanistic optimal transport-based framework for gene regulatory network inference, trajectory reconstruction and generative modeling",weights_access,Public calibrated arrays and weights.npy files are included in official experimental and article-result directories,NA/unclear: fitting is parameter calibration rather than a packaged neural checkpoint; reusable fitted dataset-specific parameters were not confirmed,Public calibrated arrays and weights.npy files are included in official experimental and article-result directories,"Accessible primary evidence: bioRxiv v2 abstract/version metadata for DOI 10.64898/2026.03.31.715390 and the official eliasventre/CardamomOT README, configs, dataset modules, tests, experimental_datasets, and article-result scripts. Direct v2 PDF/HTML requests returned HTTP 429 on 2026-09-12.","Primary-source adjudication for weights_access: full text remained inaccessible (HTTP 429), so this value is bounded to the abstract/version record and official repository; paper-only detail is NI."
MWM-XD3411F7D18,"CardamomOT: a mechanistic optimal transport-based framework for gene regulatory network inference, trajectory reconstruction and generative modeling",data_access,"Public processed AnnData examples, train/test files, simulated benchmarks and result artifacts are included",Repository includes example/configuration data paths and public-dataset instructions; complete processed data availability varies by dataset,"Public processed AnnData examples, train/test files, simulated benchmarks and result artifacts are included","Accessible primary evidence: bioRxiv v2 abstract/version metadata for DOI 10.64898/2026.03.31.715390 and the official eliasventre/CardamomOT README, configs, dataset modules, tests, experimental_datasets, and article-result scripts. Direct v2 PDF/HTML requests returned HTTP 429 on 2026-09-12.","Primary-source adjudication for data_access: full text remained inaccessible (HTTP 429), so this value is bounded to the abstract/version record and official repository; paper-only detail is NI."
MWM-XD3411F7D18,"CardamomOT: a mechanistic optimal transport-based framework for gene regulatory network inference, trajectory reconstruction and generative modeling",preprocessing_reproducibility,"Repository documents installation, full pipeline, kinetic-rate provenance, stimulus schedules and reproduction scripts; paper-only details remain NI","CLI, tests, configurations, dataset modules, and figure-analysis scripts are public; exact environment-to-paper reproduction could not be fully audited without the paper","Repository documents installation, full pipeline, kinetic-rate provenance, stimulus schedules and reproduction scripts; paper-only details remain NI","Accessible primary evidence: bioRxiv v2 abstract/version metadata for DOI 10.64898/2026.03.31.715390 and the official eliasventre/CardamomOT README, configs, dataset modules, tests, experimental_datasets, and article-result scripts. Direct v2 PDF/HTML requests returned HTTP 429 on 2026-09-12.","Primary-source adjudication for preprocessing_reproducibility: full text remained inaccessible (HTTP 429), so this value is bounded to the abstract/version record and official repository; paper-only detail is NI."
MWM-XD3411F7D18,"CardamomOT: a mechanistic optimal transport-based framework for gene regulatory network inference, trajectory reconstruction and generative modeling",randomness,Repeated benchmark and five-run GRN artifacts are present; NI: fixed seed policy could not be verified,Repository configurations commonly set seed 42 and figure workflows include repeated runs,Repeated benchmark and five-run GRN artifacts are present; NI: fixed seed policy could not be verified,"Accessible primary evidence: bioRxiv v2 abstract/version metadata for DOI 10.64898/2026.03.31.715390 and the official eliasventre/CardamomOT README, configs, dataset modules, tests, experimental_datasets, and article-result scripts. Direct v2 PDF/HTML requests returned HTTP 429 on 2026-09-12.","Primary-source adjudication for randomness: full text remained inaccessible (HTTP 429), so this value is bounded to the abstract/version record and official repository; paper-only detail is NI."
MWM-XD3411F7D18,"CardamomOT: a mechanistic optimal transport-based framework for gene regulatory network inference, trajectory reconstruction and generative modeling",evidence_anchors,Accessible sources: bioRxiv v2 abstract and version metadata at DOI; official GitHub README and docs/examples; experimental_datasets/*; results_article/figures/figure3.py through figure8.py and score arrays. Direct v2 PDF/XML requests repeatedly returned HTTP 429 on 2026-09-12.,"Stable primary sources: bioRxiv API record for DOI/version/date and abstract; official CardamomOT README, configs, dataset modules, tests, and results/figure scripts; repository dataset docs identify Semrau, Kameneva, and Schiebinger time grids","Accessible primary evidence: bioRxiv v2 abstract/version metadata for DOI 10.64898/2026.03.31.715390 and the official eliasventre/CardamomOT README, configs, dataset modules, tests, experimental_datasets, and article-result scripts. Direct v2 PDF/HTML requests returned HTTP 429 on 2026-09-12.","Accessible primary evidence: bioRxiv v2 abstract/version metadata for DOI 10.64898/2026.03.31.715390 and the official eliasventre/CardamomOT README, configs, dataset modules, tests, experimental_datasets, and article-result scripts. Direct v2 PDF/HTML requests returned HTTP 429 on 2026-09-12.","Primary-source adjudication for evidence_anchors: full text remained inaccessible (HTTP 429), so this value is bounded to the abstract/version record and official repository; paper-only detail is NI."
MWM-XD3411F7D18,"CardamomOT: a mechanistic optimal transport-based framework for gene regulatory network inference, trajectory reconstruction and generative modeling",appraisal_strengths,"Mechanistic executable model, multiple real and simulated datasets, public code/data/calibrated artifacts, and explicit perturbation files","Mechanistically interpretable transition model, exact time labels, public implementation/tests, synthetic ground truth, experimental datasets, and explicit perturbation operators","Mechanistic executable model, multiple real and simulated datasets, public code/data/calibrated artifacts, and explicit perturbation files","Accessible primary evidence: bioRxiv v2 abstract/version metadata for DOI 10.64898/2026.03.31.715390 and the official eliasventre/CardamomOT README, configs, dataset modules, tests, experimental_datasets, and article-result scripts. Direct v2 PDF/HTML requests returned HTTP 429 on 2026-09-12.","Primary-source adjudication for appraisal_strengths: full text remained inaccessible (HTTP 429), so this value is bounded to the abstract/version record and official repository; paper-only detail is NI."
MWM-XD3411F7D18,"CardamomOT: a mechanistic optimal transport-based framework for gene regulatory network inference, trajectory reconstruction and generative modeling",appraisal_limitations,"Full-text-only sample counts, metric definitions, statistical procedures and causal assumptions remain NI because of HTTP 429; repository has no detected license metadata","Primary PDF/HTML was blocked by bioRxiv HTTP 1015 during review; exact paper tables, numerical results, sample counts, baseline details, and statistical reporting remain NI and are not inferred","Full-text-only sample counts, metric definitions, statistical procedures, causal assumptions, and paper tables remain NI because bioRxiv returned HTTP 429; repository evidence was not used to invent those details.","Accessible primary evidence: bioRxiv v2 abstract/version metadata for DOI 10.64898/2026.03.31.715390 and the official eliasventre/CardamomOT README, configs, dataset modules, tests, experimental_datasets, and article-result scripts. Direct v2 PDF/HTML requests returned HTTP 429 on 2026-09-12.","Primary-source adjudication for appraisal_limitations: full text remained inaccessible (HTTP 429), so this value is bounded to the abstract/version record and official repository; paper-only detail is NI."
MWM-XD3411F7D18,"CardamomOT: a mechanistic optimal transport-based framework for gene regulatory network inference, trajectory reconstruction and generative modeling",source_status,partial_primary_sources_full_text_http_429,"Primary abstract/metadata and official repository inspected; full text inaccessible from lawful public endpoint during review, so claims are deliberately bounded",Primary abstract/version metadata and official repository inspected; full primary text inaccessible from the lawful public endpoint (HTTP 429).,"Accessible primary evidence: bioRxiv v2 abstract/version metadata for DOI 10.64898/2026.03.31.715390 and the official eliasventre/CardamomOT README, configs, dataset modules, tests, experimental_datasets, and article-result scripts. Direct v2 PDF/HTML requests returned HTTP 429 on 2026-09-12.","Primary-source adjudication for source_status: full text remained inaccessible (HTTP 429), so this value is bounded to the abstract/version record and official repository; paper-only detail is NI."
MWM-XD3411F7D18,"CardamomOT: a mechanistic optimal transport-based framework for gene regulatory network inference, trajectory reconstruction and generative modeling",reviewer_confidence,medium,low,low,"Accessible primary evidence: bioRxiv v2 abstract/version metadata for DOI 10.64898/2026.03.31.715390 and the official eliasventre/CardamomOT README, configs, dataset modules, tests, experimental_datasets, and article-result scripts. Direct v2 PDF/HTML requests returned HTTP 429 on 2026-09-12.","Primary-source adjudication for reviewer_confidence: full text remained inaccessible (HTTP 429), so this value is bounded to the abstract/version record and official repository; paper-only detail is NI."
MWM-XD7F5DAFF27,DITTO: A Visual Digital Twin for Interventions and Temporal Treatment Outcomes in Head and Neck Cancer.,publication_status,Peer-reviewed IEEE Transactions on Visualization and Computer Graphics article; author preprint arXiv:2407.13107 inspected,"Peer-reviewed journal article (IEEE Transactions on Visualization and Computer Graphics, 2025 issue; accepted manuscript inspected)",Peer-reviewed IEEE Transactions on Visualization and Computer Graphics article; author preprint arXiv:2407.13107 inspected,"Accepted author manuscript arXiv:2407.13107, Sections 3-5, Figs. 5-8, quantitative tables, and Appendix A.2. Main text reports n=526, while Appendix A.2 reports n=536=389+147; both values are retained as an unresolved publication inconsistency.",Primary-source adjudication for publication_status: retained the publication-bounded value; NI/NA is used where the source does not support a stronger claim.
MWM-XD7F5DAFF27,DITTO: A Visual Digital Twin for Interventions and Temporal Treatment Outcomes in Head and Neck Cancer.,domain,Oncology; head-and-neck cancer; visual clinical decision support,Head-and-neck oncology treatment decision support and visual analytics,Oncology; head-and-neck cancer; visual clinical decision support,"Accepted author manuscript arXiv:2407.13107, Sections 3-5, Figs. 5-8, quantitative tables, and Appendix A.2. Main text reports n=526, while Appendix A.2 reports n=536=389+147; both values are retained as an unresolved publication inconsistency.",Primary-source adjudication for domain: retained the publication-bounded value; NI/NA is used where the source does not support a stronger claim.
MWM-XD7F5DAFF27,DITTO: A Visual Digital Twin for Interventions and Temporal Treatment Outcomes in Head and Neck Cancer.,dataset_or_cohort,"MD Anderson retrospective squamous oropharyngeal cancer cohort, plus a symptom-model cohort",MD Anderson head-and-neck cancer retrospective cohort (2003-2013) plus a separate symptom-modeling cohort,"MD Anderson retrospective squamous oropharyngeal cancer cohort, plus a symptom-model cohort","Accepted author manuscript arXiv:2407.13107, Sections 3-5, Figs. 5-8, quantitative tables, and Appendix A.2. Main text reports n=526, while Appendix A.2 reports n=536=389+147; both values are retained as an unresolved publication inconsistency.",Primary-source adjudication for dataset_or_cohort: retained the publication-bounded value; NI/NA is used where the source does not support a stronger claim.
MWM-XD7F5DAFF27,DITTO: A Visual Digital Twin for Interventions and Temporal Treatment Outcomes in Head and Neck Cancer.,sample_scale,Main text reports 526 patients; appendix reports 536 with 389 development and 147 evaluation; separate symptom cohort n=937,"Main text reports 526 patients, while Appendix A.2 reports 536 split as 389 training and 147 evaluation; separate symptom cohort contains 937 patients",Main text reports 526 patients; appendix reports 536 with 389 development and 147 evaluation; separate symptom cohort n=937,"Accepted author manuscript arXiv:2407.13107, Sections 3-5, Figs. 5-8, quantitative tables, and Appendix A.2. Main text reports n=526, while Appendix A.2 reports n=536=389+147; both values are retained as an unresolved publication inconsistency.",Primary-source adjudication for sample_scale: the manuscript reports n=526 in the main text and n=536=389+147 in Appendix A.2; both are preserved as an unresolved internal inconsistency.
MWM-XD7F5DAFF27,DITTO: A Visual Digital Twin for Interventions and Temporal Treatment Outcomes in Head and Neck Cancer.,institution_count,1 main cancer center,1 institution (MD Anderson Cancer Center),1 main cancer center,"Accepted author manuscript arXiv:2407.13107, Sections 3-5, Figs. 5-8, quantitative tables, and Appendix A.2. Main text reports n=526, while Appendix A.2 reports n=536=389+147; both values are retained as an unresolved publication inconsistency.",Primary-source adjudication for institution_count: retained the publication-bounded value; NI/NA is used where the source does not support a stronger claim.
MWM-XD7F5DAFF27,DITTO: A Visual Digital Twin for Interventions and Temporal Treatment Outcomes in Head and Neck Cancer.,split_strategy,Appendix reports 389 development and 147 evaluation patients; symptom model uses an 80/20 split; main/appendix total-count discrepancy noted,Patient-level development/evaluation split reported in Appendix A.2 (389/147); propensity-matched local comparisons are built within evaluation analyses,"Appendix A.2 reports 389 development and 147 evaluation patients (total 536), whereas the main text reports 526; the symptom model uses an 80/20 split. The internal total-count inconsistency is unresolved and preserved.","Accepted author manuscript arXiv:2407.13107, Sections 3-5, Figs. 5-8, quantitative tables, and Appendix A.2. Main text reports n=526, while Appendix A.2 reports n=536=389+147; both values are retained as an unresolved publication inconsistency.",Primary-source adjudication for split_strategy: the manuscript reports n=526 in the main text and n=536=389+147 in Appendix A.2; both are preserved as an unresolved internal inconsistency.
MWM-XD7F5DAFF27,DITTO: A Visual Digital Twin for Interventions and Temporal Treatment Outcomes in Head and Neck Cancer.,observation_process,"Longitudinal baseline, tumor/nodal response, dose-limiting toxicity and treatment decisions; survival/recurrence/toxicity follow-up","Longitudinal but stage-structured oncology records covering induction chemotherapy, concurrent chemotherapy, neck dissection, disease outcomes, survival, and toxicities","Longitudinal baseline, tumor/nodal response, dose-limiting toxicity and treatment decisions; survival/recurrence/toxicity follow-up","Accepted author manuscript arXiv:2407.13107, Sections 3-5, Figs. 5-8, quantitative tables, and Appendix A.2. Main text reports n=526, while Appendix A.2 reports n=536=389+147; both values are retained as an unresolved publication inconsistency.",Primary-source adjudication for observation_process: retained the publication-bounded value; NI/NA is used where the source does not support a stronger claim.
MWM-XD7F5DAFF27,DITTO: A Visual Digital Twin for Interventions and Temporal Treatment Outcomes in Head and Neck Cancer.,missingness,Input dropout is used to tolerate missing features; missing symptom values are omitted from MSE; no full missingness mechanism,Missing-variable handling is described in model/data preparation but no dedicated missingness-model validation is reported,Input dropout is used to tolerate missing features; missing symptom values are omitted from MSE; no full missingness mechanism,"Accepted author manuscript arXiv:2407.13107, Sections 3-5, Figs. 5-8, quantitative tables, and Appendix A.2. Main text reports n=526, while Appendix A.2 reports n=536=389+147; both values are retained as an unresolved publication inconsistency.",Primary-source adjudication for missingness: retained the publication-bounded value; NI/NA is used where the source does not support a stronger claim.
MWM-XD7F5DAFF27,DITTO: A Visual Digital Twin for Interventions and Temporal Treatment Outcomes in Head and Neck Cancer.,censoring_or_competing_events,Survival models use time-to-event and last follow-up; incomplete censoring treatment is acknowledged as a limitation,Survival and locoregional control are modeled; censoring details are only partially reported in the inspected accepted manuscript,Survival models use time-to-event and last follow-up; incomplete censoring treatment is acknowledged as a limitation,"Accepted author manuscript arXiv:2407.13107, Sections 3-5, Figs. 5-8, quantitative tables, and Appendix A.2. Main text reports n=526, while Appendix A.2 reports n=536=389+147; both values are retained as an unresolved publication inconsistency.",Primary-source adjudication for censoring_or_competing_events: retained the publication-bounded value; NI/NA is used where the source does not support a stronger claim.
MWM-XD7F5DAFF27,DITTO: A Visual Digital Twin for Interventions and Temporal Treatment Outcomes in Head and Neck Cancer.,state,"Patient features, disease/tumor state, response, toxicity and sequential treatment history",Patient features plus evolving treatment/outcome state across three clinical decision stages,"Patient features, disease/tumor state, response, toxicity and sequential treatment history","Accepted author manuscript arXiv:2407.13107, Sections 3-5, Figs. 5-8, quantitative tables, and Appendix A.2. Main text reports n=526, while Appendix A.2 reports n=536=389+147; both values are retained as an unresolved publication inconsistency.",Primary-source adjudication for state: retained the publication-bounded value; NI/NA is used where the source does not support a stronger claim.
MWM-XD7F5DAFF27,DITTO: A Visual Digital Twin for Interventions and Temporal Treatment Outcomes in Head and Neck Cancer.,observation_decoder,"Next-stage response/toxicity and long-term overall survival, locoregional control, distant metastasis, feeding-tube use and aspiration","Stage-specific treatment response, survival, locoregional control, feeding-tube dependence, and toxicity-risk outputs through the visual interface","Next-stage response/toxicity and long-term overall survival, locoregional control, distant metastasis, feeding-tube use and aspiration","Accepted author manuscript arXiv:2407.13107, Sections 3-5, Figs. 5-8, quantitative tables, and Appendix A.2. Main text reports n=526, while Appendix A.2 reports n=536=389+147; both values are retained as an unresolved publication inconsistency.",Primary-source adjudication for observation_decoder: retained the publication-bounded value; NI/NA is used where the source does not support a stronger claim.
MWM-XD7F5DAFF27,DITTO: A Visual Digital Twin for Interventions and Temporal Treatment Outcomes in Head and Neck Cancer.,action,"Induction chemotherapy, concurrent chemotherapy and neck dissection across three sequential decisions","Induction chemotherapy, concurrent chemotherapy, and neck dissection choices","Induction chemotherapy, concurrent chemotherapy and neck dissection across three sequential decisions","Accepted author manuscript arXiv:2407.13107, Sections 3-5, Figs. 5-8, quantitative tables, and Appendix A.2. Main text reports n=526, while Appendix A.2 reports n=536=389+147; both values are retained as an unresolved publication inconsistency.",Primary-source adjudication for action: retained the publication-bounded value; NI/NA is used where the source does not support a stronger claim.
MWM-XD7F5DAFF27,DITTO: A Visual Digital Twin for Interventions and Temporal Treatment Outcomes in Head and Neck Cancer.,action_provenance,Observed clinician treatments in retrospective records; alternative treatment sequences simulated in the digital twin,Historical clinician-delivered treatments in training data; alternative treatment sequences are simulated by the digital twin,Observed clinician treatments in retrospective records; alternative treatment sequences simulated in the digital twin,"Accepted author manuscript arXiv:2407.13107, Sections 3-5, Figs. 5-8, quantitative tables, and Appendix A.2. Main text reports n=526, while Appendix A.2 reports n=536=389+147; both values are retained as an unresolved publication inconsistency.",Primary-source adjudication for action_provenance: retained the publication-bounded value; NI/NA is used where the source does not support a stronger claim.
MWM-XD7F5DAFF27,DITTO: A Visual Digital Twin for Interventions and Temporal Treatment Outcomes in Head and Neck Cancer.,transition_mechanism,"Learned transition models, deep survival mixture models and DQN/transformer policy models","Sequential deep-reinforcement-learning/digital-twin transition components plus downstream survival, control, and toxicity models","Learned transition models, deep survival mixture models and DQN/transformer policy models","Accepted author manuscript arXiv:2407.13107, Sections 3-5, Figs. 5-8, quantitative tables, and Appendix A.2. Main text reports n=526, while Appendix A.2 reports n=536=389+147; both values are retained as an unresolved publication inconsistency.",Primary-source adjudication for transition_mechanism: retained the publication-bounded value; NI/NA is used where the source does not support a stronger claim.
MWM-XD7F5DAFF27,DITTO: A Visual Digital Twin for Interventions and Temporal Treatment Outcomes in Head and Neck Cancer.,maximum_horizon,"Three treatment decisions; toxicity at 6 months and disease outcomes to 5 years; survival metrics at 12, 24, 36 and 48 months","Outcomes displayed at 12, 24, 36, and 48 months; survival/control curves extend to 5 years","Three treatment decisions; toxicity at 6 months and disease outcomes to 5 years; survival metrics at 12, 24, 36 and 48 months","Accepted author manuscript arXiv:2407.13107, Sections 3-5, Figs. 5-8, quantitative tables, and Appendix A.2. Main text reports n=526, while Appendix A.2 reports n=536=389+147; both values are retained as an unresolved publication inconsistency.",Primary-source adjudication for maximum_horizon: retained the publication-bounded value; NI/NA is used where the source does not support a stronger claim.
MWM-XD7F5DAFF27,DITTO: A Visual Digital Twin for Interventions and Temporal Treatment Outcomes in Head and Neck Cancer.,rollout_regime,Offline sequential patient simulation and policy/counterfactual visualization,Sequential digital-twin branching over treatment stages with downstream outcome prediction; not a continuously recursive physiologic rollout,Offline sequential patient simulation and policy/counterfactual visualization,"Accepted author manuscript arXiv:2407.13107, Sections 3-5, Figs. 5-8, quantitative tables, and Appendix A.2. Main text reports n=526, while Appendix A.2 reports n=536=389+147; both values are retained as an unresolved publication inconsistency.",Primary-source adjudication for rollout_regime: retained the publication-bounded value; NI/NA is used where the source does not support a stronger claim.
MWM-XD7F5DAFF27,DITTO: A Visual Digital Twin for Interventions and Temporal Treatment Outcomes in Head and Neck Cancer.,capability_claim,Planning: compare and select sequential treatment plans using learned digital-twin outcomes,Planning: system is designed to support selection of a treatment sequence by comparing predicted outcomes and risks,Planning: compare and select sequential treatment plans using learned digital-twin outcomes,"Accepted author manuscript arXiv:2407.13107, Sections 3-5, Figs. 5-8, quantitative tables, and Appendix A.2. Main text reports n=526, while Appendix A.2 reports n=536=389+147; both values are retained as an unresolved publication inconsistency.",Primary-source adjudication for capability_claim: retained the publication-bounded value; NI/NA is used where the source does not support a stronger claim.
MWM-XD7F5DAFF27,DITTO: A Visual Digital Twin for Interventions and Temporal Treatment Outcomes in Head and Neck Cancer.,baselines,Logistic/MLP/transformer and policy variants; propensity-matched nearest-neighbor cohort is a clinical comparator,"Published clinical heuristics/standard models and model ablations; treatment alternatives are compared, but a clean action-agnostic transition model is not established",Logistic/MLP/transformer and policy variants; propensity-matched nearest-neighbor cohort is a clinical comparator,"Accepted author manuscript arXiv:2407.13107, Sections 3-5, Figs. 5-8, quantitative tables, and Appendix A.2. Main text reports n=526, while Appendix A.2 reports n=536=389+147; both values are retained as an unresolved publication inconsistency.",Primary-source adjudication for baselines: retained the publication-bounded value; NI/NA is used where the source does not support a stronger claim.
MWM-XD7F5DAFF27,DITTO: A Visual Digital Twin for Interventions and Temporal Treatment Outcomes in Head and Neck Cancer.,state_fidelity_metrics,Transition accuracy/AUC; outcome AUC/F1; individualized risk displays and physician case-study judgments,Predictive performance for treatment/outcome components and toxicity; patient-level risk visualization; detailed metrics in quantitative evaluation tables,Transition accuracy/AUC; outcome AUC/F1; individualized risk displays and physician case-study judgments,"Accepted author manuscript arXiv:2407.13107, Sections 3-5, Figs. 5-8, quantitative tables, and Appendix A.2. Main text reports n=526, while Appendix A.2 reports n=536=389+147; both values are retained as an unresolved publication inconsistency.",Primary-source adjudication for state_fidelity_metrics: retained the publication-bounded value; NI/NA is used where the source does not support a stronger claim.
MWM-XD7F5DAFF27,DITTO: A Visual Digital Twin for Interventions and Temporal Treatment Outcomes in Head and Neck Cancer.,transition_metrics,Stage-specific transition prediction and survival/toxicity performance at several outcome horizons,Stage-specific and temporal outcome evaluation at 12/24/36/48 months and up to 5 years; transition fidelity itself is only indirectly evaluated through endpoints,Stage-specific transition prediction and survival/toxicity performance at several outcome horizons,"Accepted author manuscript arXiv:2407.13107, Sections 3-5, Figs. 5-8, quantitative tables, and Appendix A.2. Main text reports n=526, while Appendix A.2 reports n=536=389+147; both values are retained as an unresolved publication inconsistency.",Primary-source adjudication for transition_metrics: retained the publication-bounded value; NI/NA is used where the source does not support a stronger claim.
MWM-XD7F5DAFF27,DITTO: A Visual Digital Twin for Interventions and Temporal Treatment Outcomes in Head and Neck Cancer.,rollout_stability,"NI: no quantitative free-rollout drift, divergence or joint-state constraint analysis reported","No explicit free-running drift, joint-state coherence, constraint-violation, or long-horizon stability audit","NI: no quantitative free-rollout drift, divergence or joint-state constraint analysis reported","Accepted author manuscript arXiv:2407.13107, Sections 3-5, Figs. 5-8, quantitative tables, and Appendix A.2. Main text reports n=526, while Appendix A.2 reports n=536=389+147; both values are retained as an unresolved publication inconsistency.",Primary-source adjudication for rollout_stability: retained the publication-bounded value; NI/NA is used where the source does not support a stronger claim.
MWM-XD7F5DAFF27,DITTO: A Visual Digital Twin for Interventions and Temporal Treatment Outcomes in Head and Neck Cancer.,action_sensitivity,"Users can change treatments and patient factors; treated/untreated and model-versus-neighbor outcomes are compared, but no shuffled-action test","Alternative treatment sequences are displayed; propensity-matched treated/untreated comparisons use at least 5 matches within a caliper, but no action-shuffle/removal experiment is reported","Alternative treatment sequences and treated/untreated propensity-matched comparisons are displayed; at least five matches within a caliper are required, but no action-shuffle experiment is reported.","Accepted author manuscript arXiv:2407.13107, Sections 3-5, Figs. 5-8, quantitative tables, and Appendix A.2. Main text reports n=526, while Appendix A.2 reports n=536=389+147; both values are retained as an unresolved publication inconsistency.",Primary-source adjudication for action_sensitivity: retained the publication-bounded value; NI/NA is used where the source does not support a stronger claim.
MWM-XD7F5DAFF27,DITTO: A Visual Digital Twin for Interventions and Temporal Treatment Outcomes in Head and Neck Cancer.,calibration_and_uncertainty,Monte Carlo dropout generates uncertainty intervals; interval coverage or calibration was not evaluated,Monte Carlo dropout with at least 20 samples is used to construct nominal 95% intervals; empirical coverage/calibration is not reported,Monte Carlo dropout generates uncertainty intervals; interval coverage or calibration was not evaluated,"Accepted author manuscript arXiv:2407.13107, Sections 3-5, Figs. 5-8, quantitative tables, and Appendix A.2. Main text reports n=526, while Appendix A.2 reports n=536=389+147; both values are retained as an unresolved publication inconsistency.",Primary-source adjudication for calibration_and_uncertainty: retained the publication-bounded value; NI/NA is used where the source does not support a stronger claim.
MWM-XD7F5DAFF27,DITTO: A Visual Digital Twin for Interventions and Temporal Treatment Outcomes in Head and Neck Cancer.,external_validation,"No external institution, geography or temporal cohort","No frozen external institutional, temporal, geographic, device, or population validation","No external institution, geography or temporal cohort","Accepted author manuscript arXiv:2407.13107, Sections 3-5, Figs. 5-8, quantitative tables, and Appendix A.2. Main text reports n=526, while Appendix A.2 reports n=536=389+147; both values are retained as an unresolved publication inconsistency.",Primary-source adjudication for external_validation: retained the publication-bounded value; NI/NA is used where the source does not support a stronger claim.
MWM-XD7F5DAFF27,DITTO: A Visual Digital Twin for Interventions and Temporal Treatment Outcomes in Head and Neck Cancer.,decision_utility,"Participatory design with three oncologists, formative work with eleven physicians, and clinician case studies evaluate workflow utility",Formative work with 11 physicians and two qualitative case studies (one involving an HNC clinician and data scientist); no prospective clinical decision trial,"Participatory design included three oncologists, formative work with 11 physicians, and two clinician-centered qualitative case studies; no prospective clinical decision trial was performed.","Accepted author manuscript arXiv:2407.13107, Sections 3-5, Figs. 5-8, quantitative tables, and Appendix A.2. Main text reports n=526, while Appendix A.2 reports n=536=389+147; both values are retained as an unresolved publication inconsistency.",Primary-source adjudication for decision_utility: retained the publication-bounded value; NI/NA is used where the source does not support a stronger claim.
MWM-XD7F5DAFF27,DITTO: A Visual Digital Twin for Interventions and Temporal Treatment Outcomes in Head and Neck Cancer.,safety_evaluation,"Visual uncertainty, multiple model views and design for healthy skepticism are discussed; no explicit harmful-recommendation or recovery test","Interface design encourages skepticism and exposes uncertainty; no defined harmful-recommendation severity, subgroup worst-case, override/recovery, or incident monitoring test","Visual uncertainty, multiple model views and design for healthy skepticism are discussed; no explicit harmful-recommendation or recovery test","Accepted author manuscript arXiv:2407.13107, Sections 3-5, Figs. 5-8, quantitative tables, and Appendix A.2. Main text reports n=526, while Appendix A.2 reports n=536=389+147; both values are retained as an unresolved publication inconsistency.",Primary-source adjudication for safety_evaluation: retained the publication-bounded value; NI/NA is used where the source does not support a stronger claim.
MWM-XD7F5DAFF27,DITTO: A Visual Digital Twin for Interventions and Temporal Treatment Outcomes in Head and Neck Cancer.,statistical_analysis,Descriptive model metrics and qualitative case-study analysis; NI: comprehensive inferential testing was not reported,Quantitative predictive analyses and propensity-matched comparisons are reported; the accepted manuscript does not establish randomized causal inference,Descriptive model metrics and qualitative case-study analysis; NI: comprehensive inferential testing was not reported,"Accepted author manuscript arXiv:2407.13107, Sections 3-5, Figs. 5-8, quantitative tables, and Appendix A.2. Main text reports n=526, while Appendix A.2 reports n=536=389+147; both values are retained as an unresolved publication inconsistency.",Primary-source adjudication for statistical_analysis: retained the publication-bounded value; NI/NA is used where the source does not support a stronger claim.
MWM-XD7F5DAFF27,DITTO: A Visual Digital Twin for Interventions and Temporal Treatment Outcomes in Head and Neck Cancer.,causal_language,The title and system use intervention/counterfactual language; propensity matching supports comparison but does not identify individual treatment effects,"Uses digital-twin, intervention, and treatment-outcome language, while explicitly acknowledging observational confounding limitations",The title and system use intervention/counterfactual language; propensity matching supports comparison but does not identify individual treatment effects,"Accepted author manuscript arXiv:2407.13107, Sections 3-5, Figs. 5-8, quantitative tables, and Appendix A.2. Main text reports n=526, while Appendix A.2 reports n=536=389+147; both values are retained as an unresolved publication inconsistency.",Primary-source adjudication for causal_language: retained the publication-bounded value; NI/NA is used where the source does not support a stronger claim.
MWM-XD7F5DAFF27,DITTO: A Visual Digital Twin for Interventions and Temporal Treatment Outcomes in Head and Neck Cancer.,estimand,Individual predicted trajectory under alternative treatment sequences; no explicit population estimand,No explicit identified causal estimand; outputs are personalized predicted outcomes under candidate treatment sequences,Individual predicted trajectory under alternative treatment sequences; no explicit population estimand,"Accepted author manuscript arXiv:2407.13107, Sections 3-5, Figs. 5-8, quantitative tables, and Appendix A.2. Main text reports n=526, while Appendix A.2 reports n=536=389+147; both values are retained as an unresolved publication inconsistency.",Primary-source adjudication for estimand: retained the publication-bounded value; NI/NA is used where the source does not support a stronger claim.
MWM-XD7F5DAFF27,DITTO: A Visual Digital Twin for Interventions and Temporal Treatment Outcomes in Head and Neck Cancer.,confounding_strategy,Propensity-matched neighbor comparison only; residual confounding is not addressed,Retrospective propensity matching on observed covariates for selected treated/untreated comparisons,Propensity-matched neighbor comparison only; residual confounding is not addressed,"Accepted author manuscript arXiv:2407.13107, Sections 3-5, Figs. 5-8, quantitative tables, and Appendix A.2. Main text reports n=526, while Appendix A.2 reports n=536=389+147; both values are retained as an unresolved publication inconsistency.",Primary-source adjudication for confounding_strategy: retained the publication-bounded value; NI/NA is used where the source does not support a stronger claim.
MWM-XD7F5DAFF27,DITTO: A Visual Digital Twin for Interventions and Temporal Treatment Outcomes in Head and Neck Cancer.,positivity_and_overlap,NI: propensity overlap and support diagnostics not reported,At least five matched comparators and a caliper are required; broader sequential-treatment overlap is not fully characterized,NI: propensity overlap and support diagnostics not reported,"Accepted author manuscript arXiv:2407.13107, Sections 3-5, Figs. 5-8, quantitative tables, and Appendix A.2. Main text reports n=526, while Appendix A.2 reports n=536=389+147; both values are retained as an unresolved publication inconsistency.",Primary-source adjudication for positivity_and_overlap: retained the publication-bounded value; NI/NA is used where the source does not support a stronger claim.
MWM-XD7F5DAFF27,DITTO: A Visual Digital Twin for Interventions and Temporal Treatment Outcomes in Head and Neck Cancer.,counterfactual_validation,"No randomized, quasi-experimental, negative-control or target-trial validation","Propensity-matched observational agreement and clinician case review only; no randomized, quasi-experimental, or target-trial validation","No randomized, quasi-experimental, negative-control or target-trial validation","Accepted author manuscript arXiv:2407.13107, Sections 3-5, Figs. 5-8, quantitative tables, and Appendix A.2. Main text reports n=526, while Appendix A.2 reports n=536=389+147; both values are retained as an unresolved publication inconsistency.",Primary-source adjudication for counterfactual_validation: retained the publication-bounded value; NI/NA is used where the source does not support a stronger claim.
MWM-XD7F5DAFF27,DITTO: A Visual Digital Twin for Interventions and Temporal Treatment Outcomes in Head and Neck Cancer.,code_access,"No public source-code repository was located from the paper, DOI, arXiv source or targeted repository search",No public implementation identified in the accepted manuscript,"No public source-code repository was located from the paper, DOI, arXiv source or targeted repository search","Accepted author manuscript arXiv:2407.13107, Sections 3-5, Figs. 5-8, quantitative tables, and Appendix A.2. Main text reports n=526, while Appendix A.2 reports n=536=389+147; both values are retained as an unresolved publication inconsistency.",Primary-source adjudication for code_access: retained the publication-bounded value; NI/NA is used where the source does not support a stronger claim.
MWM-XD7F5DAFF27,DITTO: A Visual Digital Twin for Interventions and Temporal Treatment Outcomes in Head and Neck Cancer.,weights_access,Unavailable/unclear: no released study weights located,No public trained weights identified,Unavailable/unclear: no released study weights located,"Accepted author manuscript arXiv:2407.13107, Sections 3-5, Figs. 5-8, quantitative tables, and Appendix A.2. Main text reports n=526, while Appendix A.2 reports n=536=389+147; both values are retained as an unresolved publication inconsistency.",Primary-source adjudication for weights_access: retained the publication-bounded value; NI/NA is used where the source does not support a stronger claim.
MWM-XD7F5DAFF27,DITTO: A Visual Digital Twin for Interventions and Temporal Treatment Outcomes in Head and Neck Cancer.,data_access,Patient-level oncology data are not public,Patient-level data are not public; access governed by the originating institution,Patient-level oncology data are not public,"Accepted author manuscript arXiv:2407.13107, Sections 3-5, Figs. 5-8, quantitative tables, and Appendix A.2. Main text reports n=526, while Appendix A.2 reports n=536=389+147; both values are retained as an unresolved publication inconsistency.",Primary-source adjudication for data_access: retained the publication-bounded value; NI/NA is used where the source does not support a stronger claim.
MWM-XD7F5DAFF27,DITTO: A Visual Digital Twin for Interventions and Temporal Treatment Outcomes in Head and Neck Cancer.,preprocessing_reproducibility,"Architecture and features are described, but end-to-end preprocessing and data path are not publicly reproducible","Model/interface methods are described, but absent code/data/weights make end-to-end reproduction insufficient","Architecture and features are described, but end-to-end preprocessing and data path are not publicly reproducible","Accepted author manuscript arXiv:2407.13107, Sections 3-5, Figs. 5-8, quantitative tables, and Appendix A.2. Main text reports n=526, while Appendix A.2 reports n=536=389+147; both values are retained as an unresolved publication inconsistency.",Primary-source adjudication for preprocessing_reproducibility: retained the publication-bounded value; NI/NA is used where the source does not support a stronger claim.
MWM-XD7F5DAFF27,DITTO: A Visual Digital Twin for Interventions and Temporal Treatment Outcomes in Head and Neck Cancer.,randomness,Monte Carlo dropout is repeated; training seeds and repeated model fits are NI,Monte Carlo dropout sampling is specified; training seeds/repeated model fits are not clearly reported,Monte Carlo dropout is repeated; training seeds and repeated model fits are NI,"Accepted author manuscript arXiv:2407.13107, Sections 3-5, Figs. 5-8, quantitative tables, and Appendix A.2. Main text reports n=526, while Appendix A.2 reports n=536=389+147; both values are retained as an unresolved publication inconsistency.",Primary-source adjudication for randomness: retained the publication-bounded value; NI/NA is used where the source does not support a stronger claim.
MWM-XD7F5DAFF27,DITTO: A Visual Digital Twin for Interventions and Temporal Treatment Outcomes in Head and Neck Cancer.,evidence_anchors,"arXiv:2407.13107 pp. 3-4 Data and Model; Results and interface Figs. 5-8; Appendix pp. 12-16 split, metrics and limitations; DOI is the journal record.",Accepted manuscript Sections 3-5 and Appendix A.2; Figures for DITTO workflow/interface and two case studies; quantitative evaluation tables; Appendix A.2 contains the 536=389+147 count that conflicts with 526 in main text,"Accepted author manuscript arXiv:2407.13107, Sections 3-5, Figs. 5-8, quantitative tables, and Appendix A.2. Main text reports n=526, while Appendix A.2 reports n=536=389+147; both values are retained as an unresolved publication inconsistency.","Accepted author manuscript arXiv:2407.13107, Sections 3-5, Figs. 5-8, quantitative tables, and Appendix A.2. Main text reports n=526, while Appendix A.2 reports n=536=389+147; both values are retained as an unresolved publication inconsistency.",Primary-source adjudication for evidence_anchors: the manuscript reports n=526 in the main text and n=536=389+147 in Appendix A.2; both are preserved as an unresolved internal inconsistency.
MWM-XD7F5DAFF27,DITTO: A Visual Digital Twin for Interventions and Temporal Treatment Outcomes in Head and Neck Cancer.,appraisal_strengths,"Sequential treatment representation, multi-horizon outcomes, uncertainty display and direct clinician-centered evaluation","Sequential treatment representation, multiple clinically meaningful endpoints, temporal displays, uncertainty visualization, participatory design, and clinician-facing case evaluation","Sequential treatment representation, multi-horizon outcomes, uncertainty display and direct clinician-centered evaluation","Accepted author manuscript arXiv:2407.13107, Sections 3-5, Figs. 5-8, quantitative tables, and Appendix A.2. Main text reports n=526, while Appendix A.2 reports n=536=389+147; both values are retained as an unresolved publication inconsistency.",Primary-source adjudication for appraisal_strengths: retained the publication-bounded value; NI/NA is used where the source does not support a stronger claim.
MWM-XD7F5DAFF27,DITTO: A Visual Digital Twin for Interventions and Temporal Treatment Outcomes in Head and Neck Cancer.,appraisal_limitations,Single-center retrospective data; cohort-count discrepancy; incomplete censoring/confounding treatment; no external validation or public pipeline,"Single-center retrospective data; internal cohort-count inconsistency; no external/prospective outcome validation, formal calibration, complete causal identification, public artifacts, or hazard testing","Single-center retrospective data; unresolved 526-versus-536 cohort-count inconsistency; incomplete censoring/confounding and overlap characterization; no external/prospective validation, formal calibration, public pipeline, or hazard test.","Accepted author manuscript arXiv:2407.13107, Sections 3-5, Figs. 5-8, quantitative tables, and Appendix A.2. Main text reports n=526, while Appendix A.2 reports n=536=389+147; both values are retained as an unresolved publication inconsistency.",Primary-source adjudication for appraisal_limitations: the manuscript reports n=526 in the main text and n=536=389+147 in Appendix A.2; both are preserved as an unresolved internal inconsistency.
MWM-XD7F5DAFF27,DITTO: A Visual Digital Twin for Interventions and Temporal Treatment Outcomes in Head and Neck Cancer.,source_status,full_text_inspected_author_preprint,Primary accepted full text inspected through arXiv/journal-author manuscript; journal DOI verified,Primary accepted author manuscript inspected; peer-reviewed IEEE TVCG DOI verified.,"Accepted author manuscript arXiv:2407.13107, Sections 3-5, Figs. 5-8, quantitative tables, and Appendix A.2. Main text reports n=526, while Appendix A.2 reports n=536=389+147; both values are retained as an unresolved publication inconsistency.",Primary-source adjudication for source_status: retained the publication-bounded value; NI/NA is used where the source does not support a stronger claim.
MWM-X1305C7353F,Digital twin brain simulator for real-time consciousness monitoring and virtual intervention using primate electrocorticogram data,primary_source_url,https://pmc.ncbi.nlm.nih.gov/articles/PMC11811282/,https://doi.org/10.1038/s41746-025-01444-1,https://pmc.ncbi.nlm.nih.gov/articles/PMC11811282/,"npj Digital Medicine PMCID PMC11811282: Methods on ECoG data, hierarchical V-RNN, data assimilation, and virtual intervention; Figs. 2-5, Table 1, supplementary 1-100-step prediction results, and 2,000-step intervention; Data Availability; h-idei/pvrnn_sa repository checked.",Primary-source adjudication for primary_source_url: retained the publication-bounded value; NI/NA is used where the source does not support a stronger claim.
MWM-X1305C7353F,Digital twin brain simulator for real-time consciousness monitoring and virtual intervention using primate electrocorticogram data,publication_status,Peer-reviewed npj Digital Medicine article; 2025,"Peer-reviewed journal article (npj Digital Medicine, 2025)",Peer-reviewed npj Digital Medicine article; 2025,"npj Digital Medicine PMCID PMC11811282: Methods on ECoG data, hierarchical V-RNN, data assimilation, and virtual intervention; Figs. 2-5, Table 1, supplementary 1-100-step prediction results, and 2,000-step intervention; Data Availability; h-idei/pvrnn_sa repository checked.",Primary-source adjudication for publication_status: retained the publication-bounded value; NI/NA is used where the source does not support a stronger claim.
MWM-X1305C7353F,Digital twin brain simulator for real-time consciousness monitoring and virtual intervention using primate electrocorticogram data,domain,Primate neurophysiology; consciousness/anesthesia; ECoG digital twin,"Primate ECoG, consciousness-state monitoring, and virtual anesthesia intervention",Primate neurophysiology; consciousness/anesthesia; ECoG digital twin,"npj Digital Medicine PMCID PMC11811282: Methods on ECoG data, hierarchical V-RNN, data assimilation, and virtual intervention; Figs. 2-5, Table 1, supplementary 1-100-step prediction results, and 2,000-step intervention; Data Availability; h-idei/pvrnn_sa repository checked.",Primary-source adjudication for domain: retained the publication-bounded value; NI/NA is used where the source does not support a stronger claim.
MWM-X1305C7353F,Digital twin brain simulator for real-time consciousness monitoring and virtual intervention using primate electrocorticogram data,dataset_or_cohort,Neurotycho macaque ECoG recordings in awake and ketamine-medetomidine anesthesia conditions,Neurotycho macaque ECoG recordings in awake and anesthetized conditions,Neurotycho macaque ECoG recordings in awake and ketamine-medetomidine anesthesia conditions,"npj Digital Medicine PMCID PMC11811282: Methods on ECoG data, hierarchical V-RNN, data assimilation, and virtual intervention; Figs. 2-5, Table 1, supplementary 1-100-step prediction results, and 2,000-step intervention; Data Availability; h-idei/pvrnn_sa repository checked.",Primary-source adjudication for dataset_or_cohort: retained the publication-bounded value; NI/NA is used where the source does not support a stronger claim.
MWM-X1305C7353F,Digital twin brain simulator for real-time consciousness monitoring and virtual intervention using primate electrocorticogram data,sample_scale,4 macaques; 20 selected electrodes from 10 regions; 72 two-second training sequences and held-out transition/intervention sequences,"4 macaques; 72 two-second sequences (144,000 modeled time steps reported) from 3 animals for core training, with the fourth serving as held-out subject in four-fold analyses","Four macaques; 20 selected electrodes from 10 regions; 72 two-second sequences (144,000 modeled time steps reported) from three animals for core training, with the fourth used as held-out subject in four-fold analyses.","npj Digital Medicine PMCID PMC11811282: Methods on ECoG data, hierarchical V-RNN, data assimilation, and virtual intervention; Figs. 2-5, Table 1, supplementary 1-100-step prediction results, and 2,000-step intervention; Data Availability; h-idei/pvrnn_sa repository checked.",Primary-source adjudication for sample_scale: retained the publication-bounded value; NI/NA is used where the source does not support a stronger claim.
MWM-X1305C7353F,Digital twin brain simulator for real-time consciousness monitoring and virtual intervention using primate electrocorticogram data,institution_count,"NI: Neurotycho collection source is named, but recording-site count is not explicitly stated",Public Neurotycho multi-animal dataset; recording institution count not used as an evaluation split,"NI: Neurotycho collection source is named, but recording-site count is not explicitly stated","npj Digital Medicine PMCID PMC11811282: Methods on ECoG data, hierarchical V-RNN, data assimilation, and virtual intervention; Figs. 2-5, Table 1, supplementary 1-100-step prediction results, and 2,000-step intervention; Data Availability; h-idei/pvrnn_sa repository checked.",Primary-source adjudication for institution_count: retained the publication-bounded value; NI/NA is used where the source does not support a stronger claim.
MWM-X1305C7353F,Digital twin brain simulator for real-time consciousness monitoring and virtual intervention using primate electrocorticogram data,split_strategy,Four-fold leave-one-animal-out: three macaques train and one tests; repeated across animals,Four-fold leave-one-animal-out evaluation; model is trained on three animals and evaluated/assimilated on the held-out animal,Four-fold leave-one-animal-out: three macaques train and one tests; repeated across animals,"npj Digital Medicine PMCID PMC11811282: Methods on ECoG data, hierarchical V-RNN, data assimilation, and virtual intervention; Figs. 2-5, Table 1, supplementary 1-100-step prediction results, and 2,000-step intervention; Data Availability; h-idei/pvrnn_sa repository checked.",Primary-source adjudication for split_strategy: retained the publication-bounded value; NI/NA is used where the source does not support a stronger claim.
MWM-X1305C7353F,Digital twin brain simulator for real-time consciousness monitoring and virtual intervention using primate electrocorticogram data,observation_process,"1 kHz ECoG from 128 electrodes, reduced to 20 channels; awake/anesthetized sequences and online assimilation windows",1 kHz ECoG from 20 channels spanning 10 regions; awake and anesthetized sequences; online assimilation uses rolling observations,"1 kHz ECoG from 128 electrodes, reduced to 20 channels; awake/anesthetized sequences and online assimilation windows","npj Digital Medicine PMCID PMC11811282: Methods on ECoG data, hierarchical V-RNN, data assimilation, and virtual intervention; Figs. 2-5, Table 1, supplementary 1-100-step prediction results, and 2,000-step intervention; Data Availability; h-idei/pvrnn_sa repository checked.",Primary-source adjudication for observation_process: retained the publication-bounded value; NI/NA is used where the source does not support a stronger claim.
MWM-X1305C7353F,Digital twin brain simulator for real-time consciousness monitoring and virtual intervention using primate electrocorticogram data,missingness,Outlier time bins exceeding 8 SD and neighbors removed; 1.4% anesthetized and 8.6% awake data removed; no missingness model,Outlier samples are excluded (reported 1.4% anesthesia and 8.6% awake); no generative missingness mechanism is evaluated,Outlier time bins exceeding 8 SD and neighbors removed; 1.4% anesthetized and 8.6% awake data removed; no missingness model,"npj Digital Medicine PMCID PMC11811282: Methods on ECoG data, hierarchical V-RNN, data assimilation, and virtual intervention; Figs. 2-5, Table 1, supplementary 1-100-step prediction results, and 2,000-step intervention; Data Availability; h-idei/pvrnn_sa repository checked.",Primary-source adjudication for missingness: retained the publication-bounded value; NI/NA is used where the source does not support a stronger claim.
MWM-X1305C7353F,Digital twin brain simulator for real-time consciousness monitoring and virtual intervention using primate electrocorticogram data,censoring_or_competing_events,NA: fixed neurophysiology sequences; no time-to-event endpoint,"NA: fixed ECoG sequences; no discharge, death, or clinical competing-risk endpoint",NA: fixed neurophysiology sequences; no time-to-event endpoint,"npj Digital Medicine PMCID PMC11811282: Methods on ECoG data, hierarchical V-RNN, data assimilation, and virtual intervention; Figs. 2-5, Table 1, supplementary 1-100-step prediction results, and 2,000-step intervention; Data Availability; h-idei/pvrnn_sa repository checked.",Primary-source adjudication for censoring_or_competing_events: retained the publication-bounded value; NI/NA is used where the source does not support a stronger claim.
MWM-X1305C7353F,Digital twin brain simulator for real-time consciousness monitoring and virtual intervention using primate electrocorticogram data,state,"Hierarchical stochastic latent variables representing local, network and global brain states","Hierarchical latent state with local z1, network z2, and global z3 components intended to capture brain state and individuality","Hierarchical stochastic latent variables representing local, network and global brain states","npj Digital Medicine PMCID PMC11811282: Methods on ECoG data, hierarchical V-RNN, data assimilation, and virtual intervention; Figs. 2-5, Table 1, supplementary 1-100-step prediction results, and 2,000-step intervention; Data Availability; h-idei/pvrnn_sa repository checked.",Primary-source adjudication for state: retained the publication-bounded value; NI/NA is used where the source does not support a stronger claim.
MWM-X1305C7353F,Digital twin brain simulator for real-time consciousness monitoring and virtual intervention using primate electrocorticogram data,observation_decoder,Twenty-channel ECoG trajectories and latent state/condition classifications,Variational recurrent decoder simulates multichannel ECoG signals and latent-state trajectories,Twenty-channel ECoG trajectories and latent state/condition classifications,"npj Digital Medicine PMCID PMC11811282: Methods on ECoG data, hierarchical V-RNN, data assimilation, and virtual intervention; Figs. 2-5, Table 1, supplementary 1-100-step prediction results, and 2,000-step intervention; Data Availability; h-idei/pvrnn_sa repository checked.",Primary-source adjudication for observation_decoder: retained the publication-bounded value; NI/NA is used where the source does not support a stronger claim.
MWM-X1305C7353F,Digital twin brain simulator for real-time consciousness monitoring and virtual intervention using primate electrocorticogram data,action,"Set global, network or regional latent states to emulate anesthesia/awakening or focal intervention",Virtual latent intervention intended to mimic anesthetic/drug-induced brain-state change,"Set global, network or regional latent states to emulate anesthesia/awakening or focal intervention","npj Digital Medicine PMCID PMC11811282: Methods on ECoG data, hierarchical V-RNN, data assimilation, and virtual intervention; Figs. 2-5, Table 1, supplementary 1-100-step prediction results, and 2,000-step intervention; Data Availability; h-idei/pvrnn_sa repository checked.",Primary-source adjudication for action: retained the publication-bounded value; NI/NA is used where the source does not support a stronger claim.
MWM-X1305C7353F,Digital twin brain simulator for real-time consciousness monitoring and virtual intervention using primate electrocorticogram data,action_provenance,"Purely virtual latent manipulation; analogized to drug, TMS or tDCS intervention",Simulated intervention in the learned model; no administered treatment randomized by the study model,"Purely virtual latent manipulation; analogized to drug, TMS or tDCS intervention","npj Digital Medicine PMCID PMC11811282: Methods on ECoG data, hierarchical V-RNN, data assimilation, and virtual intervention; Figs. 2-5, Table 1, supplementary 1-100-step prediction results, and 2,000-step intervention; Data Availability; h-idei/pvrnn_sa repository checked.",Primary-source adjudication for action_provenance: retained the publication-bounded value; NI/NA is used where the source does not support a stronger claim.
MWM-X1305C7353F,Digital twin brain simulator for real-time consciousness monitoring and virtual intervention using primate electrocorticogram data,transition_mechanism,Hierarchical variational recurrent neural network with online error-regression/data assimilation,Hierarchical variational Bayesian recurrent neural network with online data assimilation and latent-state updates,Hierarchical variational recurrent neural network with online error-regression/data assimilation,"npj Digital Medicine PMCID PMC11811282: Methods on ECoG data, hierarchical V-RNN, data assimilation, and virtual intervention; Figs. 2-5, Table 1, supplementary 1-100-step prediction results, and 2,000-step intervention; Data Availability; h-idei/pvrnn_sa repository checked.",Primary-source adjudication for transition_mechanism: retained the publication-bounded value; NI/NA is used where the source does not support a stronger claim.
MWM-X1305C7353F,Digital twin brain simulator for real-time consciousness monitoring and virtual intervention using primate electrocorticogram data,maximum_horizon,Two-second generated sequences; online assimilation uses 500-sample windows,"Primary next-step simulation plus supplementary rollouts from 1 to 100 steps; virtual intervention is simulated for 2,000 steps","Supplementary prediction errors are reported from 1 to 100 free-running steps; virtual intervention is simulated for 2,000 steps, while online assimilation uses rolling 500-observation windows with 100 update steps.","npj Digital Medicine PMCID PMC11811282: Methods on ECoG data, hierarchical V-RNN, data assimilation, and virtual intervention; Figs. 2-5, Table 1, supplementary 1-100-step prediction results, and 2,000-step intervention; Data Availability; h-idei/pvrnn_sa repository checked.",Primary-source adjudication for maximum_horizon: retained the publication-bounded value; NI/NA is used where the source does not support a stronger claim.
MWM-X1305C7353F,Digital twin brain simulator for real-time consciousness monitoring and virtual intervention using primate electrocorticogram data,rollout_regime,Stochastic free generation with online observation assimilation; offline virtual intervention,Free-running multistep simulation and repeated online data-assimilation cycles (rolling 500 observations with 100 update steps),Stochastic free generation with online observation assimilation; offline virtual intervention,"npj Digital Medicine PMCID PMC11811282: Methods on ECoG data, hierarchical V-RNN, data assimilation, and virtual intervention; Figs. 2-5, Table 1, supplementary 1-100-step prediction results, and 2,000-step intervention; Data Availability; h-idei/pvrnn_sa repository checked.",Primary-source adjudication for rollout_regime: retained the publication-bounded value; NI/NA is used where the source does not support a stronger claim.
MWM-X1305C7353F,Digital twin brain simulator for real-time consciousness monitoring and virtual intervention using primate electrocorticogram data,capability_claim,"Action-conditioned simulation: generate ECoG after global, network-level or regional latent intervention",Action-conditioned: virtual intervention modifies latent dynamics; real-time simulation/monitoring is also claimed,"Action-conditioned simulation: generate ECoG after global, network-level or regional latent intervention","npj Digital Medicine PMCID PMC11811282: Methods on ECoG data, hierarchical V-RNN, data assimilation, and virtual intervention; Figs. 2-5, Table 1, supplementary 1-100-step prediction results, and 2,000-step intervention; Data Availability; h-idei/pvrnn_sa repository checked.",Primary-source adjudication for capability_claim: retained the publication-bounded value; NI/NA is used where the source does not support a stronger claim.
MWM-X1305C7353F,Digital twin brain simulator for real-time consciousness monitoring and virtual intervention using primate electrocorticogram data,baselines,Observed ECoG and condition classifiers; no strong independent dynamical baseline reported for interventions,Non-assimilated/model variants and held-out-animal comparisons; awake versus anesthetized conditions,Observed ECoG and condition classifiers; no strong independent dynamical baseline reported for interventions,"npj Digital Medicine PMCID PMC11811282: Methods on ECoG data, hierarchical V-RNN, data assimilation, and virtual intervention; Figs. 2-5, Table 1, supplementary 1-100-step prediction results, and 2,000-step intervention; Data Availability; h-idei/pvrnn_sa repository checked.",Primary-source adjudication for baselines: retained the publication-bounded value; NI/NA is used where the source does not support a stronger claim.
MWM-X1305C7353F,Digital twin brain simulator for real-time consciousness monitoring and virtual intervention using primate electrocorticogram data,state_fidelity_metrics,"Power spectra, functional connectivity, prediction error, latent clustering and condition-discriminator accuracy","ECoG prediction error, power spectra, functional connectivity, latent clustering, and awake/anesthesia discriminator performance","Power spectra, functional connectivity, prediction error, latent clustering and condition-discriminator accuracy","npj Digital Medicine PMCID PMC11811282: Methods on ECoG data, hierarchical V-RNN, data assimilation, and virtual intervention; Figs. 2-5, Table 1, supplementary 1-100-step prediction results, and 2,000-step intervention; Data Availability; h-idei/pvrnn_sa repository checked.",Primary-source adjudication for state_fidelity_metrics: retained the publication-bounded value; NI/NA is used where the source does not support a stronger claim.
MWM-X1305C7353F,Digital twin brain simulator for real-time consciousness monitoring and virtual intervention using primate electrocorticogram data,transition_metrics,Held-out transition-sequence prediction and classification before/after assimilation or intervention,One-step prediction and supplementary 1-100-step error; held-out-subject adaptation/assimilation analyses,Held-out transition-sequence prediction and classification before/after assimilation or intervention,"npj Digital Medicine PMCID PMC11811282: Methods on ECoG data, hierarchical V-RNN, data assimilation, and virtual intervention; Figs. 2-5, Table 1, supplementary 1-100-step prediction results, and 2,000-step intervention; Data Availability; h-idei/pvrnn_sa repository checked.",Primary-source adjudication for transition_metrics: retained the publication-bounded value; NI/NA is used where the source does not support a stronger claim.
MWM-X1305C7353F,Digital twin brain simulator for real-time consciousness monitoring and virtual intervention using primate electrocorticogram data,rollout_stability,Real-time assimilation and two-second sequence generation are demonstrated; no horizon-degradation curve,Prediction error rises gradually across 1-100 steps; no explicit physical constraint-violation metric,Prediction error is reported across 1-100 free-running steps and online assimilation is repeated; no explicit physiological constraint-violation or very-long-horizon stability audit is reported.,"npj Digital Medicine PMCID PMC11811282: Methods on ECoG data, hierarchical V-RNN, data assimilation, and virtual intervention; Figs. 2-5, Table 1, supplementary 1-100-step prediction results, and 2,000-step intervention; Data Availability; h-idei/pvrnn_sa repository checked.",Primary-source adjudication for rollout_stability: retained the publication-bounded value; NI/NA is used where the source does not support a stronger claim.
MWM-X1305C7353F,Digital twin brain simulator for real-time consciousness monitoring and virtual intervention using primate electrocorticogram data,action_sensitivity,"Global z3, network z2 and regional z1 interventions; several intervention targets are compared",Virtual intervention versus non-intervened latent trajectory and dose/state manipulations are shown in model space,"Global z3, network z2 and regional z1 interventions; several intervention targets are compared","npj Digital Medicine PMCID PMC11811282: Methods on ECoG data, hierarchical V-RNN, data assimilation, and virtual intervention; Figs. 2-5, Table 1, supplementary 1-100-step prediction results, and 2,000-step intervention; Data Availability; h-idei/pvrnn_sa repository checked.",Primary-source adjudication for action_sensitivity: retained the publication-bounded value; NI/NA is used where the source does not support a stronger claim.
MWM-X1305C7353F,Digital twin brain simulator for real-time consciousness monitoring and virtual intervention using primate electrocorticogram data,calibration_and_uncertainty,"Variational stochastic samples/posteriors are used, but no reliability, ECE or coverage calibration","Variational posterior and repeated simulations represent uncertainty, but no reliability, ECE, calibration slope, or interval-coverage calibration is reported","Variational stochastic samples/posteriors are used, but no reliability, ECE or coverage calibration","npj Digital Medicine PMCID PMC11811282: Methods on ECoG data, hierarchical V-RNN, data assimilation, and virtual intervention; Figs. 2-5, Table 1, supplementary 1-100-step prediction results, and 2,000-step intervention; Data Availability; h-idei/pvrnn_sa repository checked.",Primary-source adjudication for calibration_and_uncertainty: retained the publication-bounded value; NI/NA is used where the source does not support a stronger claim.
MWM-X1305C7353F,Digital twin brain simulator for real-time consciousness monitoring and virtual intervention using primate electrocorticogram data,external_validation,Leave-one-animal-out evaluation requires data assimilation on the held-out animal; therefore adapted rather than frozen external validation,Frozen leave-one-animal-out initial testing followed by assimilation/adaptation on the held-out animal; this is strong population transfer but not wholly frozen after adaptation,"Leave-one-animal-out testing is followed by assimilation/adaptation on the held-out animal; this is adapted population transfer, not wholly frozen external validation.","npj Digital Medicine PMCID PMC11811282: Methods on ECoG data, hierarchical V-RNN, data assimilation, and virtual intervention; Figs. 2-5, Table 1, supplementary 1-100-step prediction results, and 2,000-step intervention; Data Availability; h-idei/pvrnn_sa repository checked.",Primary-source adjudication for external_validation: retained the publication-bounded value; NI/NA is used where the source does not support a stronger claim.
MWM-X1305C7353F,Digital twin brain simulator for real-time consciousness monitoring and virtual intervention using primate electrocorticogram data,decision_utility,No clinical decision outcome; virtual intervention localizes networks and tests mechanistic hypotheses,"Offline consciousness-state discrimination, real-time signal simulation, and virtual intervention; no clinical workflow trial",No clinical decision outcome; virtual intervention localizes networks and tests mechanistic hypotheses,"npj Digital Medicine PMCID PMC11811282: Methods on ECoG data, hierarchical V-RNN, data assimilation, and virtual intervention; Figs. 2-5, Table 1, supplementary 1-100-step prediction results, and 2,000-step intervention; Data Availability; h-idei/pvrnn_sa repository checked.",Primary-source adjudication for decision_utility: retained the publication-bounded value; NI/NA is used where the source does not support a stronger claim.
MWM-X1305C7353F,Digital twin brain simulator for real-time consciousness monitoring and virtual intervention using primate electrocorticogram data,safety_evaluation,"No physiological hazard, dose limit, failure recovery or real intervention safety evaluation","No explicit hazard severity, harmful intervention, override, recovery, or deployment monitoring test","No physiological hazard, dose limit, failure recovery or real intervention safety evaluation","npj Digital Medicine PMCID PMC11811282: Methods on ECoG data, hierarchical V-RNN, data assimilation, and virtual intervention; Figs. 2-5, Table 1, supplementary 1-100-step prediction results, and 2,000-step intervention; Data Availability; h-idei/pvrnn_sa repository checked.",Primary-source adjudication for safety_evaluation: retained the publication-bounded value; NI/NA is used where the source does not support a stronger claim.
MWM-X1305C7353F,Digital twin brain simulator for real-time consciousness monitoring and virtual intervention using primate electrocorticogram data,statistical_analysis,"Two-way ANOVA, t-tests, silhouette analyses and reported P values","Cross-validation, condition comparisons, and reported inferential analyses support results; exact repeated-rollout uncertainty is limited","Two-way ANOVA, t-tests, silhouette analyses and reported P values","npj Digital Medicine PMCID PMC11811282: Methods on ECoG data, hierarchical V-RNN, data assimilation, and virtual intervention; Figs. 2-5, Table 1, supplementary 1-100-step prediction results, and 2,000-step intervention; Data Availability; h-idei/pvrnn_sa repository checked.",Primary-source adjudication for statistical_analysis: retained the publication-bounded value; NI/NA is used where the source does not support a stronger claim.
MWM-X1305C7353F,Digital twin brain simulator for real-time consciousness monitoring and virtual intervention using primate electrocorticogram data,causal_language,Virtual intervention and digital-twin language is used without an identified causal treatment effect,"Uses virtual drug administration/intervention and functional-network language, not an identified biological treatment effect",Virtual intervention and digital-twin language is used without an identified causal treatment effect,"npj Digital Medicine PMCID PMC11811282: Methods on ECoG data, hierarchical V-RNN, data assimilation, and virtual intervention; Figs. 2-5, Table 1, supplementary 1-100-step prediction results, and 2,000-step intervention; Data Availability; h-idei/pvrnn_sa repository checked.",Primary-source adjudication for causal_language: retained the publication-bounded value; NI/NA is used where the source does not support a stronger claim.
MWM-X1305C7353F,Digital twin brain simulator for real-time consciousness monitoring and virtual intervention using primate electrocorticogram data,estimand,NA: simulated latent-state response rather than a population intervention estimand,NA: model-space trajectory under virtual latent perturbation; no population clinical effect estimand,NA: simulated latent-state response rather than a population intervention estimand,"npj Digital Medicine PMCID PMC11811282: Methods on ECoG data, hierarchical V-RNN, data assimilation, and virtual intervention; Figs. 2-5, Table 1, supplementary 1-100-step prediction results, and 2,000-step intervention; Data Availability; h-idei/pvrnn_sa repository checked.",Primary-source adjudication for estimand: retained the publication-bounded value; NI/NA is used where the source does not support a stronger claim.
MWM-X1305C7353F,Digital twin brain simulator for real-time consciousness monitoring and virtual intervention using primate electrocorticogram data,confounding_strategy,NA: no real treatment-effect analysis,NA: no observational treatment-effect estimation,NA: no real treatment-effect analysis,"npj Digital Medicine PMCID PMC11811282: Methods on ECoG data, hierarchical V-RNN, data assimilation, and virtual intervention; Figs. 2-5, Table 1, supplementary 1-100-step prediction results, and 2,000-step intervention; Data Availability; h-idei/pvrnn_sa repository checked.",Primary-source adjudication for confounding_strategy: retained the publication-bounded value; NI/NA is used where the source does not support a stronger claim.
MWM-X1305C7353F,Digital twin brain simulator for real-time consciousness monitoring and virtual intervention using primate electrocorticogram data,positivity_and_overlap,NA: no real treatment support/overlap analysis,NA: virtual latent interventions are not tied to empirical treatment support,NA: no real treatment support/overlap analysis,"npj Digital Medicine PMCID PMC11811282: Methods on ECoG data, hierarchical V-RNN, data assimilation, and virtual intervention; Figs. 2-5, Table 1, supplementary 1-100-step prediction results, and 2,000-step intervention; Data Availability; h-idei/pvrnn_sa repository checked.",Primary-source adjudication for positivity_and_overlap: retained the publication-bounded value; NI/NA is used where the source does not support a stronger claim.
MWM-X1305C7353F,Digital twin brain simulator for real-time consciousness monitoring and virtual intervention using primate electrocorticogram data,counterfactual_validation,Condition classification and known-state transitions validate simulations indirectly; no real intervention counterfactual,Held-out-animal signal/latent behavior and biological network plausibility only; no real interventional counterfactual validation,Condition classification and known-state transitions validate simulations indirectly; no real intervention counterfactual,"npj Digital Medicine PMCID PMC11811282: Methods on ECoG data, hierarchical V-RNN, data assimilation, and virtual intervention; Figs. 2-5, Table 1, supplementary 1-100-step prediction results, and 2,000-step intervention; Data Availability; h-idei/pvrnn_sa repository checked.",Primary-source adjudication for counterfactual_validation: retained the publication-bounded value; NI/NA is used where the source does not support a stronger claim.
MWM-X1305C7353F,Digital twin brain simulator for real-time consciousness monitoring and virtual intervention using primate electrocorticogram data,code_access,Core PV-RNN implementation public at https://github.com/h-idei/pvrnn_sa; Apache-2.0 license,No public code repository identified in the paper,Core PV-RNN implementation public at https://github.com/h-idei/pvrnn_sa; Apache-2.0 license,"npj Digital Medicine PMCID PMC11811282: Methods on ECoG data, hierarchical V-RNN, data assimilation, and virtual intervention; Figs. 2-5, Table 1, supplementary 1-100-step prediction results, and 2,000-step intervention; Data Availability; h-idei/pvrnn_sa repository checked.",Primary-source adjudication for code_access: retained the publication-bounded value; NI/NA is used where the source does not support a stronger claim.
MWM-X1305C7353F,Digital twin brain simulator for real-time consciousness monitoring and virtual intervention using primate electrocorticogram data,weights_access,"Unclear: repository includes example trained arrays, but study-specific macaque simulator weights were not clearly identified",No public trained weights identified,"Unclear: repository includes example trained arrays, but study-specific macaque simulator weights were not clearly identified","npj Digital Medicine PMCID PMC11811282: Methods on ECoG data, hierarchical V-RNN, data assimilation, and virtual intervention; Figs. 2-5, Table 1, supplementary 1-100-step prediction results, and 2,000-step intervention; Data Availability; h-idei/pvrnn_sa repository checked.",Primary-source adjudication for weights_access: retained the publication-bounded value; NI/NA is used where the source does not support a stronger claim.
MWM-X1305C7353F,Digital twin brain simulator for real-time consciousness monitoring and virtual intervention using primate electrocorticogram data,data_access,Neurotycho data are publicly accessible under its terms,Underlying Neurotycho ECoG data are publicly accessible,Neurotycho data are publicly accessible under its terms,"npj Digital Medicine PMCID PMC11811282: Methods on ECoG data, hierarchical V-RNN, data assimilation, and virtual intervention; Figs. 2-5, Table 1, supplementary 1-100-step prediction results, and 2,000-step intervention; Data Availability; h-idei/pvrnn_sa repository checked.",Primary-source adjudication for data_access: retained the publication-bounded value; NI/NA is used where the source does not support a stronger claim.
MWM-X1305C7353F,Digital twin brain simulator for real-time consciousness monitoring and virtual intervention using primate electrocorticogram data,preprocessing_reproducibility,"Electrode selection, normalization, sequence construction and model/assimilation settings are described",Architecture and preprocessing are described; absence of code/weights limits reproducibility,"Electrode selection, normalization, sequence construction, model, assimilation, and intervention settings are described; public Neurotycho data and a generic PV-RNN implementation exist, but study-specific training configuration and weights were not confirmed.","npj Digital Medicine PMCID PMC11811282: Methods on ECoG data, hierarchical V-RNN, data assimilation, and virtual intervention; Figs. 2-5, Table 1, supplementary 1-100-step prediction results, and 2,000-step intervention; Data Availability; h-idei/pvrnn_sa repository checked.",Primary-source adjudication for preprocessing_reproducibility: retained the publication-bounded value; NI/NA is used where the source does not support a stronger claim.
MWM-X1305C7353F,Digital twin brain simulator for real-time consciousness monitoring and virtual intervention using primate electrocorticogram data,randomness,Stochastic sequence sets and cross-animal folds are reported; fixed training seeds are NI,Four-fold animal splits and stochastic variational simulations are reported; exact global seed protocol is unclear,Stochastic sequence sets and cross-animal folds are reported; fixed training seeds are NI,"npj Digital Medicine PMCID PMC11811282: Methods on ECoG data, hierarchical V-RNN, data assimilation, and virtual intervention; Figs. 2-5, Table 1, supplementary 1-100-step prediction results, and 2,000-step intervention; Data Availability; h-idei/pvrnn_sa repository checked.",Primary-source adjudication for randomness: retained the publication-bounded value; NI/NA is used where the source does not support a stronger claim.
MWM-X1305C7353F,Digital twin brain simulator for real-time consciousness monitoring and virtual intervention using primate electrocorticogram data,evidence_anchors,"PMC11811282 Methods: ECoG data, model training, data assimilation and virtual intervention; Figs. 2-5 and Table 1; Data/Code Availability; official PV-RNN repository README.","Methods 'ECoG data', hierarchical V-RNN, data assimilation, and virtual intervention; Results figures on held-out prediction, latent self-organization, spectra/connectivity, 1-100-step errors, and 2,000-step virtual intervention; Data Availability cites Neurotycho","npj Digital Medicine PMCID PMC11811282: Methods on ECoG data, hierarchical V-RNN, data assimilation, and virtual intervention; Figs. 2-5, Table 1, supplementary 1-100-step prediction results, and 2,000-step intervention; Data Availability; h-idei/pvrnn_sa repository checked.","npj Digital Medicine PMCID PMC11811282: Methods on ECoG data, hierarchical V-RNN, data assimilation, and virtual intervention; Figs. 2-5, Table 1, supplementary 1-100-step prediction results, and 2,000-step intervention; Data Availability; h-idei/pvrnn_sa repository checked.",Primary-source adjudication for evidence_anchors: retained the publication-bounded value; NI/NA is used where the source does not support a stronger claim.
MWM-X1305C7353F,Digital twin brain simulator for real-time consciousness monitoring and virtual intervention using primate electrocorticogram data,appraisal_strengths,"Subject-held-out design, explicit online assimilation and multi-level intervention analysis","Leave-one-animal evaluation, explicit hierarchical states, free-running horizon analysis, online assimilation, and virtual intervention sensitivity","Leave-one-animal evaluation, explicit hierarchical states, horizon-resolved free simulation, online assimilation, and multi-level virtual intervention sensitivity.","npj Digital Medicine PMCID PMC11811282: Methods on ECoG data, hierarchical V-RNN, data assimilation, and virtual intervention; Figs. 2-5, Table 1, supplementary 1-100-step prediction results, and 2,000-step intervention; Data Availability; h-idei/pvrnn_sa repository checked.",Primary-source adjudication for appraisal_strengths: retained the publication-bounded value; NI/NA is used where the source does not support a stronger claim.
MWM-X1305C7353F,Digital twin brain simulator for real-time consciousness monitoring and virtual intervention using primate electrocorticogram data,appraisal_limitations,Only four animals; held-out-animal adaptation; virtual latent manipulations lack real dose/action validation and safety testing,"Only four animals; adapted external-subject evaluation; intervention remains latent/model-based; no formal calibration, causal validation, safety testing, code, or weights","Only four animals; held-out-subject evidence becomes adapted after assimilation; intervention remains latent/model-based; no formal calibration, real intervention validation, hazard test, or confirmed study-specific weights/configuration.","npj Digital Medicine PMCID PMC11811282: Methods on ECoG data, hierarchical V-RNN, data assimilation, and virtual intervention; Figs. 2-5, Table 1, supplementary 1-100-step prediction results, and 2,000-step intervention; Data Availability; h-idei/pvrnn_sa repository checked.",Primary-source adjudication for appraisal_limitations: retained the publication-bounded value; NI/NA is used where the source does not support a stronger claim.
MWM-X1305C7353F,Digital twin brain simulator for real-time consciousness monitoring and virtual intervention using primate electrocorticogram data,source_status,full_text_inspected,Primary peer-reviewed full text inspected through PMC XML; public data statement checked,Primary peer-reviewed full text and supplementary results inspected; public data statement and generic implementation checked.,"npj Digital Medicine PMCID PMC11811282: Methods on ECoG data, hierarchical V-RNN, data assimilation, and virtual intervention; Figs. 2-5, Table 1, supplementary 1-100-step prediction results, and 2,000-step intervention; Data Availability; h-idei/pvrnn_sa repository checked.",Primary-source adjudication for source_status: retained the publication-bounded value; NI/NA is used where the source does not support a stronger claim.
MWM-X6A64D732FB,Koopman-based linearization of preparatory EEG dynamics in Parkinson's disease during galvanic vestibular stimulation.,primary_source_url,https://pmc.ncbi.nlm.nih.gov/articles/PMC12116581/,https://doi.org/10.3389/fnhum.2025.1566566,https://pmc.ncbi.nlm.nih.gov/articles/PMC12116581/,"Frontiers full text PMCID PMC12116581: participants and EEG preprocessing, six-fold subject split, Deep Koopman model, 1-15-step prediction (Fig. 4), LQR methods and controlled/uncontrolled trajectory with bounded inputs (Fig. 8), statistics, and Data/Code Availability.",Primary-source adjudication for primary_source_url: retained the publication-bounded value; NI/NA is used where the source does not support a stronger claim.
MWM-X6A64D732FB,Koopman-based linearization of preparatory EEG dynamics in Parkinson's disease during galvanic vestibular stimulation.,publication_status,Peer-reviewed Frontiers in Human Neuroscience article; 2025,"Peer-reviewed journal article (Frontiers in Human Neuroscience, 2025)",Peer-reviewed Frontiers in Human Neuroscience article; 2025,"Frontiers full text PMCID PMC12116581: participants and EEG preprocessing, six-fold subject split, Deep Koopman model, 1-15-step prediction (Fig. 4), LQR methods and controlled/uncontrolled trajectory with bounded inputs (Fig. 8), statistics, and Data/Code Availability.",Primary-source adjudication for publication_status: retained the publication-bounded value; NI/NA is used where the source does not support a stronger claim.
MWM-X6A64D732FB,Koopman-based linearization of preparatory EEG dynamics in Parkinson's disease during galvanic vestibular stimulation.,domain,EEG; Parkinson disease; neuromodulation and control,Parkinson's disease EEG dynamics and galvanic vestibular stimulation,EEG; Parkinson disease; neuromodulation and control,"Frontiers full text PMCID PMC12116581: participants and EEG preprocessing, six-fold subject split, Deep Koopman model, 1-15-step prediction (Fig. 4), LQR methods and controlled/uncontrolled trajectory with bounded inputs (Fig. 8), statistics, and Data/Code Availability.",Primary-source adjudication for domain: retained the publication-bounded value; NI/NA is used where the source does not support a stronger claim.
MWM-X6A64D732FB,Koopman-based linearization of preparatory EEG dynamics in Parkinson's disease during galvanic vestibular stimulation.,dataset_or_cohort,University of British Columbia Parkinson and healthy-control EEG/GVS study,University of British Columbia Parkinson's disease and healthy-control motor-preparation EEG cohort,University of British Columbia Parkinson and healthy-control EEG/GVS study,"Frontiers full text PMCID PMC12116581: participants and EEG preprocessing, six-fold subject split, Deep Koopman model, 1-15-step prediction (Fig. 4), LQR methods and controlled/uncontrolled trajectory with bounded inputs (Fig. 8), statistics, and Data/Code Availability.",Primary-source adjudication for dataset_or_cohort: retained the publication-bounded value; NI/NA is used where the source does not support a stronger claim.
MWM-X6A64D732FB,Koopman-based linearization of preparatory EEG dynamics in Parkinson's disease during galvanic vestibular stimulation.,sample_scale,18 Parkinson participants and 18 selected healthy controls; seven medication/stimulation condition groups; 10 trials per block,18 participants with Parkinson's disease and 18 healthy controls after exclusions; 10 trials per condition across seven group/stimulation-medication conditions,18 Parkinson participants and 18 selected healthy controls; seven medication/stimulation condition groups; 10 trials per block,"Frontiers full text PMCID PMC12116581: participants and EEG preprocessing, six-fold subject split, Deep Koopman model, 1-15-step prediction (Fig. 4), LQR methods and controlled/uncontrolled trajectory with bounded inputs (Fig. 8), statistics, and Data/Code Availability.",Primary-source adjudication for sample_scale: retained the publication-bounded value; NI/NA is used where the source does not support a stronger claim.
MWM-X6A64D732FB,Koopman-based linearization of preparatory EEG dynamics in Parkinson's disease during galvanic vestibular stimulation.,institution_count,1 institution,1 study site reported (University of British Columbia),1 institution,"Frontiers full text PMCID PMC12116581: participants and EEG preprocessing, six-fold subject split, Deep Koopman model, 1-15-step prediction (Fig. 4), LQR methods and controlled/uncontrolled trajectory with bounded inputs (Fig. 8), statistics, and Data/Code Availability.",Primary-source adjudication for institution_count: retained the publication-bounded value; NI/NA is used where the source does not support a stronger claim.
MWM-X6A64D732FB,Koopman-based linearization of preparatory EEG dynamics in Parkinson's disease during galvanic vestibular stimulation.,split_strategy,Six-fold subject-level cross-validation with 15 training and 3 test subjects in each condition-specific group,Six-fold subject-level split using 15 training and 3 test participants per group in each fold,Six-fold subject-level cross-validation with 15 training and 3 test subjects in each condition-specific group,"Frontiers full text PMCID PMC12116581: participants and EEG preprocessing, six-fold subject split, Deep Koopman model, 1-15-step prediction (Fig. 4), LQR methods and controlled/uncontrolled trajectory with bounded inputs (Fig. 8), statistics, and Data/Code Availability.",Primary-source adjudication for split_strategy: retained the publication-bounded value; NI/NA is used where the source does not support a stronger claim.
MWM-X6A64D732FB,Koopman-based linearization of preparatory EEG dynamics in Parkinson's disease during galvanic vestibular stimulation.,observation_process,Twenty-seven-channel 1 kHz EEG during a one-second movement-preparation interval; five regional signals used by the model,"1 kHz EEG, initially 27 channels and summarized into five regions of interest during preparatory motor-task epochs; sham, GVS1, GVS2, and medication conditions",Twenty-seven-channel 1 kHz EEG during a one-second movement-preparation interval; five regional signals used by the model,"Frontiers full text PMCID PMC12116581: participants and EEG preprocessing, six-fold subject split, Deep Koopman model, 1-15-step prediction (Fig. 4), LQR methods and controlled/uncontrolled trajectory with bounded inputs (Fig. 8), statistics, and Data/Code Availability.",Primary-source adjudication for observation_process: retained the publication-bounded value; NI/NA is used where the source does not support a stronger claim.
MWM-X6A64D732FB,Koopman-based linearization of preparatory EEG dynamics in Parkinson's disease during galvanic vestibular stimulation.,missingness,Two Parkinson records were excluded for noise and 18 of 22 healthy controls were selected; no missing-data model,Participant/trial exclusions are described; no explicit missing-data generative model,Two Parkinson records were excluded for noise and 18 of 22 healthy controls were selected; no missing-data model,"Frontiers full text PMCID PMC12116581: participants and EEG preprocessing, six-fold subject split, Deep Koopman model, 1-15-step prediction (Fig. 4), LQR methods and controlled/uncontrolled trajectory with bounded inputs (Fig. 8), statistics, and Data/Code Availability.",Primary-source adjudication for missingness: retained the publication-bounded value; NI/NA is used where the source does not support a stronger claim.
MWM-X6A64D732FB,Koopman-based linearization of preparatory EEG dynamics in Parkinson's disease during galvanic vestibular stimulation.,censoring_or_competing_events,NA: fixed EEG trials; no time-to-event outcome,NA: fixed motor-task epochs with no clinical censoring or competing events,NA: fixed EEG trials; no time-to-event outcome,"Frontiers full text PMCID PMC12116581: participants and EEG preprocessing, six-fold subject split, Deep Koopman model, 1-15-step prediction (Fig. 4), LQR methods and controlled/uncontrolled trajectory with bounded inputs (Fig. 8), statistics, and Data/Code Availability.",Primary-source adjudication for censoring_or_competing_events: retained the publication-bounded value; NI/NA is used where the source does not support a stronger claim.
MWM-X6A64D732FB,Koopman-based linearization of preparatory EEG dynamics in Parkinson's disease during galvanic vestibular stimulation.,state,Five regional EEG features encoded into a three-dimensional Koopman latent state,Three-dimensional Koopman latent state representing preparatory cortical dynamics,Five regional EEG features encoded into a three-dimensional Koopman latent state,"Frontiers full text PMCID PMC12116581: participants and EEG preprocessing, six-fold subject split, Deep Koopman model, 1-15-step prediction (Fig. 4), LQR methods and controlled/uncontrolled trajectory with bounded inputs (Fig. 8), statistics, and Data/Code Availability.",Primary-source adjudication for state: retained the publication-bounded value; NI/NA is used where the source does not support a stronger claim.
MWM-X6A64D732FB,Koopman-based linearization of preparatory EEG dynamics in Parkinson's disease during galvanic vestibular stimulation.,observation_decoder,Reconstructed/predicted EEG state trajectories and latent trajectories,Decoder reconstructs regional EEG trajectories from latent state,Reconstructed/predicted EEG state trajectories and latent trajectories,"Frontiers full text PMCID PMC12116581: participants and EEG preprocessing, six-fold subject split, Deep Koopman model, 1-15-step prediction (Fig. 4), LQR methods and controlled/uncontrolled trajectory with bounded inputs (Fig. 8), statistics, and Data/Code Availability.",Primary-source adjudication for observation_decoder: retained the publication-bounded value; NI/NA is used where the source does not support a stronger claim.
MWM-X6A64D732FB,Koopman-based linearization of preparatory EEG dynamics in Parkinson's disease during galvanic vestibular stimulation.,action,LQR latent control intended to move PD-Off dynamics toward healthy-control reference,GVS condition and medication are observed experimental conditions; LQR supplies simulated control toward healthy latent dynamics,LQR latent control intended to move PD-Off dynamics toward healthy-control reference,"Frontiers full text PMCID PMC12116581: participants and EEG preprocessing, six-fold subject split, Deep Koopman model, 1-15-step prediction (Fig. 4), LQR methods and controlled/uncontrolled trajectory with bounded inputs (Fig. 8), statistics, and Data/Code Availability.",Primary-source adjudication for action: retained the publication-bounded value; NI/NA is used where the source does not support a stronger claim.
MWM-X6A64D732FB,Koopman-based linearization of preparatory EEG dynamics in Parkinson's disease during galvanic vestibular stimulation.,action_provenance,Simulated identity-matrix latent control; actual GVS/levodopa are observed experimental conditions but not the modeled LQR dose,"GVS was administered experimentally under defined frequency bands; LQR is a simulated controller, not administered according to model output",Simulated identity-matrix latent control; actual GVS/levodopa are observed experimental conditions but not the modeled LQR dose,"Frontiers full text PMCID PMC12116581: participants and EEG preprocessing, six-fold subject split, Deep Koopman model, 1-15-step prediction (Fig. 4), LQR methods and controlled/uncontrolled trajectory with bounded inputs (Fig. 8), statistics, and Data/Code Availability.",Primary-source adjudication for action_provenance: retained the publication-bounded value; NI/NA is used where the source does not support a stronger claim.
MWM-X6A64D732FB,Koopman-based linearization of preparatory EEG dynamics in Parkinson's disease during galvanic vestibular stimulation.,transition_mechanism,Deep autoencoder with linear Koopman latent transition and linear-quadratic regulator,Deep encoder/decoder maps EEG to a latent linear Koopman transition matrix; LQR acts on the linear latent dynamics,Deep autoencoder with linear Koopman latent transition and linear-quadratic regulator,"Frontiers full text PMCID PMC12116581: participants and EEG preprocessing, six-fold subject split, Deep Koopman model, 1-15-step prediction (Fig. 4), LQR methods and controlled/uncontrolled trajectory with bounded inputs (Fig. 8), statistics, and Data/Code Availability.",Primary-source adjudication for transition_mechanism: retained the publication-bounded value; NI/NA is used where the source does not support a stronger claim.
MWM-X6A64D732FB,Koopman-based linearization of preparatory EEG dynamics in Parkinson's disease during galvanic vestibular stimulation.,maximum_horizon,Prediction evaluated through 15 milliseconds; LQR control horizon not explicitly reported,Recursive predictions evaluated from 1 through 15 steps; ten-step normalized error is highlighted,Recursive prediction error is reported from 1 through 15 steps (with 10-step error highlighted); the LQR tracking horizon is shown but not separately specified as a clinical time horizon.,"Frontiers full text PMCID PMC12116581: participants and EEG preprocessing, six-fold subject split, Deep Koopman model, 1-15-step prediction (Fig. 4), LQR methods and controlled/uncontrolled trajectory with bounded inputs (Fig. 8), statistics, and Data/Code Availability.",Primary-source adjudication for maximum_horizon: retained the publication-bounded value; NI/NA is used where the source does not support a stronger claim.
MWM-X6A64D732FB,Koopman-based linearization of preparatory EEG dynamics in Parkinson's disease during galvanic vestibular stimulation.,rollout_regime,Free multi-step latent prediction and simulated closed-loop LQR,Free-running latent predictions for multistep evaluation; LQR closed loop is simulated,Free-running latent prediction across 1-15 steps and simulated closed-loop LQR trajectory tracking.,"Frontiers full text PMCID PMC12116581: participants and EEG preprocessing, six-fold subject split, Deep Koopman model, 1-15-step prediction (Fig. 4), LQR methods and controlled/uncontrolled trajectory with bounded inputs (Fig. 8), statistics, and Data/Code Availability.",Primary-source adjudication for rollout_regime: retained the publication-bounded value; NI/NA is used where the source does not support a stronger claim.
MWM-X6A64D732FB,Koopman-based linearization of preparatory EEG dynamics in Parkinson's disease during galvanic vestibular stimulation.,capability_claim,Planning: compute a control sequence to drive PD latent dynamics toward a healthy reference,Planning: LQR is optimized to steer Parkinson's latent dynamics toward a healthy reference,Planning: compute a control sequence to drive PD latent dynamics toward a healthy reference,"Frontiers full text PMCID PMC12116581: participants and EEG preprocessing, six-fold subject split, Deep Koopman model, 1-15-step prediction (Fig. 4), LQR methods and controlled/uncontrolled trajectory with bounded inputs (Fig. 8), statistics, and Data/Code Availability.",Primary-source adjudication for capability_claim: retained the publication-bounded value; NI/NA is used where the source does not support a stronger claim.
MWM-X6A64D732FB,Koopman-based linearization of preparatory EEG dynamics in Parkinson's disease during galvanic vestibular stimulation.,baselines,Condition comparisons and uncontrolled trajectory; no strong standard sequence-model predictive baseline,"Reconstruction/prediction variants and comparisons among healthy, PD-Off/On, sham, GVS1, and GVS2; zero-control trajectory for LQR","Healthy, PD-Off/On, sham, GVS1, and GVS2 condition comparisons plus uncontrolled versus LQR-controlled trajectories; no strong independent sequence-model baseline.","Frontiers full text PMCID PMC12116581: participants and EEG preprocessing, six-fold subject split, Deep Koopman model, 1-15-step prediction (Fig. 4), LQR methods and controlled/uncontrolled trajectory with bounded inputs (Fig. 8), statistics, and Data/Code Availability.",Primary-source adjudication for baselines: retained the publication-bounded value; NI/NA is used where the source does not support a stronger claim.
MWM-X6A64D732FB,Koopman-based linearization of preparatory EEG dynamics in Parkinson's disease during galvanic vestibular stimulation.,state_fidelity_metrics,Signal reconstruction and normalized mean-square error,"EEG reconstruction, latent trajectories/eigenvalues, spatial contribution maps, and correlations with motor measures","EEG reconstruction, latent trajectories/eigenvalues, spatial contribution maps, normalized mean-square error, and correlations with motor measures.","Frontiers full text PMCID PMC12116581: participants and EEG preprocessing, six-fold subject split, Deep Koopman model, 1-15-step prediction (Fig. 4), LQR methods and controlled/uncontrolled trajectory with bounded inputs (Fig. 8), statistics, and Data/Code Availability.",Primary-source adjudication for state_fidelity_metrics: retained the publication-bounded value; NI/NA is used where the source does not support a stronger claim.
MWM-X6A64D732FB,Koopman-based linearization of preparatory EEG dynamics in Parkinson's disease during galvanic vestibular stimulation.,transition_metrics,Multi-step NMSE reported by prediction step through 15 ms,Normalized mean squared prediction error by 1-15-step horizon; ten-step error reported below 0.02,Horizon-resolved normalized prediction error over 1-15 recursive steps; a 10-step error below 0.02 is highlighted.,"Frontiers full text PMCID PMC12116581: participants and EEG preprocessing, six-fold subject split, Deep Koopman model, 1-15-step prediction (Fig. 4), LQR methods and controlled/uncontrolled trajectory with bounded inputs (Fig. 8), statistics, and Data/Code Availability.",Primary-source adjudication for transition_metrics: retained the publication-bounded value; NI/NA is used where the source does not support a stronger claim.
MWM-X6A64D732FB,Koopman-based linearization of preparatory EEG dynamics in Parkinson's disease during galvanic vestibular stimulation.,rollout_stability,Stable linear trajectories and bounded representative control are shown; no systematic failure/constraint metric,Horizon-specific error over 1-15 steps; no physiologic constraint or very-long-horizon stability test,Horizon-specific error is reported over 1-15 steps and mapped LQR controls remain bounded in the example; no physiological constraint or long-horizon failure audit.,"Frontiers full text PMCID PMC12116581: participants and EEG preprocessing, six-fold subject split, Deep Koopman model, 1-15-step prediction (Fig. 4), LQR methods and controlled/uncontrolled trajectory with bounded inputs (Fig. 8), statistics, and Data/Code Availability.",Primary-source adjudication for rollout_stability: retained the publication-bounded value; NI/NA is used where the source does not support a stronger claim.
MWM-X6A64D732FB,Koopman-based linearization of preparatory EEG dynamics in Parkinson's disease during galvanic vestibular stimulation.,action_sensitivity,Controlled versus uncontrolled trajectories and different clinical/GVS condition dynamics are compared,Observed GVS1/GVS2/sham and medication comparisons plus LQR controlled-versus-uncontrolled simulation,Controlled versus uncontrolled trajectories and different clinical/GVS condition dynamics are compared,"Frontiers full text PMCID PMC12116581: participants and EEG preprocessing, six-fold subject split, Deep Koopman model, 1-15-step prediction (Fig. 4), LQR methods and controlled/uncontrolled trajectory with bounded inputs (Fig. 8), statistics, and Data/Code Availability.",Primary-source adjudication for action_sensitivity: retained the publication-bounded value; NI/NA is used where the source does not support a stronger claim.
MWM-X6A64D732FB,Koopman-based linearization of preparatory EEG dynamics in Parkinson's disease during galvanic vestibular stimulation.,calibration_and_uncertainty,NI: no predictive uncertainty or formal calibration reported,No predictive distribution or formal calibration/coverage evaluation reported,NI: no predictive uncertainty or formal calibration reported,"Frontiers full text PMCID PMC12116581: participants and EEG preprocessing, six-fold subject split, Deep Koopman model, 1-15-step prediction (Fig. 4), LQR methods and controlled/uncontrolled trajectory with bounded inputs (Fig. 8), statistics, and Data/Code Availability.",Primary-source adjudication for calibration_and_uncertainty: retained the publication-bounded value; NI/NA is used where the source does not support a stronger claim.
MWM-X6A64D732FB,Koopman-based linearization of preparatory EEG dynamics in Parkinson's disease during galvanic vestibular stimulation.,external_validation,"No external institution, device or population validation","No external temporal, institutional, geographic, device, or population validation","No external institution, device or population validation","Frontiers full text PMCID PMC12116581: participants and EEG preprocessing, six-fold subject split, Deep Koopman model, 1-15-step prediction (Fig. 4), LQR methods and controlled/uncontrolled trajectory with bounded inputs (Fig. 8), statistics, and Data/Code Availability.",Primary-source adjudication for external_validation: retained the publication-bounded value; NI/NA is used where the source does not support a stronger claim.
MWM-X6A64D732FB,Koopman-based linearization of preparatory EEG dynamics in Parkinson's disease during galvanic vestibular stimulation.,decision_utility,LQR demonstrates offline neuromodulation-control feasibility only,Offline mechanistic comparison and simulated LQR control; no prospective clinical decision or patient outcome,LQR demonstrates offline neuromodulation-control feasibility only,"Frontiers full text PMCID PMC12116581: participants and EEG preprocessing, six-fold subject split, Deep Koopman model, 1-15-step prediction (Fig. 4), LQR methods and controlled/uncontrolled trajectory with bounded inputs (Fig. 8), statistics, and Data/Code Availability.",Primary-source adjudication for decision_utility: retained the publication-bounded value; NI/NA is used where the source does not support a stronger claim.
MWM-X6A64D732FB,Koopman-based linearization of preparatory EEG dynamics in Parkinson's disease during galvanic vestibular stimulation.,safety_evaluation,"Bounded control is a limited constraint proxy; no physiological dose, adverse event or recovery analysis","No defined harmful-stimulation hazard, severity, simulator exploitation, override, recovery, or deployment monitoring test","Bounded control is a limited constraint proxy; no physiological dose, adverse event or recovery analysis","Frontiers full text PMCID PMC12116581: participants and EEG preprocessing, six-fold subject split, Deep Koopman model, 1-15-step prediction (Fig. 4), LQR methods and controlled/uncontrolled trajectory with bounded inputs (Fig. 8), statistics, and Data/Code Availability.",Primary-source adjudication for safety_evaluation: retained the publication-bounded value; NI/NA is used where the source does not support a stronger claim.
MWM-X6A64D732FB,Koopman-based linearization of preparatory EEG dynamics in Parkinson's disease during galvanic vestibular stimulation.,statistical_analysis,"Kolmogorov-Smirnov normality tests, ANOVA, Bonferroni correction and Pearson correlations",Cross-condition statistical tests and Pearson correlations with reaction/squeeze times are reported,"Kolmogorov-Smirnov normality tests, ANOVA, Bonferroni correction and Pearson correlations","Frontiers full text PMCID PMC12116581: participants and EEG preprocessing, six-fold subject split, Deep Koopman model, 1-15-step prediction (Fig. 4), LQR methods and controlled/uncontrolled trajectory with bounded inputs (Fig. 8), statistics, and Data/Code Availability.",Primary-source adjudication for statistical_analysis: retained the publication-bounded value; NI/NA is used where the source does not support a stronger claim.
MWM-X6A64D732FB,Koopman-based linearization of preparatory EEG dynamics in Parkinson's disease during galvanic vestibular stimulation.,causal_language,Control and restoration language is used; no explicit counterfactual or treatment-effect identification,Suggests GVS restores healthier spatial EEG patterns and LQR could design targeted neuromodulation; causal evidence comes only partly from experimental condition assignment and model simulation,"The article states that GVS restores healthier EEG patterns and proposes targeted neuromodulation, but the LQR effect is model-based and no explicit treatment-effect estimand is identified.","Frontiers full text PMCID PMC12116581: participants and EEG preprocessing, six-fold subject split, Deep Koopman model, 1-15-step prediction (Fig. 4), LQR methods and controlled/uncontrolled trajectory with bounded inputs (Fig. 8), statistics, and Data/Code Availability.",Primary-source adjudication for causal_language: retained the publication-bounded value; NI/NA is used where the source does not support a stronger claim.
MWM-X6A64D732FB,Koopman-based linearization of preparatory EEG dynamics in Parkinson's disease during galvanic vestibular stimulation.,estimand,NA: latent trajectory-control target rather than an identified treatment effect,No explicit treatment-effect estimand; LQR objective is latent-state tracking toward healthy dynamics,NA: latent trajectory-control target rather than an identified treatment effect,"Frontiers full text PMCID PMC12116581: participants and EEG preprocessing, six-fold subject split, Deep Koopman model, 1-15-step prediction (Fig. 4), LQR methods and controlled/uncontrolled trajectory with bounded inputs (Fig. 8), statistics, and Data/Code Availability.",Primary-source adjudication for estimand: retained the publication-bounded value; NI/NA is used where the source does not support a stronger claim.
MWM-X6A64D732FB,Koopman-based linearization of preparatory EEG dynamics in Parkinson's disease during galvanic vestibular stimulation.,confounding_strategy,NA: no causal effect analysis of medication/GVS,"Experimental GVS/sham and medication conditions reduce some confounding, but LQR effects are model-based",Experimental GVS/sham and medication conditions reduce some confounding for observed contrasts; the proposed LQR intervention remains a model simulation.,"Frontiers full text PMCID PMC12116581: participants and EEG preprocessing, six-fold subject split, Deep Koopman model, 1-15-step prediction (Fig. 4), LQR methods and controlled/uncontrolled trajectory with bounded inputs (Fig. 8), statistics, and Data/Code Availability.",Primary-source adjudication for confounding_strategy: retained the publication-bounded value; NI/NA is used where the source does not support a stronger claim.
MWM-X6A64D732FB,Koopman-based linearization of preparatory EEG dynamics in Parkinson's disease during galvanic vestibular stimulation.,positivity_and_overlap,NA: no policy support/overlap analysis,No formal positivity/overlap analysis; observed stimulation conditions are defined but simulated controls extend in latent space,"No formal positivity/overlap analysis; observed stimulation conditions are defined, while simulated identity-matrix controls extend in latent space.","Frontiers full text PMCID PMC12116581: participants and EEG preprocessing, six-fold subject split, Deep Koopman model, 1-15-step prediction (Fig. 4), LQR methods and controlled/uncontrolled trajectory with bounded inputs (Fig. 8), statistics, and Data/Code Availability.",Primary-source adjudication for positivity_and_overlap: retained the publication-bounded value; NI/NA is used where the source does not support a stronger claim.
MWM-X6A64D732FB,Koopman-based linearization of preparatory EEG dynamics in Parkinson's disease during galvanic vestibular stimulation.,counterfactual_validation,No empirical validation of LQR-proposed intervention; condition differences provide indirect domain checks,Observed stimulation-condition differences and motor correlations provide indirect validation; no randomized LQR intervention,No empirical validation of LQR-proposed intervention; condition differences provide indirect domain checks,"Frontiers full text PMCID PMC12116581: participants and EEG preprocessing, six-fold subject split, Deep Koopman model, 1-15-step prediction (Fig. 4), LQR methods and controlled/uncontrolled trajectory with bounded inputs (Fig. 8), statistics, and Data/Code Availability.",Primary-source adjudication for counterfactual_validation: retained the publication-bounded value; NI/NA is used where the source does not support a stronger claim.
MWM-X6A64D732FB,Koopman-based linearization of preparatory EEG dynamics in Parkinson's disease during galvanic vestibular stimulation.,code_access,Public code at https://github.com/niktaaan/DeepKoopman_PD,Public code repository is reported in the paper,Public code at https://github.com/niktaaan/DeepKoopman_PD,"Frontiers full text PMCID PMC12116581: participants and EEG preprocessing, six-fold subject split, Deep Koopman model, 1-15-step prediction (Fig. 4), LQR methods and controlled/uncontrolled trajectory with bounded inputs (Fig. 8), statistics, and Data/Code Availability.",Primary-source adjudication for code_access: retained the publication-bounded value; NI/NA is used where the source does not support a stronger claim.
MWM-X6A64D732FB,Koopman-based linearization of preparatory EEG dynamics in Parkinson's disease during galvanic vestibular stimulation.,weights_access,Unclear: no complete set of trained study weights identified,No public trained weights confirmed,Unclear: no complete set of trained study weights identified,"Frontiers full text PMCID PMC12116581: participants and EEG preprocessing, six-fold subject split, Deep Koopman model, 1-15-step prediction (Fig. 4), LQR methods and controlled/uncontrolled trajectory with bounded inputs (Fig. 8), statistics, and Data/Code Availability.",Primary-source adjudication for weights_access: retained the publication-bounded value; NI/NA is used where the source does not support a stronger claim.
MWM-X6A64D732FB,Koopman-based linearization of preparatory EEG dynamics in Parkinson's disease during galvanic vestibular stimulation.,data_access,Full EEG request-based; repository supplies sample preprocessed HC train/validation/test data,EEG data available on reasonable request rather than public download,Full EEG request-based; repository supplies sample preprocessed HC train/validation/test data,"Frontiers full text PMCID PMC12116581: participants and EEG preprocessing, six-fold subject split, Deep Koopman model, 1-15-step prediction (Fig. 4), LQR methods and controlled/uncontrolled trajectory with bounded inputs (Fig. 8), statistics, and Data/Code Availability.",Primary-source adjudication for data_access: retained the publication-bounded value; NI/NA is used where the source does not support a stronger claim.
MWM-X6A64D732FB,Koopman-based linearization of preparatory EEG dynamics in Parkinson's disease during galvanic vestibular stimulation.,preprocessing_reproducibility,"EEG preprocessing, model, cross-validation and postprocessing are described; public sample data are incomplete",Public code plus detailed EEG preprocessing/architecture support partial reproduction; governed data and absent weights limit full reproduction,"EEG preprocessing, model, cross-validation and postprocessing are described; public sample data are incomplete","Frontiers full text PMCID PMC12116581: participants and EEG preprocessing, six-fold subject split, Deep Koopman model, 1-15-step prediction (Fig. 4), LQR methods and controlled/uncontrolled trajectory with bounded inputs (Fig. 8), statistics, and Data/Code Availability.",Primary-source adjudication for preprocessing_reproducibility: retained the publication-bounded value; NI/NA is used where the source does not support a stronger claim.
MWM-X6A64D732FB,Koopman-based linearization of preparatory EEG dynamics in Parkinson's disease during galvanic vestibular stimulation.,randomness,Cross-validation is reported; model seeds and repeated initializations are NI,Six-fold evaluation is reported; exact random seeds/repeated training variation are unclear,Cross-validation is reported; model seeds and repeated initializations are NI,"Frontiers full text PMCID PMC12116581: participants and EEG preprocessing, six-fold subject split, Deep Koopman model, 1-15-step prediction (Fig. 4), LQR methods and controlled/uncontrolled trajectory with bounded inputs (Fig. 8), statistics, and Data/Code Availability.",Primary-source adjudication for randomness: retained the publication-bounded value; NI/NA is used where the source does not support a stronger claim.
MWM-X6A64D732FB,Koopman-based linearization of preparatory EEG dynamics in Parkinson's disease during galvanic vestibular stimulation.,evidence_anchors,"PMC12116581 Methods: participants, EEG preprocessing, Deep Koopman and LQR; Fig. 4 multi-step NMSE; Fig. 8 controlled/uncontrolled example; Data/Code Availability; repository README.","Methods on participants, EEG preprocessing, Deep Koopman model, six-fold split, m-step prediction, and LQR; Results figures on 1-15-step NMSE, spatial maps, GVS/medication comparisons, and LQR trajectories","Frontiers full text PMCID PMC12116581: participants and EEG preprocessing, six-fold subject split, Deep Koopman model, 1-15-step prediction (Fig. 4), LQR methods and controlled/uncontrolled trajectory with bounded inputs (Fig. 8), statistics, and Data/Code Availability.","Frontiers full text PMCID PMC12116581: participants and EEG preprocessing, six-fold subject split, Deep Koopman model, 1-15-step prediction (Fig. 4), LQR methods and controlled/uncontrolled trajectory with bounded inputs (Fig. 8), statistics, and Data/Code Availability.",Primary-source adjudication for evidence_anchors: retained the publication-bounded value; NI/NA is used where the source does not support a stronger claim.
MWM-X6A64D732FB,Koopman-based linearization of preparatory EEG dynamics in Parkinson's disease during galvanic vestibular stimulation.,appraisal_strengths,"Subject-level folds, explicit multi-step error curve and interpretable linear control construction","Subject-level splits, horizon-resolved free-running errors, observed stimulation contrasts, motor correlations, and public code","Subject-level folds, horizon-resolved recursive error, observed stimulation contrasts, motor correlations, interpretable linear control, and public code.","Frontiers full text PMCID PMC12116581: participants and EEG preprocessing, six-fold subject split, Deep Koopman model, 1-15-step prediction (Fig. 4), LQR methods and controlled/uncontrolled trajectory with bounded inputs (Fig. 8), statistics, and Data/Code Availability.",Primary-source adjudication for appraisal_strengths: retained the publication-bounded value; NI/NA is used where the source does not support a stronger claim.
MWM-X6A64D732FB,Koopman-based linearization of preparatory EEG dynamics in Parkinson's disease during galvanic vestibular stimulation.,appraisal_limitations,Small single-center cohort; millisecond horizon; group-specific models; abstract identity control lacks physiological action mapping and external validation,"Small single-site cohort; no external validation, predictive uncertainty/calibration, explicit causal estimand, real model-directed control, or safety audit","Small single-site cohort and millisecond horizon; group-specific models; abstract identity-matrix control has no physiological dose mapping, explicit causal estimand, external validation, real model-directed intervention, or safety audit.","Frontiers full text PMCID PMC12116581: participants and EEG preprocessing, six-fold subject split, Deep Koopman model, 1-15-step prediction (Fig. 4), LQR methods and controlled/uncontrolled trajectory with bounded inputs (Fig. 8), statistics, and Data/Code Availability.",Primary-source adjudication for appraisal_limitations: retained the publication-bounded value; NI/NA is used where the source does not support a stronger claim.
MWM-X6A64D732FB,Koopman-based linearization of preparatory EEG dynamics in Parkinson's disease during galvanic vestibular stimulation.,source_status,full_text_inspected,Primary peer-reviewed full text inspected through PMC XML; code availability checked from article statement,Primary peer-reviewed full text inspected through PMC; code availability checked.,"Frontiers full text PMCID PMC12116581: participants and EEG preprocessing, six-fold subject split, Deep Koopman model, 1-15-step prediction (Fig. 4), LQR methods and controlled/uncontrolled trajectory with bounded inputs (Fig. 8), statistics, and Data/Code Availability.",Primary-source adjudication for source_status: retained the publication-bounded value; NI/NA is used where the source does not support a stronger claim.
MWM-X21155DF63C,Modelling neural coding in the auditory midbrain with high resolution and accuracy.,primary_source_url,https://pmc.ncbi.nlm.nih.gov/articles/PMC12460167/,https://doi.org/10.1038/s42256-025-01104-9,https://pmc.ncbi.nlm.nih.gov/articles/PMC12460167/,"Nature Machine Intelligence PMCID PMC12460167: Methods on animals, sounds, architecture, held-out sounds, transfer, and statistics; Results Figs. 1-5 on likelihood/RMSE, Fano factor, explainable variance, speech, forward masking, and adaptation; Data/Code Availability and official ICNet repository with pretrained weights.",Primary-source adjudication for primary_source_url: retained the publication-bounded value; NI/NA is used where the source does not support a stronger claim.
MWM-X21155DF63C,Modelling neural coding in the auditory midbrain with high resolution and accuracy.,publication_status,Peer-reviewed Nature Machine Intelligence article; 2025,"Peer-reviewed journal article (Nature Machine Intelligence, 2025)",Peer-reviewed Nature Machine Intelligence article; 2025,"Nature Machine Intelligence PMCID PMC12460167: Methods on animals, sounds, architecture, held-out sounds, transfer, and statistics; Results Figs. 1-5 on likelihood/RMSE, Fano factor, explainable variance, speech, forward masking, and adaptation; Data/Code Availability and official ICNet repository with pretrained weights.",Primary-source adjudication for publication_status: retained the publication-bounded value; NI/NA is used where the source does not support a stronger claim.
MWM-X21155DF63C,Modelling neural coding in the auditory midbrain with high resolution and accuracy.,domain,Auditory neuroscience; neural response simulation,Auditory neuroscience and neural-response simulation,Auditory neuroscience; neural response simulation,"Nature Machine Intelligence PMCID PMC12460167: Methods on animals, sounds, architecture, held-out sounds, transfer, and statistics; Results Figs. 1-5 on likelihood/RMSE, Fano factor, explainable variance, speech, forward masking, and adaptation; Data/Code Availability and official ICNet repository with pretrained weights.",Primary-source adjudication for domain: retained the publication-bounded value; NI/NA is used where the source does not support a stronger claim.
MWM-X21155DF63C,Modelling neural coding in the auditory midbrain with high resolution and accuracy.,dataset_or_cohort,Large-scale inferior-colliculus recordings from anesthetized gerbils plus held-out animals and sounds,Large intracranial inferior-colliculus recordings from anaesthetized gerbils,Large-scale inferior-colliculus recordings from anesthetized gerbils plus held-out animals and sounds,"Nature Machine Intelligence PMCID PMC12460167: Methods on animals, sounds, architecture, held-out sounds, transfer, and statistics; Results Figs. 1-5 on likelihood/RMSE, Fano factor, explainable variance, speech, forward masking, and adaptation; Data/Code Availability and official ICNet repository with pretrained weights.",Primary-source adjudication for dataset_or_cohort: retained the publication-bounded value; NI/NA is used where the source does not support a stronger claim.
MWM-X21155DF63C,Modelling neural coding in the auditory midbrain with high resolution and accuracy.,sample_scale,"9 training animals and 4,446 evaluated units; 3 additional animals for transfer and 2 additional animals for neurophysiology tests; 14 animals total","14 gerbils total: 9 in main development, 3 additional transfer animals, and remaining animals used as described in methods; approximately 512 multi-unit channels per animal; 7.05 h shared and 7.83 h individual training audio","Fourteen gerbils total: nine development animals with 4,446 evaluated units, three additional animals for transfer, and two additional animals for neurophysiology tests; approximately 512 channels per animal.","Nature Machine Intelligence PMCID PMC12460167: Methods on animals, sounds, architecture, held-out sounds, transfer, and statistics; Results Figs. 1-5 on likelihood/RMSE, Fano factor, explainable variance, speech, forward masking, and adaptation; Data/Code Availability and official ICNet repository with pretrained weights.",Primary-source adjudication for sample_scale: retained the publication-bounded value; NI/NA is used where the source does not support a stronger claim.
MWM-X21155DF63C,Modelling neural coding in the auditory midbrain with high resolution and accuracy.,institution_count,1 laboratory/source setting,1 experimental laboratory/site; multiple animals provide population transfer,1 laboratory/source setting,"Nature Machine Intelligence PMCID PMC12460167: Methods on animals, sounds, architecture, held-out sounds, transfer, and statistics; Results Figs. 1-5 on likelihood/RMSE, Fano factor, explainable variance, speech, forward masking, and adaptation; Data/Code Availability and official ICNet repository with pretrained weights.",Primary-source adjudication for institution_count: retained the publication-bounded value; NI/NA is used where the source does not support a stronger claim.
MWM-X21155DF63C,Modelling neural coding in the auditory midbrain with high resolution and accuracy.,split_strategy,Ten percent of training sounds form validation; all evaluation sounds are unseen; new-animal tests fit animal-specific decoders while retaining the shared encoder,"Random 10% validation partition; all reported evaluation sounds are held out; leave-one-animal transfer freezes a shared encoder then adapts an animal decoder, with three additional animals used for adaptation tests",Ten percent of training sounds form validation; all evaluation sounds are unseen; new-animal tests fit animal-specific decoders while retaining the shared encoder,"Nature Machine Intelligence PMCID PMC12460167: Methods on animals, sounds, architecture, held-out sounds, transfer, and statistics; Results Figs. 1-5 on likelihood/RMSE, Fano factor, explainable variance, speech, forward masking, and adaptation; Data/Code Availability and official ICNet repository with pretrained weights.",Primary-source adjudication for split_strategy: retained the publication-bounded value; NI/NA is used where the source does not support a stronger claim.
MWM-X21155DF63C,Modelling neural coding in the auditory midbrain with high resolution and accuracy.,observation_process,512-channel recordings; multi-unit counts in 1.3-ms bins; more than 10 hours of diverse sounds per training animal,24.4 kHz sound input aligned to approximately 1.3 ms-binned multi-unit activity; diverse complex sounds and controlled adaptation/forward-masking stimuli,512-channel recordings; multi-unit counts in 1.3-ms bins; more than 10 hours of diverse sounds per training animal,"Nature Machine Intelligence PMCID PMC12460167: Methods on animals, sounds, architecture, held-out sounds, transfer, and statistics; Results Figs. 1-5 on likelihood/RMSE, Fano factor, explainable variance, speech, forward masking, and adaptation; Data/Code Availability and official ICNet repository with pretrained weights.",Primary-source adjudication for observation_process: retained the publication-bounded value; NI/NA is used where the source does not support a stronger claim.
MWM-X21155DF63C,Modelling neural coding in the auditory midbrain with high resolution and accuracy.,missingness,Units with response reliability below 0.2 are excluded from evaluation; non-stationarity is modeled with time input; no missing-data model,No explicit missingness model; recording/channel quality control is applied,Units with response reliability below 0.2 are excluded from evaluation; non-stationarity is modeled with time input; no missing-data model,"Nature Machine Intelligence PMCID PMC12460167: Methods on animals, sounds, architecture, held-out sounds, transfer, and statistics; Results Figs. 1-5 on likelihood/RMSE, Fano factor, explainable variance, speech, forward masking, and adaptation; Data/Code Availability and official ICNet repository with pretrained weights.",Primary-source adjudication for missingness: retained the publication-bounded value; NI/NA is used where the source does not support a stronger claim.
MWM-X21155DF63C,Modelling neural coding in the auditory midbrain with high resolution and accuracy.,censoring_or_competing_events,NA: stimulus-response recordings with fixed segments,NA: fixed neurophysiology recordings; no clinical censoring or competing events,NA: stimulus-response recordings with fixed segments,"Nature Machine Intelligence PMCID PMC12460167: Methods on animals, sounds, architecture, held-out sounds, transfer, and statistics; Results Figs. 1-5 on likelihood/RMSE, Fano factor, explainable variance, speech, forward masking, and adaptation; Data/Code Availability and official ICNet repository with pretrained weights.",Primary-source adjudication for censoring_or_competing_events: retained the publication-bounded value; NI/NA is used where the source does not support a stronger claim.
MWM-X21155DF63C,Modelling neural coding in the auditory midbrain with high resolution and accuracy.,state,Shared sound encoder latent representation plus time-conditioned animal-specific decoder,A 64-dimensional shared auditory bottleneck plus animal-specific temporal neural-response representation,Shared sound encoder latent representation plus time-conditioned animal-specific decoder,"Nature Machine Intelligence PMCID PMC12460167: Methods on animals, sounds, architecture, held-out sounds, transfer, and statistics; Results Figs. 1-5 on likelihood/RMSE, Fano factor, explainable variance, speech, forward masking, and adaptation; Data/Code Availability and official ICNet repository with pretrained weights.",Primary-source adjudication for state: retained the publication-bounded value; NI/NA is used where the source does not support a stronger claim.
MWM-X21155DF63C,Modelling neural coding in the auditory midbrain with high resolution and accuracy.,observation_decoder,Categorical distribution over 0-4 MUA counts for every unit and time bin,Categorical distribution over 0-4 multi-unit event counts for each channel/time bin,Categorical distribution over 0-4 MUA counts for every unit and time bin,"Nature Machine Intelligence PMCID PMC12460167: Methods on animals, sounds, architecture, held-out sounds, transfer, and statistics; Results Figs. 1-5 on likelihood/RMSE, Fano factor, explainable variance, speech, forward masking, and adaptation; Data/Code Availability and official ICNet repository with pretrained weights.",Primary-source adjudication for observation_decoder: retained the publication-bounded value; NI/NA is used where the source does not support a stronger claim.
MWM-X21155DF63C,Modelling neural coding in the auditory midbrain with high resolution and accuracy.,action,"Sound waveform, class, intensity, noise context and timing act as exogenous stimulus inputs",Acoustic stimulus waveform/history; no therapeutic action,"Sound waveform, class, intensity, noise context and timing act as exogenous stimulus inputs","Nature Machine Intelligence PMCID PMC12460167: Methods on animals, sounds, architecture, held-out sounds, transfer, and statistics; Results Figs. 1-5 on likelihood/RMSE, Fano factor, explainable variance, speech, forward masking, and adaptation; Data/Code Availability and official ICNet repository with pretrained weights.",Primary-source adjudication for action: retained the publication-bounded value; NI/NA is used where the source does not support a stronger claim.
MWM-X21155DF63C,Modelling neural coding in the auditory midbrain with high resolution and accuracy.,action_provenance,Experimentally presented acoustic stimuli for observed data; arbitrary new sounds can be simulated,Externally supplied recorded or synthetic sound stimuli,Experimentally presented acoustic stimuli for observed data; arbitrary new sounds can be simulated,"Nature Machine Intelligence PMCID PMC12460167: Methods on animals, sounds, architecture, held-out sounds, transfer, and statistics; Results Figs. 1-5 on likelihood/RMSE, Fano factor, explainable variance, speech, forward masking, and adaptation; Data/Code Availability and official ICNet repository with pretrained weights.",Primary-source adjudication for action_provenance: retained the publication-bounded value; NI/NA is used where the source does not support a stronger claim.
MWM-X21155DF63C,Modelling neural coding in the auditory midbrain with high resolution and accuracy.,transition_mechanism,Convolutional encoder-decoder maps waveform and time stamp directly to neural-response distributions; not autoregressive neural-state transition,Convolutional encoder-decoder with shared sound representation and animal-specific time-varying decoder; feed-forward temporal convolution rather than recursive latent transition,Convolutional encoder-decoder maps waveform and time stamp directly to neural-response distributions; not autoregressive neural-state transition,"Nature Machine Intelligence PMCID PMC12460167: Methods on animals, sounds, architecture, held-out sounds, transfer, and statistics; Results Figs. 1-5 on likelihood/RMSE, Fano factor, explainable variance, speech, forward masking, and adaptation; Data/Code Availability and official ICNet repository with pretrained weights.",Primary-source adjudication for transition_mechanism: retained the publication-bounded value; NI/NA is used where the source does not support a stronger claim.
MWM-X21155DF63C,Modelling neural coding in the auditory midbrain with high resolution and accuracy.,maximum_horizon,Thirty-second unseen evaluation segments; direct response simulation rather than recursive horizon,Predictions span the response sequence for each supplied sound; no autonomous rollout after removal of future sound input,Thirty-second unseen evaluation segments; direct response simulation rather than recursive horizon,"Nature Machine Intelligence PMCID PMC12460167: Methods on animals, sounds, architecture, held-out sounds, transfer, and statistics; Results Figs. 1-5 on likelihood/RMSE, Fano factor, explainable variance, speech, forward masking, and adaptation; Data/Code Availability and official ICNet repository with pretrained weights.",Primary-source adjudication for maximum_horizon: retained the publication-bounded value; NI/NA is used where the source does not support a stronger claim.
MWM-X21155DF63C,Modelling neural coding in the auditory midbrain with high resolution and accuracy.,rollout_regime,Stimulus-conditioned feed-forward simulation; no free-running state feedback,Action-conditioned feed-forward simulation under an exogenous sound sequence; not a free-running world model,Stimulus-conditioned feed-forward simulation; no free-running state feedback,"Nature Machine Intelligence PMCID PMC12460167: Methods on animals, sounds, architecture, held-out sounds, transfer, and statistics; Results Figs. 1-5 on likelihood/RMSE, Fano factor, explainable variance, speech, forward masking, and adaptation; Data/Code Availability and official ICNet repository with pretrained weights.",Primary-source adjudication for rollout_regime: retained the publication-bounded value; NI/NA is used where the source does not support a stronger claim.
MWM-X21155DF63C,Modelling neural coding in the auditory midbrain with high resolution and accuracy.,capability_claim,Action-conditioned simulation: predict task-relevant neural responses under defined acoustic stimuli,Action-conditioned: neural responses change with defined sound stimuli and stimulus history,Action-conditioned simulation: predict task-relevant neural responses under defined acoustic stimuli,"Nature Machine Intelligence PMCID PMC12460167: Methods on animals, sounds, architecture, held-out sounds, transfer, and statistics; Results Figs. 1-5 on likelihood/RMSE, Fano factor, explainable variance, speech, forward masking, and adaptation; Data/Code Availability and official ICNet repository with pretrained weights.",Primary-source adjudication for capability_claim: retained the publication-bounded value; NI/NA is used where the source does not support a stronger claim.
MWM-X21155DF63C,Modelling neural coding in the auditory midbrain with high resolution and accuracy.,baselines,"Poisson, time-invariant, single-branch, LNP and Mel-spectrogram ASR baselines","Poisson and cross-entropy objectives, linear-nonlinear models, time-invariant/time-varying and single-/multi-branch variants, and cross-animal transfer variants","Poisson, time-invariant, single-branch, LNP and Mel-spectrogram ASR baselines","Nature Machine Intelligence PMCID PMC12460167: Methods on animals, sounds, architecture, held-out sounds, transfer, and statistics; Results Figs. 1-5 on likelihood/RMSE, Fano factor, explainable variance, speech, forward masking, and adaptation; Data/Code Availability and official ICNet repository with pretrained weights.",Primary-source adjudication for baselines: retained the publication-bounded value; NI/NA is used where the source does not support a stronger claim.
MWM-X21155DF63C,Modelling neural coding in the auditory midbrain with high resolution and accuracy.,state_fidelity_metrics,"RMSE, log likelihood, Fano factor, explainable variance/correlation and neurophysiological response curves","RMSE, log likelihood, Fano factor, explainable variance, response correlation, and reproduction of forward masking/dynamic-range adaptation","RMSE, log likelihood, Fano factor, explainable variance/correlation and neurophysiological response curves","Nature Machine Intelligence PMCID PMC12460167: Methods on animals, sounds, architecture, held-out sounds, transfer, and statistics; Results Figs. 1-5 on likelihood/RMSE, Fano factor, explainable variance, speech, forward masking, and adaptation; Data/Code Availability and official ICNet repository with pretrained weights.",Primary-source adjudication for state_fidelity_metrics: retained the publication-bounded value; NI/NA is used where the source does not support a stronger claim.
MWM-X21155DF63C,Modelling neural coding in the auditory midbrain with high resolution and accuracy.,transition_metrics,Direct stimulus-response accuracy; NA: no recursive transition metric,Time-resolved response accuracy over held-out sounds; transition dynamics are conditional on complete stimulus input rather than recursively generated state,Direct stimulus-response accuracy; NA: no recursive transition metric,"Nature Machine Intelligence PMCID PMC12460167: Methods on animals, sounds, architecture, held-out sounds, transfer, and statistics; Results Figs. 1-5 on likelihood/RMSE, Fano factor, explainable variance, speech, forward masking, and adaptation; Data/Code Availability and official ICNet repository with pretrained weights.",Primary-source adjudication for transition_metrics: retained the publication-bounded value; NI/NA is used where the source does not support a stronger claim.
MWM-X21155DF63C,Modelling neural coding in the auditory midbrain with high resolution and accuracy.,rollout_stability,NA: no free-running rollout; non-stationarity across recording time is explicitly evaluated,No free-running drift/stability test; held-out-sound generalization and physiological phenomenon reproduction are evaluated,NA: no free-running rollout; non-stationarity across recording time is explicitly evaluated,"Nature Machine Intelligence PMCID PMC12460167: Methods on animals, sounds, architecture, held-out sounds, transfer, and statistics; Results Figs. 1-5 on likelihood/RMSE, Fano factor, explainable variance, speech, forward masking, and adaptation; Data/Code Availability and official ICNet repository with pretrained weights.",Primary-source adjudication for rollout_stability: retained the publication-bounded value; NI/NA is used where the source does not support a stronger claim.
MWM-X21155DF63C,Modelling neural coding in the auditory midbrain with high resolution and accuracy.,action_sensitivity,"Multiple unseen sound classes, intensities, noise levels and neurophysiological stimulus protocols test stimulus sensitivity",Held-out sounds and controlled forward-masking/dynamic-range stimulus manipulations; no action-removal or shuffled-sound comparator framed as such,"Multiple unseen sound classes, intensities, noise levels and neurophysiological stimulus protocols test stimulus sensitivity","Nature Machine Intelligence PMCID PMC12460167: Methods on animals, sounds, architecture, held-out sounds, transfer, and statistics; Results Figs. 1-5 on likelihood/RMSE, Fano factor, explainable variance, speech, forward masking, and adaptation; Data/Code Availability and official ICNet repository with pretrained weights.",Primary-source adjudication for action_sensitivity: retained the publication-bounded value; NI/NA is used where the source does not support a stronger claim.
MWM-X21155DF63C,Modelling neural coding in the auditory midbrain with high resolution and accuracy.,calibration_and_uncertainty,Categorical predictive distributions and bootstrap CIs are reported; no reliability or coverage calibration,"Categorical likelihood and stochastic samples are evaluated, but no reliability/ECE/slope or interval-coverage calibration is reported",Categorical predictive distributions and bootstrap CIs are reported; no reliability or coverage calibration,"Nature Machine Intelligence PMCID PMC12460167: Methods on animals, sounds, architecture, held-out sounds, transfer, and statistics; Results Figs. 1-5 on likelihood/RMSE, Fano factor, explainable variance, speech, forward masking, and adaptation; Data/Code Availability and official ICNet repository with pretrained weights.",Primary-source adjudication for calibration_and_uncertainty: retained the publication-bounded value; NI/NA is used where the source does not support a stronger claim.
MWM-X21155DF63C,Modelling neural coding in the auditory midbrain with high resolution and accuracy.,external_validation,"Unseen sounds are frozen; new animals require decoder fitting, so cross-animal evidence is adapted rather than frozen","Leave-one-animal transfer requires decoder adaptation; additional animals test adaptation, so external evidence is not fully frozen","Unseen sounds are frozen; new animals require decoder fitting, so cross-animal evidence is adapted rather than frozen","Nature Machine Intelligence PMCID PMC12460167: Methods on animals, sounds, architecture, held-out sounds, transfer, and statistics; Results Figs. 1-5 on likelihood/RMSE, Fano factor, explainable variance, speech, forward masking, and adaptation; Data/Code Availability and official ICNet repository with pretrained weights.",Primary-source adjudication for external_validation: retained the publication-bounded value; NI/NA is used where the source does not support a stronger claim.
MWM-X21155DF63C,Modelling neural coding in the auditory midbrain with high resolution and accuracy.,decision_utility,Frozen ICNet features are evaluated as an ASR front end and against a Mel baseline,High-fidelity neural simulation and downstream auditory-representation use; no clinical or control decision evaluation,Frozen ICNet features are evaluated as an ASR front end and against a Mel baseline,"Nature Machine Intelligence PMCID PMC12460167: Methods on animals, sounds, architecture, held-out sounds, transfer, and statistics; Results Figs. 1-5 on likelihood/RMSE, Fano factor, explainable variance, speech, forward masking, and adaptation; Data/Code Availability and official ICNet repository with pretrained weights.",Primary-source adjudication for decision_utility: retained the publication-bounded value; NI/NA is used where the source does not support a stronger claim.
MWM-X21155DF63C,Modelling neural coding in the auditory midbrain with high resolution and accuracy.,safety_evaluation,NA: no clinical/physical safety claim or hazard test,"No clinical/physical hazard, severity, override, recovery, or deployment monitoring test",NA: no clinical/physical safety claim or hazard test,"Nature Machine Intelligence PMCID PMC12460167: Methods on animals, sounds, architecture, held-out sounds, transfer, and statistics; Results Figs. 1-5 on likelihood/RMSE, Fano factor, explainable variance, speech, forward masking, and adaptation; Data/Code Availability and official ICNet repository with pretrained weights.",Primary-source adjudication for safety_evaluation: retained the publication-bounded value; NI/NA is used where the source does not support a stronger claim.
MWM-X21155DF63C,Modelling neural coding in the auditory midbrain with high resolution and accuracy.,statistical_analysis,One thousand bootstrap samples provide 95% CIs; random validation sounds and randomized stimulus presentations are described,"Bootstrap with 1,000 replicates is reported for uncertainty/comparisons; multiple model and animal analyses are provided",One thousand bootstrap samples provide 95% CIs; random validation sounds and randomized stimulus presentations are described,"Nature Machine Intelligence PMCID PMC12460167: Methods on animals, sounds, architecture, held-out sounds, transfer, and statistics; Results Figs. 1-5 on likelihood/RMSE, Fano factor, explainable variance, speech, forward masking, and adaptation; Data/Code Availability and official ICNet repository with pretrained weights.",Primary-source adjudication for statistical_analysis: retained the publication-bounded value; NI/NA is used where the source does not support a stronger claim.
MWM-X21155DF63C,Modelling neural coding in the auditory midbrain with high resolution and accuracy.,causal_language,No causal or counterfactual treatment language; this is stimulus-response prediction,No treatment-effect/counterfactual claim; acoustic stimulus-response modeling is mechanistic but not causal identification,No causal or counterfactual treatment language; this is stimulus-response prediction,"Nature Machine Intelligence PMCID PMC12460167: Methods on animals, sounds, architecture, held-out sounds, transfer, and statistics; Results Figs. 1-5 on likelihood/RMSE, Fano factor, explainable variance, speech, forward masking, and adaptation; Data/Code Availability and official ICNet repository with pretrained weights.",Primary-source adjudication for causal_language: retained the publication-bounded value; NI/NA is used where the source does not support a stronger claim.
MWM-X21155DF63C,Modelling neural coding in the auditory midbrain with high resolution and accuracy.,estimand,NA: no intervention-effect estimand,NA: conditional neural-response distribution under supplied sound,NA: no intervention-effect estimand,"Nature Machine Intelligence PMCID PMC12460167: Methods on animals, sounds, architecture, held-out sounds, transfer, and statistics; Results Figs. 1-5 on likelihood/RMSE, Fano factor, explainable variance, speech, forward masking, and adaptation; Data/Code Availability and official ICNet repository with pretrained weights.",Primary-source adjudication for estimand: retained the publication-bounded value; NI/NA is used where the source does not support a stronger claim.
MWM-X21155DF63C,Modelling neural coding in the auditory midbrain with high resolution and accuracy.,confounding_strategy,NA: no causal effect analysis,NA: no observational treatment-effect estimation,NA: no causal effect analysis,"Nature Machine Intelligence PMCID PMC12460167: Methods on animals, sounds, architecture, held-out sounds, transfer, and statistics; Results Figs. 1-5 on likelihood/RMSE, Fano factor, explainable variance, speech, forward masking, and adaptation; Data/Code Availability and official ICNet repository with pretrained weights.",Primary-source adjudication for confounding_strategy: retained the publication-bounded value; NI/NA is used where the source does not support a stronger claim.
MWM-X21155DF63C,Modelling neural coding in the auditory midbrain with high resolution and accuracy.,positivity_and_overlap,NA: no treatment-policy overlap issue,NA: sound space is evaluated through broad held-out stimuli rather than treatment overlap,NA: no treatment-policy overlap issue,"Nature Machine Intelligence PMCID PMC12460167: Methods on animals, sounds, architecture, held-out sounds, transfer, and statistics; Results Figs. 1-5 on likelihood/RMSE, Fano factor, explainable variance, speech, forward masking, and adaptation; Data/Code Availability and official ICNet repository with pretrained weights.",Primary-source adjudication for positivity_and_overlap: retained the publication-bounded value; NI/NA is used where the source does not support a stronger claim.
MWM-X21155DF63C,Modelling neural coding in the auditory midbrain with high resolution and accuracy.,counterfactual_validation,Neurophysiology phenomena are tested on two new animals; no causal counterfactual validation,NA: no counterfactual clinical claim; held-out stimuli and known neurophysiology provide predictive validation,Neurophysiology phenomena are tested on two new animals; no causal counterfactual validation,"Nature Machine Intelligence PMCID PMC12460167: Methods on animals, sounds, architecture, held-out sounds, transfer, and statistics; Results Figs. 1-5 on likelihood/RMSE, Fano factor, explainable variance, speech, forward masking, and adaptation; Data/Code Availability and official ICNet repository with pretrained weights.",Primary-source adjudication for counterfactual_validation: retained the publication-bounded value; NI/NA is used where the source does not support a stronger claim.
MWM-X21155DF63C,Modelling neural coding in the auditory midbrain with high resolution and accuracy.,code_access,"Public code, example notebook and model at https://github.com/fotisdr/ICNet; non-commercial academic UCL license","Public official ICNet repository with implementation, configuration, and example assets","Public code, example notebook and model at https://github.com/fotisdr/ICNet; non-commercial academic UCL license","Nature Machine Intelligence PMCID PMC12460167: Methods on animals, sounds, architecture, held-out sounds, transfer, and statistics; Results Figs. 1-5 on likelihood/RMSE, Fano factor, explainable variance, speech, forward masking, and adaptation; Data/Code Availability and official ICNet repository with pretrained weights.",Primary-source adjudication for code_access: retained the publication-bounded value; NI/NA is used where the source does not support a stronger claim.
MWM-X21155DF63C,Modelling neural coding in the auditory midbrain with high resolution and accuracy.,weights_access,Public pretrained ICNet weights and configurations in the DNN folder,Public model_weights.hdf5 is present in the official repository,Public pretrained ICNet weights and configurations in the DNN folder,"Nature Machine Intelligence PMCID PMC12460167: Methods on animals, sounds, architecture, held-out sounds, transfer, and statistics; Results Figs. 1-5 on likelihood/RMSE, Fano factor, explainable variance, speech, forward masking, and adaptation; Data/Code Availability and official ICNet repository with pretrained weights.",Primary-source adjudication for weights_access: retained the publication-bounded value; NI/NA is used where the source does not support a stronger claim.
MWM-X21155DF63C,Modelling neural coding in the auditory midbrain with high resolution and accuracy.,data_access,Evaluation sounds and recordings for seven animals are public; full recordings require an MTA,Example/evaluation assets are public; full recordings are available by request under an MTA,Evaluation sounds and recordings for seven animals are public; full recordings require an MTA,"Nature Machine Intelligence PMCID PMC12460167: Methods on animals, sounds, architecture, held-out sounds, transfer, and statistics; Results Figs. 1-5 on likelihood/RMSE, Fano factor, explainable variance, speech, forward masking, and adaptation; Data/Code Availability and official ICNet repository with pretrained weights.",Primary-source adjudication for data_access: retained the publication-bounded value; NI/NA is used where the source does not support a stronger claim.
MWM-X21155DF63C,Modelling neural coding in the auditory midbrain with high resolution and accuracy.,preprocessing_reproducibility,"Detailed sounds, recording, binning, training, validation and evaluation protocols; runnable notebook supplied","Public code, weights, configuration, example sound, and evaluation scripts support substantial reproduction; full raw dataset access is governed","Detailed sounds, recording, binning, training, validation and evaluation protocols; runnable notebook supplied","Nature Machine Intelligence PMCID PMC12460167: Methods on animals, sounds, architecture, held-out sounds, transfer, and statistics; Results Figs. 1-5 on likelihood/RMSE, Fano factor, explainable variance, speech, forward masking, and adaptation; Data/Code Availability and official ICNet repository with pretrained weights.",Primary-source adjudication for preprocessing_reproducibility: retained the publication-bounded value; NI/NA is used where the source does not support a stronger claim.
MWM-X21155DF63C,Modelling neural coding in the auditory midbrain with high resolution and accuracy.,randomness,One thousand bootstrap samples; random validation selection; fixed training seeds are NI,"Bootstrap=1,000 is reported; training seed protocol is not fully specified",One thousand bootstrap samples; random validation selection; fixed training seeds are NI,"Nature Machine Intelligence PMCID PMC12460167: Methods on animals, sounds, architecture, held-out sounds, transfer, and statistics; Results Figs. 1-5 on likelihood/RMSE, Fano factor, explainable variance, speech, forward masking, and adaptation; Data/Code Availability and official ICNet repository with pretrained weights.",Primary-source adjudication for randomness: retained the publication-bounded value; NI/NA is used where the source does not support a stronger claim.
MWM-X21155DF63C,Modelling neural coding in the auditory midbrain with high resolution and accuracy.,evidence_anchors,"PMC12460167 Results Figs. 1-5; Methods: animals, sounds, training and evaluation; Data/Code Availability. Official GitHub README states pretrained weights and example execution.","Methods on animals/recordings, ICNet architecture, held-out sounds, leave-one-animal adaptation, and statistical analysis; Results figures/tables on RMSE, likelihood, Fano factor, explainable variance, speech, forward masking, and adaptation; official ICNet repository includes DNN/model_weights.hdf5","Nature Machine Intelligence PMCID PMC12460167: Methods on animals, sounds, architecture, held-out sounds, transfer, and statistics; Results Figs. 1-5 on likelihood/RMSE, Fano factor, explainable variance, speech, forward masking, and adaptation; Data/Code Availability and official ICNet repository with pretrained weights.","Nature Machine Intelligence PMCID PMC12460167: Methods on animals, sounds, architecture, held-out sounds, transfer, and statistics; Results Figs. 1-5 on likelihood/RMSE, Fano factor, explainable variance, speech, forward masking, and adaptation; Data/Code Availability and official ICNet repository with pretrained weights.",Primary-source adjudication for evidence_anchors: retained the publication-bounded value; NI/NA is used where the source does not support a stronger claim.
MWM-X21155DF63C,Modelling neural coding in the auditory midbrain with high resolution and accuracy.,appraisal_strengths,"Large neural dataset, unseen-sound evaluation, distributional response metrics, transfer experiments and public pretrained implementation","Large-duration high-resolution recordings, strong baselines, held-out stimuli, cross-animal transfer, physiology tests, bootstrap analysis, and public code/weights","Large neural dataset, unseen-sound evaluation, distributional response metrics, transfer experiments and public pretrained implementation","Nature Machine Intelligence PMCID PMC12460167: Methods on animals, sounds, architecture, held-out sounds, transfer, and statistics; Results Figs. 1-5 on likelihood/RMSE, Fano factor, explainable variance, speech, forward masking, and adaptation; Data/Code Availability and official ICNet repository with pretrained weights.",Primary-source adjudication for appraisal_strengths: retained the publication-bounded value; NI/NA is used where the source does not support a stronger claim.
MWM-X21155DF63C,Modelling neural coding in the auditory midbrain with high resolution and accuracy.,appraisal_limitations,"Anesthetized animal model; new-animal adaptation is not frozen; no recursive state dynamics, formal calibration or safety/clinical utility",Feed-forward stimulus-conditioned prediction is not autonomous rollout; single lab/species; external transfer uses adaptation; no formal calibration or safety relevance,"Anesthetized animal model; new-animal adaptation is not frozen; no recursive state dynamics, formal calibration or safety/clinical utility","Nature Machine Intelligence PMCID PMC12460167: Methods on animals, sounds, architecture, held-out sounds, transfer, and statistics; Results Figs. 1-5 on likelihood/RMSE, Fano factor, explainable variance, speech, forward masking, and adaptation; Data/Code Availability and official ICNet repository with pretrained weights.",Primary-source adjudication for appraisal_limitations: retained the publication-bounded value; NI/NA is used where the source does not support a stronger claim.
MWM-X21155DF63C,Modelling neural coding in the auditory midbrain with high resolution and accuracy.,source_status,full_text_inspected,Primary peer-reviewed full text inspected through PMC XML; official repository contents inspected,"Primary peer-reviewed full text inspected through PMC; official code, configuration, example assets, and weights checked.","Nature Machine Intelligence PMCID PMC12460167: Methods on animals, sounds, architecture, held-out sounds, transfer, and statistics; Results Figs. 1-5 on likelihood/RMSE, Fano factor, explainable variance, speech, forward masking, and adaptation; Data/Code Availability and official ICNet repository with pretrained weights.",Primary-source adjudication for source_status: retained the publication-bounded value; NI/NA is used where the source does not support a stronger claim.
MWM-XB062A5A9FB,Optimized glycemic control of type 2 diabetes with reinforcement learning: a proof-of-concept trial.,primary_source_url,https://pmc.ncbi.nlm.nih.gov/articles/PMC10579102/,https://doi.org/10.1038/s41591-023-02552-9,https://pmc.ncbi.nlm.nih.gov/articles/PMC10579102/,"Nature Medicine PMCID PMC10579102: Fig. 1 model/deployment design; Figs. 2-4 and Extended Data for K=7 internal/external evaluation; Methods on data, model-based RL, prospective deployment, trial, safety, and statistics; Data/Code Availability, RL-DITR repository, Zenodo record 8198049, and NCT05409391.",Primary-source adjudication for primary_source_url: retained the publication-bounded value; NI/NA is used where the source does not support a stronger claim.
MWM-XB062A5A9FB,Optimized glycemic control of type 2 diabetes with reinforcement learning: a proof-of-concept trial.,publication_status,Peer-reviewed Nature Medicine article; 2023,"Peer-reviewed journal article (Nature Medicine, 2023)",Peer-reviewed Nature Medicine article; 2023,"Nature Medicine PMCID PMC10579102: Fig. 1 model/deployment design; Figs. 2-4 and Extended Data for K=7 internal/external evaluation; Methods on data, model-based RL, prospective deployment, trial, safety, and statistics; Data/Code Availability, RL-DITR repository, Zenodo record 8198049, and NCT05409391.",Primary-source adjudication for publication_status: retained the publication-bounded value; NI/NA is used where the source does not support a stronger claim.
MWM-XB062A5A9FB,Optimized glycemic control of type 2 diabetes with reinforcement learning: a proof-of-concept trial.,domain,EHR; inpatient diabetes; model-based reinforcement learning,Inpatient type 2 diabetes insulin decision support,EHR; inpatient diabetes; model-based reinforcement learning,"Nature Medicine PMCID PMC10579102: Fig. 1 model/deployment design; Figs. 2-4 and Extended Data for K=7 internal/external evaluation; Methods on data, model-based RL, prospective deployment, trial, safety, and statistics; Data/Code Availability, RL-DITR repository, Zenodo record 8198049, and NCT05409391.",Primary-source adjudication for domain: retained the publication-bounded value; NI/NA is used where the source does not support a stronger claim.
MWM-XB062A5A9FB,Optimized glycemic control of type 2 diabetes with reinforcement learning: a proof-of-concept trial.,dataset_or_cohort,Multicenter EHR development at Zhongshan and Qingpu hospitals; external XuHui hospital cohort; prospective Zhongshan deployment and trial,Multicenter longitudinal inpatient EHR cohorts plus prospective clinical deployment and registered proof-of-concept trial NCT05409391,Multicenter EHR development at Zhongshan and Qingpu hospitals; external XuHui hospital cohort; prospective Zhongshan deployment and trial,"Nature Medicine PMCID PMC10579102: Fig. 1 model/deployment design; Figs. 2-4 and Extended Data for K=7 internal/external evaluation; Methods on data, model-based RL, prospective deployment, trial, safety, and statistics; Data/Code Availability, RL-DITR repository, Zenodo record 8198049, and NCT05409391.",Primary-source adjudication for dataset_or_cohort: retained the publication-bounded value; NI/NA is used where the source does not support a stronger claim.
MWM-XB062A5A9FB,Optimized glycemic control of type 2 diabetes with reinforcement learning: a proof-of-concept trial.,sample_scale,"12,981 patients and 119,941 patient-days in development data; external test includes 16,077 treatment days; prospective deployment and 16-patient feasibility trial","12,981 inpatients and 119,941 patient-days in retrospective development/validation; physician evaluations include 40 internal and 45 external cases; prospective deployment includes 20 patients; single-arm trial includes 16 patients","12,981 inpatients and 119,941 patient-days in retrospective development/validation; physician evaluations include 40 internal and 45 external cases; prospective deployment includes 20 patients; the single-arm feasibility trial includes 16 patients.","Nature Medicine PMCID PMC10579102: Fig. 1 model/deployment design; Figs. 2-4 and Extended Data for K=7 internal/external evaluation; Methods on data, model-based RL, prospective deployment, trial, safety, and statistics; Data/Code Availability, RL-DITR repository, Zenodo record 8198049, and NCT05409391.",Primary-source adjudication for sample_scale: retained the publication-bounded value; NI/NA is used where the source does not support a stronger claim.
MWM-XB062A5A9FB,Optimized glycemic control of type 2 diabetes with reinforcement learning: a proof-of-concept trial.,institution_count,3 hospitals,At least 3 named hospitals across development/external validation and prospective study settings,3 hospitals,"Nature Medicine PMCID PMC10579102: Fig. 1 model/deployment design; Figs. 2-4 and Extended Data for K=7 internal/external evaluation; Methods on data, model-based RL, prospective deployment, trial, safety, and statistics; Data/Code Availability, RL-DITR repository, Zenodo record 8198049, and NCT05409391.",Primary-source adjudication for institution_count: retained the publication-bounded value; NI/NA is used where the source does not support a stronger claim.
MWM-XB062A5A9FB,Optimized glycemic control of type 2 diabetes with reinforcement learning: a proof-of-concept trial.,split_strategy,Patient-level development/internal testing plus held-out external hospital evaluation; prospective deployment and single-arm trial,Patient-level development and validation partitions; frozen external-hospital testing; later prospective deployment and single-arm trial,Patient-level development/internal testing plus held-out external hospital evaluation; prospective deployment and single-arm trial,"Nature Medicine PMCID PMC10579102: Fig. 1 model/deployment design; Figs. 2-4 and Extended Data for K=7 internal/external evaluation; Methods on data, model-based RL, prospective deployment, trial, safety, and statistics; Data/Code Availability, RL-DITR repository, Zenodo record 8198049, and NCT05409391.",Primary-source adjudication for split_strategy: retained the publication-bounded value; NI/NA is used where the source does not support a stronger claim.
MWM-XB062A5A9FB,Optimized glycemic control of type 2 diabetes with reinforcement learning: a proof-of-concept trial.,observation_process,"Seven standardized daily time points combining glucose, demographics, laboratories, medications, insulin and ClinicalBERT-derived text features","EHR organized into seven clinical time periods per day, including glucose, insulin, medications, laboratory/clinical context, and text-derived information","Seven standardized daily time points combining glucose, demographics, laboratories, medications, insulin and ClinicalBERT-derived text features","Nature Medicine PMCID PMC10579102: Fig. 1 model/deployment design; Figs. 2-4 and Extended Data for K=7 internal/external evaluation; Methods on data, model-based RL, prospective deployment, trial, safety, and statistics; Data/Code Availability, RL-DITR repository, Zenodo record 8198049, and NCT05409391.",Primary-source adjudication for observation_process: retained the publication-bounded value; NI/NA is used where the source does not support a stronger claim.
MWM-XB062A5A9FB,Optimized glycemic control of type 2 diabetes with reinforcement learning: a proof-of-concept trial.,missingness,Models ingest standardized temporal features; missing-data robustness is tested by randomly discarding glucose values; exact imputation details are partial,Missing clinical variables are handled in preprocessing/model inputs; no dedicated missing-not-at-random validation was identified,Models ingest standardized temporal features; missing-data robustness is tested by randomly discarding glucose values; exact imputation details are partial,"Nature Medicine PMCID PMC10579102: Fig. 1 model/deployment design; Figs. 2-4 and Extended Data for K=7 internal/external evaluation; Methods on data, model-based RL, prospective deployment, trial, safety, and statistics; Data/Code Availability, RL-DITR repository, Zenodo record 8198049, and NCT05409391.",Primary-source adjudication for missingness: retained the publication-bounded value; NI/NA is used where the source does not support a stronger claim.
MWM-XB062A5A9FB,Optimized glycemic control of type 2 diabetes with reinforcement learning: a proof-of-concept trial.,censoring_or_competing_events,Hospitalization truncates trajectories; trial reports completion and adverse events; no formal competing-risk framework,Discharge limits inpatient trajectories; trial follow-up is short; no competing-risk framework is used,Hospitalization truncates trajectories; trial reports completion and adverse events; no formal competing-risk framework,"Nature Medicine PMCID PMC10579102: Fig. 1 model/deployment design; Figs. 2-4 and Extended Data for K=7 internal/external evaluation; Methods on data, model-based RL, prospective deployment, trial, safety, and statistics; Data/Code Availability, RL-DITR repository, Zenodo record 8198049, and NCT05409391.",Primary-source adjudication for censoring_or_competing_events: retained the publication-bounded value; NI/NA is used where the source does not support a stronger claim.
MWM-XB062A5A9FB,Optimized glycemic control of type 2 diabetes with reinforcement learning: a proof-of-concept trial.,state,Recurrent hidden diabetes state from longitudinal observations and prior treatments,Learned patient state embedding from structured EHR and ClinicalBERT-derived text/context,Recurrent hidden diabetes state from longitudinal observations and prior treatments,"Nature Medicine PMCID PMC10579102: Fig. 1 model/deployment design; Figs. 2-4 and Extended Data for K=7 internal/external evaluation; Methods on data, model-based RL, prospective deployment, trial, safety, and statistics; Data/Code Availability, RL-DITR repository, Zenodo record 8198049, and NCT05409391.",Primary-source adjudication for state: retained the publication-bounded value; NI/NA is used where the source does not support a stronger claim.
MWM-XB062A5A9FB,Optimized glycemic control of type 2 diabetes with reinforcement learning: a proof-of-concept trial.,observation_decoder,"Next-day seven-point glucose, within-target-range status, reward and insulin dosage trajectory",Patient model predicts next glycemic state/reward-related outcomes used for insulin-regimen optimization,"Next-day seven-point glucose, within-target-range status, reward and insulin dosage trajectory","Nature Medicine PMCID PMC10579102: Fig. 1 model/deployment design; Figs. 2-4 and Extended Data for K=7 internal/external evaluation; Methods on data, model-based RL, prospective deployment, trial, safety, and statistics; Data/Code Availability, RL-DITR repository, Zenodo record 8198049, and NCT05409391.",Primary-source adjudication for observation_decoder: retained the publication-bounded value; NI/NA is used where the source does not support a stronger claim.
MWM-XB062A5A9FB,Optimized glycemic control of type 2 diabetes with reinforcement learning: a proof-of-concept trial.,action,Insulin type and dose recommended at each sequential step,Insulin regimen/dose recommendations across daily decision periods,Insulin type and dose recommended at each sequential step,"Nature Medicine PMCID PMC10579102: Fig. 1 model/deployment design; Figs. 2-4 and Extended Data for K=7 internal/external evaluation; Methods on data, model-based RL, prospective deployment, trial, safety, and statistics; Data/Code Availability, RL-DITR repository, Zenodo record 8198049, and NCT05409391.",Primary-source adjudication for action: retained the publication-bounded value; NI/NA is used where the source does not support a stronger claim.
MWM-XB062A5A9FB,Optimized glycemic control of type 2 diabetes with reinforcement learning: a proof-of-concept trial.,action_provenance,Historical administered clinician treatment in EHR; AI recommendations reviewed and adopted/rejected by physicians in deployment/trial,Historical clinician-administered insulin for model learning; model recommendations reviewed and could be overridden by physicians in prospective use,Historical administered clinician treatment in EHR; AI recommendations reviewed and adopted/rejected by physicians in deployment/trial,"Nature Medicine PMCID PMC10579102: Fig. 1 model/deployment design; Figs. 2-4 and Extended Data for K=7 internal/external evaluation; Methods on data, model-based RL, prospective deployment, trial, safety, and statistics; Data/Code Availability, RL-DITR repository, Zenodo record 8198049, and NCT05409391.",Primary-source adjudication for action_provenance: retained the publication-bounded value; NI/NA is used where the source does not support a stronger claim.
MWM-XB062A5A9FB,Optimized glycemic control of type 2 diabetes with reinforcement learning: a proof-of-concept trial.,transition_mechanism,Recurrent patient dynamics model plus jointly supervised/model-based-RL policy,Transformer-based patient dynamics model coupled with model-based reinforcement-learning policy,Transformer-based recurrent patient dynamics model coupled to a jointly supervised model-based reinforcement-learning policy.,"Nature Medicine PMCID PMC10579102: Fig. 1 model/deployment design; Figs. 2-4 and Extended Data for K=7 internal/external evaluation; Methods on data, model-based RL, prospective deployment, trial, safety, and statistics; Data/Code Availability, RL-DITR repository, Zenodo record 8198049, and NCT05409391.",Primary-source adjudication for transition_mechanism: retained the publication-bounded value; NI/NA is used where the source does not support a stronger claim.
MWM-XB062A5A9FB,Optimized glycemic control of type 2 diabetes with reinforcement learning: a proof-of-concept trial.,maximum_horizon,"K=7 intraday steps, one day ahead; sequential recommendations over hospitalization",One-day model horizon with seven intra-day periods; prospective recommendations can be repeated for up to five days,One-day patient-model horizon with seven intra-day periods; prospective recommendations can be repeated for up to five days.,"Nature Medicine PMCID PMC10579102: Fig. 1 model/deployment design; Figs. 2-4 and Extended Data for K=7 internal/external evaluation; Methods on data, model-based RL, prospective deployment, trial, safety, and statistics; Data/Code Availability, RL-DITR repository, Zenodo record 8198049, and NCT05409391.",Primary-source adjudication for maximum_horizon: retained the publication-bounded value; NI/NA is used where the source does not support a stronger claim.
MWM-XB062A5A9FB,Optimized glycemic control of type 2 diabetes with reinforcement learning: a proof-of-concept trial.,rollout_regime,Free recurrent patient-model rollout; simulated policy learning; real clinician-in-the-loop deployment,"Recursive patient-model interaction for policy optimization, followed by physician-in-the-loop real deployment","Recursive patient-model interaction for policy optimization, followed by physician-in-the-loop real deployment.","Nature Medicine PMCID PMC10579102: Fig. 1 model/deployment design; Figs. 2-4 and Extended Data for K=7 internal/external evaluation; Methods on data, model-based RL, prospective deployment, trial, safety, and statistics; Data/Code Availability, RL-DITR repository, Zenodo record 8198049, and NCT05409391.",Primary-source adjudication for rollout_regime: retained the publication-bounded value; NI/NA is used where the source does not support a stronger claim.
MWM-XB062A5A9FB,Optimized glycemic control of type 2 diabetes with reinforcement learning: a proof-of-concept trial.,capability_claim,Planning: optimize sequential insulin regimen through model rollouts,Planning: RL policy selects insulin regimens through learned patient-model rollouts,Planning: optimize sequential insulin regimen through model rollouts,"Nature Medicine PMCID PMC10579102: Fig. 1 model/deployment design; Figs. 2-4 and Extended Data for K=7 internal/external evaluation; Methods on data, model-based RL, prospective deployment, trial, safety, and statistics; Data/Code Availability, RL-DITR repository, Zenodo record 8198049, and NCT05409391.",Primary-source adjudication for capability_claim: retained the publication-bounded value; NI/NA is used where the source does not support a stronger claim.
MWM-XB062A5A9FB,Optimized glycemic control of type 2 diabetes with reinforcement learning: a proof-of-concept trial.,baselines,"CNN, LSTM, transformer, traditional dosing, supervised policies and physician groups","Deep-learning predictors, standard clinical methods, and junior/intermediate physician recommendations; no clean action-agnostic patient model comparator","CNN, LSTM, transformer, traditional dosing, supervised policies and physician groups","Nature Medicine PMCID PMC10579102: Fig. 1 model/deployment design; Figs. 2-4 and Extended Data for K=7 internal/external evaluation; Methods on data, model-based RL, prospective deployment, trial, safety, and statistics; Data/Code Availability, RL-DITR repository, Zenodo record 8198049, and NCT05409391.",Primary-source adjudication for baselines: retained the publication-bounded value; NI/NA is used where the source does not support a stronger claim.
MWM-XB062A5A9FB,Optimized glycemic control of type 2 diabetes with reinforcement learning: a proof-of-concept trial.,state_fidelity_metrics,"PCC, MAE, WTR AUROC and reward-outcome correlation in internal/external data","Insulin-dose MAE, glucose prediction measures including PCC/AUROC and weighted interval score, blinded expert assessment, and glycemic outcomes","PCC, MAE, within-target-range AUROC, reward-outcome correlation, weighted interval score, blinded expert assessment, and prospective glycemic outcomes.","Nature Medicine PMCID PMC10579102: Fig. 1 model/deployment design; Figs. 2-4 and Extended Data for K=7 internal/external evaluation; Methods on data, model-based RL, prospective deployment, trial, safety, and statistics; Data/Code Availability, RL-DITR repository, Zenodo record 8198049, and NCT05409391.",Primary-source adjudication for state_fidelity_metrics: retained the publication-bounded value; NI/NA is used where the source does not support a stronger claim.
MWM-XB062A5A9FB,Optimized glycemic control of type 2 diabetes with reinforcement learning: a proof-of-concept trial.,transition_metrics,One-day K=7 state and treatment rollouts; dosage MAE and weighted-importance policy value,One-day/seven-period patient-model evaluation and repeated real daily use; no multi-horizon degradation curve beyond the designed horizon,One-day K=7 state and treatment rollouts; dosage MAE and weighted-importance policy value,"Nature Medicine PMCID PMC10579102: Fig. 1 model/deployment design; Figs. 2-4 and Extended Data for K=7 internal/external evaluation; Methods on data, model-based RL, prospective deployment, trial, safety, and statistics; Data/Code Availability, RL-DITR repository, Zenodo record 8198049, and NCT05409391.",Primary-source adjudication for transition_metrics: retained the publication-bounded value; NI/NA is used where the source does not support a stronger claim.
MWM-XB062A5A9FB,Optimized glycemic control of type 2 diabetes with reinforcement learning: a proof-of-concept trial.,rollout_stability,Observation-frequency stress test is reported; no multi-day drift or model-exploitation metric,No explicit long-horizon drift audit; prospective physician review bounds deployment,Observation-frequency stress test is reported; no multi-day drift or model-exploitation metric,"Nature Medicine PMCID PMC10579102: Fig. 1 model/deployment design; Figs. 2-4 and Extended Data for K=7 internal/external evaluation; Methods on data, model-based RL, prospective deployment, trial, safety, and statistics; Data/Code Availability, RL-DITR repository, Zenodo record 8198049, and NCT05409391.",Primary-source adjudication for rollout_stability: retained the publication-bounded value; NI/NA is used where the source does not support a stronger claim.
MWM-XB062A5A9FB,Optimized glycemic control of type 2 diabetes with reinforcement learning: a proof-of-concept trial.,action_sensitivity,Insulin types and AI-versus-administered dose differences are analyzed; no formal dose shuffle/removal perturbation,"Insulin recommendations are compared with physicians/standard methods, but no action-shuffle/removal or randomized dose-perturbation study is reported",Insulin types and AI-versus-administered dose differences are analyzed; no formal dose shuffle/removal perturbation,"Nature Medicine PMCID PMC10579102: Fig. 1 model/deployment design; Figs. 2-4 and Extended Data for K=7 internal/external evaluation; Methods on data, model-based RL, prospective deployment, trial, safety, and statistics; Data/Code Availability, RL-DITR repository, Zenodo record 8198049, and NCT05409391.",Primary-source adjudication for action_sensitivity: retained the publication-bounded value; NI/NA is used where the source does not support a stronger claim.
MWM-XB062A5A9FB,Optimized glycemic control of type 2 diabetes with reinforcement learning: a proof-of-concept trial.,calibration_and_uncertainty,"Bootstrap 95% CIs and model variability are reported; no reliability, ECE, slope or coverage calibration","Predictive distributions and weighted interval score are reported; no reliability diagram, ECE, calibration slope/intercept, or coverage-by-horizon result identified","Bootstrap confidence intervals, predictive distributions, and weighted interval score are reported; no reliability diagram, ECE, calibration slope/intercept, or coverage-by-horizon analysis is reported.","Nature Medicine PMCID PMC10579102: Fig. 1 model/deployment design; Figs. 2-4 and Extended Data for K=7 internal/external evaluation; Methods on data, model-based RL, prospective deployment, trial, safety, and statistics; Data/Code Availability, RL-DITR repository, Zenodo record 8198049, and NCT05409391.",Primary-source adjudication for calibration_and_uncertainty: retained the publication-bounded value; NI/NA is used where the source does not support a stronger claim.
MWM-XB062A5A9FB,Optimized glycemic control of type 2 diabetes with reinforcement learning: a proof-of-concept trial.,external_validation,Frozen external-hospital test plus independent retrospective clinical review and prospective deployment; no reported external fine-tuning,Frozen external-hospital retrospective evaluation plus prospective deployment and a registered single-arm patient trial,"Frozen external-hospital retrospective evaluation, independent physician review, prospective deployment, and a registered single-arm patient trial; no external fine-tuning is reported.","Nature Medicine PMCID PMC10579102: Fig. 1 model/deployment design; Figs. 2-4 and Extended Data for K=7 internal/external evaluation; Methods on data, model-based RL, prospective deployment, trial, safety, and statistics; Data/Code Availability, RL-DITR repository, Zenodo record 8198049, and NCT05409391.",Primary-source adjudication for external_validation: retained the publication-bounded value; NI/NA is used where the source does not support a stronger claim.
MWM-XB062A5A9FB,Optimized glycemic control of type 2 diabetes with reinforcement learning: a proof-of-concept trial.,decision_utility,"Offline WIS, blinded physician comparisons, prospective workflow deployment and a 16-patient proof-of-concept trial","Blinded physician comparisons, recommendation adoption/override workflow, prospective glycemic control, and trial endpoint","Offline WIS, blinded physician comparisons, prospective workflow deployment and a 16-patient proof-of-concept trial","Nature Medicine PMCID PMC10579102: Fig. 1 model/deployment design; Figs. 2-4 and Extended Data for K=7 internal/external evaluation; Methods on data, model-based RL, prospective deployment, trial, safety, and statistics; Data/Code Availability, RL-DITR repository, Zenodo record 8198049, and NCT05409391.",Primary-source adjudication for decision_utility: retained the publication-bounded value; NI/NA is used where the source does not support a stronger claim.
MWM-XB062A5A9FB,Optimized glycemic control of type 2 diabetes with reinforcement learning: a proof-of-concept trial.,safety_evaluation,Explicit severe hypoglycemia and hyperglycemia-with-ketosis hazards; physicians can adopt/reject; no severe events occurred in the trial,"Hypoglycemia, severe hypoglycemia, severe hyperglycemia/ketosis, physician override, and prospective monitoring are explicitly reported; no severe episodes occurred in the 16-patient trial","Hypoglycemia, severe hypoglycemia, severe hyperglycemia/ketosis, physician override, and prospective monitoring are explicit; no severe hypoglycemia or hyperglycemia with ketosis occurred in the 16-patient trial.","Nature Medicine PMCID PMC10579102: Fig. 1 model/deployment design; Figs. 2-4 and Extended Data for K=7 internal/external evaluation; Methods on data, model-based RL, prospective deployment, trial, safety, and statistics; Data/Code Availability, RL-DITR repository, Zenodo record 8198049, and NCT05409391.",Primary-source adjudication for safety_evaluation: retained the publication-bounded value; NI/NA is used where the source does not support a stronger claim.
MWM-XB062A5A9FB,Optimized glycemic control of type 2 diabetes with reinforcement learning: a proof-of-concept trial.,statistical_analysis,"Bootstrap n=1,000, confidence intervals, paired tests, Wilcoxon tests, generalized linear mixed model and prespecified trial power calculation",Confidence intervals/significance tests are reported; trial primary endpoint decreased mean daily capillary glucose from 11.1 ± 3.6 to 8.6 ± 2.4 mmol/L (P<0.01),"Bootstrap n=1,000, confidence intervals, paired tests, Wilcoxon tests, generalized linear mixed model and prespecified trial power calculation","Nature Medicine PMCID PMC10579102: Fig. 1 model/deployment design; Figs. 2-4 and Extended Data for K=7 internal/external evaluation; Methods on data, model-based RL, prospective deployment, trial, safety, and statistics; Data/Code Availability, RL-DITR repository, Zenodo record 8198049, and NCT05409391.",Primary-source adjudication for statistical_analysis: retained the publication-bounded value; NI/NA is used where the source does not support a stronger claim.
MWM-XB062A5A9FB,Optimized glycemic control of type 2 diabetes with reinforcement learning: a proof-of-concept trial.,causal_language,"Optimal-policy and off-policy-evaluation language is used, but the EHR policy comparison is not presented as an identified causal effect","Uses optimized-control and proof-of-concept efficacy language, but the final clinical trial is small and single-arm","The study uses optimized-control, off-policy, and proof-of-concept efficacy language; retrospective policy learning remains observational and the clinical trial is small and single-arm.","Nature Medicine PMCID PMC10579102: Fig. 1 model/deployment design; Figs. 2-4 and Extended Data for K=7 internal/external evaluation; Methods on data, model-based RL, prospective deployment, trial, safety, and statistics; Data/Code Availability, RL-DITR repository, Zenodo record 8198049, and NCT05409391.",Primary-source adjudication for causal_language: retained the publication-bounded value; NI/NA is used where the source does not support a stronger claim.
MWM-XB062A5A9FB,Optimized glycemic control of type 2 diabetes with reinforcement learning: a proof-of-concept trial.,estimand,Single-arm change in mean daily glucose and estimated policy value; no explicit target-trial intervention contrast,Trial pre-specified within-patient change in mean daily capillary blood glucose; model-development objective is optimized glycemic reward/regimen,The trial pre-specifies within-patient change in mean daily capillary glucose; model development targets optimized glycemic reward/regimen rather than a randomized treatment contrast.,"Nature Medicine PMCID PMC10579102: Fig. 1 model/deployment design; Figs. 2-4 and Extended Data for K=7 internal/external evaluation; Methods on data, model-based RL, prospective deployment, trial, safety, and statistics; Data/Code Availability, RL-DITR repository, Zenodo record 8198049, and NCT05409391.",Primary-source adjudication for estimand: retained the publication-bounded value; NI/NA is used where the source does not support a stronger claim.
MWM-XB062A5A9FB,Optimized glycemic control of type 2 diabetes with reinforcement learning: a proof-of-concept trial.,confounding_strategy,Weighted importance sampling and supervised-policy constraints are used; residual time-varying confounding is not fully addressed,Retrospective model training is observational; prospective trial uses before/after single-arm design without randomized control,"Weighted importance sampling and supervised-policy constraints are used for retrospective policy evaluation, but residual time-varying confounding remains; the prospective trial is a before/after single-arm design.","Nature Medicine PMCID PMC10579102: Fig. 1 model/deployment design; Figs. 2-4 and Extended Data for K=7 internal/external evaluation; Methods on data, model-based RL, prospective deployment, trial, safety, and statistics; Data/Code Availability, RL-DITR repository, Zenodo record 8198049, and NCT05409391.",Primary-source adjudication for confounding_strategy: retained the publication-bounded value; NI/NA is used where the source does not support a stronger claim.
MWM-XB062A5A9FB,Optimized glycemic control of type 2 diabetes with reinforcement learning: a proof-of-concept trial.,positivity_and_overlap,"Effective sample size is used for WIS, but treatment positivity/overlap diagnostics are incomplete",No comprehensive treatment-support/overlap analysis for insulin-policy recommendations is reported,"Effective sample size is used for WIS, but treatment positivity/overlap diagnostics are incomplete","Nature Medicine PMCID PMC10579102: Fig. 1 model/deployment design; Figs. 2-4 and Extended Data for K=7 internal/external evaluation; Methods on data, model-based RL, prospective deployment, trial, safety, and statistics; Data/Code Availability, RL-DITR repository, Zenodo record 8198049, and NCT05409391.",Primary-source adjudication for positivity_and_overlap: retained the publication-bounded value; NI/NA is used where the source does not support a stronger claim.
MWM-XB062A5A9FB,Optimized glycemic control of type 2 diabetes with reinforcement learning: a proof-of-concept trial.,counterfactual_validation,"External retrospective comparison, expert review and single-arm prospective trial; no randomized counterfactual trial","External validation, blinded physician review, prospective deployment, and a registered single-arm feasibility trial; no randomized target-trial validation","External retrospective comparison, expert review and single-arm prospective trial; no randomized counterfactual trial","Nature Medicine PMCID PMC10579102: Fig. 1 model/deployment design; Figs. 2-4 and Extended Data for K=7 internal/external evaluation; Methods on data, model-based RL, prospective deployment, trial, safety, and statistics; Data/Code Availability, RL-DITR repository, Zenodo record 8198049, and NCT05409391.",Primary-source adjudication for counterfactual_validation: retained the publication-bounded value; NI/NA is used where the source does not support a stronger claim.
MWM-XB062A5A9FB,Optimized glycemic control of type 2 diabetes with reinforcement learning: a proof-of-concept trial.,code_access,Public code at https://github.com/rlditr23/RL-DITR; Apache-2.0 license,Public RL-DITR code repository is reported,Public code at https://github.com/rlditr23/RL-DITR; Apache-2.0 license,"Nature Medicine PMCID PMC10579102: Fig. 1 model/deployment design; Figs. 2-4 and Extended Data for K=7 internal/external evaluation; Methods on data, model-based RL, prospective deployment, trial, safety, and statistics; Data/Code Availability, RL-DITR repository, Zenodo record 8198049, and NCT05409391.",Primary-source adjudication for code_access: retained the publication-bounded value; NI/NA is used where the source does not support a stronger claim.
MWM-XB062A5A9FB,Optimized glycemic control of type 2 diabetes with reinforcement learning: a proof-of-concept trial.,weights_access,Public trained model and sample package through Zenodo record 8198049,Unclear: reusable trained weights were not confirmed,Public trained model and sample package through Zenodo record 8198049,"Nature Medicine PMCID PMC10579102: Fig. 1 model/deployment design; Figs. 2-4 and Extended Data for K=7 internal/external evaluation; Methods on data, model-based RL, prospective deployment, trial, safety, and statistics; Data/Code Availability, RL-DITR repository, Zenodo record 8198049, and NCT05409391.",Primary-source adjudication for weights_access: retained the publication-bounded value; NI/NA is used where the source does not support a stronger claim.
MWM-XB062A5A9FB,Optimized glycemic control of type 2 diabetes with reinforcement learning: a proof-of-concept trial.,data_access,Minimum reproducibility dataset public on Zenodo; full de-identified EHR data are request-based with IRB/MTA review,Minimum dataset is publicly deposited on Zenodo; fuller clinical data are governed/request-based,Minimum reproducibility dataset public on Zenodo; full de-identified EHR data are request-based with IRB/MTA review,"Nature Medicine PMCID PMC10579102: Fig. 1 model/deployment design; Figs. 2-4 and Extended Data for K=7 internal/external evaluation; Methods on data, model-based RL, prospective deployment, trial, safety, and statistics; Data/Code Availability, RL-DITR repository, Zenodo record 8198049, and NCT05409391.",Primary-source adjudication for data_access: retained the publication-bounded value; NI/NA is used where the source does not support a stronger claim.
MWM-XB062A5A9FB,Optimized glycemic control of type 2 diabetes with reinforcement learning: a proof-of-concept trial.,preprocessing_reproducibility,"Feature schema, model training and inference commands are public; full NLP/EHR pipeline depends on governed data",Public code and minimum dataset plus detailed methods support substantial reproduction; full EHR pipeline remains governed,"Feature schema, model training and inference commands are public; full NLP/EHR pipeline depends on governed data","Nature Medicine PMCID PMC10579102: Fig. 1 model/deployment design; Figs. 2-4 and Extended Data for K=7 internal/external evaluation; Methods on data, model-based RL, prospective deployment, trial, safety, and statistics; Data/Code Availability, RL-DITR repository, Zenodo record 8198049, and NCT05409391.",Primary-source adjudication for preprocessing_reproducibility: retained the publication-bounded value; NI/NA is used where the source does not support a stronger claim.
MWM-XB062A5A9FB,Optimized glycemic control of type 2 diabetes with reinforcement learning: a proof-of-concept trial.,randomness,Bootstrap resampling and random case selection are reported; fixed model seeds are NI,Training/evaluation procedures are documented; exact seed/repeated-training protocol is only partially clear,Bootstrap resampling and random case selection are reported; fixed model seeds are NI,"Nature Medicine PMCID PMC10579102: Fig. 1 model/deployment design; Figs. 2-4 and Extended Data for K=7 internal/external evaluation; Methods on data, model-based RL, prospective deployment, trial, safety, and statistics; Data/Code Availability, RL-DITR repository, Zenodo record 8198049, and NCT05409391.",Primary-source adjudication for randomness: retained the publication-bounded value; NI/NA is used where the source does not support a stronger claim.
MWM-XB062A5A9FB,Optimized glycemic control of type 2 diabetes with reinforcement learning: a proof-of-concept trial.,evidence_anchors,PMC10579102 Fig. 1 model/deployment design; Figs. 2-4 and Extended Data for K=7 internal/external evaluation; Methods trial/safety/statistics; Data and Code Availability; official repository README and Zenodo link.,"Methods on data sources, seven-period patient model, model-based RL, internal/external evaluation, prospective deployment, and trial; main tables/figures for MAE, physician comparison, glycemic outcomes, and safety; Data/Code Availability; ClinicalTrials.gov NCT05409391","Nature Medicine PMCID PMC10579102: Fig. 1 model/deployment design; Figs. 2-4 and Extended Data for K=7 internal/external evaluation; Methods on data, model-based RL, prospective deployment, trial, safety, and statistics; Data/Code Availability, RL-DITR repository, Zenodo record 8198049, and NCT05409391.","Nature Medicine PMCID PMC10579102: Fig. 1 model/deployment design; Figs. 2-4 and Extended Data for K=7 internal/external evaluation; Methods on data, model-based RL, prospective deployment, trial, safety, and statistics; Data/Code Availability, RL-DITR repository, Zenodo record 8198049, and NCT05409391.",Primary-source adjudication for evidence_anchors: retained the publication-bounded value; NI/NA is used where the source does not support a stronger claim.
MWM-XB062A5A9FB,Optimized glycemic control of type 2 diabetes with reinforcement learning: a proof-of-concept trial.,appraisal_strengths,"Largest and strongest clinical evaluation in the batch, including external hospital testing, real workflow use, explicit hazards and public model package","Large multicenter longitudinal dataset, patient-model rollouts, external validation, clinician comparison, prospective deployment, explicit override/safety monitoring, and registered real-patient trial","Large multicenter longitudinal data, patient-model rollouts, frozen external-hospital testing, clinician comparison, real workflow use, explicit override/hazard monitoring, registered patient trial, and public code/model package.","Nature Medicine PMCID PMC10579102: Fig. 1 model/deployment design; Figs. 2-4 and Extended Data for K=7 internal/external evaluation; Methods on data, model-based RL, prospective deployment, trial, safety, and statistics; Data/Code Availability, RL-DITR repository, Zenodo record 8198049, and NCT05409391.",Primary-source adjudication for appraisal_strengths: retained the publication-bounded value; NI/NA is used where the source does not support a stronger claim.
MWM-XB062A5A9FB,Optimized glycemic control of type 2 diabetes with reinforcement learning: a proof-of-concept trial.,appraisal_limitations,One-day model horizon; no formal calibration; causal policy value remains vulnerable to observational confounding; feasibility trial is small and single-arm,"Single-arm 16-patient trial, short horizon, no randomized clinical comparator, limited calibration evidence, unclear weights, and incomplete public data",One-day model horizon; no formal calibration or randomized clinical comparator; retrospective policy value remains vulnerable to time-varying confounding; the feasibility trial is only 16 patients and single-arm.,"Nature Medicine PMCID PMC10579102: Fig. 1 model/deployment design; Figs. 2-4 and Extended Data for K=7 internal/external evaluation; Methods on data, model-based RL, prospective deployment, trial, safety, and statistics; Data/Code Availability, RL-DITR repository, Zenodo record 8198049, and NCT05409391.",Primary-source adjudication for appraisal_limitations: retained the publication-bounded value; NI/NA is used where the source does not support a stronger claim.
MWM-XB062A5A9FB,Optimized glycemic control of type 2 diabetes with reinforcement learning: a proof-of-concept trial.,source_status,full_text_inspected,Primary peer-reviewed full text inspected through PMC XML; public code/data statements checked,"Primary peer-reviewed full text inspected through PMC; public code, model/data package, and trial registration checked.","Nature Medicine PMCID PMC10579102: Fig. 1 model/deployment design; Figs. 2-4 and Extended Data for K=7 internal/external evaluation; Methods on data, model-based RL, prospective deployment, trial, safety, and statistics; Data/Code Availability, RL-DITR repository, Zenodo record 8198049, and NCT05409391.",Primary-source adjudication for source_status: retained the publication-bounded value; NI/NA is used where the source does not support a stronger claim.
MWM-XB6F8EC5868,Simulating the outcome of amyloid treatments in Alzheimer's disease from imaging and clinical data.,primary_source_url,https://pmc.ncbi.nlm.nih.gov/articles/PMC8168944/,https://doi.org/10.1093/braincomms/fcab091,https://pmc.ncbi.nlm.nih.gov/articles/PMC8168944/,"Brain Communications PMCID PMC8168944: cohort and preprocessing, four-component latent ODE/Gaussian observation model, intervention simulation and statistics, Figs. 3-7 and Table 2, Discussion causal caveat, Data Availability; the linked supplementary PDF could not be retrieved during adjudication.",Primary-source adjudication for primary_source_url: retained the publication-bounded value; NI/NA is used where the source does not support a stronger claim.
MWM-XB6F8EC5868,Simulating the outcome of amyloid treatments in Alzheimer's disease from imaging and clinical data.,publication_status,Peer-reviewed Brain Communications article; 2021,"Peer-reviewed journal article (Brain Communications, 2021)",Peer-reviewed Brain Communications article; 2021,"Brain Communications PMCID PMC8168944: cohort and preprocessing, four-component latent ODE/Gaussian observation model, intervention simulation and statistics, Figs. 3-7 and Table 2, Discussion causal caveat, Data Availability; the linked supplementary PDF could not be retrieved during adjudication.",Primary-source adjudication for publication_status: retained the publication-bounded value; NI/NA is used where the source does not support a stronger claim.
MWM-XB6F8EC5868,Simulating the outcome of amyloid treatments in Alzheimer's disease from imaging and clinical data.,domain,Alzheimer disease; multimodal imaging and disease-progression simulation,Alzheimer's disease multimodal progression and hypothetical treatment simulation,Alzheimer disease; multimodal imaging and disease-progression simulation,"Brain Communications PMCID PMC8168944: cohort and preprocessing, four-component latent ODE/Gaussian observation model, intervention simulation and statistics, Figs. 3-7 and Table 2, Discussion causal caveat, Data Availability; the linked supplementary PDF could not be retrieved during adjudication.",Primary-source adjudication for domain: retained the publication-bounded value; NI/NA is used where the source does not support a stronger claim.
MWM-XB6F8EC5868,Simulating the outcome of amyloid treatments in Alzheimer's disease from imaging and clinical data.,dataset_or_cohort,Amyloid-positive ADNI longitudinal cohort,Alzheimer's Disease Neuroimaging Initiative (ADNI) amyloid-positive longitudinal cohort,Amyloid-positive ADNI longitudinal cohort,"Brain Communications PMCID PMC8168944: cohort and preprocessing, four-component latent ODE/Gaussian observation model, intervention simulation and statistics, Figs. 3-7 and Table 2, Discussion causal caveat, Data Availability; the linked supplementary PDF could not be retrieved during adjudication.",Primary-source adjudication for dataset_or_cohort: retained the publication-bounded value; NI/NA is used where the source does not support a stronger claim.
MWM-XB6F8EC5868,Simulating the outcome of amyloid treatments in Alzheimer's disease from imaging and clinical data.,sample_scale,"442 individuals and 2,781 longitudinal observations; 71 stable normal, 33 normal converters, 131 MCI, 105 MCI converters and 102 AD; follow-up 0-16 years","442 participants with 2,781 visits/time points over 0-16 years; diagnostic groups reported as 71, 33, 131, 105, and 102 across study strata","442 individuals and 2,781 longitudinal observations; 71 stable normal, 33 normal converters, 131 MCI, 105 MCI converters and 102 AD; follow-up 0-16 years","Brain Communications PMCID PMC8168944: cohort and preprocessing, four-component latent ODE/Gaussian observation model, intervention simulation and statistics, Figs. 3-7 and Table 2, Discussion causal caveat, Data Availability; the linked supplementary PDF could not be retrieved during adjudication.",Primary-source adjudication for sample_scale: retained the publication-bounded value; NI/NA is used where the source does not support a stronger claim.
MWM-XB6F8EC5868,Simulating the outcome of amyloid treatments in Alzheimer's disease from imaging and clinical data.,institution_count,ADNI is multisite; exact contributing-site count not reported in the article,Multicenter ADNI observational study; institution count not treated as an independent external split,ADNI is multisite; exact contributing-site count not reported in the article,"Brain Communications PMCID PMC8168944: cohort and preprocessing, four-component latent ODE/Gaussian observation model, intervention simulation and statistics, Figs. 3-7 and Table 2, Discussion causal caveat, Data Availability; the linked supplementary PDF could not be retrieved during adjudication.",Primary-source adjudication for institution_count: retained the publication-bounded value; NI/NA is used where the source does not support a stronger claim.
MWM-XB6F8EC5868,Simulating the outcome of amyloid treatments in Alzheimer's disease from imaging and clinical data.,split_strategy,No held-out intervention split; disease-severity time shift is tested on an independent cohort in supplement; intervention model fitted on the 442-person ADNI cohort,Internal model fitting/evaluation on ADNI with subgroup analyses; no held-out external cohort in this primary study,No held-out intervention split; disease-severity time shift is tested on an independent cohort in supplement; intervention model fitted on the 442-person ADNI cohort,"Brain Communications PMCID PMC8168944: cohort and preprocessing, four-component latent ODE/Gaussian observation model, intervention simulation and statistics, Figs. 3-7 and Table 2, Discussion causal caveat, Data Availability; the linked supplementary PDF could not be retrieved during adjudication.","Primary-source adjudication for split_strategy: the main article was inspected; the linked supplement remained inaccessible, so the independent-cohort claim is limited to disease-severity/time-shift validation and not treatment-response validation."
MWM-XB6F8EC5868,Simulating the outcome of amyloid treatments in Alzheimer's disease from imaging and clinical data.,observation_process,"Irregular longitudinal MRI, AV45-PET, FDG-PET and seven neuropsychological measures","Irregular longitudinal MRI, amyloid PET (AV45), FDG-PET, and seven clinical/cognitive scores; at least one complete multimodal visit required","Irregular longitudinal MRI, AV45-PET, FDG-PET and seven neuropsychological measures","Brain Communications PMCID PMC8168944: cohort and preprocessing, four-component latent ODE/Gaussian observation model, intervention simulation and statistics, Figs. 3-7 and Table 2, Discussion causal caveat, Data Availability; the linked supplementary PDF could not be retrieved during adjudication.",Primary-source adjudication for observation_process: retained the publication-bounded value; NI/NA is used where the source does not support a stronger claim.
MWM-XB6F8EC5868,Simulating the outcome of amyloid treatments in Alzheimer's disease from imaging and clinical data.,missingness,Model estimation requires at least one visit with all modalities; subsequent missing modalities are handled by matching available measures,Follow-up visits may lack modalities and are handled in the longitudinal model; entry requires at least one complete visit,Model estimation requires at least one visit with all modalities; subsequent missing modalities are handled by matching available measures,"Brain Communications PMCID PMC8168944: cohort and preprocessing, four-component latent ODE/Gaussian observation model, intervention simulation and statistics, Figs. 3-7 and Table 2, Discussion causal caveat, Data Availability; the linked supplementary PDF could not be retrieved during adjudication.",Primary-source adjudication for missingness: retained the publication-bounded value; NI/NA is used where the source does not support a stronger claim.
MWM-XB6F8EC5868,Simulating the outcome of amyloid treatments in Alzheimer's disease from imaging and clinical data.,censoring_or_competing_events,Follow-up ranges 0-16 years and diagnosis conversion uses last available follow-up; no explicit informative-dropout/censoring model,Longitudinal dropout is present but no explicit informative-censoring or competing-risk model is reported,Follow-up ranges 0-16 years and diagnosis conversion uses last available follow-up; no explicit informative-dropout/censoring model,"Brain Communications PMCID PMC8168944: cohort and preprocessing, four-component latent ODE/Gaussian observation model, intervention simulation and statistics, Figs. 3-7 and Table 2, Discussion causal caveat, Data Availability; the linked supplementary PDF could not be retrieved during adjudication.",Primary-source adjudication for censoring_or_competing_events: retained the publication-bounded value; NI/NA is used where the source does not support a stronger claim.
MWM-XB6F8EC5868,Simulating the outcome of amyloid treatments in Alzheimer's disease from imaging and clinical data.,state,"Four interpretable latent coordinates for amyloid, metabolism, atrophy and clinical cognition linked to regional observations",Four latent disease components jointly governing imaging and clinical biomarker evolution,"Four interpretable latent coordinates for amyloid, metabolism, atrophy and clinical cognition linked to regional observations","Brain Communications PMCID PMC8168944: cohort and preprocessing, four-component latent ODE/Gaussian observation model, intervention simulation and statistics, Figs. 3-7 and Table 2, Discussion causal caveat, Data Availability; the linked supplementary PDF could not be retrieved during adjudication.",Primary-source adjudication for state: retained the publication-bounded value; NI/NA is used where the source does not support a stronger claim.
MWM-XB6F8EC5868,Simulating the outcome of amyloid treatments in Alzheimer's disease from imaging and clinical data.,observation_decoder,Long-term regional biomarker and clinical-score trajectories and simulated trial endpoints,Gaussian observation models decode latent disease state into multimodal imaging and clinical outcomes,Long-term regional biomarker and clinical-score trajectories and simulated trial endpoints,"Brain Communications PMCID PMC8168944: cohort and preprocessing, four-component latent ODE/Gaussian observation model, intervention simulation and statistics, Figs. 3-7 and Table 2, Discussion causal caveat, Data Availability; the linked supplementary PDF could not be retrieved during adjudication.",Primary-source adjudication for observation_decoder: retained the publication-bounded value; NI/NA is used where the source does not support a stronger claim.
MWM-XB6F8EC5868,Simulating the outcome of amyloid treatments in Alzheimer's disease from imaging and clinical data.,action,Amyloid progression reduction at 50% or 100% initiated at selected years before dementia conversion,"Hypothetical amyloid lowering at 50% or 100%, varied by intervention time",Amyloid progression reduction at 50% or 100% initiated at selected years before dementia conversion,"Brain Communications PMCID PMC8168944: cohort and preprocessing, four-component latent ODE/Gaussian observation model, intervention simulation and statistics, Figs. 3-7 and Table 2, Discussion causal caveat, Data Availability; the linked supplementary PDF could not be retrieved during adjudication.",Primary-source adjudication for action: retained the publication-bounded value; NI/NA is used where the source does not support a stronger claim.
MWM-XB6F8EC5868,Simulating the outcome of amyloid treatments in Alzheimer's disease from imaging and clinical data.,action_provenance,Hypothetical irreversible model intervention; not observed treatment assignment,Entirely simulated intervention applied to fitted disease dynamics; no treated patients are used for estimation,Hypothetical irreversible model intervention; not observed treatment assignment,"Brain Communications PMCID PMC8168944: cohort and preprocessing, four-component latent ODE/Gaussian observation model, intervention simulation and statistics, Figs. 3-7 and Table 2, Discussion causal caveat, Data Availability; the linked supplementary PDF could not be retrieved during adjudication.",Primary-source adjudication for action_provenance: retained the publication-bounded value; NI/NA is used where the source does not support a stronger claim.
MWM-XB6F8EC5868,Simulating the outcome of amyloid treatments in Alzheimer's disease from imaging and clinical data.,transition_mechanism,Bayesian latent ordinary differential equation system estimated with stochastic variational inference,Coupled differential-equation disease-progression model with four latent processes and Gaussian decoders,Bayesian latent ordinary differential equation system estimated with stochastic variational inference,"Brain Communications PMCID PMC8168944: cohort and preprocessing, four-component latent ODE/Gaussian observation model, intervention simulation and statistics, Figs. 3-7 and Table 2, Discussion causal caveat, Data Availability; the linked supplementary PDF could not be retrieved during adjudication.",Primary-source adjudication for transition_mechanism: retained the publication-bounded value; NI/NA is used where the source does not support a stronger claim.
MWM-XB6F8EC5868,Simulating the outcome of amyloid treatments in Alzheimer's disease from imaging and clinical data.,maximum_horizon,Interventions from 20 to 1 years before conversion with outcomes at conversion; natural trajectories extrapolate across the disease history,Backward/forward disease-course simulation across approximately 20 years around conversion; observations span 0-16 years,Interventions from 20 to 1 years before conversion with outcomes at conversion; natural trajectories extrapolate across the disease history,"Brain Communications PMCID PMC8168944: cohort and preprocessing, four-component latent ODE/Gaussian observation model, intervention simulation and statistics, Figs. 3-7 and Table 2, Discussion causal caveat, Data Availability; the linked supplementary PDF could not be retrieved during adjudication.",Primary-source adjudication for maximum_horizon: retained the publication-bounded value; NI/NA is used where the source does not support a stronger claim.
MWM-XB6F8EC5868,Simulating the outcome of amyloid treatments in Alzheimer's disease from imaging and clinical data.,rollout_regime,Free ODE integration under natural and modified dynamics,Free-running continuous-time simulation with natural-history and intervention branches,Free ODE integration under natural and modified dynamics,"Brain Communications PMCID PMC8168944: cohort and preprocessing, four-component latent ODE/Gaussian observation model, intervention simulation and statistics, Figs. 3-7 and Table 2, Discussion causal caveat, Data Availability; the linked supplementary PDF could not be retrieved during adjudication.",Primary-source adjudication for rollout_regime: retained the publication-bounded value; NI/NA is used where the source does not support a stronger claim.
MWM-XB6F8EC5868,Simulating the outcome of amyloid treatments in Alzheimer's disease from imaging and clinical data.,capability_claim,Counterfactual: compare placebo/natural progression with alternative amyloid-lowering timing and dose scenarios,Counterfactual: compares unobserved disease trajectories under alternative amyloid-lowering dose and timing scenarios,Counterfactual: compare placebo/natural progression with alternative amyloid-lowering timing and dose scenarios,"Brain Communications PMCID PMC8168944: cohort and preprocessing, four-component latent ODE/Gaussian observation model, intervention simulation and statistics, Figs. 3-7 and Table 2, Discussion causal caveat, Data Availability; the linked supplementary PDF could not be retrieved during adjudication.",Primary-source adjudication for capability_claim: retained the publication-bounded value; NI/NA is used where the source does not support a stronger claim.
MWM-XB6F8EC5868,Simulating the outcome of amyloid treatments in Alzheimer's disease from imaging and clinical data.,baselines,State-of-the-art disease progression time-shift comparator; placebo natural-progression branch,"Natural untreated trajectory, dose/time intervention scenarios, and model variants; no learned action-agnostic comparator distinct from natural history",State-of-the-art disease progression time-shift comparator; placebo natural-progression branch,"Brain Communications PMCID PMC8168944: cohort and preprocessing, four-component latent ODE/Gaussian observation model, intervention simulation and statistics, Figs. 3-7 and Table 2, Discussion causal caveat, Data Availability; the linked supplementary PDF could not be retrieved during adjudication.",Primary-source adjudication for baselines: retained the publication-bounded value; NI/NA is used where the source does not support a stronger claim.
MWM-XB6F8EC5868,Simulating the outcome of amyloid treatments in Alzheimer's disease from imaging and clinical data.,state_fidelity_metrics,Clinical-group disease-severity ordering and biomarker trajectory agreement; independent-cohort time-shift validation noted,Fit to multimodal biomarker trajectories and clinical endpoints; agreement with known disease progression,Clinical-group disease-severity ordering and biomarker trajectory agreement; independent-cohort time-shift validation noted,"Brain Communications PMCID PMC8168944: cohort and preprocessing, four-component latent ODE/Gaussian observation model, intervention simulation and statistics, Figs. 3-7 and Table 2, Discussion causal caveat, Data Availability; the linked supplementary PDF could not be retrieved during adjudication.",Primary-source adjudication for state_fidelity_metrics: retained the publication-bounded value; NI/NA is used where the source does not support a stronger claim.
MWM-XB6F8EC5868,Simulating the outcome of amyloid treatments in Alzheimer's disease from imaging and clinical data.,transition_metrics,No held-out transition-error metric for long-term trajectories; simulated score changes are compared with trial observations,Trajectory-level simulated biomarker/clinical evolution and trial-compatible endpoint effects over intervention timing,No held-out transition-error metric for long-term trajectories; simulated score changes are compared with trial observations,"Brain Communications PMCID PMC8168944: cohort and preprocessing, four-component latent ODE/Gaussian observation model, intervention simulation and statistics, Figs. 3-7 and Table 2, Discussion causal caveat, Data Availability; the linked supplementary PDF could not be retrieved during adjudication.",Primary-source adjudication for transition_metrics: retained the publication-bounded value; NI/NA is used where the source does not support a stronger claim.
MWM-XB6F8EC5868,Simulating the outcome of amyloid treatments in Alzheimer's disease from imaging and clinical data.,rollout_stability,Trajectory means and standard deviations are shown; no drift/constraint-violation evaluation,"Long-range trajectories are plotted, but no explicit drift/constraint-violation metric or out-of-distribution stability audit",Trajectory means and standard deviations are shown; no drift/constraint-violation evaluation,"Brain Communications PMCID PMC8168944: cohort and preprocessing, four-component latent ODE/Gaussian observation model, intervention simulation and statistics, Figs. 3-7 and Table 2, Discussion causal caveat, Data Availability; the linked supplementary PDF could not be retrieved during adjudication.",Primary-source adjudication for rollout_stability: retained the publication-bounded value; NI/NA is used where the source does not support a stronger claim.
MWM-XB6F8EC5868,Simulating the outcome of amyloid treatments in Alzheimer's disease from imaging and clinical data.,action_sensitivity,Explicit placebo versus 50% and 100% lowering across multiple intervention years and sample sizes,Explicit 50% versus 100% amyloid lowering and intervention-time sweeps against no-treatment natural history,Explicit placebo versus 50% and 100% lowering across multiple intervention years and sample sizes,"Brain Communications PMCID PMC8168944: cohort and preprocessing, four-component latent ODE/Gaussian observation model, intervention simulation and statistics, Figs. 3-7 and Table 2, Discussion causal caveat, Data Availability; the linked supplementary PDF could not be retrieved during adjudication.",Primary-source adjudication for action_sensitivity: retained the publication-bounded value; NI/NA is used where the source does not support a stronger claim.
MWM-XB6F8EC5868,Simulating the outcome of amyloid treatments in Alzheimer's disease from imaging and clinical data.,calibration_and_uncertainty,Bayesian posterior/stochastic variational model and trajectory SDs are shown; no formal reliability or interval coverage calibration,Gaussian model uncertainty and simulated group variability are represented; no formal predictive calibration or interval-coverage validation is reported,Bayesian posterior/stochastic variational model and trajectory SDs are shown; no formal reliability or interval coverage calibration,"Brain Communications PMCID PMC8168944: cohort and preprocessing, four-component latent ODE/Gaussian observation model, intervention simulation and statistics, Figs. 3-7 and Table 2, Discussion causal caveat, Data Availability; the linked supplementary PDF could not be retrieved during adjudication.",Primary-source adjudication for calibration_and_uncertainty: retained the publication-bounded value; NI/NA is used where the source does not support a stronger claim.
MWM-XB6F8EC5868,Simulating the outcome of amyloid treatments in Alzheimer's disease from imaging and clinical data.,external_validation,"Independent-cohort validation applies to disease-severity time shift, not treatment effect; supplement details were inaccessible from the stable PMC link",No frozen external cohort in the primary article; a supplementary independent-severity analysis is not treatment validation,An independent cohort is used only for disease-severity/time-shift validation in supplementary analysis; it does not provide frozen validation of the simulated treatment response.,"Brain Communications PMCID PMC8168944: cohort and preprocessing, four-component latent ODE/Gaussian observation model, intervention simulation and statistics, Figs. 3-7 and Table 2, Discussion causal caveat, Data Availability; the linked supplementary PDF could not be retrieved during adjudication.","Primary-source adjudication for external_validation: the main article was inspected; the linked supplement remained inaccessible, so the independent-cohort claim is limited to disease-severity/time-shift validation and not treatment-response validation."
MWM-XB6F8EC5868,Simulating the outcome of amyloid treatments in Alzheimer's disease from imaging and clinical data.,decision_utility,"Simulated clinical endpoints and power curves inform trial timing, dose and sample-size design",Offline hypothetical trial design and intervention-timing insight; no clinician decision or prospective policy evaluation,"Simulated clinical endpoints and power curves inform trial timing, dose and sample-size design","Brain Communications PMCID PMC8168944: cohort and preprocessing, four-component latent ODE/Gaussian observation model, intervention simulation and statistics, Figs. 3-7 and Table 2, Discussion causal caveat, Data Availability; the linked supplementary PDF could not be retrieved during adjudication.",Primary-source adjudication for decision_utility: retained the publication-bounded value; NI/NA is used where the source does not support a stronger claim.
MWM-XB6F8EC5868,Simulating the outcome of amyloid treatments in Alzheimer's disease from imaging and clinical data.,safety_evaluation,"No adverse-effect, toxicity, subgroup worst-case or treatment-hazard model","No adverse-event, treatment-hazard, severity, override, or safety-constraint model","No adverse-effect, toxicity, subgroup worst-case or treatment-hazard model","Brain Communications PMCID PMC8168944: cohort and preprocessing, four-component latent ODE/Gaussian observation model, intervention simulation and statistics, Figs. 3-7 and Table 2, Discussion causal caveat, Data Availability; the linked supplementary PDF could not be retrieved during adjudication.",Primary-source adjudication for safety_evaluation: retained the publication-bounded value; NI/NA is used where the source does not support a stronger claim.
MWM-XB6F8EC5868,Simulating the outcome of amyloid treatments in Alzheimer's disease from imaging and clinical data.,statistical_analysis,"Two-sided Wilcoxon-Mann-Whitney tests, two-sided Student t tests, P<0.01 and trajectory standard deviations",Simulation uncertainty and statistically powered endpoint calculations are reported; detailed inferential procedures are in methods/supplement,"Two-sided Wilcoxon-Mann-Whitney tests, two-sided Student t tests, P<0.01 and trajectory standard deviations","Brain Communications PMCID PMC8168944: cohort and preprocessing, four-component latent ODE/Gaussian observation model, intervention simulation and statistics, Figs. 3-7 and Table 2, Discussion causal caveat, Data Availability; the linked supplementary PDF could not be retrieved during adjudication.",Primary-source adjudication for statistical_analysis: retained the publication-bounded value; NI/NA is used where the source does not support a stronger claim.
MWM-XB6F8EC5868,Simulating the outcome of amyloid treatments in Alzheimer's disease from imaging and clinical data.,causal_language,"Authors state the model may be interpreted causally if the data capture the disease history, then explicitly caution that unmodeled mechanisms may drive amyloid","Explicitly simulates hypothetical amyloid-treatment outcomes and interprets dose/timing differences as intervention effects, while acknowledging assumptions","Authors state the model may be interpreted causally if the data capture the disease history, then explicitly caution that unmodeled mechanisms may drive amyloid","Brain Communications PMCID PMC8168944: cohort and preprocessing, four-component latent ODE/Gaussian observation model, intervention simulation and statistics, Figs. 3-7 and Table 2, Discussion causal caveat, Data Availability; the linked supplementary PDF could not be retrieved during adjudication.",Primary-source adjudication for causal_language: retained the publication-bounded value; NI/NA is used where the source does not support a stronger claim.
MWM-XB6F8EC5868,Simulating the outcome of amyloid treatments in Alzheimer's disease from imaging and clinical data.,estimand,Clinical-score contrast at conversion under specified amyloid-lowering dose and start time versus placebo,Contrast in modeled clinical/biomarker trajectories under no treatment versus 50%/100% amyloid lowering at specified intervention times,Clinical-score contrast at conversion under specified amyloid-lowering dose and start time versus placebo,"Brain Communications PMCID PMC8168944: cohort and preprocessing, four-component latent ODE/Gaussian observation model, intervention simulation and statistics, Figs. 3-7 and Table 2, Discussion causal caveat, Data Availability; the linked supplementary PDF could not be retrieved during adjudication.",Primary-source adjudication for estimand: retained the publication-bounded value; NI/NA is used where the source does not support a stronger claim.
MWM-XB6F8EC5868,Simulating the outcome of amyloid treatments in Alzheimer's disease from imaging and clinical data.,confounding_strategy,Mechanistic ODE constraints only; no measured-confounder adjustment for treatment effects because interventions are hypothetical,No treatment-confounding adjustment because treated outcomes are absent; intervention effects are imposed through mechanistic assumptions,Mechanistic ODE constraints only; no measured-confounder adjustment for treatment effects because interventions are hypothetical,"Brain Communications PMCID PMC8168944: cohort and preprocessing, four-component latent ODE/Gaussian observation model, intervention simulation and statistics, Figs. 3-7 and Table 2, Discussion causal caveat, Data Availability; the linked supplementary PDF could not be retrieved during adjudication.",Primary-source adjudication for confounding_strategy: retained the publication-bounded value; NI/NA is used where the source does not support a stronger claim.
MWM-XB6F8EC5868,Simulating the outcome of amyloid treatments in Alzheimer's disease from imaging and clinical data.,positivity_and_overlap,NA inside the simulator; real-world treatment support/overlap is not evaluated,No empirical treatment positivity/overlap can be evaluated; simulated interventions may lie outside observed treatment support,NA inside the simulator; real-world treatment support/overlap is not evaluated,"Brain Communications PMCID PMC8168944: cohort and preprocessing, four-component latent ODE/Gaussian observation model, intervention simulation and statistics, Figs. 3-7 and Table 2, Discussion causal caveat, Data Availability; the linked supplementary PDF could not be retrieved during adjudication.",Primary-source adjudication for positivity_and_overlap: retained the publication-bounded value; NI/NA is used where the source does not support a stronger claim.
MWM-XB6F8EC5868,Simulating the outcome of amyloid treatments in Alzheimer's disease from imaging and clinical data.,counterfactual_validation,Compatibility with prior trials and independent disease-severity validation; no randomized validation of simulated individual outcomes,Compatibility with historical trial outcomes and biological plausibility only; no randomized treated-data validation,Compatibility with prior trials and independent disease-severity validation; no randomized validation of simulated individual outcomes,"Brain Communications PMCID PMC8168944: cohort and preprocessing, four-component latent ODE/Gaussian observation model, intervention simulation and statistics, Figs. 3-7 and Table 2, Discussion causal caveat, Data Availability; the linked supplementary PDF could not be retrieved during adjudication.",Primary-source adjudication for counterfactual_validation: retained the publication-bounded value; NI/NA is used where the source does not support a stronger claim.
MWM-XB6F8EC5868,Simulating the outcome of amyloid treatments in Alzheimer's disease from imaging and clinical data.,code_access,No public implementation was identified in the paper or targeted repository search,No public implementation identified for this article,No public implementation was identified in the paper or targeted repository search,"Brain Communications PMCID PMC8168944: cohort and preprocessing, four-component latent ODE/Gaussian observation model, intervention simulation and statistics, Figs. 3-7 and Table 2, Discussion causal caveat, Data Availability; the linked supplementary PDF could not be retrieved during adjudication.",Primary-source adjudication for code_access: retained the publication-bounded value; NI/NA is used where the source does not support a stronger claim.
MWM-XB6F8EC5868,Simulating the outcome of amyloid treatments in Alzheimer's disease from imaging and clinical data.,weights_access,Unavailable: no study weights released,No public trained parameters/weights identified,Unavailable: no study weights released,"Brain Communications PMCID PMC8168944: cohort and preprocessing, four-component latent ODE/Gaussian observation model, intervention simulation and statistics, Figs. 3-7 and Table 2, Discussion causal caveat, Data Availability; the linked supplementary PDF could not be retrieved during adjudication.",Primary-source adjudication for weights_access: retained the publication-bounded value; NI/NA is used where the source does not support a stronger claim.
MWM-XB6F8EC5868,Simulating the outcome of amyloid treatments in Alzheimer's disease from imaging and clinical data.,data_access,ADNI data are credentialed through adni.loni.usc.edu,ADNI data are credentialed and available through ADNI governance,ADNI data are credentialed through adni.loni.usc.edu,"Brain Communications PMCID PMC8168944: cohort and preprocessing, four-component latent ODE/Gaussian observation model, intervention simulation and statistics, Figs. 3-7 and Table 2, Discussion causal caveat, Data Availability; the linked supplementary PDF could not be retrieved during adjudication.",Primary-source adjudication for data_access: retained the publication-bounded value; NI/NA is used where the source does not support a stronger claim.
MWM-XB6F8EC5868,Simulating the outcome of amyloid treatments in Alzheimer's disease from imaging and clinical data.,preprocessing_reproducibility,"MRI/PET processing, parcellation, z-score construction and variational model are described; code absence limits reproduction","Equations and cohort preprocessing are described, but absent code/parameters prevent end-to-end reproduction","MRI/PET processing, parcellation, z-score construction and variational model are described; code absence limits reproduction","Brain Communications PMCID PMC8168944: cohort and preprocessing, four-component latent ODE/Gaussian observation model, intervention simulation and statistics, Figs. 3-7 and Table 2, Discussion causal caveat, Data Availability; the linked supplementary PDF could not be retrieved during adjudication.",Primary-source adjudication for preprocessing_reproducibility: retained the publication-bounded value; NI/NA is used where the source does not support a stronger claim.
MWM-XB6F8EC5868,Simulating the outcome of amyloid treatments in Alzheimer's disease from imaging and clinical data.,randomness,Stochastic variational inference is used; seeds and repeated model fits are NI,Simulation sampling is described; exact software seeds and repeated fit protocol are not clearly reported,Stochastic variational inference is used; seeds and repeated model fits are NI,"Brain Communications PMCID PMC8168944: cohort and preprocessing, four-component latent ODE/Gaussian observation model, intervention simulation and statistics, Figs. 3-7 and Table 2, Discussion causal caveat, Data Availability; the linked supplementary PDF could not be retrieved during adjudication.",Primary-source adjudication for randomness: retained the publication-bounded value; NI/NA is used where the source does not support a stronger claim.
MWM-XB6F8EC5868,Simulating the outcome of amyloid treatments in Alzheimer's disease from imaging and clinical data.,evidence_anchors,"PMC8168944 Methods: cohort, model overview, simulation and statistics; Results Figs. 3-7 and Table 2; Discussion causal caveat and cohort limitations; Data Availability. Supplement link was present but could not be retrieved.","Methods on ADNI cohort, four-component disease model, Gaussian observation process, and intervention simulation; Results figures on 50%/100% lowering and intervention timing; Discussion explicitly states the hypothetical/model-assumption boundary","Brain Communications PMCID PMC8168944: cohort and preprocessing, four-component latent ODE/Gaussian observation model, intervention simulation and statistics, Figs. 3-7 and Table 2, Discussion causal caveat, Data Availability; the linked supplementary PDF could not be retrieved during adjudication.","Brain Communications PMCID PMC8168944: cohort and preprocessing, four-component latent ODE/Gaussian observation model, intervention simulation and statistics, Figs. 3-7 and Table 2, Discussion causal caveat, Data Availability; the linked supplementary PDF could not be retrieved during adjudication.","Primary-source adjudication for evidence_anchors: the main article was inspected; the linked supplement remained inaccessible, so the independent-cohort claim is limited to disease-severity/time-shift validation and not treatment-response validation."
MWM-XB6F8EC5868,Simulating the outcome of amyloid treatments in Alzheimer's disease from imaging and clinical data.,appraisal_strengths,Interpretable multimodal dynamics and strong timing/dose perturbation grid tied to trial endpoints and power,"Irregular multimodal trajectories, long free-running disease simulation, explicit no-treatment comparator, dose/timing perturbations, and clear mechanistic equations",Interpretable multimodal dynamics and strong timing/dose perturbation grid tied to trial endpoints and power,"Brain Communications PMCID PMC8168944: cohort and preprocessing, four-component latent ODE/Gaussian observation model, intervention simulation and statistics, Figs. 3-7 and Table 2, Discussion causal caveat, Data Availability; the linked supplementary PDF could not be retrieved during adjudication.",Primary-source adjudication for appraisal_strengths: retained the publication-bounded value; NI/NA is used where the source does not support a stronger claim.
MWM-XB6F8EC5868,Simulating the outcome of amyloid treatments in Alzheimer's disease from imaging and clinical data.,appraisal_limitations,"Intervention effects are model-assumption driven; no formal causal identification, calibration, treatment-hazard model or public code; external validation does not validate intervention response","No treated data, no confounding/overlap identification, internal ADNI evidence only, no formal calibration, code, weights, or safety model; individual counterfactuals are model assumptions","Intervention effects are model-assumption driven; no formal causal identification, calibration, treatment-hazard model or public code; external validation does not validate intervention response","Brain Communications PMCID PMC8168944: cohort and preprocessing, four-component latent ODE/Gaussian observation model, intervention simulation and statistics, Figs. 3-7 and Table 2, Discussion causal caveat, Data Availability; the linked supplementary PDF could not be retrieved during adjudication.",Primary-source adjudication for appraisal_limitations: retained the publication-bounded value; NI/NA is used where the source does not support a stronger claim.
MWM-XB6F8EC5868,Simulating the outcome of amyloid treatments in Alzheimer's disease from imaging and clinical data.,source_status,full_text_inspected_supplement_access_limited,Primary peer-reviewed full text inspected through PMC XML,Primary peer-reviewed full text inspected through PMC; linked supplementary file remained inaccessible during adjudication.,"Brain Communications PMCID PMC8168944: cohort and preprocessing, four-component latent ODE/Gaussian observation model, intervention simulation and statistics, Figs. 3-7 and Table 2, Discussion causal caveat, Data Availability; the linked supplementary PDF could not be retrieved during adjudication.","Primary-source adjudication for source_status: the main article was inspected; the linked supplement remained inaccessible, so the independent-cohort claim is limited to disease-severity/time-shift validation and not treatment-response validation."
MWM-XB6F8EC5868,Simulating the outcome of amyloid treatments in Alzheimer's disease from imaging and clinical data.,reviewer_confidence,medium,high,medium,"Brain Communications PMCID PMC8168944: cohort and preprocessing, four-component latent ODE/Gaussian observation model, intervention simulation and statistics, Figs. 3-7 and Table 2, Discussion causal caveat, Data Availability; the linked supplementary PDF could not be retrieved during adjudication.","Primary-source adjudication for reviewer_confidence: the main article was inspected; the linked supplement remained inaccessible, so the independent-cohort claim is limited to disease-severity/time-shift validation and not treatment-response validation."
MWM-X009A6E0F91,Towards Causality-Aware Inferring: A Sequential Discriminative Approach for Medical Diagnosis.,publication_status,Peer-reviewed IEEE TPAMI article; arXiv:2003.06534v5 author version inspected,"Peer-reviewed journal article (IEEE Transactions on Pattern Analysis and Machine Intelligence, 2023)",Peer-reviewed IEEE TPAMI article; arXiv:2003.06534v5 author version inspected,"Official author manuscript arXiv:2003.06534v5: framework and experiments pp. 1-10, Tables 1-7 and Figs. 7-10, Appendix pp. 11-19 on potential outcomes, overlap, datasets, training, human evaluation, and limitations; official CAMAD repository checked.",Primary-source adjudication for publication_status: retained the publication-bounded value; NI/NA is used where the source does not support a stronger claim.
MWM-X009A6E0F91,Towards Causality-Aware Inferring: A Sequential Discriminative Approach for Medical Diagnosis.,domain,Medical dialogue; sequential diagnosis; patient simulation and reinforcement learning,Sequential symptom inquiry and medical diagnosis,Medical dialogue; sequential diagnosis; patient simulation and reinforcement learning,"Official author manuscript arXiv:2003.06534v5: framework and experiments pp. 1-10, Tables 1-7 and Figs. 7-10, Appendix pp. 11-19 on potential outcomes, overlap, datasets, training, human evaluation, and limitations; official CAMAD repository checked.",Primary-source adjudication for domain: retained the publication-bounded value; NI/NA is used where the source does not support a stronger claim.
MWM-X009A6E0F91,Towards Causality-Aware Inferring: A Sequential Discriminative Approach for Medical Diagnosis.,dataset_or_cohort,Public MuZhi and DingXiang pediatric medical-dialogue benchmarks,Muzhi (MZ) and Dxy (DX) medical dialogue datasets,Public MuZhi and DingXiang pediatric medical-dialogue benchmarks,"Official author manuscript arXiv:2003.06534v5: framework and experiments pp. 1-10, Tables 1-7 and Figs. 7-10, Appendix pp. 11-19 on potential outcomes, overlap, datasets, training, human evaluation, and limitations; official CAMAD repository checked.",Primary-source adjudication for dataset_or_cohort: retained the publication-bounded value; NI/NA is used where the source does not support a stronger claim.
MWM-X009A6E0F91,Towards Causality-Aware Inferring: A Sequential Discriminative Approach for Medical Diagnosis.,sample_scale,"MuZhi: 586 train and 142 test records, 66 symptoms, 4 diseases; DingXiang: 423 train and 104 test records, 41 symptoms, 5 diseases","MZ: 586 training and 142 test cases, 66 symptoms and 4 diseases; DX: 423 training and 104 test cases, 41 symptoms and 5 diseases","MuZhi: 586 train and 142 test records, 66 symptoms, 4 diseases; DingXiang: 423 train and 104 test records, 41 symptoms, 5 diseases","Official author manuscript arXiv:2003.06534v5: framework and experiments pp. 1-10, Tables 1-7 and Figs. 7-10, Appendix pp. 11-19 on potential outcomes, overlap, datasets, training, human evaluation, and limitations; official CAMAD repository checked.",Primary-source adjudication for sample_scale: retained the publication-bounded value; NI/NA is used where the source does not support a stronger claim.
MWM-X009A6E0F91,Towards Causality-Aware Inferring: A Sequential Discriminative Approach for Medical Diagnosis.,institution_count,"NI: benchmark records come from separate sources, but clinical institution count is not reported",Two distinct public/source datasets; clinical institution count not reported,"NI: benchmark records come from separate sources, but clinical institution count is not reported","Official author manuscript arXiv:2003.06534v5: framework and experiments pp. 1-10, Tables 1-7 and Figs. 7-10, Appendix pp. 11-19 on potential outcomes, overlap, datasets, training, human evaluation, and limitations; official CAMAD repository checked.",Primary-source adjudication for institution_count: retained the publication-bounded value; NI/NA is used where the source does not support a stronger claim.
MWM-X009A6E0F91,Towards Causality-Aware Inferring: A Sequential Discriminative Approach for Medical Diagnosis.,split_strategy,Published train/test splits; five-fold cross-validation for simulator inferential ability; five random-seed runs; cross-dataset transfer after semantic symptom remapping,Fixed train/test splits with five-fold tuning/analysis; out-of-distribution protocol trains on Ptrain and tests on broader Pall; five random seeds,Published train/test splits; five-fold cross-validation for simulator inferential ability; five random-seed runs; cross-dataset transfer after semantic symptom remapping,"Official author manuscript arXiv:2003.06534v5: framework and experiments pp. 1-10, Tables 1-7 and Figs. 7-10, Appendix pp. 11-19 on potential outcomes, overlap, datasets, training, human evaluation, and limitations; official CAMAD repository checked.",Primary-source adjudication for split_strategy: retained the publication-bounded value; NI/NA is used where the source does not support a stronger claim.
MWM-X009A6E0F91,Towards Causality-Aware Inferring: A Sequential Discriminative Approach for Medical Diagnosis.,observation_process,"Sequential inquiries over explicit/implicit symptom slots with yes, no or not-sure responses and final disease label",Sparse symptom-dialogue records; an agent sequentially asks up to a limited number of symptoms before diagnosis,"Sequential inquiries over explicit/implicit symptom slots with yes, no or not-sure responses and final disease label","Official author manuscript arXiv:2003.06534v5: framework and experiments pp. 1-10, Tables 1-7 and Figs. 7-10, Appendix pp. 11-19 on potential outcomes, overlap, datasets, training, human evaluation, and limitations; official CAMAD repository checked.",Primary-source adjudication for observation_process: retained the publication-bounded value; NI/NA is used where the source does not support a stronger claim.
MWM-X009A6E0F91,Towards Causality-Aware Inferring: A Sequential Discriminative Approach for Medical Diagnosis.,missingness,Unrecorded symptoms are the central missingness problem; propensity latent matching imputes responses from similar same-disease records,Unrecorded symptoms are explicitly treated as missing; propensity latent matching estimates responses instead of assigning a biased default answer,Unrecorded symptoms are the central missingness problem; propensity latent matching imputes responses from similar same-disease records,"Official author manuscript arXiv:2003.06534v5: framework and experiments pp. 1-10, Tables 1-7 and Figs. 7-10, Appendix pp. 11-19 on potential outcomes, overlap, datasets, training, human evaluation, and limitations; official CAMAD repository checked.",Primary-source adjudication for missingness: retained the publication-bounded value; NI/NA is used where the source does not support a stronger claim.
MWM-X009A6E0F91,Towards Causality-Aware Inferring: A Sequential Discriminative Approach for Medical Diagnosis.,censoring_or_competing_events,NA: bounded dialogue episodes; no clinical time-to-event censoring,NA: short diagnostic dialogues with no time-to-event censoring or competing outcomes,NA: bounded dialogue episodes; no clinical time-to-event censoring,"Official author manuscript arXiv:2003.06534v5: framework and experiments pp. 1-10, Tables 1-7 and Figs. 7-10, Appendix pp. 11-19 on potential outcomes, overlap, datasets, training, human evaluation, and limitations; official CAMAD repository checked.",Primary-source adjudication for censoring_or_competing_events: retained the publication-bounded value; NI/NA is used where the source does not support a stronger claim.
MWM-X009A6E0F91,Towards Causality-Aware Inferring: A Sequential Discriminative Approach for Medical Diagnosis.,state,"Current symptom-answer vector, visitation mask, disease probabilities and simulated complete patient states","Known, unknown, and inferred symptom state plus probabilistic disease belief","Current symptom-answer vector, visitation mask, disease probabilities and simulated complete patient states","Official author manuscript arXiv:2003.06534v5: framework and experiments pp. 1-10, Tables 1-7 and Figs. 7-10, Appendix pp. 11-19 on potential outcomes, overlap, datasets, training, human evaluation, and limitations; official CAMAD repository checked.",Primary-source adjudication for state: retained the publication-bounded value; NI/NA is used where the source does not support a stronger claim.
MWM-X009A6E0F91,Towards Causality-Aware Inferring: A Sequential Discriminative Approach for Medical Diagnosis.,observation_decoder,Patient-simulator answer to each inquiry and final disease diagnosis,Patient simulator returns symptom answers; diagnosis process returns disease probabilities/decision,Patient-simulator answer to each inquiry and final disease diagnosis,"Official author manuscript arXiv:2003.06534v5: framework and experiments pp. 1-10, Tables 1-7 and Figs. 7-10, Appendix pp. 11-19 on potential outcomes, overlap, datasets, training, human evaluation, and limitations; official CAMAD repository checked.",Primary-source adjudication for observation_decoder: retained the publication-bounded value; NI/NA is used where the source does not support a stronger claim.
MWM-X009A6E0F91,Towards Causality-Aware Inferring: A Sequential Discriminative Approach for Medical Diagnosis.,action,Choose an unobserved symptom to inquire about or stop and inform a disease,"Sequential symptom inquiry, with stopping/diagnosis decision",Choose an unobserved symptom to inquire about or stop and inform a disease,"Official author manuscript arXiv:2003.06534v5: framework and experiments pp. 1-10, Tables 1-7 and Figs. 7-10, Appendix pp. 11-19 on potential outcomes, overlap, datasets, training, human evaluation, and limitations; official CAMAD repository checked.",Primary-source adjudication for action: retained the publication-bounded value; NI/NA is used where the source does not support a stronger claim.
MWM-X009A6E0F91,Towards Causality-Aware Inferring: A Sequential Discriminative Approach for Medical Diagnosis.,action_provenance,Simulated inquiry actions in closed-loop benchmark episodes; passive human dialogue records supply factual symptoms,Simulated agent inquiries answered from passively collected dialogue records through a learned patient simulator,Simulated inquiry actions in closed-loop benchmark episodes; passive human dialogue records supply factual symptoms,"Official author manuscript arXiv:2003.06534v5: framework and experiments pp. 1-10, Tables 1-7 and Figs. 7-10, Appendix pp. 11-19 on potential outcomes, overlap, datasets, training, human evaluation, and limitations; official CAMAD repository checked.",Primary-source adjudication for action_provenance: retained the publication-bounded value; NI/NA is used where the source does not support a stronger claim.
MWM-X009A6E0F91,Towards Causality-Aware Inferring: A Sequential Discriminative Approach for Medical Diagnosis.,transition_mechanism,"Propensity-based patient-simulator state update plus generative intervener, bootstrapped diagnosers and Dueling-DQN inquiry policy",Propensity latent matching patient simulator plus progressive assurance agent with inquiry and intervention-inspired diagnostic processes,"Propensity-based patient-simulator state update plus generative intervener, bootstrapped diagnosers and Dueling-DQN inquiry policy","Official author manuscript arXiv:2003.06534v5: framework and experiments pp. 1-10, Tables 1-7 and Figs. 7-10, Appendix pp. 11-19 on potential outcomes, overlap, datasets, training, human evaluation, and limitations; official CAMAD repository checked.",Primary-source adjudication for transition_mechanism: retained the publication-bounded value; NI/NA is used where the source does not support a stronger claim.
MWM-X009A6E0F91,Towards Causality-Aware Inferring: A Sequential Discriminative Approach for Medical Diagnosis.,maximum_horizon,Maximum dialogue length is one-third of symptom count: 22 inquiries for MuZhi and approximately 13 for DingXiang,Reported inquiry budgets include 1 and 3 additional symptoms before diagnosis,Maximum dialogue length is one-third of symptom count: 22 inquiries for MuZhi and approximately 13 for DingXiang,"Official author manuscript arXiv:2003.06534v5: framework and experiments pp. 1-10, Tables 1-7 and Figs. 7-10, Appendix pp. 11-19 on potential outcomes, overlap, datasets, training, human evaluation, and limitations; official CAMAD repository checked.",Primary-source adjudication for maximum_horizon: retained the publication-bounded value; NI/NA is used where the source does not support a stronger claim.
MWM-X009A6E0F91,Towards Causality-Aware Inferring: A Sequential Discriminative Approach for Medical Diagnosis.,rollout_regime,Closed-loop simulated interaction; simulator and policy consume updated generated dialogue state,Closed-loop simulation: agent-selected inquiries update symptom/belief state and drive the next query or diagnosis,Closed-loop simulated interaction; simulator and policy consume updated generated dialogue state,"Official author manuscript arXiv:2003.06534v5: framework and experiments pp. 1-10, Tables 1-7 and Figs. 7-10, Appendix pp. 11-19 on potential outcomes, overlap, datasets, training, human evaluation, and limitations; official CAMAD repository checked.",Primary-source adjudication for rollout_regime: retained the publication-bounded value; NI/NA is used where the source does not support a stronger claim.
MWM-X009A6E0F91,Towards Causality-Aware Inferring: A Sequential Discriminative Approach for Medical Diagnosis.,capability_claim,Planning: choose sequential inquiries until an uncertainty-based decision threshold permits diagnosis,Planning: sequential agent selects symptom inquiries to increase diagnostic confidence and transportability,Planning: choose sequential inquiries until an uncertainty-based decision threshold permits diagnosis,"Official author manuscript arXiv:2003.06534v5: framework and experiments pp. 1-10, Tables 1-7 and Figs. 7-10, Appendix pp. 11-19 on potential outcomes, overlap, datasets, training, human evaluation, and limitations; official CAMAD repository checked.",Primary-source adjudication for capability_claim: retained the publication-bounded value; NI/NA is used where the source does not support a stronger claim.
MWM-X009A6E0F91,Towards Causality-Aware Inferring: A Sequential Discriminative Approach for Medical Diagnosis.,baselines,"Original default-answer simulator, generative world model, PSM variant, DQN, KR-DQN and PG-MI-GAN","Prior medical diagnosis assistants/patient simulators, propensity-score matching variants, default-answer baselines, and model ablations","Original default-answer simulator, generative world model, PSM variant, DQN, KR-DQN and PG-MI-GAN","Official author manuscript arXiv:2003.06534v5: framework and experiments pp. 1-10, Tables 1-7 and Figs. 7-10, Appendix pp. 11-19 on potential outcomes, overlap, datasets, training, human evaluation, and limitations; official CAMAD repository checked.",Primary-source adjudication for baselines: retained the publication-bounded value; NI/NA is used where the source does not support a stronger claim.
MWM-X009A6E0F91,Towards Causality-Aware Inferring: A Sequential Discriminative Approach for Medical Diagnosis.,state_fidelity_metrics,"Inferential Ability, Symptom Density, physician-rated naturalness and symptom-disease consistency","Diagnostic success/accuracy and symptom-density/inquiry measures on MZ and DX, including out-of-distribution settings","Inferential Ability, Symptom Density, physician-rated naturalness and symptom-disease consistency","Official author manuscript arXiv:2003.06534v5: framework and experiments pp. 1-10, Tables 1-7 and Figs. 7-10, Appendix pp. 11-19 on potential outcomes, overlap, datasets, training, human evaluation, and limitations; official CAMAD repository checked.",Primary-source adjudication for state_fidelity_metrics: retained the publication-bounded value; NI/NA is used where the source does not support a stronger claim.
MWM-X009A6E0F91,Towards Causality-Aware Inferring: A Sequential Discriminative Approach for Medical Diagnosis.,transition_metrics,"Closed-loop diagnosis success rate in in-distribution, out-of-distribution and cross-dataset settings",Performance after sequential inquiry budgets and under distribution shift; no long-horizon physiologic rollout,"Closed-loop diagnosis success rate in in-distribution, out-of-distribution and cross-dataset settings","Official author manuscript arXiv:2003.06534v5: framework and experiments pp. 1-10, Tables 1-7 and Figs. 7-10, Appendix pp. 11-19 on potential outcomes, overlap, datasets, training, human evaluation, and limitations; official CAMAD repository checked.",Primary-source adjudication for transition_metrics: retained the publication-bounded value; NI/NA is used where the source does not support a stronger claim.
MWM-X009A6E0F91,Towards Causality-Aware Inferring: A Sequential Discriminative Approach for Medical Diagnosis.,rollout_stability,Decision threshold and maximum-step behavior are tested; no state-drift or constraint-violation metric,Short fixed inquiry horizons reduce drift; no constraint-violation or extended stability audit,Decision threshold and maximum-step behavior are tested; no state-drift or constraint-violation metric,"Official author manuscript arXiv:2003.06534v5: framework and experiments pp. 1-10, Tables 1-7 and Figs. 7-10, Appendix pp. 11-19 on potential outcomes, overlap, datasets, training, human evaluation, and limitations; official CAMAD repository checked.",Primary-source adjudication for rollout_stability: retained the publication-bounded value; NI/NA is used where the source does not support a stronger claim.
MWM-X009A6E0F91,Towards Causality-Aware Inferring: A Sequential Discriminative Approach for Medical Diagnosis.,action_sensitivity,"Counterfactual inquiry relabeling, matching variants, no-intervention/no-bootstrap/no-threshold ablations and threshold scales",Known-symptom masking/intervention analyses and simulator matching ablations; no continuous dose/timing action perturbation,"Counterfactual inquiry relabeling, matching variants, no-intervention/no-bootstrap/no-threshold ablations and threshold scales","Official author manuscript arXiv:2003.06534v5: framework and experiments pp. 1-10, Tables 1-7 and Figs. 7-10, Appendix pp. 11-19 on potential outcomes, overlap, datasets, training, human evaluation, and limitations; official CAMAD repository checked.",Primary-source adjudication for action_sensitivity: retained the publication-bounded value; NI/NA is used where the source does not support a stronger claim.
MWM-X009A6E0F91,Towards Causality-Aware Inferring: A Sequential Discriminative Approach for Medical Diagnosis.,calibration_and_uncertainty,Monte Carlo final-state samples and ten bootstrapped diagnosers produce means/SDs and a 6-sigma stopping rule; no calibration/coverage test,"Probabilistic disease confidence and thresholds are used, but no reliability, ECE, calibration slope, or interval-coverage result is reported",Monte Carlo final-state samples and ten bootstrapped diagnosers produce means/SDs and a 6-sigma stopping rule; no calibration/coverage test,"Official author manuscript arXiv:2003.06534v5: framework and experiments pp. 1-10, Tables 1-7 and Figs. 7-10, Appendix pp. 11-19 on potential outcomes, overlap, datasets, training, human evaluation, and limitations; official CAMAD repository checked.",Primary-source adjudication for calibration_and_uncertainty: retained the publication-bounded value; NI/NA is used where the source does not support a stronger claim.
MWM-X009A6E0F91,Towards Causality-Aware Inferring: A Sequential Discriminative Approach for Medical Diagnosis.,external_validation,"Cross-dataset MZ-to-DX and DX-to-MZ transfer uses BERT-based semantic remapping, so it is adapted rather than frozen external validation","Cross-dataset evidence is reported separately, and OOD within-dataset testing is emphasized; not a frozen institutional clinical validation","Cross-dataset MZ-to-DX and DX-to-MZ transfer uses BERT-based semantic remapping, so it is adapted rather than frozen external validation","Official author manuscript arXiv:2003.06534v5: framework and experiments pp. 1-10, Tables 1-7 and Figs. 7-10, Appendix pp. 11-19 on potential outcomes, overlap, datasets, training, human evaluation, and limitations; official CAMAD repository checked.",Primary-source adjudication for external_validation: retained the publication-bounded value; NI/NA is used where the source does not support a stronger claim.
MWM-X009A6E0F91,Towards Causality-Aware Inferring: A Sequential Discriminative Approach for Medical Diagnosis.,decision_utility,Closed-loop benchmark diagnosis against RL baselines plus six-physician patient-simulator evaluation,Sequential diagnostic success and six-physician blinded comparison provide task utility,Closed-loop benchmark diagnosis against RL baselines plus six-physician patient-simulator evaluation,"Official author manuscript arXiv:2003.06534v5: framework and experiments pp. 1-10, Tables 1-7 and Figs. 7-10, Appendix pp. 11-19 on potential outcomes, overlap, datasets, training, human evaluation, and limitations; official CAMAD repository checked.",Primary-source adjudication for decision_utility: retained the publication-bounded value; NI/NA is used where the source does not support a stronger claim.
MWM-X009A6E0F91,Towards Causality-Aware Inferring: A Sequential Discriminative Approach for Medical Diagnosis.,safety_evaluation,"Decision threshold, forced maximum stop and possible human intervention are discussed; no explicit misdiagnosis severity or clinical recovery test","Limited inquiry budget and confidence-based diagnosis are safety-adjacent constraints; no explicit clinical harm severity, dangerous-misdiagnosis stress test, override, or monitoring plan","Decision threshold, forced maximum stop and possible human intervention are discussed; no explicit misdiagnosis severity or clinical recovery test","Official author manuscript arXiv:2003.06534v5: framework and experiments pp. 1-10, Tables 1-7 and Figs. 7-10, Appendix pp. 11-19 on potential outcomes, overlap, datasets, training, human evaluation, and limitations; official CAMAD repository checked.",Primary-source adjudication for safety_evaluation: retained the publication-bounded value; NI/NA is used where the source does not support a stronger claim.
MWM-X009A6E0F91,Towards Causality-Aware Inferring: A Sequential Discriminative Approach for Medical Diagnosis.,statistical_analysis,Five random-seed runs with means/SDs; five-fold IA; six-physician blinded evaluation with one-tailed significance tests,Five seeds and five-fold analyses are reported; comparative significance/variation is reported as in tables,Five random-seed runs with means/SDs; five-fold IA; six-physician blinded evaluation with one-tailed significance tests,"Official author manuscript arXiv:2003.06534v5: framework and experiments pp. 1-10, Tables 1-7 and Figs. 7-10, Appendix pp. 11-19 on potential outcomes, overlap, datasets, training, human evaluation, and limitations; official CAMAD repository checked.",Primary-source adjudication for statistical_analysis: retained the publication-bounded value; NI/NA is used where the source does not support a stronger claim.
MWM-X009A6E0F91,Towards Causality-Aware Inferring: A Sequential Discriminative Approach for Medical Diagnosis.,causal_language,"Explicit counterfactual inquiries, potential outcomes, propensity matching, causal diagrams and do-intervention language","Uses causality-aware, intervention, and transportability language to remove inquiry/default-answer biases; it does not estimate a treatment effect","Explicit counterfactual inquiries, potential outcomes, propensity matching, causal diagrams and do-intervention language","Official author manuscript arXiv:2003.06534v5: framework and experiments pp. 1-10, Tables 1-7 and Figs. 7-10, Appendix pp. 11-19 on potential outcomes, overlap, datasets, training, human evaluation, and limitations; official CAMAD repository checked.",Primary-source adjudication for causal_language: retained the publication-bounded value; NI/NA is used where the source does not support a stronger claim.
MWM-X009A6E0F91,Towards Causality-Aware Inferring: A Sequential Discriminative Approach for Medical Diagnosis.,estimand,Individual potential symptom response under a specified inquiry is defined; no population clinical-treatment effect,No explicit population causal estimand; target is transportable diagnosis under sequential symptom intervention/masking,Individual potential symptom response under a specified inquiry is defined; no population clinical-treatment effect,"Official author manuscript arXiv:2003.06534v5: framework and experiments pp. 1-10, Tables 1-7 and Figs. 7-10, Appendix pp. 11-19 on potential outcomes, overlap, datasets, training, human evaluation, and limitations; official CAMAD repository checked.",Primary-source adjudication for estimand: retained the publication-bounded value; NI/NA is used where the source does not support a stronger claim.
MWM-X009A6E0F91,Towards Causality-Aware Inferring: A Sequential Discriminative Approach for Medical Diagnosis.,confounding_strategy,"Matching conditions on learned latent propensity and same disease; ignorability, consistency and SUTVA are discussed but not empirically established",Propensity latent matching adjusts selection in which symptoms were historically asked; residual unmeasured bias remains,"Matching conditions on learned latent propensity and same disease; ignorability, consistency and SUTVA are discussed but not empirically established","Official author manuscript arXiv:2003.06534v5: framework and experiments pp. 1-10, Tables 1-7 and Figs. 7-10, Appendix pp. 11-19 on potential outcomes, overlap, datasets, training, human evaluation, and limitations; official CAMAD repository checked.",Primary-source adjudication for confounding_strategy: retained the publication-bounded value; NI/NA is used where the source does not support a stronger claim.
MWM-X009A6E0F91,Towards Causality-Aware Inferring: A Sequential Discriminative Approach for Medical Diagnosis.,positivity_and_overlap,Lack of overlap is discussed; no quantitative overlap diagnostic for benchmark inquiries,Propensity matching addresses observed support indirectly; no full overlap diagnostics for every inquiry policy are reported,Lack of overlap is discussed; no quantitative overlap diagnostic for benchmark inquiries,"Official author manuscript arXiv:2003.06534v5: framework and experiments pp. 1-10, Tables 1-7 and Figs. 7-10, Appendix pp. 11-19 on potential outcomes, overlap, datasets, training, human evaluation, and limitations; official CAMAD repository checked.",Primary-source adjudication for positivity_and_overlap: retained the publication-bounded value; NI/NA is used where the source does not support a stronger claim.
MWM-X009A6E0F91,Towards Causality-Aware Inferring: A Sequential Discriminative Approach for Medical Diagnosis.,counterfactual_validation,Relabeled known symptoms provide synthetic counterfactual-answer checks; no real prospective counterfactual validation,"OOD tests, masked-known-symptom analyses, and physician comparison; no randomized clinical diagnostic deployment",Relabeled known symptoms provide synthetic counterfactual-answer checks; no real prospective counterfactual validation,"Official author manuscript arXiv:2003.06534v5: framework and experiments pp. 1-10, Tables 1-7 and Figs. 7-10, Appendix pp. 11-19 on potential outcomes, overlap, datasets, training, human evaluation, and limitations; official CAMAD repository checked.",Primary-source adjudication for counterfactual_validation: retained the publication-bounded value; NI/NA is used where the source does not support a stronger claim.
MWM-X009A6E0F91,Towards Causality-Aware Inferring: A Sequential Discriminative Approach for Medical Diagnosis.,code_access,Public code at https://github.com/junfanlin/CAMAD,Public CAMAD implementation repository is reported,Public code at https://github.com/junfanlin/CAMAD,"Official author manuscript arXiv:2003.06534v5: framework and experiments pp. 1-10, Tables 1-7 and Figs. 7-10, Appendix pp. 11-19 on potential outcomes, overlap, datasets, training, human evaluation, and limitations; official CAMAD repository checked.",Primary-source adjudication for code_access: retained the publication-bounded value; NI/NA is used where the source does not support a stronger claim.
MWM-X009A6E0F91,Towards Causality-Aware Inferring: A Sequential Discriminative Approach for Medical Diagnosis.,weights_access,Unclear: no released pretrained model weights identified,Unclear: reusable trained checkpoints were not confirmed,Unclear: no released pretrained model weights identified,"Official author manuscript arXiv:2003.06534v5: framework and experiments pp. 1-10, Tables 1-7 and Figs. 7-10, Appendix pp. 11-19 on potential outcomes, overlap, datasets, training, human evaluation, and limitations; official CAMAD repository checked.",Primary-source adjudication for weights_access: retained the publication-bounded value; NI/NA is used where the source does not support a stronger claim.
MWM-X009A6E0F91,Towards Causality-Aware Inferring: A Sequential Discriminative Approach for Medical Diagnosis.,data_access,MuZhi and DingXiang are public cited benchmarks; repository mainly supplies code,MZ and DX benchmark data are public/available through cited sources and repository instructions,MuZhi and DingXiang are public cited benchmarks; repository mainly supplies code,"Official author manuscript arXiv:2003.06534v5: framework and experiments pp. 1-10, Tables 1-7 and Figs. 7-10, Appendix pp. 11-19 on potential outcomes, overlap, datasets, training, human evaluation, and limitations; official CAMAD repository checked.",Primary-source adjudication for data_access: retained the publication-bounded value; NI/NA is used where the source does not support a stronger claim.
MWM-X009A6E0F91,Towards Causality-Aware Inferring: A Sequential Discriminative Approach for Medical Diagnosis.,preprocessing_reproducibility,"Network architectures, training episodes, hyperparameters, data format and evaluation protocols are reported",Public code and benchmark splits support substantial reproduction; some original data provenance/preprocessing remains dataset-dependent,"Network architectures, training episodes, hyperparameters, data format and evaluation protocols are reported","Official author manuscript arXiv:2003.06534v5: framework and experiments pp. 1-10, Tables 1-7 and Figs. 7-10, Appendix pp. 11-19 on potential outcomes, overlap, datasets, training, human evaluation, and limitations; official CAMAD repository checked.",Primary-source adjudication for preprocessing_reproducibility: retained the publication-bounded value; NI/NA is used where the source does not support a stronger claim.
MWM-X009A6E0F91,Towards Causality-Aware Inferring: A Sequential Discriminative Approach for Medical Diagnosis.,randomness,All main evaluation results average five runs with different random seeds; exact seed values are NI,Five random seeds are explicitly reported,All main evaluation results average five runs with different random seeds; exact seed values are NI,"Official author manuscript arXiv:2003.06534v5: framework and experiments pp. 1-10, Tables 1-7 and Figs. 7-10, Appendix pp. 11-19 on potential outcomes, overlap, datasets, training, human evaluation, and limitations; official CAMAD repository checked.",Primary-source adjudication for randomness: retained the publication-bounded value; NI/NA is used where the source does not support a stronger claim.
MWM-X009A6E0F91,Towards Causality-Aware Inferring: A Sequential Discriminative Approach for Medical Diagnosis.,evidence_anchors,"arXiv:2003.06534v5 pp. 1-10 framework/experiments; Tables 1-7 and Figs. 7-10; Appendix pp. 11-19 assumptions, data, training, human evaluation and limitations; official CAMAD repository.","Methods on propensity latent matching, progressive assurance agent, MZ/DX datasets, OOD Ptrain-to-Pall design, and inquiry budgets; Results/ablation tables; physician evaluation; official CAMAD repository","Official author manuscript arXiv:2003.06534v5: framework and experiments pp. 1-10, Tables 1-7 and Figs. 7-10, Appendix pp. 11-19 on potential outcomes, overlap, datasets, training, human evaluation, and limitations; official CAMAD repository checked.","Official author manuscript arXiv:2003.06534v5: framework and experiments pp. 1-10, Tables 1-7 and Figs. 7-10, Appendix pp. 11-19 on potential outcomes, overlap, datasets, training, human evaluation, and limitations; official CAMAD repository checked.",Primary-source adjudication for evidence_anchors: retained the publication-bounded value; NI/NA is used where the source does not support a stronger claim.
MWM-X009A6E0F91,Towards Causality-Aware Inferring: A Sequential Discriminative Approach for Medical Diagnosis.,appraisal_strengths,"Direct simulator counterfactual-answer metric, closed-loop baselines, OOD/cross-dataset tests, human evaluation and uncertainty-based stopping","Explicit missing-symptom bias problem, sequential closed-loop evaluation, OOD protocol, matching ablations, multiple datasets, physician comparison, code, and repeated seeds","Direct simulator counterfactual-answer metric, closed-loop baselines, OOD/cross-dataset tests, human evaluation and uncertainty-based stopping","Official author manuscript arXiv:2003.06534v5: framework and experiments pp. 1-10, Tables 1-7 and Figs. 7-10, Appendix pp. 11-19 on potential outcomes, overlap, datasets, training, human evaluation, and limitations; official CAMAD repository checked.",Primary-source adjudication for appraisal_strengths: retained the publication-bounded value; NI/NA is used where the source does not support a stronger claim.
MWM-X009A6E0F91,Towards Causality-Aware Inferring: A Sequential Discriminative Approach for Medical Diagnosis.,appraisal_limitations,"Causal terminology exceeds identification of real clinical outcomes; small pediatric benchmarks, adapted transfer and no calibrated uncertainty or clinical safety study","Small benchmark disease spaces, sparse retrospective dialogues, simulator-based rather than live-patient interaction, partial causal assumptions, no formal calibration or explicit harm testing","Causal terminology exceeds identification of real clinical outcomes; small pediatric benchmarks, adapted transfer and no calibrated uncertainty or clinical safety study","Official author manuscript arXiv:2003.06534v5: framework and experiments pp. 1-10, Tables 1-7 and Figs. 7-10, Appendix pp. 11-19 on potential outcomes, overlap, datasets, training, human evaluation, and limitations; official CAMAD repository checked.",Primary-source adjudication for appraisal_limitations: retained the publication-bounded value; NI/NA is used where the source does not support a stronger claim.
MWM-X009A6E0F91,Towards Causality-Aware Inferring: A Sequential Discriminative Approach for Medical Diagnosis.,source_status,full_text_inspected_author_version,Primary full text inspected through the official arXiv manuscript corresponding to the TPAMI article; journal DOI and repository verified,Primary author manuscript corresponding to the peer-reviewed TPAMI article inspected; journal DOI and official repository verified.,"Official author manuscript arXiv:2003.06534v5: framework and experiments pp. 1-10, Tables 1-7 and Figs. 7-10, Appendix pp. 11-19 on potential outcomes, overlap, datasets, training, human evaluation, and limitations; official CAMAD repository checked.",Primary-source adjudication for source_status: retained the publication-bounded value; NI/NA is used where the source does not support a stronger claim.
