audit_id,route,title,abstract,authors,year,publication_date,venue,doi,arxiv_id,url,record_type,sources,query_labels,source_status,original_exclusion_reason,reviewer_c_decision,reviewer_c_corpus_type,reviewer_c_reason_code,reviewer_c_rationale,reviewer_d_decision,reviewer_d_corpus_type,reviewer_d_reason_code,reviewer_d_rationale,final_decision,final_corpus_type,final_reason_code,resolution_route,adjudication_rationale,qc_decision,qc_corpus_type,qc_reason_code,qc_rationale,full_text_anchor,confidence,lead_final_decision,lead_final_corpus_type,lead_final_reason_code,lead_rationale,lead_full_text_anchor,lead_confidence
ALT-8803de121c39,fresh_alternate_public_search,[Digital twins in uro-oncology].,"BACKGROUND: Uro-oncology is moving toward precision medicine, driven by high-dimensional longitudinal data from imaging, pathology, molecular profiling, and follow-up. However, clinical decision-making often relies on static risk scores that cannot fully capture individual disease dynamics. Digital twins aim to integrate multimodal patient data and to provide patient-specific, dynamically updated simulation models, thereby enabling ""what-if"" testing of interventions. OBJECTIVE: How is a medical digital twin defined, which data foundation is available in uro-oncology, and which clinical use cases can be envisaged? METHODS: This work comprises a narrative review including a description of the digital twin concept, a structured presentation of multimodal data (laboratory parameters, imaging, pathology, omics, long-term outcomes), and an overview of representative published applications (e.g., tumor growth reconstruction, virtual pathology, surgical 3D twins). RESULTS: Current digital twin research in uro-oncology largely represents partial digital twins (e.g., tumor progression models, virtual assessment, patient-specific 3D surgical planning). Potential clinical value of digital twins includes dynamic risk stratification, individualized treatment planning, and adaptive follow-up strategies. Major limitations relate to data quality, interoperability, external validation, interpretability, data privacy, and regulatory requirements for clinical deployment. CONCLUSION: Digital twins have the potential to enable a new era of predictive precision medicine in uro-oncology. Progress toward clinically actionable digital twins requires multimodal architectures, rigorous monitoring, and seamless integration into clinical workflows under robust governance and regulatory frameworks.",Johanna Smielowski; Maximilian Glienke; Sherif Mehralivand; Gregor Duwe; Felix Chun; Hendrik Borgmann; Magdalena Görtz,2026,2026,"Urologie (Heidelberg, Germany)",10.1007/s00120-026-02827-2,,https://pubmed.ncbi.nlm.nih.gov/42018198/,journal-article,europe_pmc;pubmed,europe_pmc_core;pubmed_core,indexed,,include,review,include_review,This primary medical digital-twin review defines the concept and synthesizes clinical applications and translation barriers.,include,review,include_review,"This review primarily synthesizes dynamic medical digital twins for digital twins uro oncology, including prediction, simulation, or intervention use.",exclude,not_applicable,review_scope_too_broad,post_adjudication_inclusion_qc,"The review combines tumor reconstruction, virtual pathology, static risk assessment, and surgical 3D twins; learned or adapted transition models with direct dynamics evaluation are not a central evidence category.",exclude,not_applicable,review_scope_too_broad,"The review combines tumor reconstruction, virtual pathology, static risk assessment, and surgical 3D twins; learned or adapted transition models with direct dynamics evaluation are not a central evidence category.","Structured abstract, Methods and Results: representative applications include tumor reconstruction, virtual assessment, and patient-specific 3D surgical planning.",high,,,,,,
ALT-f2248af7866f,fresh_alternate_public_search,A Bayesian disease progression model for Major Depressive Disorder,,Yi Zhang; Jonathan Sidi; Andy Czysz,2024,2024,A Bayesian disease progression model for Major Depressive Disorder,10.70534/sgcb2032,,https://doi.org/10.70534/sgcb2032,proceedings-article,crossref,"""disease progression model"" generative intervention",registered,,uncertain,empirical,insufficient_abstract,The missing abstract prevents determining whether this Bayesian progression model supports transitions or rollouts.,exclude,not_applicable,no_future_or_action_evaluation,"The bayesian disease progression major depressive disorder study analyzes or reconstructs dynamics but does not directly evaluate future states, actions, rollouts, or planning.",exclude,not_applicable,inaccessible_full_text,third_full_text_adjudication,"The registered pharmacometrics abstract has no accessible stable methods-and-results text, so learned transition fitting and operational trajectory evaluation cannot be verified.",,,,,,,,,,,,
ALT-2f2ac4647872,fresh_alternate_public_search,A Digital Twin Framework for Predictive Modeling and Intervention Optimization in Inflammatory Bowel Disease,,Prathyek Poojary,2025,2025,2025 IEEE MIT Undergraduate Research Technology Conference (URTC),10.1109/urtc68753.2025.11533070,,https://doi.org/10.1109/urtc68753.2025.11533070,proceedings-article,crossref,"""clinical digital twin"" intervention",registered,,uncertain,empirical,insufficient_abstract,The relevant title lacks an abstract confirming data-learned dynamics and empirical intervention evaluation.,uncertain,empirical,insufficient_abstract,"The digital twin predictive intervention optimization inflammatory bowel disease title plausibly denotes learned medical dynamics, but the missing abstract does not establish direct future or action evaluation.",exclude,not_applicable,insufficient_primary_evidence,post_adjudication_inclusion_qc,"Only a registered IEEE conference record and title were stably inspectable; no extractable methods, learned transition, dataset, or operational dynamics results support 45-field extraction.",exclude,not_applicable,insufficient_primary_evidence,"Only a registered IEEE conference record and title were stably inspectable; no extractable methods, learned transition, dataset, or operational dynamics results support 45-field extraction.",IEEE DOI record and Crossref metadata: title and bibliographic registration only; no stable abstract or full methods/results text located.,high,,,,,,
ALT-44571950f60c,fresh_alternate_public_search,A digital twin-enhanced decision support system improves time-in-range in type 1 diabetes: a randomized clinical trial.,"Most individuals with type 1 diabetes (T1D) worldwide continue to be managed with multiple daily injections or sensor-augmented pumps. Decision-support systems (DSSs) have emerged as cost-effective tools to enhance treatment adherence and glucose control. We conducted a randomized, open-label, parallel-group study to evaluate STUDIA, a DSS incorporating a digital twin-enabled simulation-assisted bolus calculator. Twenty-eight participants with T1D used either the simulation-assisted calculator or traditional carbohydrate counting for prandial insulin dosing, with glucose monitored using Freestyle Libre. After four weeks, the group using the simulation-assisted calculator showed a 7% increase in time in the target glucose range (70-180 mg/dL) compared to the control (p < 0.001), along with a lower hypoglycemia incidence rate (RR 0.31, p = 0.022). Model performance yielded a mean absolute percentage error at 60 min of 19.2 ± 6.7%, increasing at longer horizons, with most discrepancies between simulation and sensor falling into no-risk or slight-risk zones. These findings support the safety, feasibility, and potential clinical utility of the STUDIA system in people with T1D.","Builes-Montaño CE, Lema-Perez L, Ramírez-Rincón A, Zuleta-Tobón JJ, Restrepo-Gutiérrez JC, Álvarez-Zapata HD, García-Tirado J.",2025,2025-11-13,,10.1038/s41598-025-23165-x,,https://europepmc.org/article/MED/41233385,,europe_pmc,europe_pmc_core,indexed,,include,empirical,include_empirical,"A patient digital twin simulates insulin-action responses, evaluates forecasts, and supports clinically tested dosing decisions.",include,empirical,include_empirical,The digital twin enhanced decision support system improves time range type study learns or calibrates temporal dynamics and directly evaluates intervention-conditioned rollouts or planning outcomes.,exclude,not_applicable,hand_specified_mechanistic_dynamics,post_adjudication_inclusion_qc,"The glucose transition is a first-principles physiological model personalized once by heuristic adjustment of four parameters, without formal fitting or learned dynamics; the RCT evaluates its forecasts but does not satisfy the learned-transition condition.",exclude,not_applicable,hand_specified_mechanistic_dynamics,"The glucose transition is a first-principles physiological model personalized once by heuristic adjustment of four parameters, without formal fitting or learned dynamics; the RCT evaluates its forecasts but does not satisfy the learned-transition condition.","Full text, Study devices and interventions and Model structure: three physiological models with four parameters manually adjusted by the study physician; no optimization algorithm was used.",high,,,,,,
ALT-dc913f452db6,fresh_alternate_public_search,A Hybrid Deep Learning Framework to Predict Alzheimer’s Disease Progression Using Generative Adversarial Networks and Deep Convolutional Neural Networks,,Rajarshi SinhaRoy; Anupam Sen,2023,2023,Arabian Journal for Science and Engineering,10.1007/s13369-023-07973-9,,https://doi.org/10.1007/s13369-023-07973-9,journal-article,crossref,"""disease progression model"" generative intervention",registered,,uncertain,empirical,insufficient_abstract,The missing abstract prevents distinguishing learned temporal simulation from ordinary imaging-based progression prediction.,uncertain,empirical,insufficient_abstract,"The hybrid deep learning predict alzheimer s disease progression generative adversarial title plausibly denotes learned medical dynamics, but the missing abstract does not establish direct future or action evaluation.",exclude,not_applicable,no_future_or_action_evaluation,third_full_text_adjudication,The GAN supplies augmented images to a convolutional stage classifier; evaluation concerns diagnostic staging rather than future patient-state trajectories or intervention response.,,,,,,,,,,,,
ALT-b2249eb31bfe,fresh_alternate_public_search,A Model to Assess the Outcomes Associated With Dementia With Lewy Bodies.,"BACKGROUND: Research investigating outcomes associated with dementia with Lewy bodies (DLB) disease progression is scarce. Developing models of DLB disease progression will provide information on the burden of disease and facilitate the evaluation of treatments for DLB from a clinical and cost perspective. METHODS: Longitudinal, cognitive evaluation data were utilized in order to identify distinct health states for DLB and to estimate transition probabilities across the DLB disease continuum. These probabilities were applied to a health state transition model to evaluate disease progression and associated outcomes for a closed cohort over a fixed time horizon. The effect of a reduction in the risk of disease progression on outcomes was assessed. RESULTS: Estimated transition probabilities indicate that a patient >60 years of age with mild DLB has a 54%, 30%, 4%, and 12% chance of remaining mild, progressing to severe DLB, being institutionalized, and dying after 1 year, respectively. Reducing the annual risk of transitioning from mild to severe DLB by 40% decreased time institutionalized and increased time to death. CONCLUSIONS: This study used real-world longitudinal data to create a clinically relevant DLB disease progression model. Reducing the rate of disease progression resulted in meaningful benefits with potentially significant public health implications.",Robert Espinosa; Matthew Davis; Scott Johnson; Stephanie Cline; Daniel Weintraub,2021,2021,Alzheimer disease and associated disorders,10.1097/wad.0000000000000412,,https://pubmed.ncbi.nlm.nih.gov/33044304/,journal-article,europe_pmc;pubmed,europe_pmc_core;pubmed_core,indexed,,include,empirical,include_empirical,Longitudinally estimated state transitions drive cohort rollouts and a counterfactual progression-risk intervention.,exclude,not_applicable,review_not_primary,This review centers on assess outcomes associated dementia lewy bodies rather than evaluated medical learned world-model dynamics as its primary subject.,exclude,not_applicable,insufficient_primary_evidence,post_adjudication_inclusion_qc,"The structured abstract reports estimated annual state-transition probabilities and cohort simulation, but the accessible primary record is too thin to audit model fitting, validation, and the full extraction schema.",exclude,not_applicable,insufficient_primary_evidence,"The structured abstract reports estimated annual state-transition probabilities and cohort simulation, but the accessible primary record is too thin to audit model fitting, validation, and the full extraction schema.","PubMed and publisher record, structured abstract only: longitudinal cognitive data, estimated transition probabilities, and a closed-cohort health-state model.",medium,,,,,,
ALT-7637963d5f0f,fresh_alternate_public_search,A multidimensional ODE-based model of Alzheimer's disease progression,"Abstract Data-driven Alzheimer’s disease (AD) progression models are useful for clinical prediction, disease mechanism understanding, and clinical trial design. Most dynamic models were inspired by the amyloid cascade hypothesis and described AD progression as a linear chain of pathological events. However, the heterogeneity observed in healthy and sporadic AD populations challenged the amyloid hypothesis, and there is a need for more flexible dynamical models that accompany this conceptual shift. We present a statistical model of the temporal evolution of biomarkers and cognitive tests that allows diverse biomarker paths throughout the disease. The model consists of two elements: a multivariate dynamic model of the joint evolution of biomarkers and cognitive tests; and a clinical prediction model. The dynamic model uses a system of ordinary differential equations to jointly model the rate of change of an individual’s biomarkers and cognitive tests. The clinical prediction model is an ordinal logistic model of the diagnostic label. Prognosis and time-to-onset predictions are obtained by computing the clinical label probabilities throughout the forecasted biomarker trajectories. The proposed dynamical model is interpretable, free of one-dimensional progression hypotheses or disease staging paradigms, and can account for the heterogeneous dynamics observed in sporadic AD. We developed the model using longitudinal data from the Alzheimer’s Disease Neuroimaging Initiative. We illustrate the patterns of biomarker rates of change and the model performance to predict the time to conversion from MCI to dementia.",Matías Nicolás Bossa; Hichem Sahli,2022,2022,Research Square Platform LLC,10.21203/rs.3.rs-1903006/v1,,https://doi.org/10.21203/rs.3.rs-1903006/v1,posted-content,crossref,"""disease progression model"" generative intervention",registered,,include,empirical,include_empirical,Longitudinal data fit multivariate dynamics that roll out biomarker trajectories and predict diagnostic conversion.,exclude,not_applicable,no_learned_dynamics,The multidimensional ode alzheimer s disease progression study uses prescribed mechanistic or statistical dynamics rather than a learned transition mechanism.,exclude,not_applicable,duplicate_publication,post_adjudication_inclusion_qc,This row is the Research Square preprint; the same work has a more complete peer-reviewed journal version and only the final publication should be retained.,exclude,not_applicable,duplicate_publication,This row is the Research Square preprint; the same work has a more complete peer-reviewed journal version and only the final publication should be retained.,Lineage check: preprint DOI 10.21203/rs.3.rs-1903006/v1 matches the later Scientific Reports article DOI 10.1038/s41598-023-29383-5.,high,,,,,,
ALT-6fcc7e27909c,fresh_alternate_public_search,A Multimodal Disease Progression Model for Genetic Associations with Disease Dynamics,,Nemo Fournier; Stanley Durrleman,2023,2023,Lecture Notes in Computer Science,10.1007/978-3-031-43904-9_58,,https://doi.org/10.1007/978-3-031-43904-9_58,book-chapter,crossref,"""disease progression model"" generative intervention",registered,,exclude,empirical,no_future_or_action_evaluation,"The title emphasizes genetic association with disease dynamics, not evaluated future-state rollouts or interventions.",uncertain,empirical,insufficient_abstract,"The multimodal disease progression genetic associations disease dynamics title plausibly denotes learned medical dynamics, but the missing abstract does not establish direct future or action evaluation.",exclude,not_applicable,no_future_or_action_evaluation,third_full_text_adjudication,"The model infers multimodal disease stage and genetic associations, while the primary text identifies prospective longitudinal forecasting as future work rather than an evaluated capability.",,,,,,,,,,,,
ALT-eb7ba539fd65,fresh_alternate_public_search,A Novel Coupling Model of Physiological Degradation and Emotional State for Prediction of Alzheimer's Disease Progression.,"The prediction of Alzheimer's disease (AD) progression plays a very important role in the early intervention of patients and the improvement of life quality. Cognitive scales are commonly used to assess the patient's status. However, due to the complicated pathogenesis of AD and the individual differences in AD, the prediction of AD progression is challenging. This paper proposes a novel coupling model (P-E model) that takes into account the processes of physiological degradation and emotional state transition of AD patients. We conduct experiments on synthetic data to validate the effectiveness of the proposed P-E model. Next, we conduct experiments on 134 subjects with more than 10 follow-ups from the Alzheimer's Disease Neuroimaging Initiative. The prediction performance of the P-E model is significantly better than other state-of-the-art methods, which achieves the mean squared error of 7.137 ± 0.035. The experimental results show that the P-E model can well characterize the non-monotonic properties of AD cognitive data and can also have a good predictive ability for time series data with individual differences.",Jiawei Yang; Shaoping Wang; The Alzheimer's Disease Neuroimaging Initiative,2022,2022,Brain sciences,10.3390/brainsci12091132,,https://pubmed.ncbi.nlm.nih.gov/36138868/,journal-article,crossref;europe_pmc;pubmed,"""disease progression model"" generative intervention;europe_pmc_core;pubmed_core",indexed,,include,empirical,include_empirical,The coupling model represents physiological and emotional state transitions and directly evaluates longitudinal cognitive prediction.,exclude,not_applicable,no_future_or_action_evaluation,"The coupling physiological degradation emotional state prediction alzheimer s disease progression study analyzes or reconstructs dynamics but does not directly evaluate future states, actions, rollouts, or planning.",exclude,not_applicable,source_policy_excluded,post_adjudication_inclusion_qc,"The article is published in an MDPI journal, which is excluded by the active literature source policy; it is not retained even though it reports coupled temporal prediction.",exclude,not_applicable,source_policy_excluded,"The article is published in an MDPI journal, which is excluded by the active literature source policy; it is not retained even though it reports coupled temporal prediction.",Publisher and PMC full text identify Brain Sciences as the publication venue; the model couples physiological degradation and emotional-state transition.,high,,,,,,
ALT-bc44662f8af7,fresh_alternate_public_search,A tool to measure the impact of inaction toward elimination of hepatitis C: A case study in Korea.,"BACKGROUND AND AIMS: Hepatitis C virus (HCV) and its sequelae present a significant source of economic and societal burden. Introduction of highly effective curative therapies has made HCV elimination attainable. The study used a predictive model to assess the clinical and economic impact of implementing national screening and treatment policies toward HCV elimination in Korea. METHODS: A previously validated Markov disease progression model of HCV infection was employed to analyze the clinical and economic impact of various strategies for HCV diagnosis and treatment in Korea. In this analysis, the model compared the clinical and economic outcomes of current HCV-related interventions in Korea (7,000 patients treated and 4,200 patients newly diagnosed annually, starting in 2017) to four elimination scenarios: 1) initiating sufficient diagnosis and treatment interventions to meet the World Health Organization's GHSS elimination targets by 2030, 2) delaying initiation of interventions by one year, 3) delaying initiation of interventions by two years and 4) accelerating initiation of interventions to meet elimination targets by 2025. Modelled historical incidence of HCV was calibrated to match a viremic HCV prevalence of 0.44% in 2009. Elimination scenarios required 24,000 treatments and 34,000 newly diagnosed patients annually, starting in 2018, to reach the 2030 targets. RESULTS: Compared to current ""status quo"" interventions, elimination (or accelerated elimination by 2025) would avert 23,700 (27,000) incident cases of HCV, 1,300 (1,400) liver-related deaths (LRDs) and 2,900 (3,100) cases of end-stage liver disease (ESLD) over the 2017-2030 time period. Postponing interventions by one (or two) years would avert 21,100 (18,600) new HCV infections, 920 (660) LRDs and 2,000 (1,400) cases of ESLD by 2030. Following elimination or accelerated elimination strategies would save 860 million USD or 1.1 billion USD by 2030, respectively, compared to the status quo, requiring an up-front investment in prevention that decreases spending on liver-related complications and death. CONCLUSIONS: By projecting the impact of interventions and tracking progress toward GHSS elimination targets using modelling, we demonstrate that Korea can prevent significant morbidity, mortality and spending on HCV. Results should serve as the backbone for policy and decision-making, demonstrating how aggressive prevention measures are designed to reduce future costs and increase the health of the public.",Yong Kyun Won; Kyung Sik Kang; Yuri Sanchez Gonzalez; Homie Razavi; Ellen Dugan; Kwang-Hyub Han; Sang Hoon Ahn; Mi Young Jeon; Do Young Kim,2020,2020,PloS one,10.1371/journal.pone.0232186,,https://pubmed.ncbi.nlm.nih.gov/32343727/,journal-article,europe_pmc;pubmed,europe_pmc_core;pubmed_core,indexed,,include,empirical,include_empirical,A calibrated Markov state-transition model simulates treatment-policy counterfactuals and future clinical outcomes.,exclude,not_applicable,no_learned_dynamics,The tool measure impact inaction elimination hepatitis c case korea study is an ordinary prognostic or static prediction analysis without a learned rollout mechanism.,exclude,not_applicable,no_learned_dynamics,third_full_text_adjudication,The HCV tool applies a pre-existing Markov natural-history structure with literature transitions; calibrating historical prevalence inputs does not fit the disease-state transition mechanism evaluated under policy scenarios.,,,,,,,,,,,,
ALT-55f569d2ada1,fresh_alternate_public_search,A unified framework for prediction of liver steatosis dynamics in response to different diet and drug interventions.,"BACKGROUND & AIMS: Non-alcoholic fatty liver disease (NAFLD) is a common metabolic disorder, characterized by the accumulation of excess fat in the liver, and is a driving factor for various severe liver diseases. These multi-factorial and multi-timescale changes are observed in different clinical studies, but these studies have not been integrated into a unified framework. In this study, we aim to present such a unified framework in the form of a dynamic mathematical model. METHODS: For model training and validation, we collected data for dietary or drug-induced interventions aimed at reducing or increasing liver fat. The model was formulated using ordinary differential equations (ODEs) and the mathematical analysis, model simulation, model formulation and the model parameter estimation were all performed in MATLAB. RESULTS: Our mathematical model describes accumulation of fat in the liver and predicts changes in lipid fluxes induced by both dietary and drug interventions. The model is validated using data from a wide range of drug and dietary intervention studies and can predict both short-term (days) and long-term (weeks) changes in liver fat. Importantly, the model computes the contribution of each individual lipid flux to the total liver fat dynamics. Furthermore, the model can be combined with an established bodyweight model, to simulate even longer scenarios (years), also including the effects of insulin resistance and body weight. To help prepare for corresponding eHealth applications, we also present a way to visualize the simulated changes, using dynamically changing lipid droplets, seen in images of liver biopsies. CONCLUSION: In conclusion, we believe that the minimal model presented herein might be a useful tool for future applications, and to further integrate and understand data regarding changes in dietary and drug induced changes in ectopic TAG in the liver. With further development and validation, the minimal model could be used as a disease progression model for steatosis.",Christian Simonsson; Elin Nyman; Peter Gennemark; Peter Gustafsson; Ingrid Hotz; Mattias Ekstedt; Peter Lundberg; Gunnar Cedersund,2024,2024,"Clinical nutrition (Edinburgh, Scotland)",10.1016/j.clnu.2024.05.017,,https://pubmed.ncbi.nlm.nih.gov/38754305/,journal-article,europe_pmc;pubmed,europe_pmc_core;pubmed_core,indexed,,include,empirical,include_empirical,Intervention data train and validate dynamic equations that roll out liver-fat responses across multiple timescales.,include,empirical,include_empirical,The unified prediction liver steatosis dynamics response different diet drug interventions study learns or calibrates temporal dynamics and directly evaluates intervention-conditioned rollouts or planning outcomes.,exclude,not_applicable,hand_specified_mechanistic_dynamics,post_adjudication_inclusion_qc,"The transition is a deliberately minimal, hand-formulated ODE physiology model assembled from lipid flux assumptions and calibrated to studies, rather than a learned or substantively adapted state-transition model.",exclude,not_applicable,hand_specified_mechanistic_dynamics,"The transition is a deliberately minimal, hand-formulated ODE physiology model assembled from lipid flux assumptions and calibrated to studies, rather than a learned or substantively adapted state-transition model.","Primary article, Methods and Discussion: manually formulated ODE lipid-flux structure, parameter estimation in MATLAB, and proposed future use as a disease-progression model.",high,,,,,,
ALT-0db7baaf92ff,fresh_alternate_public_search,Advancing Precision Oncology with Digital and Virtual Twins: A Scoping Review.,"Digital twins (DTHs) and virtual twins (VTHs) in healthcare represent emerging technologies towards precision medicine, providing opportunities for patient-centric healthcare. Our scoping review aimed to map the current DTH and VTH technologies in oncology, summarize their technical solutions, and assess their credibility. A systematic search was conducted in the main bibliographic databases, identifying 441 records, of which 30 were included. The studies covered a wide range of cancers, including breast, lung, colorectal, and gastrointestinal malignancies, with DTH and VTH applications focusing on diagnosis, therapy, and monitoring. The results revealed heterogeneity in targeted topics, technical approaches, and outcomes. Most twining solutions use synthetic or limited real-world data, raising concerns regarding their reliability. Few studies have integrated real-time data and machine learning for predictive modeling. Technical challenges include data integration, scalability, and ethical considerations, such as data privacy and security. Moreover, the evidence lacks sufficient clinical validation, with only partial credibility in most cases. Our findings underscore the need for multidisciplinary collaboration among end-users and developers to address the technical and ethical challenges of DTH and VTH systems. Although promising for the future of personalized oncology, substantial steps are required to move beyond experimental frameworks and to achieve clinical implementation.","Ștefănigă SA, Cordoș AA, Ivascu T, Feier CVI, Muntean C, Stupinean CV, Călinici T, Aluaș M, Bolboacă SD.",2024,2024-11-13,,10.3390/cancers16223817,,https://europepmc.org/article/MED/39594772,,europe_pmc,europe_pmc_core,indexed,,include,review,include_review,"This oncology-focused scoping review maps digital-twin methods, evidence, credibility, and clinical-translation gaps.",include,review,include_review,"This review primarily synthesizes dynamic medical digital twins for advancing precision oncology digital virtual twins scoping review, including prediction, simulation, or intervention use.",exclude,not_applicable,source_policy_excluded,post_adjudication_inclusion_qc,"The review is published in an MDPI journal, which is excluded by the active literature source policy; its broad oncology scope also mixes static and dynamic twin applications.",exclude,not_applicable,source_policy_excluded,"The review is published in an MDPI journal, which is excluded by the active literature source policy; its broad oncology scope also mixes static and dynamic twin applications.","PMC full text and DOI identify Cancers as the venue; the review maps diagnosis, therapy, monitoring, and technical credibility across 30 studies.",high,,,,,,
ALT-e973e602f301,fresh_alternate_public_search,AI-Driven Digital Twin Framework for Predictive Healthcare,,R. Sangeetha,2026,2026,Medical Minds and Machine Learning,10.1201/9781003726913-20,,https://doi.org/10.1201/9781003726913-20,book-chapter,crossref,"""medical digital twin"" trajectory",registered,,uncertain,not_applicable,insufficient_abstract,Missing abstract prevents determining whether this predictive digital twin learns dynamics and validates rollouts.,uncertain,empirical,insufficient_abstract,"The ai driven digital twin predictive healthcare title plausibly denotes learned medical dynamics, but the missing abstract does not establish direct future or action evaluation.",exclude,not_applicable,review_not_primary,third_full_text_adjudication,"This book chapter presents a broad predictive-healthcare digital-twin framework, not a substantial synthesis of evaluated learned medical transition or rollout systems.",,,,,,,,,,,,
ALT-cf23547c69b1,fresh_alternate_public_search,AI-Guided Inference of Morphodynamic Attractor-like States in Glioblastoma.,"Background/Objectives : Glioblastoma (GBM) exhibits heterogeneous, nonlinear invasion patterns that challenge conventional modeling and radiomic prediction. Most deep learning approaches describe the morphology but rarely capture the dynamical stability of tumor evolution. We propose an AI framework that approximates a latent attractor landscape of GBM morphodynamics-stable basins in a continuous manifold that are consistent with reproducible morphologic regimes. Methods : Multimodal MRI scans from BraTS 2020 (n = 494) were standardized and embedded with a 3D autoencoder to obtain 128-D latent representations. Unsupervised clustering identified latent basins (""attractors""). A neural ordinary differential equation (neural-ODE) approximated latent dynamics. All dynamics were inferred from cross-sectional population variability rather than longitudinal follow-up, serving as a proof-of-concept approximation of morphologic continuity. Voxel-level perturbation quantified local morphodynamic sensitivity, and proof-of-concept control was explored by adding small inputs to the neural-ODE using both a deterministic controller and a reinforcement learning agent based on soft actor-critic (SAC). Survival analyses (Kaplan-Meier, log-rank, ridge-regularized Cox) assessed associations with outcomes. Results : The learned latent manifold was smooth and clinically organized. Three dominant attractor basins were identified with significant survival stratification (χ 2 = 31.8, p = 1.3 × 10 -7 ) in the static model. Dynamic attractor basins derived from neural-ODE endpoints showed modest and non-significant survival differences, confirming that these dynamic labels primarily encode the morphodynamic structure rather than fixed prognostic strata. Dynamic basins inferred from neural-ODE flows were not independently prognostic, indicating that the inferred morphodynamic field captures geometric organization rather than additional clinical risk information. The latent stability index showed a weak but borderline significant negative association with survival (ρ = -0.13 [-0.26, -0.01]; p = 0.0499). In multivariable Cox models, age remained the dominant covariate (HR = 1.30 [1.16-1.45]; p = 5 × 10 -6 ), with overall C-indices of 0.61-0.64. Voxel-level sensitivity maps highlighted enhancing rims and peri-necrotic interfaces as influential regions. In simulation, deterministic control redirected trajectories toward lower-risk basins (≈57% success; ≈96% terminal distance reduction), while a soft actor-critic (SAC) agent produced smoother trajectories and modest additional reductions in terminal distance, albeit without matching the deterministic controller's success rate. The learned attractor classes were internally consistent and clinically distinct. Conclusions : Learning a latent attractor landscape links generative AI, dynamical systems theory, and clinical outcomes in GBM. Although limited by the cross-sectional nature of BraTS and modest prognostic gains beyond age, these results provide a mechanistic, controllable framework for tumor morphology in which inferred dynamic attractor-like flows describe latent organization rather than a clinically predictive temporal model, motivating prospective radiogenomic validation and adaptive therapy studies.",Simona Ruxandra Volovăț; Diana Ioana Panaite; Mădălina Raluca Ostafe; Călin Gheorghe Buzea; Dragoș Teodor Iancu; Maricel Agop; Lăcrămioara Ochiuz; Dragoș Ioan Rusu; Cristian Constantin Volovăț,2026,2026,"Diagnostics (Basel, Switzerland)",10.3390/diagnostics16010139,,https://pubmed.ncbi.nlm.nih.gov/41515632/,journal-article,europe_pmc;pubmed,europe_pmc_core;pubmed_core,indexed,,include,empirical,include_empirical,A learned neural ODE rolls out latent tumor trajectories and evaluates perturbation and control.,exclude,not_applicable,no_learned_dynamics,The ai guided inference morphodynamic attractor like states glioblastoma study uses prescribed mechanistic or statistical dynamics rather than a learned transition mechanism.,exclude,not_applicable,source_policy_excluded,post_adjudication_inclusion_qc,"The article is published in an MDPI journal and is excluded by source policy; additionally, its neural-ODE flow is inferred from cross-sectional population variation rather than observed longitudinal tumor transitions.",exclude,not_applicable,source_policy_excluded,"The article is published in an MDPI journal and is excluded by source policy; additionally, its neural-ODE flow is inferred from cross-sectional population variation rather than observed longitudinal tumor transitions.","Full text, Methods and Conclusions: BraTS cross-sectional embeddings approximate morphologic continuity; dynamic labels are not a clinically predictive temporal model.",high,,,,,,
ALT-0e16f0063c94,fresh_alternate_public_search,AlzheimerODE: A Knowledge-Guided Generative Model for Alzheimer's Disease Progression,,Yuhao Jiang; Junbo Ma; Guoqiu Wen; Xinjie Han; Hongqing He; Jiayang Su; Fan Yang; Minghan Chen,2026,2026,Proceedings of the 32nd ACM SIGKDD Conference on Knowledge Discovery and Data Mining V.2,10.1145/3770855.3818833,,https://doi.org/10.1145/3770855.3818833,proceedings-article,crossref,"""disease progression model"" generative intervention",registered,,uncertain,not_applicable,insufficient_abstract,Missing abstract prevents assessing whether AlzheimerODE evaluates learned progression rollouts or intervention responses.,uncertain,empirical,insufficient_abstract,"The alzheimerode knowledge guided generative alzheimer s disease progression title plausibly denotes learned medical dynamics, but the missing abstract does not establish direct future or action evaluation.",exclude,not_applicable,insufficient_primary_evidence,post_adjudication_inclusion_qc,"A proceedings DOI and laboratory publication listing were found, but no stable primary abstract or full methods/results text was available to verify the learned transition, evaluation protocol, or extraction fields.",exclude,not_applicable,insufficient_primary_evidence,"A proceedings DOI and laboratory publication listing were found, but no stable primary abstract or full methods/results text was available to verify the learned transition, evaluation protocol, or extraction fields.",ACM DOI registration and author laboratory publication page: bibliographic listing only; no inspectable primary methods and results.,high,,,,,,
ALT-eefa5c2463e3,fresh_alternate_public_search,An Open Source Patient Simulator for Design and Evaluation of Computer Based Multiple Drug Dosing Control for Anesthetic and Hemodynamic Variables,,Clara M. Ionescu; Martine Neckebroek; Mihaela Ghita; Dana Copot,2021,2021,IEEE Access,10.1109/access.2021.3049880,,https://doi.org/10.1109/access.2021.3049880,journal-article,crossref,"""patient simulator"" clinical",registered,,uncertain,not_applicable,insufficient_abstract,Missing abstract prevents determining whether the dosing simulator learns dynamics from data or is mechanistic.,uncertain,empirical,insufficient_abstract,"The open source patient simulator design computer multiple drug dosing control title plausibly denotes learned medical dynamics, but the missing abstract does not establish direct future or action evaluation.",exclude,not_applicable,no_learned_dynamics,third_full_text_adjudication,"The anesthetic and hemodynamic simulator uses prescribed physiological equations and parameters to test dosing controllers, without a transition component fitted from observed patient dynamics.",,,,,,,,,,,,
ALT-7c951eb38f74,fresh_alternate_public_search,Anticipatory Healthcare Analytics: Inferring Latent Disease Dynamics from Noisy Clinical Observations,"Artificial intelligence (AI) in healthcare is predominantly built on observational data that provide incomplete, delayed, and noisy representations of underlying biological processes. Such limitations constrain current predictive models, which often remain reactive and fail to capture the intrinsic dynamics of disease evolution. In this study, we introduce a novel AI-driven framework based on latent-state reconstruction, designed to infer hidden disease trajectories from partial clinical and population-level observations and to generate dynamic, forward-looking risk estimates. The proposed approach departs fundamentally from traditional methods by explicitly modeling healthcare systems as partially observed complex adaptive systems. It reconstructs latent health states that evolve over time and gives rise to observable clinical measurements subject to stochastic variability. Drawing a conceptual parallel to quantum mechanics, where a system’s true state is described by a wave function that governs probabilistic observations, our framework treats the latent health state as the primary object of inference rather than the observed data alone. This shift enables a transition from descriptive analytics to anticipatory intelligence. By deriving hazard functions from reconstructed latent trajectories, the framework provides earlier and more accurate detection of disease progression, outbreak dynamics, and systemic instability. Empirical and theoretical analysis demonstrates that this approach captures underlying population heterogeneity and temporal dynamics that are inaccessible to conventional models. This work establishes a new paradigm for AI in healthcare, where prediction is grounded in the reconstruction of hidden system dynamics, enabling proactive intervention and more reliable decision-making in complex, high-dimensional environments.",Philip Melo,2026,2026,Journal of Family Medicine and Health Care,10.11648/j.jfmhc.20261201.11,,https://doi.org/10.11648/j.jfmhc.20261201.11,journal-article,crossref,"""latent dynamics"" medical;""latent dynamics"" physiological",registered,,include,empirical,include_empirical,The framework reconstructs evolving latent health states and empirically evaluates forward-looking risk estimation.,include,empirical,include_empirical,The anticipatory healthcare analytics inferring latent disease dynamics noisy clinical observations study learns or calibrates temporal dynamics and directly evaluates intervention-conditioned rollouts or planning outcomes.,exclude,not_applicable,no_primary_empirical_evaluation,third_full_text_adjudication,The article demonstrates latent-state recovery only on constructed numerical examples; it does not fit or evaluate the proposed transition model on observed clinical or biomedical trajectories.,,,,,,,,,,,,
ALT-6236c0921f50,fresh_alternate_public_search,Application of Hidden Markov Model to Identify Disease Progression Process in Medical Research,The article's abstract is no available.,Farzan MADADIZADEH; Mohammad YARAHMADI; Hojjat ZERAATI,2020,2020,Iranian Journal of Public Health,10.18502/ijph.v49i6.3382,,https://doi.org/10.18502/ijph.v49i6.3382,journal-article,crossref,"""disease progression model"" generative intervention",registered,,uncertain,not_applicable,insufficient_abstract,The unavailable abstract prevents assessing whether the medical HMM evaluates future-state transition capability.,exclude,not_applicable,no_future_or_action_evaluation,"The application hidden markov identify disease progression process medical research study analyzes or reconstructs dynamics but does not directly evaluate future states, actions, rollouts, or planning.",exclude,not_applicable,review_not_primary,third_full_text_adjudication,The article is a methodological overview of hidden Markov disease-progression applications and reports no separately extractable primary learned-dynamics experiment.,,,,,,,,,,,,
ALT-db944a487acf,fresh_alternate_public_search,ARE-GAN: Adaptive Regression and ROI-Enhanced Generative Adversarial Network for Alzheimer Disease Progression Prediction,,U Bharathi; S Chitrakala,2026,2026,International Journal of Computational Intelligence Systems,10.1007/s44196-025-01133-7,,https://doi.org/10.1007/s44196-025-01133-7,journal-article,crossref,"""disease progression model"" generative intervention",registered,,uncertain,not_applicable,insufficient_abstract,Missing abstract prevents distinguishing generative trajectory forecasting from ordinary Alzheimer progression prediction.,uncertain,empirical,insufficient_abstract,"The are gan adaptive regression roi enhanced generative adversarial network alzheimer title plausibly denotes learned medical dynamics, but the missing abstract does not establish direct future or action evaluation.",exclude,not_applicable,outside_world_model_conceptual_boundary,post_qc_lead_source_sufficiency,"ARE-GAN performs ordinary Alzheimer disease-progression prediction by generating future MRI states and classifying progression; it is not framed as a world model, twin, or reusable dynamic simulator and is not used for model-based planning or closed-loop control.",include,empirical,learned_multistep_dynamics,ARE-GAN learns longitudinal MRI progression conditioned on patient information and evaluates generated future brain states and progression classification against observed Alzheimer follow-up data.,"Springer full article, Methods and Results: adaptive regression and ROI-enhanced GAN generation of future MRIs with image-similarity and disease-stage evaluation.",high,exclude,not_applicable,outside_world_model_conceptual_boundary,"ARE-GAN performs ordinary Alzheimer disease-progression prediction by generating future MRI states and classifying progression; it is not framed as a world model, twin, or reusable dynamic simulator and is not used for model-based planning or closed-loop control.",Version-of-record Methods and Results: adaptive regression and ROI-enhanced GAN generation of future MRIs with image-similarity and disease-stage evaluation.,high
ALT-7c5ab8c52279,fresh_alternate_public_search,"Artificial Intelligence, LLM-based generation of synthetic patients with Parkinson’s Disease: towards a digital twin paradigm for in silico studies","Heterogeneity in sporadic Parkinson’s Disease (PD) is a critical problem that drives variable rates of progression and treatment response and complicates clinical trials. Access to large PD datasets that may help in clustering this heterogeneity is restricted by privacy and regulatory constraints. Simulated patients or digital twins may offer a solution. We developed a large language model (LLM)-framework to generate high-fidelity synthetic PD patients from the Parkinson’s Progression Markers Initiative (PPMI) dataset based on the open-source Qwen3-8B-Base model. Using a relational, tree-structured representation and domain-specific fine-tuning, the model produces patient-level records with longitudinal clinical, imaging, and biomarker data. Fidelity was assessed through distributional similarity, correlation structure, and neurologist review. Utility was tested by training diagnostic classifiers, reproducing a published pharmacometric disease progression model applied to in silico trials, and by extracting a stringent dopamine–motor impairment relationship at early PD stages. Privacy was evaluated via identical match share, distance-to-closest-record, and membership inference attacks. These findings support the use of a dedicated LLM framework for patient simulation, contributing to the foundations of digital twins for PD in silico trials.","Merlo Pich E, Pomponio O, Magno MA, Berti M, Li Lu L, Coser A, Cani I, Calandra Buonaura G, Valenti M, Cividini C, Semenzato N, Baggi A, Saccani S, Franzini JM.",2026,2026-04-29,,10.64898/2026.04.28.26351471,,https://europepmc.org/article/PPR/PPR1265459,,europe_pmc,europe_pmc_core,indexed,,include,empirical,include_empirical,A fine-tuned LLM generates longitudinal patients and evaluates simulator fidelity and in-silico trial utility.,include,empirical,include_empirical,The artificial intelligence llm generation synthetic patients parkinson s disease digital study learns or calibrates temporal dynamics and directly evaluates intervention-conditioned rollouts or planning outcomes.,exclude,not_applicable,generative_augmentation_only,post_adjudication_inclusion_qc,"The LLM generates complete synthetic longitudinal records and is evaluated for fidelity, privacy, and downstream utility, but no learned state-transition operator is directly evaluated through forecasting, rollout, or action response.",exclude,not_applicable,generative_augmentation_only,"The LLM generates complete synthetic longitudinal records and is evaluated for fidelity, privacy, and downstream utility, but no learned state-transition operator is directly evaluated through forecasting, rollout, or action response.","Primary preprint, Methods and Results: synthetic PPMI record generation, distributional similarity, neurologist review, privacy tests, and downstream disease-model reuse.",high,,,,,,
ALT-4ebd98e25663,fresh_alternate_public_search,Automatic Interactive Evaluation for Large Language Models with State Aware Patient Simulator,,Yusheng Liao; Yutong Meng; Yuhao Wang; Hongchen Liu; Heyang Liu; Yanfeng Wang; Yu Wang,2024,2024,Elsevier BV,10.2139/ssrn.4890649,,https://doi.org/10.2139/ssrn.4890649,posted-content,crossref,"""patient simulator"" clinical",registered,,uncertain,not_applicable,insufficient_abstract,Missing abstract prevents determining whether the state-aware patient simulator models clinical dynamics or dialogue.,exclude,not_applicable,no_future_or_action_evaluation,"The automatic interactive large language state aware patient simulator study analyzes or reconstructs dynamics but does not directly evaluate future states, actions, rollouts, or planning.",exclude,not_applicable,insufficient_primary_evidence,post_adjudication_inclusion_qc,The accessible SSRN registration and title do not expose stable methods and results sufficient to determine whether patient-state transitions are learned from observed clinical data or hand-authored.,exclude,not_applicable,insufficient_primary_evidence,The accessible SSRN registration and title do not expose stable methods and results sufficient to determine whether patient-state transitions are learned from observed clinical data or hand-authored.,SSRN DOI record and indexed metadata: title-level evidence only; no complete stable primary text available for extraction.,high,,,,,,
ALT-1dfb4e7629f9,fresh_alternate_public_search,Brain Amyloid Plaque Levels Affect Clinical Progression in Alzheimer Disease: Assessment of Amyloid PET and Change in CDR-SB Utilizing Semi-Mechanistic Model.,"Lecanemab is a humanized IgG1 monoclonal antibody binding with high affinity to protofibrils of amyloid-beta (Aβ) protein. In clinical studies, lecanemab has been shown to reduce amyloid markers in early symptomatic Alzheimer's disease and slow decline on clinical endpoints of cognition and function. Nonlinear mixed-effects modeling assessed the correlation between amyloid PET and change in CDR-SB using data from lecanemab phase 2 study (Study 201) and phase 3 study (Study 301; Clarity AD). Data from placebo-treated subjects were used to establish a disease-progression model; the effect of amyloid reduction on disease progression was defined using data from lecanemab-treated subjects. CDR-SB scores were used with beta regression to fit a Richard's function parameterized in terms of baseline CDR-SB, intrinsic rate of disease progression, shape, and precision of the beta distribution. Simulations were conducted to evaluate the impact of lecanemab treatment over 4 years. Baseline CDR-SB was predicted by diagnosis and baseline mini-mental state examination (BMMSE) score. Intrinsic rate of disease progression was predicted by amyloid PET and BMMSE. Amyloid PET was a better predictor of drug effect than lecanemab exposure, demonstrating amyloid reduction as a surrogate marker of efficacy. Simulations projected the difference in CDR-SB between lecanemab and placebo treated subjects continued increasing over 4 years. Patients with low baseline amyloid and less severe disease were projected to have slower disease progression and better outcomes with lecanemab treatment.",Pratik Bhagunde; Natasha Penner; Brian A Willis; Robert Bell; Arnaud Charil; Michael C Irizarry; Steven Hersch; Larisa Reyderman,2026,2026,CPT: pharmacometrics & systems pharmacology,10.1002/psp4.70173,,https://pubmed.ncbi.nlm.nih.gov/41543367/,journal-article,europe_pmc;pubmed,europe_pmc_core;pubmed_core,indexed,,include,empirical,include_empirical,A data-fitted semi-mechanistic model simulates four-year clinical trajectories under treatment and placebo conditions.,exclude,not_applicable,no_learned_dynamics,The brain amyloid plaque levels affect clinical progression alzheimer disease assessment study uses prescribed mechanistic or statistical dynamics rather than a learned transition mechanism.,exclude,not_applicable,outside_world_model_conceptual_boundary,post_qc_lead_source_sufficiency,This is conventional semi-mechanistic pharmacometric disease-progression analysis linking amyloid reduction to CDR-SB and projecting treatment trajectories; it lacks qualifying simulator or twin identity and is not an internal planning or control environment.,include,empirical,fitted_intervention_dynamics,"A nonlinear mixed-effects disease-progression transition is fitted to placebo and lecanemab trial trajectories, links amyloid reduction to CDR-SB evolution, and is evaluated through four-year treatment simulations.","Full text, Model development and Simulations: Richard's-function CDR-SB progression fit to Studies 201 and 301, amyloid-mediated treatment effect, and four-year projections.",high,exclude,not_applicable,outside_world_model_conceptual_boundary,This is conventional semi-mechanistic pharmacometric disease-progression analysis linking amyloid reduction to CDR-SB and projecting treatment trajectories; it lacks qualifying simulator or twin identity and is not an internal planning or control environment.,"Version-of-record Model development and Simulations sections: Richard's-function CDR-SB progression fitted to Studies 201 and 301, amyloid-mediated treatment effect, and four-year projections.",high
ALT-ea1902cbb70e,fresh_alternate_public_search,Brain Latent Progression: Individual-based spatiotemporal disease progression on 3D Brain MRIs via latent diffusion,,Lemuel Puglisi; Daniel C. Alexander; Daniele Ravì,2025,2025,Medical Image Analysis,10.1016/j.media.2025.103734,,https://doi.org/10.1016/j.media.2025.103734,journal-article,crossref,"""latent dynamics"" medical",registered,,uncertain,empirical,insufficient_abstract,"Title suggests learned MRI progression dynamics, but no abstract confirms rollout, forecasting evaluation, or empirical results.",uncertain,empirical,insufficient_abstract,"The brain latent progression individual spatiotemporal disease progression 3d brain mris title plausibly denotes learned medical dynamics, but the missing abstract does not establish direct future or action evaluation.",exclude,not_applicable,outside_world_model_conceptual_boundary,post_qc_lead_source_sufficiency,"The latent-diffusion model performs individualized future-MRI generation for disease-progression forecasting, but the authors do not frame it as a world model, twin, or reusable simulator and it is not used for iterative planning or control.",include,empirical,learned_multistep_dynamics,A latent diffusion model learns subject-specific spatiotemporal MRI transitions and directly evaluates generated future brain anatomy across longitudinal follow-up horizons.,"PMC full text, Method and Experiments: individual-conditioned latent diffusion over longitudinal 3D MRI with future-image similarity, morphometry, and progression evaluation.",high,exclude,not_applicable,outside_world_model_conceptual_boundary,"The latent-diffusion model performs individualized future-MRI generation for disease-progression forecasting, but the authors do not frame it as a world model, twin, or reusable simulator and it is not used for iterative planning or control.","Version-of-record Method and Experiments: individual-conditioned latent diffusion over longitudinal 3D MRI with future-image similarity, morphometry, and progression evaluation.",high
ALT-e86bc8b02c40,fresh_alternate_public_search,Building digital twins of the human immune system: toward a roadmap.,"Digital twins, customized simulation models pioneered in industry, are beginning to be deployed in medicine and healthcare, with some major successes, for instance in cardiovascular diagnostics and in insulin pump control. Personalized computational models are also assisting in applications ranging from drug development to treatment optimization. More advanced medical digital twins will be essential to making precision medicine a reality. Because the immune system plays an important role in such a wide range of diseases and health conditions, from fighting pathogens to autoimmune disorders, digital twins of the immune system will have an especially high impact. However, their development presents major challenges, stemming from the inherent complexity of the immune system and the difficulty of measuring many aspects of a patient's immune state in vivo. This perspective outlines a roadmap for meeting these challenges and building a prototype of an immune digital twin. It is structured as a four-stage process that proceeds from a specification of a concrete use case to model constructions, personalization, and continued improvement.","Laubenbacher R, Niarakis A, Helikar T, An G, Shapiro B, Malik-Sheriff RS, Sego TJ, Knapp A, Macklin P, Glazier JA.",2022,2022-05-20,,10.1038/s41746-022-00610-z,,https://europepmc.org/article/MED/35595830,,europe_pmc,europe_pmc_core,indexed,,exclude,review,no_primary_empirical_evaluation,This perspective proposes an immune digital-twin roadmap without eligible empirical evaluation or substantive world-model synthesis.,include,review,include_review,"This review primarily synthesizes dynamic medical digital twins for building digital twins human immune system roadmap, including prediction, simulation, or intervention use.",exclude,not_applicable,review_not_primary,third_full_text_adjudication,This perspective proposes a staged roadmap for future immune-system twins; it does not substantially synthesize empirical evaluations of learned transition or rollout models.,,,,,,,,,,,,
ALT-b82bb2551356,fresh_alternate_public_search,Cardiovascular care with digital twin technology in the era of generative artificial intelligence.,"Digital twins, which are in silico replications of an individual and its environment, have advanced clinical decision-making and prognostication in cardiovascular medicine. The technology enables personalized simulations of clinical scenarios, prediction of disease risk, and strategies for clinical trial augmentation. Current applications of cardiovascular digital twins have integrated multi-modal data into mechanistic and statistical models to build physiologically accurate cardiac replicas to enhance disease phenotyping, enrich diagnostic workflows, and optimize procedural planning. Digital twin technology is rapidly evolving in the setting of newly available data modalities and advances in generative artificial intelligence, enabling dynamic and comprehensive simulations unique to an individual. These twins fuse physiologic, environmental, and healthcare data into machine learning and generative models to build real-time patient predictions that can model interactions with the clinical environment to accelerate personalized patient care. This review summarizes digital twins in cardiovascular medicine and their potential future applications by incorporating new personalized data modalities. It examines the technical advances in deep learning and generative artificial intelligence that broaden the scope and predictive power of digital twins. Finally, it highlights the individual and societal challenges as well as ethical considerations that are essential to realizing the future vision of incorporating cardiology digital twins into personalized cardiovascular care.","Thangaraj PM, Benson SH, Oikonomou EK, Asselbergs FW, Khera R.",2024,2024-12-01,,10.1093/eurheartj/ehae619,,https://europepmc.org/article/MED/39322420,,europe_pmc,europe_pmc_core,indexed,,include,review,include_review,"This review synthesizes cardiovascular digital twins, dynamic patient simulation, technical advances, and clinical translation challenges.",include,review,include_review,"This review primarily synthesizes dynamic medical digital twins for cardiovascular care digital twin technology era generative artificial intelligence, including prediction, simulation, or intervention use.",exclude,not_applicable,review_scope_too_broad,post_adjudication_inclusion_qc,"The narrative review spans phenotyping, diagnosis, procedural planning, risk prediction, and future generative-AI possibilities; learned or adapted transition systems with operational rollout evidence are not a consistently central evidence category.",exclude,not_applicable,review_scope_too_broad,"The narrative review spans phenotyping, diagnosis, procedural planning, risk prediction, and future generative-AI possibilities; learned or adapted transition systems with operational rollout evidence are not a consistently central evidence category.","Primary review, abstract and application sections: mechanistic and statistical replicas across diagnosis, prognosis, planning, and proposed future real-time predictions.",medium,,,,,,
ALT-744dce1205a8,fresh_alternate_public_search,Challenges of Digital Twin in healthcare,,Hazim Dahir; Jeff Luna; Ahmed Khattab; Kaouther Abrougui; Raj Kumar,2023,2023,Digital Twin for Healthcare,10.1016/b978-0-32-399163-6.00009-3,,https://doi.org/10.1016/b978-0-32-399163-6.00009-3,book-chapter,crossref,"""clinical digital twin"" intervention",registered,,uncertain,review,insufficient_abstract,"The healthcare digital-twin title is potentially relevant, but no abstract identifies review scope or substantive synthesis.",uncertain,review,insufficient_abstract,"The challenges digital twin healthcare title plausibly denotes a medical world-model review, but the missing abstract does not establish its primary scope.",exclude,not_applicable,review_not_primary,third_full_text_adjudication,The chapter surveys general healthcare digital-twin challenges rather than making evaluated learned medical dynamics a central evidence category.,,,,,,,,,,,,
ALT-238a1a830ea0,fresh_alternate_public_search,cLDM-ODE: A Multimodal Generative Framework for Uncertainty-Aware Forecasting of Alzheimer's Disease Progression,,Rishabh Sharma; Vinay Kukreja; Shanmugasundaram Hariharan; Shih-Yu Chen,2026,2026,IRBM,10.1016/j.irbm.2025.100926,,https://doi.org/10.1016/j.irbm.2025.100926,journal-article,crossref,"""disease progression model"" generative intervention",registered,,uncertain,empirical,insufficient_abstract,"The title suggests learned generative Alzheimer progression forecasting, but no abstract confirms direct empirical evaluation.",uncertain,empirical,insufficient_abstract,"The cldm ode multimodal generative uncertainty aware forecasting alzheimer s disease title plausibly denotes learned medical dynamics, but the missing abstract does not establish direct future or action evaluation.",exclude,not_applicable,insufficient_primary_evidence,post_adjudication_inclusion_qc,"Only bibliographic registration and title-level evidence were stably available; the transition model, longitudinal dataset, uncertainty evaluation, and results could not be audited for full extraction.",exclude,not_applicable,insufficient_primary_evidence,"Only bibliographic registration and title-level evidence were stably available; the transition model, longitudinal dataset, uncertainty evaluation, and results could not be audited for full extraction.",Elsevier DOI and Crossref record: title and publication metadata only; no stable abstract or full methods/results text located.,high,,,,,,
ALT-949bc7547612,fresh_alternate_public_search,Clinical-GAN: Trajectory Forecasting of Clinical Events using Transformer and Generative Adversarial Networks,,Vignesh Shankar; Elnaz Yousefi; Alireza Manashty; Dayne Blair; Deepika Teegapuram,2023,2023,Artificial Intelligence in Medicine,10.1016/j.artmed.2023.102507,,https://doi.org/10.1016/j.artmed.2023.102507,journal-article,crossref,"""physiological trajectory"" forecasting",registered,,uncertain,empirical,insufficient_abstract,"The title suggests learned clinical-event trajectory forecasting, but no abstract confirms temporal rollout evaluation.",uncertain,empirical,insufficient_abstract,"The clinical gan trajectory forecasting clinical events transformer generative adversarial networks title plausibly denotes learned medical dynamics, but the missing abstract does not establish direct future or action evaluation.",exclude,not_applicable,outside_world_model_conceptual_boundary,post_qc_lead_source_sufficiency,Clinical-GAN is an ordinary subsequent-visit and clinical-event forecasting system; its generated trajectories are not given qualifying patient-simulator or world-model identity and do not support model-based planning or closed-loop control.,include,empirical,learned_multistep_dynamics,Clinical-GAN learns next-visit clinical-code transitions from ordered MIMIC-IV histories and evaluates generated multivisit trajectories against recurrent and generative baselines.,"Primary article abstract and repository-linked methods: transformer generator/discriminator trained on more than 500,000 visits from about 196,000 patients; subsequent-visit forecasting experiments.",high,exclude,not_applicable,outside_world_model_conceptual_boundary,Clinical-GAN is an ordinary subsequent-visit and clinical-event forecasting system; its generated trajectories are not given qualifying patient-simulator or world-model identity and do not support model-based planning or closed-loop control.,"Version-of-record model and experiments: transformer generator and discriminator trained on more than 500,000 visits from about 196,000 patients and evaluated on subsequent-visit forecasting.",high
ALT-3062c794c4e1,fresh_alternate_public_search,Current progress of digital twin construction using medical imaging.,"Medical imaging is fundamental to digital twin technology, enabling patient-specific virtual models of anatomy and physiology. By integrating high-resolution modalities (Magnetic Resonance Imaging (MRI), Computed Tomography (CT), Positron Emission Tomography (PET), ultrasound) with computational frameworks, recent imaging advances now support real-time simulation, predictive modeling, and earlier disease detection. Such capabilities directly inform individualized treatment planning and contribute to more precise, personalized care. Despite remaining challenges-complex anatomical modeling, multimodal integration, and high computational demands-recent advances in imaging and machine learning have significantly enhanced the accuracy and clinical utility of digital twins. The main contributions of our review are: (1) a system-by-system classification of methodologies; (2) evidence that advanced imaging modalities have improved diagnostic accuracy, treatment effectiveness, and patient outcomes beyond conventional approaches; and (3) identification of remaining technical bottlenecks. We further analyze key technical barriers-such as data scarcity and computational complexity-and outline future directions (e.g., AI-driven data augmentation, real-time model optimization) to unlock digital twins' full potential in precision medicine.","Zhao F, Wu Y, Hu M, Chang CW, Liu R, Qiu R, Yang X.",2025,2025-09-01,,10.1002/acm2.70226,,https://europepmc.org/article/MED/40841176,,europe_pmc,europe_pmc_core,indexed,,include,review,include_review,"This medical digital-twin review provides a methodology taxonomy, evidence synthesis, and clinical translation analysis.",include,review,include_review,"This review primarily synthesizes dynamic medical digital twins for current progress digital twin construction medical imaging, including prediction, simulation, or intervention use.",exclude,not_applicable,review_scope_too_broad,post_adjudication_inclusion_qc,"The review centers imaging-based twin construction, anatomical representation, diagnosis, and planning; learned longitudinal transitions and operational rollout evaluation are not a central evidence category.",exclude,not_applicable,review_scope_too_broad,"The review centers imaging-based twin construction, anatomical representation, diagnosis, and planning; learned longitudinal transitions and operational rollout evaluation are not a central evidence category.","Full text and abstract: system-by-system imaging classification, diagnostic and treatment applications, data augmentation, and real-time optimization as future directions.",high,,,,,,
ALT-61ae05403063,fresh_alternate_public_search,Data-driven Huntington's disease progression modelling and estimation of societal cost in the UK.,"We develop a Huntington's disease (HD) progression model and integrate this with a novel economic model, accounting for the major factors of the HD's societal cost. Data from the Enroll-HD observational study were used to fit a continuous-time hidden Markov disease progression model, which identified five distinct states. The number of disease states was determined using a cross-validated maximum likelihood approach. A novel data augmentation method was used to correct the biased life expectancy of the progression model. Multiple sources of cost data were then mapped to Enroll-HD variables using expert experience. A simulation of a synthetic patient population was used to show the feasibility of the approach in estimating population costs and the impact of hypothetical intervention scenarios. Our results confirm that early cognitive decline, which is not captured by the total functional capacity score currently used by clinicians but flagged up in HD integrated staging system, can be quantified from participants' visits. Finally, the results of the UK cost modelling show that indirect costs of HD such as state benefits and lost gross domestic product contribution could be the driving factors for the societal cost, over and above health and social care costs.",Andrew Pollard; Danica Greetham; James Myatt; Hugh Rickards; Cath Stanley; Dave Dungate,2024,2024,Royal Society open science,10.1098/rsos.240824,,https://pubmed.ncbi.nlm.nih.gov/39569347/,journal-article,europe_pmc;pubmed,europe_pmc_core;pubmed_core,indexed,,include,empirical,include_empirical,A data-fitted continuous-time hidden Markov model simulates disease trajectories and hypothetical intervention scenarios.,exclude,not_applicable,no_learned_dynamics,The data driven huntington s disease progression estimation societal cost uk study uses prescribed mechanistic or statistical dynamics rather than a learned transition mechanism.,exclude,not_applicable,outside_world_model_conceptual_boundary,post_qc_lead_source_sufficiency,"The continuous-time hidden Markov model is a conventional Huntington disease-progression and societal-cost model; synthetic-population intervention scenarios do not by themselves establish twin, patient-simulator, or world-model identity.",include,empirical,learned_multistate_dynamics,"A continuous-time hidden Markov model learns five Huntington disease states and transition speeds from Enroll-HD visits, then evaluates synthetic patient progression and hypothetical intervention scenarios.","Full text, Methods and Results: cross-validated state-number selection, transition-rate estimation, life-expectancy correction, and population simulation under interventions.",high,exclude,not_applicable,outside_world_model_conceptual_boundary,"The continuous-time hidden Markov model is a conventional Huntington disease-progression and societal-cost model; synthetic-population intervention scenarios do not by themselves establish twin, patient-simulator, or world-model identity.","Version-of-record Methods and Results: cross-validated disease-state selection, transition-rate estimation, life-expectancy correction, and population-cost simulation under hypothetical interventions.",high
ALT-57f713cb9c2e,fresh_alternate_public_search,Data-driven model discovery and model selection for noisy biological systems.,"Biological systems exhibit complex dynamics that differential equations can often adeptly represent. Ordinary differential equation models are widespread; until recently their construction has required extensive prior knowledge of the system. Machine learning methods offer alternative means of model construction: differential equation models can be learnt from data via model discovery using sparse identification of nonlinear dynamics (SINDy). However, SINDy struggles with realistic levels of biological noise and is limited in its ability to incorporate prior knowledge of the system. We propose a data-driven framework for model discovery and model selection using hybrid dynamical systems: partial models containing missing terms. Neural networks are used to approximate the unknown dynamics of a system, enabling the denoising of the data while simultaneously learning the latent dynamics. Simulations from the fitted neural network are then used to infer models using sparse regression. We show, via model selection, that model discovery using hybrid dynamical systems outperforms alternative approaches. We find it possible to infer models correctly up to high levels of biological noise of different types. We demonstrate the potential to learn models from sparse, noisy data in application to a canonical cell state transition using data derived from single-cell transcriptomics. Overall, this approach provides a practical framework for model discovery in biology in cases where data are noisy and sparse, of particular utility when the underlying biological mechanisms are partially but incompletely known.",Xiaojun Wu; MeiLu McDermott; Adam L MacLean,2025,2025,PLoS computational biology,10.1371/journal.pcbi.1012762,,https://pubmed.ncbi.nlm.nih.gov/39836686/,journal-article,europe_pmc;pubmed,europe_pmc_core;pubmed_core,indexed,,include,empirical,include_empirical,Neural networks learn biological dynamics whose simulations recover a single-cell state-transition model.,exclude,not_applicable,no_learned_dynamics,The data driven discovery selection noisy biological systems study uses prescribed mechanistic or statistical dynamics rather than a learned transition mechanism.,exclude,not_applicable,outside_world_model_conceptual_boundary,post_qc_lead_source_sufficiency,This is a general model-discovery and selection method for noisy biological systems; simulations are used to recover equations and validate inference rather than to establish a reusable biomedical simulator or a planning environment.,include,empirical,learned_biological_dynamics,"A neural hybrid dynamical model learns missing biological transition terms from noisy observations, then direct simulations are used to recover governing equations and cell-state transitions.","Full text, Methods and Results: neural latent-dynamics fitting, SINDy model recovery, noise stress tests, and single-cell transcriptomic state-transition application.",high,exclude,not_applicable,outside_world_model_conceptual_boundary,This is a general model-discovery and selection method for noisy biological systems; simulations are used to recover equations and validate inference rather than to establish a reusable biomedical simulator or a planning environment.,"Version-of-record Methods and Results: neural latent-dynamics fitting, SINDy model recovery, noise stress tests, and a single-cell transcriptomic state-transition application.",high
ALT-66f6aefba9e2,fresh_alternate_public_search,Decomposing heterogeneity in disease progression speeds and pathways.,"Understanding why patients with the same diagnosis exhibit markedly different disease progression-some rapidly, others slowly, with distinct symptom patterns-remains a major challenge in medicine. Here, we developed a machine learning framework called DiSPAH (Disease-progression Speed and Pathway Analysis based on a Hidden Markov model) to estimate both the pathway and speed of disease progression in individual patients. DiSPAH models disease progression as continuous-time transitions among latent disease states with a patient-specific progression speed. We applied DiSPAH to longitudinal clinical scores from an amyotrophic lateral sclerosis (ALS) cohort and inferred each patient's trajectory of the latent disease states and progression speed. These dynamics were associated with baseline clinical features and enabled prediction of future course from first-visit data. Our results highlight that jointly modeling progression pathway and speed improves prediction of heterogeneous disease courses, offering a powerful tool for personalized care and research in ALS and other chronic conditions.","Yada Y, Naoki H.",2026,2026-05-12,,10.1038/s41746-026-02665-8,,https://europepmc.org/article/MED/42115692,,europe_pmc,europe_pmc_core,indexed,,include,empirical,include_empirical,The learned continuous-time hidden Markov model infers transitions and predicts future ALS trajectories.,exclude,not_applicable,no_learned_dynamics,The decomposing heterogeneity disease progression speeds pathways study is an ordinary prognostic or static prediction analysis without a learned rollout mechanism.,exclude,not_applicable,outside_world_model_conceptual_boundary,post_qc_lead_source_sufficiency,"DiSPAH is an ordinary latent-state disease-progression model estimating pathway and speed and forecasting future ALS course; it has no qualifying simulator, twin, planning, or closed-loop-control identity.",include,empirical,learned_multistate_dynamics,"DiSPAH learns continuous-time latent disease-state transitions and patient-specific progression speeds from longitudinal ALS scores, reconstructs trajectories, and predicts future course.","Full text, Model and Results: hidden Markov transition framework, individualized speed parameter, inferred ALS pathways, and held-out future-course prediction.",high,exclude,not_applicable,outside_world_model_conceptual_boundary,"DiSPAH is an ordinary latent-state disease-progression model estimating pathway and speed and forecasting future ALS course; it has no qualifying simulator, twin, planning, or closed-loop-control identity.","Version-of-record Model and Results: continuous-time hidden Markov transitions, individualized speed parameters, inferred ALS pathways, and held-out future-course prediction.",high
ALT-cf60ad3588b1,fresh_alternate_public_search,Deep neural networks for endemic measles dynamics: Comparative analysis and integration with mechanistic models.,"Measles is an important infectious disease system both for its burden on public health and as an opportunity for studying nonlinear spatio-temporal disease dynamics. Traditional mechanistic models often struggle to fully capture the complex nonlinear spatio-temporal dynamics inherent in measles outbreaks. In this paper, we first develop a high-dimensional feed-forward neural network model with spatial features (SFNN) to forecast endemic measles outbreaks and systematically compare its predictive power with that of a classical mechanistic model (TSIR). We illustrate the utility of our model using England and Wales measles data from 1944-1965. These data present multiple modeling challenges due to the interplay between metapopulations, seasonal trends, and nonlinear dynamics related to demographic changes. Our results show that while the TSIR model yields similarly performant short-term (1 to 2 biweeks ahead) forecasts for highly populous cities, our neural network model (SFNN) consistently achieves lower root mean squared error (RMSE) across other forecasting windows. Furthermore, we show that our spatial-feature neural network model, without imposing mechanistic assumptions a priori, can uncover gravity-model-like spatial hierarchy of measles spread in which major cities play an important role in driving regional outbreaks. We then turn our attention to integrative approaches that combine mechanistic and machine learning models. Specifically, we investigate how the TSIR can be utilized to improve a state-of-the-art approach known as Physics-Informed-Neural-Networks (PINN) which explicitly combines compartmental models and neural networks. Our results show that the TSIR can facilitate the reconstruction of latent susceptible dynamics, thereby enhancing both forecasts in terms of mean absolute error (MAE) and parameter inference of measles dynamics within the PINN. In summary, our results show that appropriately designed neural network-based models can outperform traditional mechanistic models for short to long-term forecasts, while simultaneously providing mechanistic interpretability. Our work also provides valuable insights into more effectively integrating machine learning models with mechanistic models to enhance public health responses to measles and similar infectious disease systems.","Madden WG, Jin W, Lopman B, Zufle A, Dalziel B, E Metcalf CJ, Grenfell BT, Lau MSY.",2024,2024-11-21,,10.1371/journal.pcbi.1012616,,https://europepmc.org/article/MED/39570994,,europe_pmc,europe_pmc_core,indexed,,include,empirical,include_empirical,Data-learned spatiotemporal measles dynamics are evaluated through multi-horizon forecasts and latent-state reconstruction.,exclude,not_applicable,no_learned_dynamics,The deep neural networks endemic measles dynamics comparative integration mechanistic study uses prescribed mechanistic or statistical dynamics rather than a learned transition mechanism.,exclude,not_applicable,outside_world_model_conceptual_boundary,post_qc_lead_source_sufficiency,The spatial neural network and hybrid PINN perform conventional epidemiological forecasting and latent-susceptible reconstruction; neither is framed as a qualifying dynamic simulator nor used as an environment for planning or control.,include,empirical,learned_multistep_dynamics,A spatial neural model learns measles transitions from historical incidence and directly evaluates multi-horizon outbreak forecasts; a hybrid PINN also reconstructs latent susceptible dynamics.,"Full text, Forecasting experiments: England and Wales biweekly incidence, 1- to multi-step RMSE comparisons with TSIR, and latent-susceptible reconstruction.",high,exclude,not_applicable,outside_world_model_conceptual_boundary,The spatial neural network and hybrid PINN perform conventional epidemiological forecasting and latent-susceptible reconstruction; neither is framed as a qualifying dynamic simulator nor used as an environment for planning or control.,"Version-of-record Forecasting experiments: England and Wales biweekly measles incidence, multi-horizon comparisons with TSIR, and latent-susceptible reconstruction.",high
ALT-50502bb290be,fresh_alternate_public_search,Deep recurrent model for individualized prediction of Alzheimer’s disease progression,,Wonsik Jung; Eunji Jun; Heung-Il Suk,2021,2021,NeuroImage,10.1016/j.neuroimage.2021.118143,,https://doi.org/10.1016/j.neuroimage.2021.118143,journal-article,crossref,"""disease progression model"" generative intervention",registered,,uncertain,empirical,insufficient_abstract,"The title suggests temporal disease modeling, but missing details prevent confirming transition or rollout evaluation.",exclude,not_applicable,no_future_or_action_evaluation,"The deep recurrent individualized prediction alzheimer s disease progression study analyzes or reconstructs dynamics but does not directly evaluate future states, actions, rollouts, or planning.",exclude,not_applicable,outside_world_model_conceptual_boundary,post_qc_lead_source_sufficiency,The recurrent model performs ordinary multihorizon Alzheimer biomarker and clinical-status forecasting; it is not framed as a twin or reusable patient simulator and is not used for model-based planning or closed-loop control.,include,empirical,learned_multistep_dynamics,"An end-to-end recurrent model learns longitudinal MRI, cognitive, and clinical-state transitions and evaluates predictions at multiple future time points on the TADPOLE cohort.","Primary article abstract, Methods and Experiments: joint imputation, biomarker forecasting, cognitive trajectory estimation, and future clinical-status prediction with ablations.",high,exclude,not_applicable,outside_world_model_conceptual_boundary,The recurrent model performs ordinary multihorizon Alzheimer biomarker and clinical-status forecasting; it is not framed as a twin or reusable patient simulator and is not used for model-based planning or closed-loop control.,"Version-of-record Methods and Experiments: joint imputation, biomarker forecasting, cognitive-trajectory estimation, and future clinical-status prediction on TADPOLE.",high
ALT-9a315a53cb0a,fresh_alternate_public_search,Design of high-performance digital twins to enhance magnetic resonance imaging patient positioning,,Martin Zapf; Nicola Contartese; Gerhard-Benedikt Weiß; Martin Horn,2026,2026,Digital Twin,10.1080/27525783.2026.2719041,,https://doi.org/10.1080/27525783.2026.2719041,journal-article,crossref,"""clinical digital twin"" intervention;""medical digital twin"" trajectory",registered,,uncertain,empirical,insufficient_abstract,"The medical digital-twin title is relevant, but no abstract reveals learned dynamics or evaluated rollouts.",exclude,not_applicable,no_learned_dynamics,"The design high performance digital twins enhance magnetic resonance imaging patient record describes a static, conceptual, or mechanistic twin without learned temporal transitions.",exclude,not_applicable,no_future_or_action_evaluation,third_full_text_adjudication,"The digital twin optimizes MRI patient positioning and scanner workflow; it does not evaluate learned evolution of a patient, physiological, or clinical state.",,,,,,,,,,,,
ALT-8b76200f7bab,fresh_alternate_public_search,Development and validation of a chronic kidney disease progression model using patient-level simulations.,"Chronic disease progression models are available for several highly prevalent conditions. For chronic kidney disease (CKD), the scope of existing progression models is limited to the risk of kidney failure and major cardiovascular (CV) events. The aim of this project was to develop a comprehensive CKD progression model (CKD-PM) that simulates the risk of CKD progression and a broad range of complications in patients with CKD. A series of literature reviews informed the selection of risk factors and identified existing risk equations/algorithms for kidney replacement therapy (KRT), CV events, other CKD-related complications, and mortality. Risk equations and transition probabilities were primarily sourced from publications produced by large US and international CKD registries. A patient-level, state-transition model was developed with health states defined by the Kidney Disease Improving Global Outcomes categories. Model validation was performed by comparing predicted outcomes with observed outcomes in the source cohorts used in model development (internal validation) and other cohorts (external validation). The CKD-PM demonstrated satisfactory modeling properties. Accurate prediction of all-cause and CV mortality was achieved without calibration, while prediction of CV events through CKD-specific equations required implementation of a calibration factor to balance time-dependent versus baseline risk. Predicted annual changes in estimated glomerular filtration rate (eGFR) and urine albumin-creatinine ratio were acceptable in comparison to external values. A flexible eGFR threshold for KRT equations enabled accurate prediction of these events. This CKD-PM demonstrated reliable modeling properties. Both internal and external validation revealed robust outcomes.",Mafalda Ramos; Laetitia Gerlier; Anastasia Uster; Louise Muttram; Dominik Steubl; Andrew H Frankel; Mark Lamotte,2024,2024,Renal failure,10.1080/0886022x.2024.2406402,,https://pubmed.ncbi.nlm.nih.gov/39431558/,journal-article,europe_pmc;pubmed,europe_pmc_core;pubmed_core,indexed,,include,empirical,include_empirical,A data-informed patient-level state-transition model simulates and validates longitudinal CKD progression and complications.,exclude,not_applicable,review_not_primary,This review centers on validation chronic kidney disease progression patient level simulations rather than evaluated medical learned world-model dynamics as its primary subject.,exclude,not_applicable,outside_world_model_conceptual_boundary,post_qc_lead_source_sufficiency,"CKD-PM is a conventional patient-level state-transition and risk model assembled from published equations; use in patient-level simulations does not give it explicit world-model, twin, or reusable patient-simulator identity.",include,empirical,fitted_multistate_dynamics,"The patient-level model combines fitted risk equations and calibrated transition probabilities for CKD states and complications, then evaluates evolving outcomes through internal and external validation.","Full text, Model development and Validation: KDIGO state transitions, time-dependent eGFR and complication risks, calibration, and comparison with multiple source cohorts.",high,exclude,not_applicable,outside_world_model_conceptual_boundary,"CKD-PM is a conventional patient-level state-transition and risk model assembled from published equations; use in patient-level simulations does not give it explicit world-model, twin, or reusable patient-simulator identity.","Version-of-record Model development and Validation: KDIGO state transitions, time-dependent eGFR and complication risks, calibration, and comparison with source and external cohorts.",high
ALT-d6d9b0f712ec,fresh_alternate_public_search,Development of a Novel Machine Learning Method for Estimation of Life-Long Chronic Disease Progression and Its Application to Type 2 Diabetes.,"Individual predictions of long-term chronic disease progression from data of limited duration provide valuable insights into estimating patient outcomes and therapeutic needs. Statistical Restoration of Fragmented Time course (SReFT) was developed to address this challenge, yet it is computationally too intensive for large-scale datasets. Although diabetes is a representative chronic disease with significant medical needs, it has been challenging to analyze long-term changes using large-scale patient data due to this limitation. In this study, we aimed to develop a new method (SReFT-machine learning, SReFT-ML) by applying machine learning to the concept of SReFT, and to confirm its performance using synthetic data and the data from a clinical trial, the Action to Control Cardiovascular Risk in Diabetes (ACCORD) trial (N = 10,251). SReFT-ML has successfully analyzed both synthetic and clinical data, and reconstructed biomarker trajectories over a 30-year period in patients with diabetes. Decreases in diastolic blood pressure and renal function may be important indicators of disease progression. Furthermore, although age and mortality data were not included in the model, survival analysis demonstrated a clear trend of hazard increases in mortality and diabetes-related outcomes with disease progression. This study introduced machine learning to enhance long-term disease progression modeling. The resulting model characterized a 30-year trajectory of disease risk in diabetes. The results provide a clinically meaningful hypothesis that incorporating systemic factors such as renal function and blood pressure, in addition to classic glycemic control, may enhance comprehensive diabetes care. Trial Registration: ClinicalTrials.gov number: NCT00000620.","Sano Y, Jin R, Yoshioka H, Nakazato Y, Sato H, Hisaka A.",2025,2025-10-01,,10.1111/cts.70351,,https://europepmc.org/article/MED/41127917,,europe_pmc,europe_pmc_core,indexed,,include,empirical,include_empirical,The machine-learned model reconstructs and evaluates thirty-year biomarker trajectories from longitudinal clinical data.,exclude,not_applicable,no_learned_dynamics,The machine learning method estimation life long chronic disease progression its study is an ordinary prognostic or static prediction analysis without a learned rollout mechanism.,exclude,not_applicable,outside_world_model_conceptual_boundary,post_qc_lead_source_sufficiency,SReFT-ML aligns fragmented observations to reconstruct a long-term diabetes disease course and associate it with outcomes; this is disease-progression estimation rather than an explicitly framed simulator or planning environment.,include,empirical,learned_multistep_dynamics,"SReFT-ML learns how fragmented longitudinal observations align on a common disease course, reconstructs 30-year biomarker trajectories, and evaluates recovery on synthetic data and ACCORD patients.","Full text, Method and Results: synthetic trajectory-recovery tests, ACCORD reconstruction, long-term biomarker evolution, and outcome-risk associations.",medium,exclude,not_applicable,outside_world_model_conceptual_boundary,SReFT-ML aligns fragmented observations to reconstruct a long-term diabetes disease course and associate it with outcomes; this is disease-progression estimation rather than an explicitly framed simulator or planning environment.,"Version-of-record Method and Results: synthetic trajectory-recovery tests, ACCORD reconstruction, 30-year biomarker evolution, and outcome-risk associations.",high
ALT-beb122ebb1f2,fresh_alternate_public_search,Development of the simulation-based German albuminuria screening model (S-GASM) for estimating the cost-effectiveness of albuminuria screening in Germany.,"Background Chronic kidney disease is often asymptomatic in its early stages but constitutes a severe burden for patients and causes major healthcare systems costs worldwide. While models for assessing the cost-effectiveness of screening were proposed in the past, they often presented only a limited view. This study aimed to develop a simulation-based German Albuminuria Screening Model (S-GASM) and present some initial applications. Methods The model consists of an individual-based simulation of disease progression, considering age, gender, body mass index, systolic blood pressure, diabetes, albuminuria, glomerular filtration rate, and quality of life, furthermore, costs of testing, therapy, and renal replacement therapy with parameters based on published evidence. Selected screening scenarios were compared in a cost-effectiveness analysis. Results Compared to no testing, a simulation of 10 million individuals with a current age distribution of the adult German population and a follow-up until death or the age of 90 shows that a testing of all individuals with diabetes every two years leads to a reduction of the lifetime prevalence of renal replacement therapy from 2.5% to 2.3%. The undiscounted costs of this intervention would be 1164.10 € / QALY (quality-adjusted life year). Considering saved costs for renal replacement therapy, the overall undiscounted costs would be-12581.95 € / QALY. Testing all individuals with diabetes or hypertension and screening the general population reduced the lifetime prevalence even further (to 2.2% and 1.8%, respectively). Both scenarios were cost-saving (undiscounted, - 7127.10 €/QALY and-5439.23 €/QALY). Conclusions The S-GASM can be used for the comparison of various albuminuria testing strategies. The exemplary analysis demonstrates cost savings through albuminuria testing for individuals with diabetes, diabetes or hypertension, and for population-wide screening.","Kairys P, Frese T, Voigt P, Horn J, Girndt M, Mikolajczyk R.",2022,2022-01-05,,10.1371/journal.pone.0262227,,https://europepmc.org/article/MED/34986199,,europe_pmc,europe_pmc_core,indexed,,include,empirical,include_empirical,This evidence-parameterized individual disease simulator evaluates longitudinal outcomes under alternative screening interventions.,exclude,not_applicable,no_learned_dynamics,The simulation german albuminuria screening estimating cost effectiveness albuminuria screening germany study uses prescribed mechanistic or statistical dynamics rather than a learned transition mechanism.,exclude,not_applicable,no_learned_dynamics,third_full_text_adjudication,"S-GASM is a health-economic microsimulation whose disease transitions are supplied from published sources and assumptions, not learned or calibrated as transition behavior from observed trajectories.",,,,,,,,,,,,
ALT-66d2637db7d6,fresh_alternate_public_search,Digital doppelgangers in psychiatry.,"Digital doppelgangers are individualized, continuously updated digital representations of a person constructed from behavioral, physiological, and contextual data streams, including smartphone metadata, wearable sensor outputs, social media activity, and environmental sensors. Whereas conventional digital twins in physical medicine primarily replicate anatomical structures and physiological parameters, psychiatric digital doppelgangers are designed to capture dynamic mental states, emotional trajectories, and behavioral pathways through aggregated multimodal digital traces. Preliminary research suggests potential clinical utility across several domains, including earlier detection of depressive and bipolar episodes, risk stratification for suicidal crises, and individualized treatment planning; however, most applications remain at the feasibility and proof-of-concept stage and have not yet achieved prospective clinical validation. Implementation raises substantive challenges, including informed-consent complexity under fluctuating decisional capacity, algorithmic bias arising from non-representative training datasets, diagnostic ambiguity in the interpretation of behavioral signals, inequitable access to required technology infrastructure, and the risk of reconfiguring the therapeutic relationship into a surveillance mechanism. Responsible development requires interdisciplinary collaboration among clinicians, technologists, ethicists, regulators, and patient communities, alongside robust ethical frameworks, prospective validation regimes, and genuine patient partnership throughout the development cycle. Digital doppelgangers represent a conceptually distinct but adjacent framework to digital twins, digital phenotyping, and AI-driven cognitive science models; their trajectory in psychiatry depends on whether technological ambition is matched by equally rigorous governance and a primary commitment to patient welfare.","Elbarbary K, Shoib S.",2026,2026-07-23,,10.1007/s44192-026-00517-1,,https://europepmc.org/article/MED/42489964,,europe_pmc,europe_pmc_core,indexed,,include,review,include_review,"This psychiatry-focused synthesis defines dynamic digital doppelgangers and maps clinical applications, validation gaps, and translation risks.",include,review,include_review,"This review primarily synthesizes dynamic medical digital twins for digital doppelgangers psychiatry, including prediction, simulation, or intervention use.",exclude,not_applicable,review_not_primary,third_full_text_adjudication,"This psychiatry perspective discusses hypothetical digital doppelgangers, ethics, and future validation needs rather than synthesizing evaluated learned dynamic simulators.",,,,,,,,,,,,
ALT-d9b3b5b61cb1,fresh_alternate_public_search,Digital Representation of Patients as Medical Digital Twins: Data-Centric Viewpoint.,"Unlabelled Precision medicine involves a paradigm shift toward personalized data-driven clinical decisions. The concept of a medical ""digital twin"" has recently become popular to designate digital representations of patients as a support for a wide range of data science applications. However, the concept is ambiguous when it comes to practical implementations. Here, we propose a medical digital twin framework with a data-centric approach. We argue that a single digital representation of patients cannot support all the data uses of digital twins for technical and regulatory reasons. Instead, we propose a data architecture leveraging three main families of digital representations: (1) multimodal dashboards integrating various raw health records at points of care to assist with perception and documentation, (2) virtual patients, which provide nonsensitive data for collective secondary uses, and (3) individual predictions that support clinical decisions. For a given patient, multiple digital representations may be generated according to the different clinical pathways the patient goes through, each tailored to balance the trade-offs associated with the respective intended uses. Therefore, our proposed framework conceives the medical digital twin as a data architecture leveraging several digital representations of patients along clinical pathways.",Stanislas Demuth; Jérôme De Sèze; Gilles Edan; Tjalf Ziemssen; Françoise Simon; Pierre-Antoine Gourraud,2025,2025,JMIR medical informatics,10.2196/53542,,https://pubmed.ncbi.nlm.nih.gov/39881430/,journal-article,europe_pmc;pubmed,europe_pmc_core;pubmed_core,indexed,,include,review,include_review,This medical digital-twin viewpoint proposes a taxonomy of patient representations and their clinical-pathway uses.,exclude,not_applicable,review_not_primary,This review centers on digital representation patients as medical digital twins data centric viewpoint rather than evaluated medical learned world-model dynamics as its primary subject.,exclude,not_applicable,review_not_primary,third_full_text_adjudication,"The paper proposes a data architecture for dashboards, virtual patients, and predictors; it neither reports primary dynamic-model evaluation nor centrally reviews learned rollout systems.",,,,,,,,,,,,
ALT-14a9bd382609,fresh_alternate_public_search,Digital Twin Brain Simulator: Harnessing Primate ECoG Data for Real-Time Consciousness Monitoring and Virtual Intervention,"ABSTRACT At the forefront of bridging computational brain modeling with personalized medicine, this study introduces a novel, real-time, electrocorticogram (ECoG) simulator based on the digital twin brain concept. Utilizing advanced data assimilation techniques, specifically a Variational Bayesian Recurrent Neural Network model with hierarchical latent units, the simulator dynamically predicts ECoG signals reflecting real-time brain latent states. By assimilating broad ECoG signals from Macaque monkeys across awake and anesthetized conditions, the model successfully updated its latent states in real-time, enhancing the precision of ECoG signal simulations. Behind the successful data assimilation, a self-organization of latent states in the model was observed, reflecting brain states and individuality. This self-organization facilitated simulation of virtual drug administration and uncovered functional networks underlying changes in brain function during anesthesia. These results show that the proposed model is not only capable of simulating brain signals in real-time with high accuracy, but is also useful for revealing underlying information processing dynamics.",Yuta Takahashi; Hayato Idei; Misako Komatsu; Jun Tani; Hiroaki Tomita; Yuichi Yamashita,2024,2024,openRxiv,10.1101/2024.05.17.594789,,https://doi.org/10.1101/2024.05.17.594789,posted-content,crossref,"""clinical digital twin"" intervention",registered,,include,empirical,include_empirical,A recurrent neural dynamics model assimilates ECoG data and evaluates real-time simulation plus virtual drug interventions.,include,empirical,include_empirical,The digital twin brain simulator harnessing primate ecog data real time study learns or calibrates temporal dynamics and directly evaluates intervention-conditioned rollouts or planning outcomes.,exclude,not_applicable,duplicate_publication,third_full_text_adjudication,This bioRxiv record is the earlier version of the retained peer-reviewed Digital Twin Brain Simulator study and adds no separate empirical contribution.,,,,,,,,,,,,
ALT-8fec1f0f96e5,fresh_alternate_public_search,Digital Twin in Health Care,,Sabri Atalay; Ufuk Sönmez,2023,2023,Digital Twin Driven Intelligent Systems and Emerging Metaverse,10.1007/978-981-99-0252-1_10,,https://doi.org/10.1007/978-981-99-0252-1_10,book-chapter,crossref,"""clinical digital twin"" intervention;""medical digital twin"" trajectory",registered,,uncertain,review,insufficient_abstract,"The healthcare digital-twin title appears review-relevant, but no abstract permits assessing substantive scope or contribution.",uncertain,review,insufficient_abstract,"The digital twin health care title plausibly denotes a medical world-model review, but the missing abstract does not establish its primary scope.",exclude,not_applicable,review_not_primary,third_full_text_adjudication,This general book chapter introduces digital twins in healthcare but does not substantially synthesize learned medical transition models and their operational evaluation.,,,,,,,,,,,,
ALT-648756a83407,fresh_alternate_public_search,Digital twin technology for better health,,Puja S. Prasad,2025,2025,Digital Twin Technology for Better Health,10.1201/9781003498117-3,,https://doi.org/10.1201/9781003498117-3,book-chapter,crossref,"""clinical digital twin"" intervention;""medical digital twin"" trajectory",registered,,uncertain,review,insufficient_abstract,"The health digital-twin title is potentially relevant, but its scope and contribution cannot be assessed.",uncertain,review,insufficient_abstract,"The digital twin technology better health title plausibly denotes a medical world-model review, but the missing abstract does not establish its primary scope.",exclude,not_applicable,review_not_primary,third_full_text_adjudication,"The chapter is a broad introduction to digital-twin technology for health, without a central evidence synthesis of learned state dynamics or rollouts.",,,,,,,,,,,,
ALT-cd8ead69e7e8,fresh_alternate_public_search,Digital twins and digital models of the human circulatory system.,"Digital models and digital twins of human circulatory transport could transform the way cardiovascular and haematological diseases are understood, monitored and treated. Digital twins are dynamic virtual representations of physical systems that continuously assimilate real-world data to simulate and predict system behaviour. However, translating digital twins into clinical practice remains challenging owing to the complexity of human physiology and the need for continuous bidirectional coupling between virtual models and their physical counterparts. Advances in medical-grade sensors, wearable devices, microfluidics, artificial intelligence and high-performance computing are accelerating the evolution of digital models into clinically meaningful digital twins. In this Review, we examine how digital twins can model the human circulatory system across scales, from macroscopic blood flow to molecular and cellular transport. We outline the essential components of a circulatory-transport digital twin, describe the pathophysiological conditions that can be digitally represented, and discuss approaches for acquiring and integrating physiological data, computational modelling strategies and model-based inference. We further survey applications of digital models and digital twins across various types of model inferences, from mechanistic insights to clinical decisions such as disease diagnosis, risk stratification, surgical planning and treatment planning. Finally, we identify key challenges and opportunities for next-generation circulatory digital twins capable of real-time monitoring, predictive simulation and closed-loop therapeutic control.","Wu R, Ferreira G, Khan NS, Mahmud ST, Stoop J, Sohn LL, Leopold JA, Randles A.",2026,2026-04-30,,10.1038/s44222-026-00427-5,,https://europepmc.org/article/MED/42293032,,europe_pmc,europe_pmc_core,indexed,,include,review,include_review,"This review defines circulatory digital twins and synthesizes modeling approaches, applications, and clinical-translation challenges.",include,review,include_review,"This review primarily synthesizes dynamic medical digital twins for digital twins digital human circulatory system, including prediction, simulation, or intervention use.",exclude,not_applicable,review_not_primary,third_full_text_adjudication,The review centers multiscale circulatory transport and predominantly mechanistic computational models; learned transition and rollout evaluations are not its central evidence category.,,,,,,,,,,,,
ALT-19924e20f5f0,fresh_alternate_public_search,Digital twins as global learning health and disease models for preventive and personalized medicine.,"Ineffective medication is a major healthcare problem causing significant patient suffering and economic costs. This issue stems from the complex nature of diseases, which involve altered interactions among thousands of genes across multiple cell types and organs. Disease progression can vary between patients and over time, influenced by genetic and environmental factors. To address this challenge, digital twins have emerged as a promising approach, which have led to international initiatives aiming at clinical implementations. Digital twins are virtual representations of health and disease processes that can integrate real-time data and simulations to predict, prevent, and personalize treatments. Early clinical applications of DTs have shown potential in areas like artificial organs, cancer, cardiology, and hospital workflow optimization. However, widespread implementation faces several challenges: (1) characterizing dynamic molecular changes across multiple biological scales; (2) developing computational methods to integrate data into DTs; (3) prioritizing disease mechanisms and therapeutic targets; (4) creating interoperable DT systems that can learn from each other; (5) designing user-friendly interfaces for patients and clinicians; (6) scaling DT technology globally for equitable healthcare access; (7) addressing ethical, regulatory, and financial considerations. Overcoming these hurdles could pave the way for more predictive, preventive, and personalized medicine, potentially transforming healthcare delivery and improving patient outcomes.","Li X, Loscalzo J, Mahmud AKMF, Aly DM, Rzhetsky A, Zitnik M, Benson M.",2025,2025-02-07,,10.1186/s13073-025-01435-7,,https://europepmc.org/article/MED/39920778,,europe_pmc,europe_pmc_core,indexed,,include,review,include_review,"This healthcare digital-twin review synthesizes clinical applications, implementation barriers, and requirements for personalized medicine.",include,review,include_review,"This review primarily synthesizes dynamic medical digital twins for digital twins as global learning health disease preventive personalized medicine, including prediction, simulation, or intervention use.",exclude,not_applicable,review_not_primary,third_full_text_adjudication,"This agenda article surveys applications, infrastructure, and implementation challenges at a broad level rather than substantially synthesizing evaluated learned medical dynamics.",,,,,,,,,,,,
ALT-36f6d95f9f66,fresh_alternate_public_search,Digital Twins as the Implementation Layer of Precision Medicine in Pediatric Neurosurgery.,"Pediatric neurosurgery increasingly utilizes precision medicine, but practitioners encounter challenges in translating complex data into individualized care. Digital twin (DT) bridges this gap by linking real-world data to a dynamic patient in-silico model, facilitating prediction and adaptive management as new data emerge. This narrative review explores the essential features of DTs, highlighting their relevance and associated risks in pediatric neurosurgery. The DT framework is structured around five components : the patient, a data connection, a patient-in-silico model, a clinician interface, and temporal synchronization. Foundational modeling approaches are summarized, spanning mechanistic simulations, artificial intelligence, and hybrid models that combine mechanistic structure with datadriven inference. Clinical translation is framed around uncertainty and calibration, along with interpretability and detection of distribution shifts. Potential applications are organized by concrete clinical questions in epilepsy surgery, pediatric neuro-oncology, cerebrovascular disease, hydrocephalus, and craniosynostosis. A translational pathway is outlined that progresses from decision-oriented prototypes and retrospective validation to prospective evaluation and interventional studies within learning health systems, supported by robust governance and auditable workflows. With meticulous validation and cautious deployment tailored to pediatric populations, DTs may enhance transparency, testability, and shared decision-making in precision pediatric neurosurgery.",Koh EJ.,2026,2026-05-15,,10.3340/jkns.2026.0060,,https://europepmc.org/article/MED/42135038,,europe_pmc,europe_pmc_core,indexed,,include,review,include_review,This pediatric-neurosurgery review defines digital-twin components and provides a staged clinical-translation framework.,include,review,include_review,"This review primarily synthesizes dynamic medical digital twins for digital twins as implementation layer precision medicine pediatric neurosurgery, including prediction, simulation, or intervention use.",exclude,not_applicable,review_not_primary,third_full_text_adjudication,"The narrative review offers a translational framework and hypothetical pediatric neurosurgical uses, while noting that decision-oriented twins still require validation; learned rollout evidence is not central.",,,,,,,,,,,,
ALT-386154555f3d,fresh_alternate_public_search,Digital Twins for Personalized Medicine Require Epidemiological Data and Mathematical Modeling: Viewpoint.,"Digital twin (DT) technology is revolutionizing clinical practice by integrating diverse epidemiological data sources to create dynamic, patient-specific simulations. By leveraging data from genomics, proteomics, imaging, sociodemographics, and real-world behaviors, DTs provide a computational framework to model disease progression, optimize treatments, and personalize health care interventions. Through artificial intelligence (AI) and mathematical modeling, DTs facilitate predictive analytics for disease risk assessment, early diagnosis, and treatment response forecasting. This viewpoint explores the mathematical foundations of DTs, including differential equations for health trajectory modeling, Bayesian networks for multiomics integration, Markov models for disease progression, and reinforcement learning for treatment optimization. In addition, machine learning techniques such as recurrent neural networks and transformers enhance the predictive power of DTs by analyzing time-series clinical data and predicting future health events. The potential applications of DTs extend beyond individual patient care to public health surveillance, hospital resource management, and epidemiological modeling. However, several challenges persist, including data privacy concerns, computational infrastructure requirements, validation of predictive models, and regulatory compliance. Addressing these limitations requires interdisciplinary collaboration among health care providers, data scientists, and policy makers. With advancements in AI, wearable technology, and multiomics data integration, DTs are poised to reshape precision medicine. Future research should focus on refining computational efficiency, standardizing data interoperability, and ensuring ethical AI-driven decision-making. The continued evolution of DTs offers a transformative approach to proactive and personalized health care, reducing disease burden and enhancing patient outcomes.",Vallée A.,2025,2025-08-05,,10.2196/72411,,https://europepmc.org/article/MED/40762974,,europe_pmc,europe_pmc_core,indexed,,include,review,include_review,"This medical digital-twin viewpoint synthesizes modeling foundations, clinical applications, and implementation challenges.",exclude,not_applicable,review_not_primary,This review centers on digital twins personalized medicine require epidemiological data mathematical viewpoint rather than evaluated medical learned world-model dynamics as its primary subject.,exclude,not_applicable,review_not_primary,third_full_text_adjudication,This viewpoint explains mathematical and AI building blocks for future digital twins but is not a substantial evidence synthesis of evaluated learned dynamic simulators.,,,,,,,,,,,,
ALT-5fbea853f1dc,fresh_alternate_public_search,"Digital Twins for Predictive, Preventive Personalized, and Participatory Treatment of Immune-Mediated Diseases.","Digital twins are computational models of complex systems, which aim to understand and optimize those systems more effectively than would be possible in real life. Ideally, digital twins can be translated to individual patients, to characterize and computationally treat their diseases with thousands of drugs, to select the drug or drugs that cure the patients. The background problem is that many patients do not respond adequately to drug treatment. This problem reflects a wide gap between the complexity of diseases and clinical practice. Each disease may involve altered interactions between thousands of genes that vary between different cell types in different organs. To our knowledge, these altered interactions have not been characterized on a genome-, cellulome-, and organ-wide scale in any disease. Thus, clinical translation of the digital twin ideal for predictive, preventive, personalized and participatory treatment involves formidable challenges, which are close to the limits of, or beyond today's technologies. Here, I discuss recent developments and challenges in relation to that ideal focusing on immune-mediated inflammatory diseases, as well as examples from other diseases.",Benson M.,2023,2023-01-26,,10.1161/atvbaha.122.318331,,https://europepmc.org/article/MED/36700428,,europe_pmc,europe_pmc_core,indexed,,include,review,include_review,This disease-focused review synthesizes digital-twin applications and translation challenges for personalized immune-disease treatment.,include,review,include_review,"This review primarily synthesizes dynamic medical digital twins for digital twins predictive preventive personalized participatory treatment immune mediated diseases, including prediction, simulation, or intervention use.",exclude,not_applicable,review_not_primary,third_full_text_adjudication,"The short review discusses the digital-twin ideal and technological challenges in immune-mediated disease, with few examples and no central synthesis of learned transition evaluations.",,,,,,,,,,,,
ALT-0c7ca3990ee0,fresh_alternate_public_search,"Digital Twins in Neurology Care: Evidence, Limitations, and a Path Forward.","Digital twins are increasingly promoted in neurology as an advancement beyond conventional artificial intelligence, yet the term is often applied without conceptual or methodological rigor. Strict definitions describe digital twins as dynamically updated, bidirectionally linked models that generate predictive, decision-relevant value, criteria rarely met by current neurological applications. This Opinion critically examines the state of digital twins across major neurological domains, including dementia, multiple sclerosis, Parkinson's disease, epilepsy, stroke, pain, and migraine. We argue that most existing systems are more accurately described as twin-inspired longitudinal decision-support or trial-analytics models rather than true clinical digital twins. While neurology is well-suited to digital twin approaches due to disease heterogeneity, multimodal data, and iterative care pathways, progress is limited by gaps in measurement validity, uncertainty handling, prospective evaluation, and governance. A pragmatic path forward is proposed, emphasizing question-specific, validated neurological digital twins over overgeneralized brain twin narratives, and suggesting that much of the current field is better understood as twin-inspired modeling rather than true clinical digital twin implementation.",Parisa Gazerani,2026,2026,Journal of integrative neuroscience,10.31083/jin50563,,https://pubmed.ncbi.nlm.nih.gov/42216639/,journal-article,europe_pmc;pubmed,europe_pmc_core;pubmed_core,indexed,,include,review,include_review,"This neurology review provides a strict definition, evidence assessment, limitations, and clinical-translation pathway.",include,review,include_review,"This review primarily synthesizes dynamic medical digital twins for digital twins neurology care evidence limitations path forward, including prediction, simulation, or intervention use.",exclude,not_applicable,review_scope_too_broad,post_adjudication_inclusion_qc,This is an opinion spanning many neurological domains and proposed standards; it does not centrally synthesize inspectable learned-transition systems with operational dynamics evaluations.,exclude,not_applicable,review_scope_too_broad,This is an opinion spanning many neurological domains and proposed standards; it does not centrally synthesize inspectable learned-transition systems with operational dynamics evaluations.,"Primary article abstract: conceptual critique across dementia, multiple sclerosis, Parkinson disease, epilepsy, stroke, pain, and migraine; most systems are labeled twin-inspired.",high,,,,,,
ALT-b5ebc3599d50,fresh_alternate_public_search,"Digital twins in precision pharmacotherapy: emerging applications, challenges, and future directions.","Digital twin technology, defined as dynamic digital models that represent individual patients, is emerging as a promising paradigm in precision pharmacotherapy. The integration of pharmacokinetic and pharmacodynamic (PK/PD) modeling, clinical data, genomic information, and real-time patient monitoring enables digital twins to shift drug therapy away from population-based averages toward individualized, adaptive decisions. This narrative review explores conceptual frameworks, emerging applications, methodological approaches, clinical value, limitations, and future directions of digital twins in pharmacotherapy, with particular emphasis on the role of clinical pharmacists. Unlike broader digital twin reviews that primarily emphasize technical architectures, disease-specific applications, or pharmaceutical research and development, this review focuses on the clinical-pharmacy translation layer: how digital twin outputs can be interpreted, validated, communicated, and converted into actionable medication decisions at the bedside and across ambulatory care settings. Key applications include precision dosing, polypharmacy management, antimicrobial stewardship, and the optimization of complex therapies, alongside important ethical, regulatory, and implementation challenges.","Jarab AS, Al-Qerem W, Jarab H, Jrab O, Elsherif R, Al Meslamani AZ, Al Hamarneh Y, Aburuz S.",2026,2026-08-18,,10.3389/fdgth.2026.1881217,,https://europepmc.org/article/MED/42682858,,europe_pmc,europe_pmc_core,indexed,,include,review,include_review,"This pharmacotherapy review synthesizes digital-twin methods, medication applications, validation, and bedside translation.",include,review,include_review,"This review primarily synthesizes dynamic medical digital twins for digital twins precision pharmacotherapy emerging applications challenges future directions, including prediction, simulation, or intervention use.",exclude,not_applicable,review_scope_too_broad,post_adjudication_inclusion_qc,"The narrative review emphasizes conceptual translation, clinical-pharmacy workflows, and prospective applications; learned or adapted transition models with direct rollout evidence are not systematically central.",exclude,not_applicable,review_scope_too_broad,"The narrative review emphasizes conceptual translation, clinical-pharmacy workflows, and prospective applications; learned or adapted transition models with direct rollout evidence are not systematically central.","Full text sections: conceptual framework, MIPD distinction, use cases, implementation, current status, and future directions.",medium,,,,,,
ALT-1d78c0c833ef,fresh_alternate_public_search,Digital twins in urology: a vision for the future of urological practice.,"Digital twins, dynamic, patient-specific virtual replicas of physical systems are gaining momentum across various medical fields. Their capacity to simulate and predict biological behavior offers unprecedented opportunities for personalized care. While their utility has been demonstrated in oncology, their application in urology remains nascent, and there is still a significant gap in literature findings. This review explores the theoretical framework, current evidence, and future potential of digital twins technology in managing urological conditions such as urolithiasis, benign prostatic hyperplasia (BPH), and nonmuscle invasive bladder cancer. A narrative literature review, guided by SANRA criteria, was conducted using PubMed and Scopus databases to identify relevant studies on the application of digital twins in healthcare, with a focus on urology and related fields. Additional sources from AI, imaging, and computational modelling were incorporated to support technological and theoretical concepts. Real-world use cases and clinical scenarios were constructed to illustrate the conceptual application of digital twins in endourology. Although limited in number, preliminary studies have shown promising results in uro-oncology, particularly for prostate and renal cancers. No models have yet been developed for benign urological diseases. Hypothetical applications in endourology include personalized procedural planning, dynamic follow-up, prediction of obstruction or recurrence, and real-time intraoperative guidance. Integration of imaging, functional data, and AI algorithms could create continuously adaptive simulations to support decision-making and improve treatment outcomes. However, barriers such as data complexity, cost, lack of validation frameworks, and clinician trust persist. Digital twins hold transformative potential for the future of urology, promising to personalize care across diagnosis, treatment, and surveillance. While the path to clinical integration is challenged by technical, ethical, and infrastructural hurdles, collaborative efforts and real-world validation studies are critical to realizing their full potential in clinical practice.","Nedbal C, Madaan S, Nabi G, Somani BK.",2026,2026-01-01,,10.1177/17562872261419592,,https://europepmc.org/article/MED/41684950,,europe_pmc,europe_pmc_core,indexed,,include,review,include_review,This urology review assesses current evidence and provides disease-specific applications and clinical-translation challenges.,include,review,include_review,"This review primarily synthesizes dynamic medical digital twins for digital twins urology vision future urological practice, including prediction, simulation, or intervention use.",exclude,not_applicable,review_not_primary,third_full_text_adjudication,The urology review reports very limited existing evidence and develops hypothetical clinical scenarios; it does not centrally synthesize evaluated learned dynamics.,,,,,,,,,,,,
ALT-2ff62462ed4f,fresh_alternate_public_search,Digital Twins: From Personalised Medicine to Precision Public Health.,"A digital twin is a virtual model of a physical entity, with dynamic, bi-directional links between the physical entity and its corresponding twin in the digital domain. Digital twins are increasingly used today in different industry sectors. Applied to medicine and public health, digital twin technology can drive a much-needed radical transformation of traditional electronic health/medical records (focusing on individuals) and their aggregates (covering populations) to make them ready for a new era of precision (and accuracy) medicine and public health. Digital twins enable learning and discovering new knowledge, new hypothesis generation and testing, and in silico experiments and comparisons. They are poised to play a key role in formulating highly personalised treatments and interventions in the future. This paper provides an overview of the technology's history and main concepts. A number of application examples of digital twins for personalised medicine, public health, and smart healthy cities are presented, followed by a brief discussion of the key technical and other challenges involved in such applications, including ethical issues that arise when digital twins are applied to model humans.","Kamel Boulos MN, Zhang P.",2021,2021-07-29,,10.3390/jpm11080745,,https://europepmc.org/article/MED/34442389,,europe_pmc,europe_pmc_core,indexed,,exclude,review,review_not_primary,"This generic overview spans medicine, public health, and cities without focused healthcare world-model evidence synthesis.",include,review,include_review,"This review primarily synthesizes dynamic medical digital twins for digital twins personalised medicine precision public health, including prediction, simulation, or intervention use.",exclude,not_applicable,review_not_primary,third_full_text_adjudication,"This broad overview covers digital-twin concepts, public health examples, and ethics rather than learned medical transition or rollout evidence as a central category.",,,,,,,,,,,,
ALT-6557539979ea,fresh_alternate_public_search,Digital-twin Healthcare: A Gateway to Future Medicine (Preprint),"UNSTRUCTURED With the development of the world economy and improvements in living standards, people are paying more attention to their healthcare. As simulation is playing an increasingly important role in the field of medicine, providing the individual patient with a customised diagnosis and treatment is envisage as part of future precision medicine. Such customisation will become possible through the emergence of digital twin (DT) technology. As an engineering concept that reflects the true mirror image of a physical entity, the DT is increasingly being used in the field of precision health and personalised medicine. This review summarises the progress of prominent research on DT technology in the medical field and forecasts potential applications and future opportunities and discusses several challenges remaining in digital healthcare. The author hopes that the review encourages additional efforts towards the development and acceptance of DT techniques.",Zhonghai Li,2022,2022,JMIR Publications Inc.,10.2196/preprints.36867,,https://doi.org/10.2196/preprints.36867,posted-content,crossref,"""medical digital twin"" trajectory",registered,,exclude,review,review_not_primary,Reviews medical digital twins broadly rather than healthcare world models with an operational taxonomy or evidence map.,include,review,include_review,"This review primarily synthesizes dynamic medical digital twins for digital twin healthcare gateway future medicine, including prediction, simulation, or intervention use.",exclude,not_applicable,duplicate_publication,third_full_text_adjudication,This preprint is an earlier version of the subsequently published Digital-twin Healthcare article and is not retained separately.,,,,,,,,,,,,
ALT-f58f7b29b390,fresh_alternate_public_search,Disease Modeling and External Model Evaluation Through Clinical Data Sharing Platform for HR+/HER2- Breast Cancer.,"Predictive models for disease progression are valuable for clinical trial design and interpretation; however, suitable data are needed for the development of such models. This study aimed to develop a Tumor Growth Inhibition-Overall Survival (TGI-OS) model for hormone receptor-positive (HR+)/human epidermal growth factor receptor 2 negative (HER2-) breast cancer using clinical trial data available through Vivli, a clinical trial data sharing platform. The CONFIRM study (Phase 3 study comparing fulvestrant 250 vs. 500 mg) was used for model development, and the PALOMA-3 and SANDPIPER Phase 3 studies (palbociclib and taselisib) were used for external model qualifications. Longitudinal tumor size profiles were first analyzed with the TGI model. The TGI-OS model, a parametric model linking TGI metrics and baseline predictors of survival outcomes, was then developed using data from the CONFIRM study and showed successful internal qualification, including the prediction of the survival difference between two dose groups. The TGI-OS model showed large underestimation for the OS for PALOMA-3; nevertheless, the predicted treatment effect (hazard ratio of OS) was in good agreement with the observation for both studies, suggesting its potential as a tool to support drug development decisions. While integrating shared clinical trial data from multiple sources, facilitated by platforms like Vivli, is crucial for advancing predictive modeling efforts, caution should be exercised when such models are applied for new studies, especially when there are breakthroughs in the treatment landscape.","Yoshida K, Bruno R, Chanu P.",2025,2025-07-17,,10.1002/psp4.70073,,https://europepmc.org/article/MED/40671643,,europe_pmc,europe_pmc_core,indexed,,exclude,empirical,no_learned_dynamics,This pharmacometric tumor-growth and survival model lacks learned state-transition dynamics.,include,empirical,include_empirical,The disease external through clinical data sharing platform hr her2 breast study learns or calibrates temporal dynamics and directly evaluates intervention-conditioned rollouts or planning outcomes.,exclude,not_applicable,outside_world_model_conceptual_boundary,post_qc_lead_source_sufficiency,"The fitted tumor-growth-inhibition and survival model is conventional pharmacometric disease modeling and external qualification, without qualifying twin or simulator framing and without iterative planning or control.",include,empirical,fitted_multistep_dynamics,"A tumor-growth inhibition transition is fitted to longitudinal breast-cancer measurements and linked to survival, then externally evaluated on two independent Phase III trials.","Full text, TGI and TGI-OS model development and External qualification: CONFIRM fitting with PALOMA-3 and SANDPIPER validation.",high,exclude,not_applicable,outside_world_model_conceptual_boundary,"The fitted tumor-growth-inhibition and survival model is conventional pharmacometric disease modeling and external qualification, without qualifying twin or simulator framing and without iterative planning or control.",Version-of-record TGI and TGI-OS model-development and external-qualification sections: CONFIRM fitting with PALOMA-3 and SANDPIPER validation.,high
ALT-38a784f6d7ac,fresh_alternate_public_search,Disease progression simulation via generative AI: assessing the credibility of a conditional longitudinal autoencoder via a case study in Alzheimer’s Disease,,Nick Henscheid; Jagdeep Podichetty,2026,2026,Disease progression simulation via generative AI: assessing the credibility of a conditional longitudinal autoencoder via a case study in Alzheimer’s Disease,10.70534/sxwc6774,,https://doi.org/10.70534/sxwc6774,proceedings-article,crossref,"""disease progression model"" generative intervention",registered,,uncertain,empirical,insufficient_abstract,"The title suggests learned longitudinal simulation, but no abstract confirms transition learning or future-state evaluation.",uncertain,empirical,insufficient_abstract,"The disease progression simulation generative ai assessing credibility conditional longitudinal autoencoder title plausibly denotes learned medical dynamics, but the missing abstract does not establish direct future or action evaluation.",exclude,not_applicable,inaccessible_full_text,third_full_text_adjudication,"A stable conference record and poster link exist, but accessible primary text was insufficient to verify the conditional autoencoder data, rollout protocol, and reported credibility results.",,,,,,,,,,,,
ALT-436d568a61b6,fresh_alternate_public_search,"Drug Development Digital Twins for Drug Discovery, Testing and Repurposing: A Schema for Requirements and Development.","There has been a great deal of interest in the concept, development and implementation of medical digital twins. This interest has led to wide ranging perceptions of what constitutes a medical digital twin. This Perspectives article will provide 1) a description of fundamental features of industrial digital twins, the source of the digital twin concept, 2) aspects of biology that challenge the implementation of medical digital twins, 3) a schematic program of how a specific medical digital twin project could be defined, and 4) an example description within that schematic program for a specific type of medical digital twin intended for drug discovery, testing and repurposing, the Drug Development Digital Twin (DDDT).",Gary An; Chase Cockrell,2022,2022,Frontiers in systems biology,10.3389/fsysb.2022.928387,,https://pubmed.ncbi.nlm.nih.gov/35935475/,journal-article,europe_pmc;pubmed,europe_pmc_core;pubmed_core,indexed,,exclude,not_applicable,no_primary_empirical_evaluation,This perspective proposes a digital-twin schema without primary empirical model evaluation.,include,review,include_review,"This review primarily synthesizes dynamic medical digital twins for drug digital twins drug discovery testing repurposing schema requirements, including prediction, simulation, or intervention use.",exclude,not_applicable,review_not_primary,third_full_text_adjudication,This Perspectives article specifies requirements and a development schema for a future drug-development twin rather than reviewing or reporting evaluated learned dynamics.,,,,,,,,,,,,
ALT-4d8c92d03168,fresh_alternate_public_search,DYNAMIC CLASSIFICATION OF LATENT DISEASE PROGRESSION WITH AUXILIARY SURROGATE LABELS.,"Disease progression prediction based on patients' evolving health information is challenging when true disease states are unknown due to diagnostic capabilities or high costs. For example, the absence of gold-standard neurological diagnoses hinders distinguishing Alzheimer's disease (AD) from related conditions such as AD-related dementias (ADRDs), including Lewy body dementia (LBD). Combining temporally dependent surrogate labels and health markers may improve disease prediction. However, existing literature models informative surrogate labels and observed variables that reflect the underlying states using purely generative approaches, often posing unrealistic assumptions on the outcomes and suffering from misspecification thereof. We propose integrating the conventional hidden Markov model as a generative model with a time-varying discriminative classification model to simultaneously handle potentially misspecified surrogate labels and incorporate important markers of disease progression. We develop an adaptive forward-backward algorithm with subjective labels for estimation, and utilize the modified posterior and Viterbi algorithms to predict the progression of future states or new patients based on objective markers only. Importantly, the adaptation eliminates the need to model the marginal distribution of longitudinal markers, a requirement in traditional algorithms. Asymptotic properties are established, and significant improvements in finite samples are demonstrated via simulation studies. Analysis of the neuropathological dataset of the National Alzheimer's Coordinating Center (NACC) shows much improved accuracy in distinguishing LBD from AD.","Cai Z, Zeng D, Marder KS, Honig LS, Wang Y.",2026,2026-03-20,,10.1214/26-aoas2150,,https://europepmc.org/article/MED/41867350,,europe_pmc,europe_pmc_core,indexed,,include,empirical,include_empirical,A hidden Markov transition model predicts future disease states and is evaluated in simulations and NACC data.,exclude,not_applicable,no_learned_dynamics,The dynamic classification latent disease progression auxiliary surrogate labels study is an ordinary prognostic or static prediction analysis without a learned rollout mechanism.,exclude,not_applicable,no_future_or_action_evaluation,third_full_text_adjudication,The latent model is evaluated mainly by current-state classification from accumulated markers; its empirical tests do not assess free-running future trajectories or action-conditioned transitions.,,,,,,,,,,,,
ALT-531d7f078a79,fresh_alternate_public_search,EczemaPred: A computational framework for personalised prediction of eczema severity dynamics.,"BACKGROUND: Atopic dermatitis (AD) is a chronic inflammatory skin disease leading to substantial quality of life impairment with heterogeneous treatment responses. People with AD would benefit from personalised treatment strategies, whose design requires predicting how AD severity evolves for each individual. OBJECTIVE: This study aims to develop a computational framework for personalised prediction of AD severity dynamics. METHODS: We introduced EczemaPred, a computational framework to predict patient-dependent dynamic evolution of AD severity using Bayesian state-space models that describe latent dynamics of AD severity items and how they are measured. We used EczemaPred to predict the dynamic evolution of validated patient-oriented scoring atopic dermatitis (PO-SCORAD) by combining predictions from the models for the nine severity items of PO-SCORAD (six intensity signs, extent of eczema, and two subjective symptoms). We validated this approach using longitudinal data from two independent studies: a published clinical study in which PO-SCORAD was measured twice weekly for 347 AD patients over 17 weeks, and another one in which PO-SCORAD was recorded daily by 16 AD patients for 12 weeks. RESULTS: EczemaPred achieved good performance for personalised predictions of PO-SCORAD and its severity items daily to weekly. EczemaPred outperformed standard time-series forecasting models such as a mixed effect autoregressive model. The uncertainty in predicting PO-SCORAD was mainly attributed to that in predicting intensity signs (75% of the overall uncertainty). CONCLUSIONS: EczemaPred serves as a computational framework to make a personalised prediction of AD severity dynamics relevant to clinical practice. EczemaPred is available as an R package.",Guillem Hurault; Jean François Stalder; Sophie Mery; Alain Delarue; Markéta Saint Aroman; Gwendal Josse; Reiko J Tanaka,2022,2022,Clinical and translational allergy,10.1002/clt2.12140,,https://pubmed.ncbi.nlm.nih.gov/35344305/,journal-article,europe_pmc;pubmed,europe_pmc_core;pubmed_core,indexed,,include,empirical,include_empirical,Bayesian state-space transitions are learned from longitudinal eczema data and evaluated for multi-horizon future severity prediction.,include,empirical,include_empirical,The eczemapred computational personalised prediction eczema severity dynamics study learns or calibrates temporal dynamics and directly evaluates intervention-conditioned rollouts or planning outcomes.,exclude,not_applicable,outside_world_model_conceptual_boundary,post_qc_lead_source_sufficiency,EczemaPred is an ordinary personalized state-space forecasting framework for daily-to-weekly severity trajectories; it is not framed as a patient simulator or twin and is not used for planning or closed-loop control.,include,empirical,learned_multistep_dynamics,"Bayesian state-space models learn latent eczema-severity transitions and measurement processes, then directly forecast daily-to-weekly patient trajectories in two independent longitudinal cohorts.","Full text, Methods and Validation: nine latent severity-item models, PO-SCORAD trajectory composition, and comparison with autoregressive baselines across two studies.",high,exclude,not_applicable,outside_world_model_conceptual_boundary,EczemaPred is an ordinary personalized state-space forecasting framework for daily-to-weekly severity trajectories; it is not framed as a patient simulator or twin and is not used for planning or closed-loop control.,"Version-of-record Methods and Validation: nine latent severity-item models, PO-SCORAD trajectory composition, and comparison with autoregressive baselines across two studies.",high
ALT-5da29b0ea727,fresh_alternate_public_search,Editorial: The future of oncology: digital twins and precision cancer care.,,"Stahlberg E, Deng J, Hernandez-Boussard T, Wang Q, Liu H, Syeda-Mahmood T, Aguilar B, Wu H, Zhang A.",2026,2026-07-29,,10.3389/frai.2026.1912241,,https://europepmc.org/article/MED/42591663,,europe_pmc,europe_pmc_core,indexed,,uncertain,review,insufficient_abstract,"The oncology digital-twin editorial may offer clinical-translation synthesis, but absent content prevents eligibility assessment.",exclude,not_applicable,no_primary_empirical_evaluation,"The editorial future oncology digital twins precision cancer care record is editorial, corrective, conceptual, or consensus-based and lacks a primary learned-dynamics evaluation.",exclude,not_applicable,no_primary_empirical_evaluation,reviewer_consensus,A: Is an editorial on oncology digital twins; contains no primary methods and results evaluation. B: The record lacks a complete primary empirical evaluation sufficient to verify eligible dynamics and results.,,,,,,,,,,,,
ALT-95ce497fab31,fresh_alternate_public_search,EE221 ECONOMIC IMPACT OF AN AI-ENABLED DIGITAL TWIN INTERVENTION IN TYPE 2 DIABETES,,Caleb Brooks; Aleksandra V. Schifman; Tyler Koep,2026,2026,Value in Health,10.1016/j.jval.2026.03.516,,https://doi.org/10.1016/j.jval.2026.03.516,journal-article,crossref,"""clinical digital twin"" intervention",registered,,uncertain,empirical,insufficient_abstract,"The title mentions a diabetes digital twin, but no abstract permits assessment of learned dynamics or rollout evaluation.",exclude,not_applicable,no_learned_dynamics,"The ee221 economic impact ai enabled digital twin intervention type 2 record describes a static, conceptual, or mechanistic twin without learned temporal transitions.",exclude,not_applicable,no_primary_empirical_evaluation,third_full_text_adjudication,The record is a short economic conference abstract and does not expose sufficient model methods or results to verify learned transition dynamics and direct simulation evaluation.,,,,,,,,,,,,
ALT-daca74f7c431,fresh_alternate_public_search,"Erotic cue exposure increases physiological arousal, biases choices toward immediate rewards, and attenuates model-based reinforcement learning.","Computational psychiatry focuses on identifying core cognitive processes that appear altered across distinct psychiatric disorders. Temporal discounting of future rewards and model-based control during reinforcement learning have proven as two promising candidates. Despite its trait-like stability, temporal discounting may be at least partly under contextual control. Highly arousing cues were shown to increase discounting, although evidence to date remains somewhat mixed. Whether model-based reinforcement learning is similarly affected by arousing cues remains unclear. Here, we tested cue-reactivity effects (erotic pictures) on subsequent temporal discounting and model-based reinforcement learning in a within-subjects design in n = 39 healthy heterosexual male participants. Self-reported and physiological arousal (cardiac activity and pupil dilation) were assessed before and during cue exposure. Arousal was increased during exposure of erotic versus neutral cues both on the subjective and autonomic level. Erotic cue exposure increased discounting as reflected by more impatient choices. Hierarchical drift diffusion modeling (DDM) linked increased discounting to a shift in the starting point bias of evidence accumulation toward immediate options. Model-based control during reinforcement learning was reduced following erotic cues according to model-agnostic analysis. Notably, DDM linked this effect to attenuated forgetting rates of unchosen options, leaving the model-based control parameter unchanged. Our findings replicate previous work on cue-reactivity effects in temporal discounting and for the first time show similar effects in model-based reinforcement learning in a heterosexual male sample. This highlights how environmental cues can impact core human decision processes and reveal that comprehensive modeling approaches can yield novel insights in reward-based decision processes.",David Mathar; Annika Wiebe; Deniz Tuzsus; Kilian Knauth; Jan Peters,2023,2023,Psychophysiology,10.1111/psyp.14381,,https://pubmed.ncbi.nlm.nih.gov/37435973/,journal-article,europe_pmc;pubmed,europe_pmc_core;pubmed_core,indexed,,include,empirical,include_empirical,"The study tests physiologically modulated model-based reinforcement learning, directly evaluating transition-based planning control in humans.",exclude,not_applicable,no_future_or_action_evaluation,"The erotic cue exposure increases physiological arousal biases choices immediate rewards study analyzes or reconstructs dynamics but does not directly evaluate future states, actions, rollouts, or planning.",exclude,not_applicable,wrong_domain,reviewer_consensus,A: Models reward learning in healthy participants after erotic cues; does not model a medical or biomedical health state. B: The modeled system is outside the review’s substantive medical or biomedical scope.,,,,,,,,,,,,
ALT-3620e85be32e,fresh_alternate_public_search,"Erotic cue exposure increases physiological arousal, biases choices towards immediate rewards and attenuates model-based reinforcement learning","Computational psychiatry focuses on identifying core cognitive processes that appear altered across a broad range of psychiatric disorders. Temporal discounting of future rewards and model-based control during reinforcement learning have proven as two promising candidates. Despite its trait-like stability, temporal discounting has been suggested to be at least partly under contextual control. For example, highly arousing cues such as erotic pictures were shown to increase discounting, although overall evidence to date remains somewhat mixed. Whether model-based reinforcement learning is similarly affected by arousing cues is unclear. Here we tested cue-reactivity effects (erotic pictures) on subsequent temporal discounting and model-based reinforcement learning in a within-subjects design in n=39 healthy male participants. Self-reported and physiological arousal (cardiac activity and pupil dilation) were assessed before and during cue exposure. Arousal was increased during exposure of erotic vs. neutral cues both on the subjective and autonomic level. Erotic cue exposure nominally increased discounting as reflected by reduced choices of delayed options. Hierarchical drift diffusion modeling (DDM) linked increased discounting to a shift in the starting point bias of evidence accumulation towards immediate options. Model-based control during reinforcement learning was reduced following erotic cues according to model-agnostic analysis. Notably, DDM linked this effect to attenuated forgetting rates of unchosen options, leaving the model-based control parameter unchanged. Our findings replicate previous work on cue-reactivity effects in temporal discounting and for the first time show similar effects in model-based reinforcement learning. Our results highlight how environmental cues can impact core human decision processes and reveal that comprehensive drift diffusion modeling approaches can yield novel insights in reward-based decision processes.","Mathar D, Wiebe A, Tuzsus D, Knauth K, Peters J.",2022,2022-09-06,,10.1101/2022.09.04.506507,,https://europepmc.org/article/PPR/PPR540247,,europe_pmc,europe_pmc_core,indexed,,include,empirical,include_empirical,"The study tests physiologically modulated model-based reinforcement learning, directly evaluating transition-based planning control in humans.",exclude,not_applicable,no_future_or_action_evaluation,"The erotic cue exposure increases physiological arousal biases choices immediate rewards study analyzes or reconstructs dynamics but does not directly evaluate future states, actions, rollouts, or planning.",exclude,not_applicable,duplicate_publication,reviewer_consensus,A: Preprint reports the same behavioral study as row 74; superseded by the peer-reviewed journal article. B: This is an earlier or less complete publication version of the retained study.,,,,,,,,,,,,
ALT-75c423c80690,fresh_alternate_public_search,Exploring the suitability of piecewise-linear dynamical system models for cognitive neural dynamics.,"Dynamical system models have proven useful for decoding the current brain state from neural activity. So far, neuroscience has largely relied on either linear models or non-linear models based on artificial neural networks (ANNs). Piecewise linear approximations of non-linear dynamics have proven useful in other technical applications. Moreover, such explicit models provide a clear advantage over ANN-based models when the dynamical system is not only supposed to be observed, but also controlled, in particular when a controller with guarantees is needed. Here we explore whether piecewise-linear dynamical system models (recurrent Switching Linear Dynamical System or rSLDS models) could be useful for modeling brain dynamics, in particular in the context of cognitive tasks. These models have the advantage that they can be estimated not only from continuous observations like field potentials or smoothed firing rates, but also from sparser single-unit spiking data. We first generate artificial neural data based on a non-linear computational model of perceptual decision-making and demonstrate that piecewise-linear dynamics can be successfully recovered from these observations. We then demonstrate that the piecewise-linear model outperforms a linear model in terms of predicting future states of the system and associated neural activity. Finally, we apply our approach to a publicly available dataset recorded from monkeys performing perceptual decisions. Much to our surprise, the piecewise-linear model did not provide a significant advantage over a linear model for these particular data, although linear models that were estimated from different trial epochs showed qualitatively different dynamics. In summary, we present a dynamical system modeling approach that could prove useful in situations, where the brain state needs to be controlled in a closed-loop fashion, for example, in new neuromodulation applications for treating cognitive deficits. Future work will have to show under what conditions the brain dynamics are sufficiently non-linear to warrant the use of a piecewise-linear model over a linear one.","Wu J, Asamoah B, Kong Z, Ditterich J.",2025,2025-05-12,,10.3389/fnins.2025.1582080,,https://europepmc.org/article/MED/40421134,,europe_pmc,europe_pmc_core,indexed,,include,empirical,include_empirical,Data-fitted rSLDS models predict future neural states and are evaluated on simulated and monkey recordings.,exclude,not_applicable,no_future_or_action_evaluation,"The exploring suitability piecewise linear dynamical system cognitive neural dynamics study analyzes or reconstructs dynamics but does not directly evaluate future states, actions, rollouts, or planning.",exclude,not_applicable,outside_world_model_conceptual_boundary,post_qc_lead_source_sufficiency,"The rSLDS study estimates and predicts neural dynamics, while closed-loop neuromodulation is stated only as a possible future use; the learned transition is not operationally used for planning or control and has no simulator identity.",include,empirical,learned_one_step_state_transition,Recurrent switching linear dynamical systems are fitted to neural time series and directly evaluated for future-state and neural-activity prediction on synthetic and macaque data.,"Full text, rSLDS model and Evaluation metrics: held-out R2, mean Euclidean distance, synthetic recovery, and future-state prediction on monkey decision-task recordings.",high,exclude,not_applicable,outside_world_model_conceptual_boundary,"The rSLDS study estimates and predicts neural dynamics, while closed-loop neuromodulation is stated only as a possible future use; the learned transition is not operationally used for planning or control and has no simulator identity.",Version-of-record rSLDS model and Evaluation sections: synthetic recovery and future-state prediction on monkey recordings; the Discussion presents closed-loop control as future work.,high
ALT-27768d84fbdd,fresh_alternate_public_search,Exposure-safety Markov modeling of ocular adverse events in patient populations treated with tisotumab vedotin.,"Tisotumab vedotin (TV), a tissue factor-directed antibody-drug conjugate (ADC), is approved in the US at 2.0 mg/kg every 3 weeks (Q3W) for adult patients with recurrent or metastatic cervical cancer following disease progression on or after chemotherapy. Previous logistic regression analysis showed a positive association between TV exposure and ocular adverse events (OAEs), which were identified as prespecified AEs of interest in TV clinical studies. To further optimize TV dose from a safety perspective, we developed a discrete-time Markov model (DTMM) to characterize exposure-response (E-R) relationships of exposures of both ADC and the microtubule-disrupting agent monomethyl auristatin E to the incidence, severity, and longitudinal time course of grade ≥ 2 OAEs in patients with advanced solid tumors. A total of 757 patients who received TV as monotherapy or combination (with carboplatin, bevacizumab, or pembrolizumab) across seven clinical studies were included in this analysis. Of multiple covariates modeled, implementation of an eye care plan was the only covariate to significantly reduce risk of grade ≥ 2 OAEs. The DTMM suggested an association between ADC exposure and risk of grade ≥ 2 OAEs. Based on the totality of data from clinical outcomes, pharmacokinetics, and E-R analyses, as well as DTMM modeling results, TV 1.7 mg/kg every 2 weeks may provide higher efficacy with slightly increased risk of OAEs compared with 2.0 mg/kg Q3W, although these OAEs are manageable with an appropriate eye care plan. ClinicalTrials.gov ID (first submission): NCT03485209 (2018-03-08), NCT03657043 (2018-08-22), NCT03438396 (2018-02-08), NCT03786081 (2018-12-13), NCT03913741 (2019-03-29), NCT02001623 (2013-11-14), and NCT02552121 (2015-09-14).","Feng S, Gunawan R, Passey C, Voellinger J, Polhamus D, Gerritsen A, O'Day C, Carret AS, Soumaoro I, Gupta M, Hanley WD.",2025,2025-10-03,,10.1007/s10928-025-10003-w,,https://europepmc.org/article/MED/41044356,,europe_pmc,europe_pmc_core,indexed,,include,empirical,include_empirical,A data-fitted Markov transition model evaluates longitudinal ocular-state responses under alternative drug exposures.,exclude,not_applicable,review_not_primary,This review centers on exposure safety markov ocular adverse events patient populations treated tisotumab rather than evaluated medical learned world-model dynamics as its primary subject.,exclude,not_applicable,outside_world_model_conceptual_boundary,post_qc_lead_source_sufficiency,"This is conventional exposure-safety pharmacometric Markov modeling and regimen simulation; it is not framed as a world model, twin, or reusable patient simulator and is not used for iterative planning or control.",include,empirical,fitted_multistate_dynamics,"A discrete-time Markov transition model is fitted to daily ocular-event states and drug exposure from seven trials, validated by predictive checks, and used for regimen simulations.","Full text, Model development, Model evaluation, and Model application: daily state transitions, exposure effects, VPCs, and alternative-dose trajectory simulations.",high,exclude,not_applicable,outside_world_model_conceptual_boundary,"This is conventional exposure-safety pharmacometric Markov modeling and regimen simulation; it is not framed as a world model, twin, or reusable patient simulator and is not used for iterative planning or control.","Version-of-record Model development, Model evaluation, and Model application sections: daily ocular-event transitions, exposure effects, visual predictive checks, and alternative-dose simulations.",high
ALT-a34805bc05f7,fresh_alternate_public_search,Fast-acting insulin aspart (Fiasp®) improves glycemic outcomes when used with MiniMed,"INTRODUCTION: Medtronic has developed a virtual patient simulator for modeling and predicting insulin therapy outcomes for people with type 1 diabetes (T1D). An enhanced simulator was created to estimate outcomes when using the MiniMedTM 670G system with standard NovoLog® (EU: NovoRapid, US: NovoLog) versus Fiasp ® by using clinical data. METHODS: Sixty-seven participants' PK profiles were generated per type of insulin (Total of 134 PK profiles). 7,485 virtual patients' PK measurements was matched with one of the 67 NovoLog® PK Tmax values. These 7,485 virtual patients were then simulated using the Medtronic MiniMed™ 670G algorithm following an in-silico protocol of 90 days: 14 days in open loop (Manual Mode) followed by 76 days in closed loop (Auto Mode). Simulation study was repeated with each NovoLog® PK profile being replaced by its corresponding Fiasp® PK profile in the same virtual patient. To validate our in-silico analysis, we compared the results of ""actual"" 19 ""real life"" patients from a clinical study RESULTS: Simulated overall and postprandial glycemic outcomes improved in all age groups with Fiasp®. The percentage of time in the euglycemic range increased by about ~2.2% with Fiasp®, in all age groups (p < 0.01). The percentage of time spent at <70 mg/dL was reduced by about ~0.6% with insulin Fiasp® (p < 0.01) and the mean glucose was reduced by about 1.3 mg/dL (p < 0.01), excluding those age <7 years. The simulated mean postprandial SG was reduced by ~5 mg/dL, a significant difference for all age groups. A clinical study results showed similar improvements with MiniMedTM 670G system when switching from NovoLog® to Fiasp®. CONCLUSIONS: The simulation studies indicate that using Fiasp® in place of NovoLog® with the MiniMedTM 670G system will significantly improve the time spent in the healthy, euglycemic range and reduce exposure to hyperglycemia and hypoglycemia in most patients.",Benyamin Grosman; Di Wu; Neha Parikh; Anirban Roy; Gayane Voskanyan; Natalie Kurtz; Jeppe Sturis; Ohad Cohen; Magnus Ekelund; Robert Vigersky,2021,2021,Computer methods and programs in biomedicine,10.1016/j.cmpb.2021.106087,,https://pubmed.ncbi.nlm.nih.gov/33873075/,journal-article,europe_pmc;pubmed,europe_pmc_core;pubmed_core,indexed,,include,empirical,include_empirical,The clinically adapted virtual-patient simulator compares insulin substitutions through validated 90-day closed-loop rollouts.,exclude,not_applicable,no_primary_empirical_evaluation,"The fast acting insulin aspart improves glycemic outcomes when used minimed record is editorial, corrective, conceptual, or consensus-based and lacks a primary learned-dynamics evaluation.",exclude,not_applicable,no_learned_transition,post_adjudication_inclusion_qc,The study runs a pre-existing virtual-patient simulator and closed-loop algorithm after matching fixed pharmacokinetic profiles; it does not learn or adapt the glucose transition from observed patient trajectories.,exclude,not_applicable,no_learned_transition,The study runs a pre-existing virtual-patient simulator and closed-loop algorithm after matching fixed pharmacokinetic profiles; it does not learn or adapt the glucose transition from observed patient trajectories.,"Primary article, Methods: 7,485 existing virtual patients were assigned one of 67 PK profiles and simulated for 90 days; clinical data were used only for comparison.",high,,,,,,
ALT-ba03c9107843,fresh_alternate_public_search,Fictive Learning in Model-based Reinforcement Learning by Generalized Reward Prediction Errors,"Abstract Reinforcement learning (RL) is a normative computational framework to account for reward-based learning. However, widely used RL models, including Q-learning and its variants, fail to capture some key behavioral phenomena observed in animal experiments, particularly the dynamic switch between model-free and model-based control in the two-step task. A fundamental discrepancy is that learning is restricted to experienced outcomes in the models, whereas biological agents may generalize learning to unvisited options based on internal world models, so-called fictive learning. We propose a simple, brain-inspired fictive learning rule and conduct the rodent two-step task to examine whether fictive learning could explain the observed behavior. The learning rule uses a generalized reward prediction error to update both experienced and non-encountered states and actions. The factual prediction error is scaled by the event correlation inferred from the internal model for fictive update. The generalized reward prediction error might be supported by brain-wide dopaminergic broadcasting. Through simulations, we show that this model reproduces key behavioral traits in the two-step task, including stay probabilities and regression analysis, which common RL models fail to explain. Model fitting validates its superior fit over existing alternatives. Furthermore, the model replicates dopaminergic dynamics observed in the same task. This framework bridges normative RL theory and biological learning, offering new insights into adaptive behavior.",Jianning Chen; Masakazu Taira; Kenji Doya,2025,2025,openRxiv,10.1101/2025.06.12.659433,,https://doi.org/10.1101/2025.06.12.659433,posted-content,crossref,"""model-based reinforcement learning"" medical;""model-based reinforcement learning"" surgical",registered,,include,empirical,include_empirical,The fitted internal model learns action-outcome correlations and reproduces rodent behavior and dopaminergic dynamics through simulation.,exclude,not_applicable,no_future_or_action_evaluation,"The fictive learning reinforcement learning by generalized reward prediction errors study analyzes or reconstructs dynamics but does not directly evaluate future states, actions, rollouts, or planning.",exclude,not_applicable,wrong_domain,reviewer_consensus,A: Models fictive reinforcement learning in a rodent task; the modeled state is behavioral learning rather than health dynamics. B: The modeled system is outside the review’s substantive medical or biomedical scope.,,,,,,,,,,,,
ALT-48d786c52a2b,fresh_alternate_public_search,Foot digital twin and in silico clinical applications,,Enrique Morales Orcajo; Andrea Stenti,2023,2023,Digital Human Modeling and Medicine,10.1016/b978-0-12-823913-1.00004-x,,https://doi.org/10.1016/b978-0-12-823913-1.00004-x,book-chapter,crossref,"""clinical digital twin"" intervention",registered,,uncertain,not_applicable,insufficient_abstract,The relevant digital-twin title lacks an abstract needed to determine learned dynamics and direct capability evaluation.,uncertain,review,insufficient_abstract,"The foot digital twin silico clinical applications title plausibly denotes a medical world-model review, but the missing abstract does not establish its primary scope.",exclude,not_applicable,review_not_primary,third_full_text_adjudication,"The chapter reviews foot modeling and in-silico applications, with biomechanical and geometric simulation rather than learned medical state transitions as the central evidence.",,,,,,,,,,,,
ALT-0cdd85000e2e,fresh_alternate_public_search,Forecasting Alzheimer’s Disease Progression via Identity-preserved Denoising Diffusion Generative Adversarial Network,"Abstract Forecasting the progression of Alzheimer’s disease (AD) is essential for evaluating secondary prevention measures thought to modify the disease trajectory. However, accurate prediction of longitudinal MRIs remains challenging, particularly in preserving subject identity, as deep generative models may potentially generate plausible future MRIs of different individuals from a single baseline scan. In the present study, we developed a novel identity-preserved denoising diffusion generative adversarial network (IP-DDGAN) capable of rapidly generating subject-specific longitudinal MRIs conditioned on metadata. Concretely, we developed an identity-preservation strategy with a metadata-guided module and identity-preserved regularization terms to maintain subject identity in synthetic longitudinal MRIs. Furthermore, we comprehensively integrated the morphometrics, subject identity consistency and image-level quality metrics to evaluate the fidelity and biological plausibility of synthetic longitudinal MRIs. The results demonstrate that the synthetic MRIs generated by IP-DDGAN retain biological and disease-related phenotypes, exhibiting sufficient realism to support their application in downstream tasks. Our proposed model is capable of capturing temporal biological and disease-related changes and forecasting the different progression trajectories, including critical transitions from cognitively normal (CN) to mild cognitive impairment (MCI) and from MCI to AD.",Zhuangzhuang Li; Tongtong Che; Shaozhen Yan; Dong Wang; Yong Liu; Kun Zhao,2025,2025,Springer Science and Business Media LLC,10.21203/rs.3.rs-7846693/v1,,https://doi.org/10.21203/rs.3.rs-7846693/v1,posted-content,crossref,"""disease progression model"" generative intervention",registered,,include,empirical,include_empirical,IP-DDGAN learns subject-specific temporal MRI transitions and directly evaluates generated longitudinal disease trajectories.,include,empirical,include_empirical,The forecasting alzheimer s disease progression identity preserved denoising diffusion generative study learns or calibrates temporal dynamics and directly evaluates held-out future states or multi-step forecasts.,exclude,not_applicable,outside_world_model_conceptual_boundary,post_qc_lead_source_sufficiency,"IP-DDGAN performs subject-specific longitudinal MRI forecasting and image generation, but it is not framed as a world model, twin, or reusable dynamic simulator and does not support planning or closed-loop control.",include,empirical,learned_multistep_dynamics,"IP-DDGAN learns subject-conditioned longitudinal MRI transitions and directly evaluates generated future scans for identity preservation, morphology, image fidelity, and disease-stage progression.","Primary preprint, Method and Results: metadata-guided diffusion-GAN forecasting of longitudinal ADNI MRI with multi-horizon image and phenotype evaluation.",high,exclude,not_applicable,outside_world_model_conceptual_boundary,"IP-DDGAN performs subject-specific longitudinal MRI forecasting and image generation, but it is not framed as a world model, twin, or reusable dynamic simulator and does not support planning or closed-loop control.","Primary preprint Method and Results: metadata-guided diffusion-GAN forecasting of longitudinal ADNI MRI with multihorizon image, identity, morphology, and phenotype evaluation.",high
ALT-f31edb288d07,fresh_alternate_public_search,Forum on immune digital twins: a meeting report.,"Medical digital twins are computational models of human biology relevant to a given medical condition, which are tailored to an individual patient, thereby predicting the course of disease and individualized treatments, an important goal of personalized medicine. The immune system, which has a central role in many diseases, is highly heterogeneous between individuals, and thus poses a major challenge for this technology. In February 2023, an international group of experts convened for two days to discuss these challenges related to immune digital twins. The group consisted of clinicians, immunologists, biologists, and mathematical modelers, representative of the interdisciplinary nature of medical digital twin development. A video recording of the entire event is available. This paper presents a synopsis of the discussions, brief descriptions of ongoing digital twin projects at different stages of progress. It also proposes a 5-year action plan for further developing this technology. The main recommendations are to identify and pursue a small number of promising use cases, to develop stimulation-specific assays of immune function in a clinical setting, and to develop a database of existing computational immune models, as well as advanced modeling technology and infrastructure.",Reinhard Laubenbacher; Fred Adler; Gary An; Filippo Castiglione; Stephen Eubank; Luis L Fonseca; James Glazier; Tomas Helikar; Marti Jett-Tilton; Denise Kirschner; Paul Macklin; Borna Mehrad; Beth Moore; Virginia Pasour; Ilya Shmulevich; Amber Smith; Isabel Voigt; Thomas E Yankeelov; Tjalf Ziemssen,2024,2024,NPJ systems biology and applications,10.1038/s41540-024-00345-5,,https://pubmed.ncbi.nlm.nih.gov/38365857/,journal-article,europe_pmc;pubmed,europe_pmc_core;pubmed_core,indexed,,include,review,include_review,"This meeting synthesis maps immune digital-twin projects, translational challenges, and a five-year development agenda.",exclude,not_applicable,review_not_primary,This review centers on forum immune digital twins meeting report rather than evaluated medical learned world-model dynamics as its primary subject.,exclude,not_applicable,no_primary_empirical_evaluation,reviewer_consensus,"A: Is a meeting report and action plan on immune twins; does not provide a primary dynamics evaluation. B: This review, viewpoint, or meeting report does not substantially synthesize evaluated learned medical dynamic simulators.",,,,,,,,,,,,
ALT-d0134a879a2c,fresh_alternate_public_search,From digital twins to clinically trustworthy twins: a clinical-claim-based validation framework for personalized digital health.,"Digital twins are increasingly presented as a computational foundation for personalized and preventive medicine, because they promise to integrate multimodal data into dynamic representations of patients, organs, diseases, or care pathways. Yet the translational maturity of medical digital twins remains limited. Many systems labelled as digital twins are still digital models, digital shadows, descriptive simulations, or prediction tools whose clinical claims exceed the evidence provided for calibration, uncertainty, transportability, causal validity, or real-world utility. This Perspective argues that the next bottleneck for digital twins in health is not model complexity but clinical trustworthiness. The main contribution of this Perspective is a claim-to-evidence typology that links the evidentiary burden of a digital twin to the clinical claim it makes, rather than to its computational architecture alone. This approach connects individual-level multimodal modelling with epidemiology, prediction science, causal inference, and implementation science. This article outlines a staged framework that distinguishes descriptive, predictive, counterfactual, interventional, and population-health clinical claims made by systems labelled or proposed as digital twins, each associated with a distinct evidentiary threshold. This article further proposes that validation should integrate verification, calibration, external and temporal validation, uncertainty quantification, fairness assessment, target trial emulation where causal claims are made, and post-deployment monitoring. Without such methodological discipline, digital twins may remain sophisticated but clinically fragile simulations. Conversely, population-calibrated and prospectively evaluated digital twins could become a robust infrastructure for personalized prevention, adaptive treatment, and learning health systems.",Vallée A.,2026,2026-08-03,,10.3389/fdgth.2026.1908794,,https://europepmc.org/article/MED/42609424,,europe_pmc,europe_pmc_core,indexed,,include,review,include_review,This medical digital-twin perspective contributes a clinical-claim taxonomy and staged validation framework.,include,review,include_review,"This review primarily synthesizes dynamic medical digital twins for digital twins clinically trustworthy twins clinical claim validation personalized digital, including prediction, simulation, or intervention use.",exclude,not_applicable,review_not_primary,third_full_text_adjudication,This perspective proposes claim-matched validation standards for future trustworthy twins; it is neither a primary dynamics study nor a substantial review of evaluated learned simulators.,,,,,,,,,,,,
ALT-4dc856a87102,fresh_alternate_public_search,From mechanistic models to artificial intelligence: exploring the potential of digital twins in geriatric oncology.,"This survey explores how machine learning and artificial intelligence (AI) can be integrated with mechanistic models to create more accurate, dynamic, predictive, and personalized representations of biological systems, commonly referred to as digital twins (DTs). Mechanistic models, such as pathway-based Boolean or differential equation frameworks, provide interpretable insights into biological processes; however, calibrating these models to represent individual variability across large, heterogeneous cohorts remains a significant challenge, as their physically constrained structures often lack the flexibility to capture complex, non-mechanistic nuances in patient data. Focusing on elderly cancer patients-a vulnerable population underrepresented in clinical research-we discuss how hybrid DTs can bridge the gap between interpretable mechanistic frameworks and flexible, predictive AI approaches, enabling continuous monitoring, risk stratification, and adaptive treatment planning. To illustrate these principles, we present a proof-of-concept case study involving a synthetic breast cancer dataset in which comprehensive geriatric assessment, clinical tests, and quality of life measures inform dosing decisions for older patients via a Markov Decision Process. By combining a synthesis of current literature with the application of a sequential decision-making framework optimized using longitudinal data, this work provides a foundational understanding for researchers and clinicians interested in leveraging DTs to improve personalization and outcomes in geriatric oncology.","Karampelesis P, Denazis S, Koufopavlou O, Zacharaki EI.",2026,2026-07-23,,10.3389/frai.2026.1760912,,https://europepmc.org/article/MED/42564457,,europe_pmc,europe_pmc_core,indexed,,include,review,include_review,This geriatric-oncology digital-twin survey synthesizes hybrid modeling and adaptive treatment translation.,include,review,include_review,"This review primarily synthesizes dynamic medical digital twins for mechanistic artificial intelligence exploring potential digital twins geriatric oncology, including prediction, simulation, or intervention use.",exclude,not_applicable,no_learned_transition,post_adjudication_inclusion_qc,The article combines a broad literature discussion with a synthetic frailty/Markov-decision case study; no transition model is learned or adapted from observed patient trajectories and operationally validated.,exclude,not_applicable,no_learned_transition,The article combines a broad literature discussion with a synthetic frailty/Markov-decision case study; no transition model is learned or adapted from observed patient trajectories and operationally validated.,Full text sections: Literature review; Synthetic data generation; Frailty transitions; Markov decision process framework; simulated case-study Results.,high,,,,,,
ALT-f7ef75a1f217,fresh_alternate_public_search,From virtual to reality: innovative practices of digital twins in tumor therapy.,"Background As global cancer incidence and mortality rise, digital twin technology in precision medicine offers new opportunities for cancer treatment. Objective This study aims to systematically analyze the current applications, research trends, and challenges of digital twin technology in tumor therapy, while exploring future directions. Methods Relevant literature up to 2024 was retrieved from PubMed, Web of Science, and other databases. Data visualization was performed using R and VOSviewer software. The analysis includes the research initiation and trends, funding models, global research distribution, sample size analysis, and data processing and artificial intelligence applications. Furthermore, the study investigates the specific applications and effectiveness of digital twin technology in tumor diagnosis, treatment decision-making, prognosis prediction, and personalized management. Results Since 2020, research on digital twin technology in oncology has surged, with significant contributions from the United States, Germany, Switzerland, and China. Funding primarily comes from government agencies, particularly the National Institutes of Health in the U.S. Sample size analysis reveals that large-sample studies have greater clinical reliability, while small-sample studies emphasize technology validation. In data processing and artificial intelligence applications, the integration of medical imaging, multi-omics data, and AI algorithms is key. By combining multimodal data integration with dynamic modeling, the accuracy of digital twin models has been significantly improved. However, the integration of different data types still faces challenges related to tool interoperability and limited standardization. Specific applications of digital twin technology have shown significant advantages in diagnosis, treatment decision-making, prognosis prediction, and surgical planning. Conclusion Digital twin technology holds substantial promise in tumor therapy by optimizing personalized treatment plans through integrated multimodal data and dynamic modeling. However, the study is limited by factors such as language restrictions, potential selection bias, and the relatively small number of published studies in this emerging field, which may affect the comprehensiveness and generalizability of our findings. Moreover, issues related to data heterogeneity, technical integration, and data privacy and ethics continue to impede its broader clinical application. Future research should promote international collaboration, establish unified interdisciplinary standards, and strengthen ethical regulations to accelerate the clinical translation of digital twin technology in cancer treatment.","Shen S, Qi W, Liu X, Zeng J, Li S, Zhu X, Dong C, Wang B, Shi Y, Yao J, Wang B, Jing L, Cao S, Liang G.",2025,2025-03-19,,10.1186/s12967-025-06371-z,,https://europepmc.org/article/MED/40108714,,europe_pmc,europe_pmc_core,indexed,,include,review,include_review,"This systematic oncology digital-twin review maps applications, evidence trends, challenges, and clinical translation.",include,review,include_review,"This review primarily synthesizes dynamic medical digital twins for virtual reality innovative practices digital twins tumor therapy, including prediction, simulation, or intervention use.",exclude,not_applicable,review_scope_too_broad,post_adjudication_inclusion_qc,"The scoping review spans imaging, diagnosis, surgery, microenvironment analysis, drug development, prognosis, and decisions; learned transition and rollout evidence is not the dominant organizing category.",exclude,not_applicable,review_scope_too_broad,"The scoping review spans imaging, diagnosis, surgery, microenvironment analysis, drug development, prognosis, and decisions; learned transition and rollout evidence is not the dominant organizing category.",Full text sections: Data sources; AI algorithms; Diagnosis; Surgical planning; Drug development and virtual trials; Prognosis; Treatment decision-making.,high,,,,,,
ALT-ae68eb54e309,fresh_alternate_public_search,Frontoparietal network activity during model-based reinforcement learning updates is reduced among adolescents with severe sexual abuse.,"Trauma and trauma-related disorders are characterized by impaired learning processes, including reinforcement learning (RL). Identifying which aspects of learning are altered by trauma is critical endeavor, as this may reveal key mechanisms of impairment and potential intervention targets. There are at least two types of RL that have been delineated using computational modeling: model-free and model-based RL. Although these RL processes differentially predict decision-making behavior, most research has examined the impact of trauma on model-free RL. Currently unclear whether model-based RL, which involves building abstract and nuanced representations of stimulus-outcome relationships, is impaired among individuals with a history of trauma. The present study sought to test the hypothesis of impaired model-based RL among adolescent females exposed to assaultive trauma. Participants (n = 60; 29 without a history of assault and 31 with a history of assault with and without PTSD) completed a three-arm bandit task during fMRI acquisition. Two computational models compared the degree to which participants' task behavior fit the use of a model-free versus model-based RL strategy. Although a history of assaultive trauma did not predict poorer model-based RL, greater sexual abuse severity predicted less use of model-based compared to model-free RL. Additionally, severe sexual abuse predicted less left frontoparietal network encoding of model-based RL updates. Altered model-based RL, which supports goal-directed behavior, may be an important route through which clinical impairment emerges among individuals with a history of severe sexual abuse and should be examined further in future studies.",Allison M Letkiewicz; Amy L Cochran; Josh M Cisler,2022,2022,Journal of psychiatric research,10.1016/j.jpsychires.2020.10.046,,https://pubmed.ncbi.nlm.nih.gov/33199053/,journal-article,europe_pmc;pubmed,europe_pmc_core;pubmed_core,indexed,,include,empirical,include_empirical,A fitted model-based reinforcement-learning system evaluates action-outcome representations in a clinically relevant trauma cohort.,exclude,not_applicable,no_learned_dynamics,The frontoparietal network activity during reinforcement learning updates is reduced among record does not describe a learned temporal or action-conditioned medical dynamics model.,exclude,not_applicable,wrong_domain,third_full_text_adjudication,The modeled transitions are reinforcement-learning beliefs during a laboratory decision task; the study measures neural correlates in an abuse-exposed cohort rather than medical or physiological system dynamics.,,,,,,,,,,,,
ALT-04d5c0ebe6f3,fresh_alternate_public_search,Gambling Environment Exposure Increases Temporal Discounting but Improves Model-Based Control in Regular Slot-Machine Gamblers.,"Gambling disorder is a behavioral addiction that negatively impacts personal finances, work, relationships and mental health. In this pre-registered study ( https://osf.io/5ptz9/?view_only=62956a2afcd1495984db4be18c54b50a ) we investigated the impact of real-life gambling environments on two computational markers of addiction, temporal discounting and model-based reinforcement learning. Gambling disorder is associated with increased temporal discounting and reduced model-based learning. Regular gamblers (n = 30, DSM-5 score range 3-9) performed both tasks in a neutral (café) and a gambling-related environment (slot-machine venue) in counterbalanced order. Data were modeled using drift diffusion models for temporal discounting and reinforcement learning via hierarchical Bayesian estimation. Replicating previous findings, gamblers discounted rewards more steeply in the gambling-related context. This effect was positively correlated with gambling related cognitive distortions (pre-registered analysis). In contrast to our pre-registered hypothesis, model-based reinforcement learning was improved in the gambling context. Here we show that temporal discounting and model-based reinforcement learning are modulated in opposite ways by real-life gambling cue exposure. Results challenge aspects of habit theories of addiction, and reveal that laboratory-based computational markers of psychopathology are under substantial contextual control.",Ben Wagner; David Mathar; Jan Peters,2022,2022,"Computational psychiatry (Cambridge, Mass.)",10.5334/cpsy.84,,https://pubmed.ncbi.nlm.nih.gov/38774777/,journal-article,europe_pmc;pubmed,europe_pmc_core;pubmed_core,indexed,,include,empirical,include_empirical,Model-based reinforcement learning evaluates action-conditioned control changes among gamblers across real-world contexts.,exclude,not_applicable,no_learned_dynamics,The gambling environment exposure increases temporal discounting but improves control regular study is an ordinary prognostic or static prediction analysis without a learned rollout mechanism.,exclude,not_applicable,wrong_domain,reviewer_consensus,A: Studies gambling-context effects on reinforcement learning; does not model a substantive medical state. B: The modeled system is outside the review’s substantive medical or biomedical scope.,,,,,,,,,,,,
ALT-d95710ea0760,fresh_alternate_public_search,"Generative ""Medical Time Travel"" Simulators for Disease Progression Forecasting",,Lynal Marwin Lobo; Kushal Gowda HB; Rakshitha Kiran P,2025,2025,2025 First International Conference on Intelligent Computing and Communication Systems (CICCS),10.1109/ciccs66437.2025.11280238,,https://doi.org/10.1109/ciccs66437.2025.11280238,proceedings-article,crossref,"""disease progression model"" generative intervention",registered,,uncertain,not_applicable,insufficient_abstract,The highly relevant simulator title lacks an abstract needed to verify empirical learned dynamics and evaluation.,uncertain,empirical,insufficient_abstract,"The generative medical time travel simulators disease progression forecasting title plausibly denotes learned medical dynamics, but the missing abstract does not establish direct future or action evaluation.",exclude,not_applicable,insufficient_primary_evidence,post_adjudication_inclusion_qc,"The indexed conference title suggests temporal generation, but no stable abstract or full methods/results source was available to verify the learned transition, clinical data, or trajectory evaluation.",exclude,not_applicable,insufficient_primary_evidence,"The indexed conference title suggests temporal generation, but no stable abstract or full methods/results source was available to verify the learned transition, clinical data, or trajectory evaluation.",IEEE DOI and Crossref metadata: bibliographic registration only; no inspectable primary evidence supporting full extraction.,high,,,,,,
ALT-49858f3d90ed,fresh_alternate_public_search,Generative modeling of clinical time series via latent stochastic differential equations.,"Clinical time series data from electronic health records and medical registries offer unprecedented opportunities to understand patient trajectories and inform medical decision-making. However, leveraging such data presents significant challenges due to irregular sampling, complex latent physiology, and inherent uncertainties in both measurements and disease progression. To address these challenges, we propose a generative modeling framework based on latent neural stochastic differential equations (SDEs) that views clinical time series as discrete-time partial observations of an underlying controlled stochastic dynamical system. Our approach models latent dynamics via neural SDEs with modality-dependent emission models, while performing state estimation and parameter learning through variational inference. This formulation naturally handles irregularly sampled observations, learns complex nonlinear interactions, and captures the stochasticity of disease progression and measurement noise within a unified scalable probabilistic framework. We validate the framework on three complementary tasks: (i) individual treatment effect estimation using a simulated pharmacokinetic-pharmacodynamic (PKPD) model of lung cancer, (ii) probabilistic glucose forecasting using synthetic data from the Bergman Minimal Model, and (iii) probabilistic forecasting of physiological signals using real-world intensive care unit (ICU) data from 12,000 patients. Results show that our framework achieves the strongest overall performance compared to latent ordinary differential equation (ODE), controlled differential equation (CDE), and long short-term memory (LSTM) baselines, with consistent advantages in uncertainty calibration across all datasets. These results highlight its potential for enabling precise, uncertainty-aware predictions to support clinical decision-making.",Muhammad Aslanimoghanloo; Ahmed ElGazzar; Marcel van Gerven,2026,2026,Journal of biomedical informatics,10.1016/j.jbi.2026.105043,,https://pubmed.ncbi.nlm.nih.gov/42000010/,journal-article,europe_pmc;pubmed,europe_pmc_core;pubmed_core,indexed,,include,empirical,include_empirical,The learned controlled neural SDE directly evaluates treatment counterfactuals and probabilistic physiological forecasting.,include,empirical,include_empirical,The generative clinical time series latent stochastic differential equations study learns or calibrates temporal dynamics and directly evaluates intervention-conditioned rollouts or planning outcomes.,exclude,not_applicable,outside_world_model_conceptual_boundary,post_qc_lead_source_sufficiency,"The latent neural SDE is presented as a probabilistic clinical time-series forecasting and treatment-effect framework, not as a reusable patient simulator or world model, and it is not used for iterative planning or control.",include,empirical,learned_multistep_dynamics,"A latent neural SDE learns controlled stochastic clinical transitions and directly evaluates probabilistic rollout and uncertainty calibration on simulated PK/PD, glucose, and real ICU trajectories.","Primary article abstract and methods: variational state estimation, modality-specific emissions, and comparisons with latent ODE, CDE, and LSTM baselines.",high,exclude,not_applicable,outside_world_model_conceptual_boundary,"The latent neural SDE is presented as a probabilistic clinical time-series forecasting and treatment-effect framework, not as a reusable patient simulator or world model, and it is not used for iterative planning or control.","Version-of-record methods and experiments: variational latent-SDE state estimation and forecasting on simulated PK/PD, synthetic glucose, and real ICU trajectories.",high
ALT-e36be08e8db3,fresh_alternate_public_search,Generative morphodynamic forecasting enables robust zero-shot volumetric medical segmentation.,"Video foundation models show strong potential for interactive volumetric medical image parsing but can suffer from memory drift when applied directly to 3D medical volumes with severe, patient-specific topological changes. In the evaluated settings, standard reactive memory architectures and geometric prompts provide limited guidance for newly appearing, fragmented, or low-contrast structures, which can lead to accumulated segmentation errors. To mitigate this issue, we introduce a generative anticipatory framework that augments reactive tracking with morphological forecasting. By combining the semantic reasoning of large language models with the continuous latent dynamics of neural stochastic differential equations, our approach forecasts plausible anatomical trajectories. We propose an uncertainty-guided dual-stream memory architecture to integrate these forecasted priors with noisy visual evidence. This mechanism uses predictive spatial variance to balance empirical visual observations and forecasted priors, improving topological consistency under challenging imaging conditions in our benchmarks. We further formulate human-in-the-loop interactive corrections via Bayesian state resetting, translating expert interventions into more efficient volumetric correction. Evaluations across diverse clinical datasets show strong training-free generalization, improved robustness to morphodynamic variation, and higher interactive efficiency among the evaluated methods. These results suggest a promising uncertainty-aware direction for promptable volumetric medical segmentation.",Duwei Dai; Caixia Dong; Guowei Dai; Xiaoli Li; Fan Liu; Xu Yang; Bowen Qin; Qingsen Yan,2026,2026,Medical image analysis,10.1016/j.media.2026.104180,,https://pubmed.ncbi.nlm.nih.gov/42385278/,journal-article,europe_pmc;pubmed,europe_pmc_core;pubmed_core,indexed,,exclude,empirical,no_future_or_action_evaluation,"Forecasted latent priors are evaluated only through segmentation performance, not future-state or rollout accuracy.",include,empirical,include_empirical,The generative morphodynamic forecasting enables robust zero shot volumetric medical segmentation study learns or calibrates temporal dynamics and directly evaluates intervention-conditioned rollouts or planning outcomes.,exclude,not_applicable,no_future_or_action_evaluation,third_full_text_adjudication,"Morphodynamic generation is used to support zero-shot segmentation, and evaluation measures segmentation performance rather than fidelity of real future anatomical trajectories or intervention response.",,,,,,,,,,,,
ALT-0b099473166d,fresh_alternate_public_search,Graph Representation Forecasting of Patient's Medical Conditions: Toward a Digital Twin.,"Objective: Modern medicine needs to shift from a wait and react, curative discipline to a preventative, interdisciplinary science aiming at providing personalized, systemic, and precise treatment plans to patients. To this purpose, we propose a ""digital twin"" of patients modeling the human body as a whole and providing a panoramic view over individuals' conditions. Methods: We propose a general framework that composes advanced artificial intelligence (AI) approaches and integrates mathematical modeling in order to provide a panoramic view over current and future pathophysiological conditions. Our modular architecture is based on a graph neural network (GNN) forecasting clinically relevant endpoints (such as blood pressure) and a generative adversarial network (GAN) providing a proof of concept of transcriptomic integrability. Results: We tested our digital twin model on two simulated clinical case studies combining information at organ, tissue, and cellular level. We provided a panoramic overview over current and future patient's conditions by monitoring and forecasting clinically relevant endpoints representing the evolution of patient's vital parameters using the GNN model. We showed how to use the GAN to generate multi-tissue expression data for blood and lung to find associations between cytokines conditioned on the expression of genes in the renin-angiotensin pathway. Our approach was to detect inflammatory cytokines, which are known to have effects on blood pressure and have previously been associated with SARS-CoV-2 infection (e.g., CXCR6, XCL1, and others). Significance: The graph representation of a computational patient has potential to solve important technological challenges in integrating multiscale computational modeling with AI. We believe that this work represents a step forward toward next-generation devices for precision and predictive medicine.","Barbiero P, Viñas Torné R, Lió P.",2021,2021-09-16,,10.3389/fgene.2021.652907,,https://europepmc.org/article/MED/34603366,,europe_pmc,europe_pmc_core,indexed,,include,empirical,include_empirical,The learned GNN digital twin forecasts multiscale physiological trajectories in simulated clinical cases.,include,empirical,include_empirical,The graph representation forecasting patient s medical conditions digital twin study learns or calibrates temporal dynamics and directly evaluates intervention-conditioned rollouts or planning outcomes.,exclude,not_applicable,no_operational_dynamics_evaluation,post_adjudication_inclusion_qc,The GNN/GAN framework is demonstrated only on two simulated clinical case studies and synthetic multiscale inputs; no learned transition is evaluated against observed longitudinal patient states.,exclude,not_applicable,no_operational_dynamics_evaluation,The GNN/GAN framework is demonstrated only on two simulated clinical case studies and synthetic multiscale inputs; no learned transition is evaluated against observed longitudinal patient states.,"Full text, Methods and Results: simulated organ/tissue/cellular cases, endpoint forecasting, and transcriptomic proof of concept without real longitudinal validation.",high,,,,,,
ALT-1a4671bd7258,fresh_alternate_public_search,Graph representation forecasting of patient’s medical conditions: towards a digital twin,"A bstract Objective Modern medicine needs to shift from a wait and react, curative discipline to a preventative, interdisciplinary science aiming at providing personalised, systemic and precise treatment plans to patients. The aim of this work is to present how the integration of machine learning approaches with mechanistic computational modelling could yield a reliable infrastructure to run probabilistic simulations where the entire organism is considered as a whole. Methods We propose a general framework that composes advanced AI approaches and integrates mathematical modelling in order to provide a panoramic view over current and future physiological conditions. The proposed architecture is based on a graph neural network (GNNs) forecasting clinically relevant endpoints (such as blood pressure) and a generative adversarial network (GANs) providing a proof of concept of transcriptomic integrability. Results We show the results of the investigation of pathological effects of overexpression of ACE2 across different signalling pathways in multiple tissues on cardiovascular functions. We provide a proof of concept of integrating a large set of composable clinical models using molecular data to drive local and global clinical parameters and derive future trajectories representing the evolution of the physiological state of the patient. Significance We argue that the graph representation of a computational patient has potential to solve important technological challenges in integrating multiscale computational modelling with AI. We believe that this work represents a step forward towards a healthcare digital twin.",Pietro Barbiero; Ramon Viñas Torné; Pietro Lió,2020,2020,openRxiv,10.1101/2020.09.19.20197764,,https://doi.org/10.1101/2020.09.19.20197764,posted-content,crossref,"""medical digital twin"" trajectory",registered,,include,empirical,include_empirical,The GNN-based healthcare digital twin derives future physiological trajectories and demonstrates them in simulated clinical models.,include,empirical,include_empirical,The graph representation forecasting patient s medical conditions digital twin study learns or calibrates temporal dynamics and directly evaluates intervention-conditioned rollouts or planning outcomes.,exclude,not_applicable,duplicate_publication,third_full_text_adjudication,This medRxiv version is superseded by the complete peer-reviewed graph-forecasting digital-twin article.,,,,,,,,,,,,
ALT-46fd7430b78a,fresh_alternate_public_search,Graph-Enhanced Management-Context-Aware Multi-Step Forecasting of Hourly Sensor-Derived Physiological and Behavioral Indicators in Hu Sheep,"Forecasting sensor-derived animal-state indicators can provide forward-looking information for precision sheep farming, but sheep responses are shaped by their barn environment, previous state, and routine operations. We developed Graph-Enhanced Contextual Long-Range Forecasting for Sheep Farming (GCL-Sheep), a management-context-aware model for multi-step forecasting of active duration, rumination duration, feeding duration, intense exercise duration, and body temperature in Hu sheep. The study used monitoring records from 115 Hu sheep in two farms and three barns, covering monitoring campaigns from March 2024 to December 2025. After domain screening and preprocessing, the data were organized into five farm–season–barn domains, containing approximately 325,000 usable hourly records and 304,000 supervised samples. Barn environmental records, individual physiological/behavioral measurements, and management-operation data were aligned to hourly sequences. GCL-Sheep combines Cross-Variable Graph Construction, hierarchical management-context prefixes, and long-context temporal modeling. For the representative in-domain active-duration forecasting task at the 12 h horizon (H=12), GCL-Sheep reduced the mean absolute error and root-mean-square error by 20.0% and 19.2%, respectively, compared with the second-best baseline, and improved the coefficient of determination by 0.079. In Leave-One-Domain-Out evaluation for active-duration forecasting at H=12, it achieved an average coefficient of determination of 0.792, and few-shot target-domain fine-tuning further improved accuracy. A 96 h historical window achieved the best balance between accuracy and temporal coverage. These results indicate promising retrospective multi-step forecasting performance and suggest that sensor-based animal-state forecasting may provide decision-support information for inspection scheduling and environmental management in sheep farms; however, welfare-threshold-based early-warning and intervention effects still require prospective field validation.",Maoxu Wang; Zhixin Gu,2026,2026,Animals,10.3390/ani16111670,,https://doi.org/10.3390/ani16111670,journal-article,crossref,"""physiological trajectory"" forecasting",registered,,include,empirical,include_empirical,A learned long-context model directly evaluates multi-step forecasts of physiological and behavioral animal states.,exclude,not_applicable,no_future_or_action_evaluation,"The graph enhanced management context aware multi step forecasting hourly sensor study analyzes or reconstructs dynamics but does not directly evaluate future states, actions, rollouts, or planning.",exclude,not_applicable,wrong_domain,reviewer_consensus,A: Forecasts farm-sheep behavior and physiology; the application is livestock management rather than medicine. B: The modeled system is outside the review’s substantive medical or biomedical scope.,,,,,,,,,,,,
ALT-f7c03f16c952,fresh_alternate_public_search,Healthcare cyberspace: medical cyber physical system in digital twin,,Vani Rajasekar; K. Sathya,2022,2022,Digital Twin Technologies for Healthcare 4.0,10.1049/pbhe046e_ch7,,https://doi.org/10.1049/pbhe046e_ch7,book-chapter,crossref,"""medical digital twin"" trajectory",registered,,uncertain,not_applicable,insufficient_abstract,The broad healthcare digital-twin title cannot establish learned dynamics or empirical rollout evaluation without an abstract.,exclude,not_applicable,no_learned_dynamics,"The healthcare cyberspace medical cyber physical system digital twin record describes a static, conceptual, or mechanistic twin without learned temporal transitions.",exclude,not_applicable,review_not_primary,third_full_text_adjudication,The chapter describes a medical cyber-physical architecture and digital-twin concepts without a primary learned-dynamics evaluation or substantial evidence synthesis.,,,,,,,,,,,,
ALT-77e8f9271a36,fresh_alternate_public_search,Hierarchical Bayesian modelling of disease progression to inform clinical trial design in centronuclear myopathy.,"BACKGROUND: Centronuclear myopathies are severe rare congenital diseases. The clinical variability and genetic heterogeneity of these myopathies result in major challenges in clinical trial design. Alternative strategies to large placebo-controlled trials that have been used in other rare diseases (e.g., the use of surrogate markers or of historical controls) have limitations that Bayesian statistics may address. Here we present a Bayesian model that uses each patient's own natural history study data to predict progression in the absence of treatment. This prospective multicentre natural history evaluated 4-year follow-up data from 59 patients carrying mutations in the MTM1 or DNM2 genes. METHODS: Our approach focused on evaluation of forced expiratory volume in 1 s (FEV1) in 6- to 18-year-old children. A patient was defined as a responder if an improvement was observed after treatment and the predictive probability of such improvement in absence of intervention was less than 0.01. An FEV1 response was considered clinically relevant if it corresponded to an increase of more than 8%. RESULTS: The key endpoint of a clinical trial using this model is the rate of response. The power of the study is based on the posterior probability that the rate of response observed is greater than the rate of response that would be observed in the absence of treatment predicted based on the individual patient's previous natural history. In order to appropriately control for Type 1 error, the threshold probability by which the difference in response rates exceeds zero was adapted to 91%, ensuring a 5% overall Type 1 error rate for the trial. CONCLUSIONS: Bayesian statistical analysis of natural history data allowed us to reliably simulate the evolution of symptoms for individual patients over time and to probabilistically compare these simulated trajectories to actual observed post-treatment outcomes. The proposed model adequately predicted the natural evolution of patients over the duration of the study and will facilitate a sufficiently powerful trial design that can cope with the disease's rarity. Further research and ongoing dialog with regulatory authorities are needed to allow for more applications of Bayesian statistics in orphan disease research.",Eve Fouarge; Arnaud Monseur; Bruno Boulanger; Mélanie Annoussamy; Andreea M Seferian; Silvana De Lucia; Charlotte Lilien; Leen Thielemans; Khazal Paradis; Belinda S Cowling; Chris Freitag; Bradley P Carlin; Laurent Servais; NatHis-MTM Study Group,2021,2021,Orphanet journal of rare diseases,10.1186/s13023-020-01663-7,,https://pubmed.ncbi.nlm.nih.gov/33407688/,journal-article,europe_pmc;pubmed,europe_pmc_core;pubmed_core,indexed,,include,empirical,include_empirical,The Bayesian model learns natural-history trajectories and evaluates simulated untreated counterfactuals against post-treatment outcomes.,exclude,not_applicable,no_future_or_action_evaluation,"The hierarchical bayesian disease progression inform clinical trial design centronuclear myopathy study analyzes or reconstructs dynamics but does not directly evaluate future states, actions, rollouts, or planning.",exclude,not_applicable,outside_world_model_conceptual_boundary,post_qc_lead_source_sufficiency,The hierarchical Bayesian model predicts untreated natural history for rare-disease trial analysis; it is not framed as a clinical-trial simulator or patient simulator and is not an environment for iterative planning or control.,include,empirical,fitted_personalized_dynamics,"A hierarchical Bayesian transition is fitted to each patient's natural-history FEV1 trajectory, then untreated futures are simulated and prospectively compared with observed post-treatment outcomes.","Full text, Statistical model and Results: four-year natural history, posterior untreated trajectories, responder criterion, type-I-error calibration, and trial-power assessment.",high,exclude,not_applicable,outside_world_model_conceptual_boundary,The hierarchical Bayesian model predicts untreated natural history for rare-disease trial analysis; it is not framed as a clinical-trial simulator or patient simulator and is not an environment for iterative planning or control.,"Version-of-record Methods and Results: individual FEV1 natural-history prediction, responder definition, posterior treatment comparison, type-I-error control, and trial-power analysis.",high
ALT-11ca23d625dd,fresh_alternate_public_search,How to improve statistical power in a trial with SCA2 patients using natural history data.,"Randomized, double-blind, placebo-controlled trials are the gold standard for evaluating treatment effects, as they minimize biases. However, they raise ethical concerns regarding participant exposure to potentially ineffective interventions. For rare neurodegenerative diseases, these trials are further challenged by the limited number of patients. Our goal is to leverage recent advancements in statistical methodologies to enhance the statistical power of these trials. We aim to test these methods to the ATRIL study, which evaluated the efficacy of riluzole in patients with dominant cerebellar ataxia SCA2. We trained a progression model on natural history data to capture the progression of the disease, using Disease Course Mapping. We explored the prediction-powered inference for clinical trials method (PPCT), which leverages the prognostic scores predicted by this model, to offer an unbiased comparison between the observed progression in treated patients and the predicted progression if they had not been treated. Then, we compared PPCT to the prognostic covariate adjustment and the Hybrid Augmented Inverse Probability Weighting (H-AIPW) methods, which respectively incorporate the prognostic score to the analysis of covariance or to the Augmented Inverse Probability Weighting (AIPW) method. These methods were applied to the ATRIL trial, which included treated and placebo SCA2 patients, using a model trained on patients from US and European cohorts (EUROSCA, SPATAX, CRC-SCA). Disease Course Mapping models accurately forecasted the prognostic scores, namely the predicted one-year SARA score progression, with correlations around 0.15. The treatment effect estimator had a lower variance using the PPCT (0.342), prognostic covariate adjustment (0.344), and H-AIPW (0.348) methods compared to the classical variance (0.407). Notably, PPCT would reduce the sample size by 14.5% (6 patients). Using the PPCT estimator of the average treatment effect, the same variance reported in the ATRIL paper could have been achieved with 39 patients instead of 45. Our study addresses the challenge of statistical power in clinical trials and explores new methodological advancements. Applying the PPCT, prognostic covariate adjustment, or H-AIPW methods helps reduce confidence intervals, enhance statistical power, or decrease the required sample size for the trial by leveraging information from external data. Although the ATRIL's trial conclusion on riluzole remains unchanged, these methods could have enabled the selection of fewer patients, which is crucial for rare neurodegenerative diseases.","Tran M, Poulet PE, Petit E, Durr A, Klockgether T, Ashizawa T, Coarelli G, du Montcel ST.",2026,2026-03-05,,10.1186/s13063-026-09591-w,,https://europepmc.org/article/MED/41787540,,europe_pmc,europe_pmc_core,indexed,,include,empirical,include_empirical,The learned progression model forecasts untreated trajectories and evaluates their counterfactual use in a clinical trial.,exclude,not_applicable,no_future_or_action_evaluation,"The how improve statistical power trial sca2 patients natural history data study analyzes or reconstructs dynamics but does not directly evaluate future states, actions, rollouts, or planning.",exclude,not_applicable,outside_world_model_conceptual_boundary,post_qc_lead_source_sufficiency,"Disease Course Mapping supplies one-year prognostic scores to statistical trial estimators; the study does not present a reusable dynamic simulator, twin, or model-based planning environment.",include,empirical,learned_one_step_state_transition,Disease Course Mapping learns natural-history progression and forecasts one-year SARA change; the predicted transition is operationally tested in trial estimators and sample-size reduction analyses.,"Full text, Methods and Results: external natural-history training, one-year prognostic scores, ATRIL trial application, variance comparison, and power calculations.",high,exclude,not_applicable,outside_world_model_conceptual_boundary,"Disease Course Mapping supplies one-year prognostic scores to statistical trial estimators; the study does not present a reusable dynamic simulator, twin, or model-based planning environment.","Version-of-record Methods and Results: external natural-history training, ATRIL trial application, prognostic-score forecasting, variance comparisons, and sample-size calculations.",high
ALT-d527b2b5e8f4,fresh_alternate_public_search,Human Digital Twin for Personalized Elderly Type 2 Diabetes Management.,"Managing Elderly type 2 diabetes (E-T2D) is challenging due to geriatric conditions (e.g., co-morbidity, multiple drug intake, etc.), and personalization becomes paramount for precision medicine. This paper presents a human digital twin (HDT) framework to manage E-T2D that exploits various patient-specific data and builds a suite of models exploiting the data for prediction and management to personalize diabetes treatment in E-T2D patients. These models include mathematical and deep-learning ones that capture different patient aspects. Consequently, the HDT virtualizes the patient from different viewpoints using an HDT that mimics the patient and has interfaces to update the virtual models simultaneously from measurements. Using these models the HDT obtains deeper insights about the patient. Further, an adaptive patient model fusing this information and a learning-based model predictive control (LB-MPC) algorithm are proposed. The geriatric conditions are captured as model parameters and constraints while solving the LB-MPC to personalize the insulin infusion for E-T2D management. The HDT is deployed on and illustrated with 15 patients using clinical trials and simulations. Our results show that HDT helps improve the time-in-range from 3-75% to 86-97% and reduces insulin infusion by 14-29%.","Thamotharan P, Srinivasan S, Kesavadev J, Krishnan G, Mohan V, Seshadhri S, Bekiroglu K, Toffanin C.",2023,2023-03-07,,10.3390/jcm12062094,,https://europepmc.org/article/MED/36983097,,europe_pmc,europe_pmc_core,indexed,,include,empirical,include_empirical,The adaptive diabetes twin evaluates learning-based predictive control of personalized insulin delivery.,exclude,not_applicable,review_not_primary,This review centers on human digital twin personalized elderly type 2 diabetes management rather than evaluated medical learned world-model dynamics as its primary subject.,exclude,not_applicable,source_policy_excluded,post_adjudication_inclusion_qc,"The article is published in an MDPI journal, which is excluded by the active literature source policy; it is not retained despite reporting an adaptive control simulation.",exclude,not_applicable,source_policy_excluded,"The article is published in an MDPI journal, which is excluded by the active literature source policy; it is not retained despite reporting an adaptive control simulation.","PMC full text and DOI identify Journal of Clinical Medicine as the venue; the system combines mathematical models, deep learning, and learning-based MPC.",high,,,,,,
ALT-cf089f5a91f0,fresh_alternate_public_search,Hybrid deep learning-mechanistic modeling of cellular dynamics from a spatiotemporal single-cell atlas.,"Single-cell measurement technologies provide a powerful framework for studying cellular heterogeneity, transitions, and regulatory networks, yet reconstructing the underlying dynamical processes governing these transitions remains a major challenge due to the high dimensionality of gene expression data. To address this, we develop a variational autoencoder (VAE)–latent neural ordinary differential equation (ODE) approach that learns a low-dimensional latent representation of cellular states and models their temporal evolution. We apply our framework to the single-cell fluorescence imaging spatiotemporal atlas of Drosophila melanogaster blastoderm embryos via spatial registration, which comprises six registered developmental time points prior to gastrulation. In our approach, gene expression profiles are encoded into a latent space where a neural ordinary differential equation (ODE) is trained to capture the continuous dynamics of cellular states over time, and a decoder subsequently maps these evolving latent representations back to the original high-dimensional gene expression space, enabling accurate reconstruction of observed transcriptional patterns. While such black-box deep learning approaches excel at capturing complex dynamical trajectories, they are inherently limited in their ability to predict the effects of combinatorial perturbations. To overcome this limitation, we leverage the inferred latent dynamics as a foundation for fitting a mechanistic Hill-function model of gene regulation, which—guided by the black-box representations—enables interpretable predictions by systematically perturbing couplings between specific gene pairs and thus provides mechanistic insight into developmental regulatory programs. Author summary We set out to learn how genes interact over time during early development using data measured from individual cells. Many powerful deep learning models can fit complex patterns, but they are hard to edit or use for “what-if” genetic changes. Classical mechanistic models are easier to interpret but struggle when the data are sparse. We built a hybrid approach that combines both strengths. First, we trained a deep learning model to place each cell’s gene activity into a smooth, low-dimensional space and to estimate how these states change over time. We then used those estimates to fit a simple, editable model of gene regulation based on standard biochemical response curves. This second model lets us turn specific regulatory connections on or off and predict the effects without retraining the whole system. Using a spatiotemporal atlas of the fruit fly embryo, we show that the hybrid model makes accurate short-term predictions and yields clear, testable hypotheses about which genes control others. Our study demonstrates a practical way to turn flexible deep learning into interpretable, mechanistic insight for dynamic single-cell data.",Xiaoyu Duan; Vipul Periwal,2025,2025,bioRxiv : the preprint server for biology,10.1101/2025.10.02.679951,,https://pubmed.ncbi.nlm.nih.gov/41256408/,journal-article,europe_pmc;pubmed,europe_pmc_core;pubmed_core,indexed,,include,empirical,include_empirical,Learned latent cellular dynamics support short-term forecasts and data-adapted counterfactual gene-regulation perturbations.,include,empirical,include_empirical,The hybrid deep learning mechanistic cellular dynamics spatiotemporal single cell atlas study learns or calibrates temporal dynamics and directly evaluates intervention-conditioned rollouts or planning outcomes.,exclude,not_applicable,outside_world_model_conceptual_boundary,post_qc_lead_source_sufficiency,"The hybrid latent-ODE and Hill-function models reconstruct cellular dynamics and analyze gene-coupling perturbations, but the work is framed as model inference and mechanistic interpretation rather than a virtual cell, reusable simulator, or planning environment.",include,empirical,learned_multistep_dynamics,A VAE-neural-ODE learns continuous cell-state transitions and provides trajectories used to fit an interpretable regulatory model; short-term forecasts and gene-pair perturbations are directly evaluated.,"Primary preprint, Methods and Results: latent neural-ODE reconstruction of six developmental time points, held-out prediction, and mechanistic coupling perturbations.",high,exclude,not_applicable,outside_world_model_conceptual_boundary,"The hybrid latent-ODE and Hill-function models reconstruct cellular dynamics and analyze gene-coupling perturbations, but the work is framed as model inference and mechanistic interpretation rather than a virtual cell, reusable simulator, or planning environment.","Primary preprint Methods and Results: six developmental time points, latent neural-ODE reconstruction, short-term prediction, mechanistic gene-regulation fitting, and in silico coupling perturbations.",medium
ALT-3ab5d5dbce77,fresh_alternate_public_search,IDDF2023-ABS-0192 Multi-omics landscape of disease progression characterized by an interpretable multimodal model vec3d,,Hui Tang; Tao Zeng,2023,2023,Clinical Gastroenterology,10.1136/gutjnl-2023-iddf.203,,https://doi.org/10.1136/gutjnl-2023-iddf.203,proceedings-article,crossref,"""disease progression model"" generative intervention",registered,,uncertain,empirical,insufficient_abstract,The relevant-looking multimodal progression title lacks details about temporal dynamics and rollout evaluation.,exclude,not_applicable,no_future_or_action_evaluation,"The iddf2023 abs 0192 multi omics landscape disease progression characterized by study analyzes or reconstructs dynamics but does not directly evaluate future states, actions, rollouts, or planning.",exclude,not_applicable,no_primary_empirical_evaluation,third_full_text_adjudication,"Only a conference abstract is available, without sufficient methods and results to verify a learned multimodal transition model or operational future-state evaluation.",,,,,,,,,,,,
ALT-ad2c2c11044d,fresh_alternate_public_search,Inferring Trajectories of Psychotic Disorders Using Dynamic Causal Modeling.,"INTRODUCTION: Illness course plays a crucial role in delineating psychiatric disorders. However, existing nosologies consider only its most basic features (e.g., symptom sequence, duration). We developed a Dynamic Causal Model (DCM) that characterizes course patterns more fully using dense timeseries data. This foundational study introduces the new modeling approach and evaluates its validity using empirical and simulated data. METHODS: A three-level DCM was constructed to model how latent dynamics produce symptoms of depression, mania, and psychosis. This model was fit to symptom scores of nine patients collected prospectively over four years, following first hospitalization. Simulated subjects based on these empirical data were used to evaluate model parameters at the subject-level. At the group-level, we tested the accuracy with which the DCM can estimate the latent course patterns using Parametric Empirical Bayes (PEB) and leave-one-out cross-validation. RESULTS: Analyses of empirical data showed that DCM accurately captured symptom trajectories for all nine subjects. Simulation results showed that parameters could be estimated accurately (correlations between generative and estimated parameters >= 0.76). Moreover, the model could distinguish different latent course patterns, with PEB correctly assigning simulated patients for eight of nine course patterns. When testing any pair of two specific course patterns using leave-one-out cross-validation, 30 out of 36 pairs showed a moderate or high out-of-samples correlation between the true group-membership and the estimated group-membership values. CONCLUSION: DCM has been widely used in neuroscience to infer latent neuronal processes from neuroimaging data. Our findings highlight the potential of adopting this methodology for modeling symptom trajectories to explicate nosologic entities, temporal patterns that define them, and facilitate personalized treatment.",Jingwen Jin; Peter Zeidman; Karl J Friston; Roman Kotov,2023,2023,"Computational psychiatry (Cambridge, Mass.)",10.5334/cpsy.94,,https://pubmed.ncbi.nlm.nih.gov/38774642/,journal-article,europe_pmc;pubmed,europe_pmc_core;pubmed_core,indexed,,include,empirical,include_empirical,The fitted generative dynamics model simulates symptom trajectories and empirically evaluates trajectory and parameter recovery.,exclude,not_applicable,review_not_primary,This review centers on inferring trajectories psychotic disorders dynamic causal rather than evaluated medical learned world-model dynamics as its primary subject.,exclude,not_applicable,outside_world_model_conceptual_boundary,post_qc_lead_source_sufficiency,Dynamic causal modeling is used to infer latent psychosis trajectories and subgroup structure; the study does not frame the fitted process as a world model or reusable patient simulator and does not use it for planning or control.,include,empirical,fitted_latent_dynamics,"A hierarchical dynamic causal model is fitted to four years of dense symptom time series, reconstructs latent psychosis-course transitions, and is evaluated through parameter-recovery and held-out pattern classification.","Full text, Model and Validation: nine empirical patients, simulated-subject parameter recovery, PEB course-pattern estimation, and leave-one-out comparisons.",high,exclude,not_applicable,outside_world_model_conceptual_boundary,Dynamic causal modeling is used to infer latent psychosis trajectories and subgroup structure; the study does not frame the fitted process as a world model or reusable patient simulator and does not use it for planning or control.,"Version-of-record Methods and Results: generative-embedding inversion of longitudinal psychosis data, parameter clustering, inferred disorder trajectories, and subgroup comparisons.",high
ALT-d3993e000d34,fresh_alternate_public_search,Integrated Longitudinal Population Dose-Hemoglobin Response of Daprodustat Following Dose Titration in Patients With Anemia in Chronic Kidney Disease.,"Daprodustat, a novel oral hypoxia-inducible factor prolyl hydroxylase inhibitor is approved in the United States for the treatment of anemia due to chronic kidney disease (CKD) in adults receiving dialysis for at least 4 months. Pharmacodynamic dose-hemoglobin (Dose-Hgb) models were developed as daprodustat progressed through development. To support global phase III development, a dose-titration algorithm, guided by simulations from the initial Dose-Hgb model based on phase II clinical data, was implemented. This work was to update and re-calibrate this model to support the dose titration algorithm. Data from five pivotal phase III studies in CKD patients with anemia treated with daprodustat once daily (q.d.) and/or three times a week (t.i.w.) using a titration dosing schedule were included. The data comprised 2,770 CKD patients with anemia providing 53,535 Hgb observations over a period of 6 months up to 4 years. This final Dose-Hgb model consisted of a precursor cell compartment and 12 transit compartments to describe the red blood cell (RBC) lifespan. Treatment increased the precursor cell production rate (K in ) by a power of allometrically scaled dose. Disease progression, as an exponential decline of Hgb production rate over time, varied with dialysis status. The dose-titration algorithm resulted in comparable response for t.i.w. dosing relative to q.d. dosing. Titration-based visual predictive checks for Hgb target criteria for the analysis dataset and the prediction dataset showed that the model adequately predicted the observed data. This re-calibrated Dose-Hgb model will provide further support for the individualized dosing strategy in CKD patients with anemia treated with daprodustat.","Mahar KM, van Noort M, van den Berg P, Yang S, Visser SAG, Post TM.",2025,2025-01-28,,10.1002/cpt.3544,,https://europepmc.org/article/MED/39876087,,europe_pmc,europe_pmc_core,indexed,,include,empirical,include_empirical,A data-calibrated dose-conditioned transit model predicts hemoglobin responses and validates titration simulations.,exclude,not_applicable,no_learned_dynamics,The integrated longitudinal population dose hemoglobin response daprodustat following dose titration study uses prescribed mechanistic or statistical dynamics rather than a learned transition mechanism.,exclude,not_applicable,outside_world_model_conceptual_boundary,post_qc_lead_source_sufficiency,This is conventional population dose-response and disease-progression pharmacometrics for daprodustat titration; observed-versus-simulated hemoglobin trajectories do not establish twin or patient-simulator identity.,include,empirical,fitted_action_response_dynamics,"A population dose-response transition with precursor and red-cell transit compartments is fitted to 53,535 longitudinal observations and evaluated by titration-based predictive checks.","Full text, Model development and Evaluation: five Phase III studies, dose-driven production-rate dynamics, dialysis-dependent progression, and observed-versus-simulated hemoglobin trajectories.",high,exclude,not_applicable,outside_world_model_conceptual_boundary,This is conventional population dose-response and disease-progression pharmacometrics for daprodustat titration; observed-versus-simulated hemoglobin trajectories do not establish twin or patient-simulator identity.,"Version-of-record Model development and Evaluation: five Phase III studies, dose-driven red-cell production dynamics, dialysis-dependent progression, titration algorithms, and visual predictive checks.",high
ALT-8e4690fb56cd,fresh_alternate_public_search,Interpretable learning of temporal cellular dynamics from single-cell data.,"Reconstructing temporal cellular dynamics from static single-cell transcriptomics remains a major challenge. Methods based on RNA velocity are useful, but interpreting their results to learn new biology remains difficult, and their predictive power is limited. Here, we propose NeuroVelo, a method that couples learning of an optimal linear projection with non-linear neural ordinary differential equations. Using dynamical systems theory in the optimized latent space, NeuroVelo can at the same time determine cellular transitions and identify gene interactions that drive the observed temporal dynamics of gene expression. We benchmark NeuroVelo against several state-of-the-art methods using single-cell datasets, demonstrating that NeuroVelo simultaneously reconstructs correct cell-type transitions and identifies gene-regulatory networks that drive cell fate directly from the data.","Kouadri Boudjelthia I, Milite S, El Kazwini N, Huang Y, Sottoriva A, Sanguinetti G.",2026,2026-03-01,Cell Reports Methods,10.1016/j.crmeth.2026.101342,,https://europepmc.org/article/MED/41875867,journal-article,crossref;europe_pmc,"""virtual cell"" temporal dynamics;europe_pmc_core",indexed,,include,empirical,include_empirical,Neural ODE dynamics learned from single-cell data are benchmarked on reconstructing cellular transitions.,exclude,not_applicable,no_learned_dynamics,The interpretable learning temporal cellular dynamics single cell data study uses prescribed mechanistic or statistical dynamics rather than a learned transition mechanism.,exclude,not_applicable,outside_world_model_conceptual_boundary,post_qc_lead_source_sufficiency,NeuroVelo reconstructs cellular transitions and gene-regulatory interactions from single-cell data; it is not framed as a virtual cell or reusable dynamic simulator and is not used for planning or closed-loop control.,include,empirical,learned_biological_dynamics,NeuroVelo learns a nonlinear neural-ODE transition in an optimized latent space and directly evaluates cell-type transitions and gene-regulatory dynamics across benchmark single-cell datasets.,"Full text, Method and Benchmark Results: optimal projection plus neural ODE, transition reconstruction, regulatory-network recovery, and comparisons with RNA-velocity methods.",high,exclude,not_applicable,outside_world_model_conceptual_boundary,NeuroVelo reconstructs cellular transitions and gene-regulatory interactions from single-cell data; it is not framed as a virtual cell or reusable dynamic simulator and is not used for planning or closed-loop control.,"Version-of-record Method and Benchmark Results: optimized projection plus neural ODE, transition reconstruction, regulatory-network recovery, and comparisons with RNA-velocity methods.",high
ALT-6b7467bd30eb,fresh_alternate_public_search,Is San Diego California on Track to Reach HCV Elimination? A Modeling Analysis of Combination Prevention Strategies.,"In 2020, the Eliminate Hepatitis C Initiative in the county of San Diego (COSD) was launched, a private-public joint endeavor between the COSD and the American Liver Foundation. We use epidemic modeling to assess whether the COSD is on track to reach its elimination targets (80% reduction in incidence, 65% reduction in hepatitis C virus (HCV)-related mortality by 2030 compared to 2015) and what intervention scale-up may be required. We adapted a previously developed dynamic, deterministic model of HCV transmission and disease progression among adults in the COSD, stratified by risk, age, gender, and human immunodeficiency virus (HIV) status. The model is calibrated to detailed historical epidemiological data on HCV burden, treatment, and mortality in the COSD. We project HCV infections and mortality under status quo HCV treatment (65%/year among people coinfected with HCV and HIV, 0-5%/year among others) and determine what treatment scale-up among those without HIV is required to achieve HCV elimination, with or without concomitant reductions in injection transmission risk from 2024 onward. We project an increase in new HCV infections in the COSD to 2213 [95% C.I.: 1069-3763] in 2030, a mean 91% relative increase between 2015 and 2030. HCV-related deaths are expected to decrease to 246 [95% C.I.: 180-295] in 2030, a mean relative decrease of 14% compared to 2015. The incidence elimination target could be achieved through increasing HCV treatment among those without HIV to a mean of 60%/year, similar to the level achieved among people coinfected with HCV and HIV. Combination interventions reduce the treatment needed; if injecting risk is reduced by 25%, then treating 48%/year could achieve elimination. The COSD is likely not on track to reach the incidence or mortality targets, but achieving the incidence target is possible if treatment rates overall are scaled-up to rates that have been achieved among people coinfected with HCV and HIV. Elimination is achievable but requires committed funding and expansion of comprehensive testing, linkage, and treatment programs alongside harm reduction initiatives.","Cheema JS, Suckow S, Ramers C, Loose P, Tomada A, Tweeten S, Stamos-Buesig T, Abramovitz D, Eger WH, Strathdee SA, Martin NK.",2024,2024-11-22,,10.3390/v16121819,,https://europepmc.org/article/MED/39772129,,europe_pmc,europe_pmc_core,indexed,,include,empirical,include_empirical,A data-calibrated dynamic HCV model projects disease states under treatment and transmission-risk counterfactuals.,exclude,not_applicable,no_future_or_action_evaluation,"The is san diego california track reach hcv elimination combination prevention study analyzes or reconstructs dynamics but does not directly evaluate future states, actions, rollouts, or planning.",exclude,not_applicable,source_policy_excluded,post_adjudication_inclusion_qc,"The article is published in an MDPI journal, which is excluded by the active literature source policy; its transition is also a pre-specified deterministic epidemic model calibrated to aggregate data.",exclude,not_applicable,source_policy_excluded,"The article is published in an MDPI journal, which is excluded by the active literature source policy; its transition is also a pre-specified deterministic epidemic model calibrated to aggregate data.",PMC full text and DOI identify Viruses as the venue; Methods adapt and calibrate a deterministic HCV transmission and progression model.,high,,,,,,
ALT-1989194480f7,fresh_alternate_public_search,Latent process model of the 6-minute walk test in Duchenne muscular dystrophy : A Bayesian approach to quantifying rare disease progression.,"Duchenne muscular dystrophy (DMD) is a rare X-linked genetic pediatric disease characterized by a lack of functional dystrophin production in the body, resulting in muscle deterioration. Lower body muscle weakness progresses to non-ambulation typically by early teenage years, followed by upper body muscle deterioration and ultimately death by the late twenties. The objective of this study was to enhance the quantitative understanding of DMD disease progression through nonlinear mixed effects modeling of the population mean and variability of the 6-min walk test (6MWT) clinical endpoint. An indirect response model with a latent process was fit to digitized literature data using full Bayesian estimation. The modeling data set consisted of 22 healthy controls and 218 DMD patients from one interventional and four observational trials. The model reasonably described the central tendency and population variability of the 6MWT in healthy subjects and DMD patients. An exploratory categorical covariate analysis indicated that there was no apparent effect of corticosteroid administration on DMD disease progression. The population predicted 6MWT began to rise at 1.32 years of age, plateauing at 654 meters (m) at 17.2 years of age for the healthy population. The DMD trajectory reached a maximum of 411 m at 8.90 years before declining and falling below 1 m at age 18.0. The model has potential to be used as a Bayesian estimation and posterior simulation tool to make informed model-based drug development decisions that incorporate prior knowledge with new data.",Janelle L Lennie; John T Mondick; Marc R Gastonguay,2020,2020,Journal of pharmacokinetics and pharmacodynamics,10.1007/s10928-020-09671-7,,https://pubmed.ncbi.nlm.nih.gov/31960231/,journal-article,europe_pmc;pubmed,europe_pmc_core;pubmed_core,indexed,,include,empirical,include_empirical,A data-fitted latent disease dynamics model generates posterior simulations of longitudinal walking trajectories.,exclude,not_applicable,no_future_or_action_evaluation,"The latent process 6 minute walk test duchenne muscular dystrophy bayesian study analyzes or reconstructs dynamics but does not directly evaluate future states, actions, rollouts, or planning.",exclude,not_applicable,outside_world_model_conceptual_boundary,post_qc_lead_source_sufficiency,"The Bayesian latent-process model is conventional Duchenne disease-progression analysis; potential posterior simulation for drug-development decisions does not amount to explicit trial-simulator, patient-simulator, or world-model identity.",include,empirical,fitted_multistep_dynamics,"A Bayesian nonlinear mixed-effects latent process is fitted to longitudinal 6-minute-walk data, evaluates population variability, and supports posterior simulation of complete disease trajectories.","Primary article, Model and Results: 218 Duchenne patients plus controls, full Bayesian estimation, age-dependent rise and decline, and posterior simulation use.",medium,exclude,not_applicable,outside_world_model_conceptual_boundary,"The Bayesian latent-process model is conventional Duchenne disease-progression analysis; potential posterior simulation for drug-development decisions does not amount to explicit trial-simulator, patient-simulator, or world-model identity.","Version-of-record Model and Results: 218 Duchenne patients plus controls, full Bayesian estimation, age-dependent rise and decline of 6MWT, and posterior simulation.",high
ALT-d03766bf85b3,fresh_alternate_public_search,Learning Covariate Relations in Disease Progression Models Using Symbolic Neural Networks.,"Covariate modeling provides individual predictions of outcomes by disease progression models. Current methodology for mapping covariates onto model parameters is limited by predefined parametric functions which can result in inadequate covariate selection and biased predictions by the final model. Furthermore, present methodology scales poorly to high-dimensional data due to combinatorial limitations. In the present study, a novel method for automation of covariate model identification in disease progression models is described. Symbolic neural networks are used to simultaneously identify the parametric covariate functions and optimize model parameters of a Markov chain. By stepwise pruning of initially fully connected dense symbolic networks, humanly readable functions representing the covariate relations are produced. The presented methodology is applied to a dataset containing disease progression observations for type 2 diabetes patients. Although utilizing fewer covariates, the resulting model demonstrates predictive performance similar to that of a model which was developed on the same data using state-of-the-art modeling methodology.","Sundell J, Wahlquist Y, Kjellsson MC, Karlsson MO, Soltesz K.",2026,2026-03-01,,10.1002/psp4.70214,,https://europepmc.org/article/MED/41806166,,europe_pmc,europe_pmc_core,indexed,,include,empirical,include_empirical,Symbolic neural networks learn covariate-conditioned Markov transitions and are evaluated on predictive performance.,exclude,not_applicable,no_future_or_action_evaluation,"The learning covariate relations disease progression symbolic neural networks study analyzes or reconstructs dynamics but does not directly evaluate future states, actions, rollouts, or planning.",exclude,not_applicable,outside_world_model_conceptual_boundary,post_qc_lead_source_sufficiency,The symbolic neural network learns covariate functions and Markov parameters for ordinary diabetes disease-progression prediction; it has no qualifying simulator or twin identity and no planning or control use.,include,empirical,learned_multistate_dynamics,"Symbolic neural networks jointly learn patient-covariate effects and Markov transition parameters from type 2 diabetes progression observations, with predictive performance compared against a manually developed model.","Full text, Method and Application: joint symbolic-function and transition fitting, pruning to readable covariate relations, and diabetes prediction comparison.",high,exclude,not_applicable,outside_world_model_conceptual_boundary,The symbolic neural network learns covariate functions and Markov parameters for ordinary diabetes disease-progression prediction; it has no qualifying simulator or twin identity and no planning or control use.,"Version-of-record Method and Application: joint symbolic-function and transition fitting, pruning to readable covariate relations, and predictive comparison with a manually developed model.",high
ALT-792483034b08,fresh_alternate_public_search,LNODE: Uncovering the Latent Dynamics of A β in Alzheimer's Disease.,"Aβ Positron Emission Tomography (PET) is often used to manage Alzheimer's disease (AD). To better understand Aβ progression, we introduce and evaluate a mathematical model that couples Aβ at parcellated gray matter regions. We term this model LNODE for "" latent network ordinary differential equations "". At each region, we track normal Aβ , abnormal Aβ , and m latent states that intend to capture unobservable mechanisms coupled to Aβ progression. LNODE is parameterized by subject-specific parameters and cohort parameters. We jointly invert for these parameters by fitting the model to Aβ -PET data from 585 subjects from the ADNI dataset. Although underparameterized, our model achieves population R2≥98% compared to R2≤60% when fitting without latent states. Furthermore, these preliminary results suggest the existence of different subtypes of Aβ progression.","Wen Z, Biros G.",2026,2025-09-18,Lecture Notes in Computer Science,10.1007/978-3-032-05182-0_31,,https://europepmc.org/article/MED/41522259,book-chapter,crossref;europe_pmc,"""latent dynamics"" medical;europe_pmc_core",indexed,,include,empirical,include_empirical,A subject-adapted neural ODE models longitudinal amyloid state evolution and is evaluated against PET trajectories.,exclude,not_applicable,no_learned_dynamics,The lnode uncovering latent dynamics alzheimer s disease study uses prescribed mechanistic or statistical dynamics rather than a learned transition mechanism.,exclude,not_applicable,outside_world_model_conceptual_boundary,post_qc_lead_source_sufficiency,LNODE is a fitted latent amyloid-progression model used for trajectory explanation and subtype analysis; it is not framed as a digital twin or reusable patient simulator and is not used for planning or closed-loop control.,include,empirical,fitted_multistep_dynamics,LNODE fits subject- and cohort-level latent ODE transitions to regional amyloid-PET trajectories and directly evaluates longitudinal fit and progression subtypes.,"Full text, Model and Results: 585 ADNI subjects, joint parameter inversion, regional normal/abnormal amyloid states, latent mechanisms, and trajectory R-squared.",high,exclude,not_applicable,outside_world_model_conceptual_boundary,LNODE is a fitted latent amyloid-progression model used for trajectory explanation and subtype analysis; it is not framed as a digital twin or reusable patient simulator and is not used for planning or closed-loop control.,"Version-of-record Model and Results: 585 ADNI subjects, joint parameter inversion, regional normal and abnormal amyloid states, latent mechanisms, and longitudinal fit.",high
ALT-7109e80d2138,fresh_alternate_public_search,Longitudinal Synthetic Data Generation by Artificial Intelligence to Accelerate Clinical and Translational Research in Breast Cancer.,"PURPOSE: Real-world data (RWD) are critical for breast cancer (BC) research but are limited by privacy concerns, missing information, and data fragmentation. This study explores synthetic data (SD) generated through advanced generative models to address these challenges and create harmonized longitudinal data sets. METHODS: A data set of 1052 patients with human epidermal growth factor receptor 2-positive and triple-negative BC from the Informatics for Integrating Biology and the Bedside (i2b2) platform was used. Advanced generative models, including generative adversarial networks (GANs), variational autoencoders (VAEs), and language models (LMs), were applied to generate synthetic longitudinal data sets replicating disease progression, treatment patterns, and clinical outcomes. The Synthethic Validation Framework (SAFE) powered by Train was used to evaluate the fidelity, utility, and privacy. SD were tested across three settings: (1) integration with i2b2 for privacy-preserving data sets; (2) multistate disease modeling to predict clinical outcomes; and (3) generation of synthetic control groups for clinical trials. RESULTS: The synthetic data sets exhibited high fidelity (score 0.94) and ensured privacy, with temporal patterns validated through time-series analyses and Uniform Manifold Approximation and Projection embeddings. In setting A, SD accurately mirrored RWD on the i2b2 platform while maintaining privacy. In setting B, incorporating SD improved the predictive performance of a multistate disease progression model, increasing the C-index by up to 10%. In setting C, SD replicated the end points of the APT trial, demonstrating its feasibility for generating synthetic control arms with preserved statistical properties of the real data set. CONCLUSION: AI-generated longitudinal SD effectively address key challenges in RWD use in BC. This approach can improve translational research and clinical trial design while ensuring robust privacy protection. Integration with platforms such as i2b2 highlights their scalability and potential for broader applications in oncology.",Elena Zazzetti; Saverio D'Amico; Flavia Jacobs; Rita De Sanctis; Lorenzo Chiudinelli; Mariangela Gaudio; Gianluca Asti; Mattia Delleani; Elisabetta Sauta; Mirco Quintavalla; Alessandro Bruseghini; Luca Lanino; Giulia Maggioni; Alessia Campagna; Victor Savevski; Matteo G Della Porta; Alberto Zambelli,2025,2025,JCO clinical cancer informatics,10.1200/cci-25-00033,,https://pubmed.ncbi.nlm.nih.gov/41197110/,journal-article,europe_pmc;pubmed,europe_pmc_core;pubmed_core,indexed,,include,empirical,include_empirical,Generative models learn longitudinal cancer trajectories and are evaluated as synthetic disease and trial simulators.,include,empirical,include_empirical,The longitudinal synthetic data generation by artificial intelligence accelerate clinical translational study learns or calibrates temporal dynamics and directly evaluates intervention-conditioned rollouts or planning outcomes.,exclude,not_applicable,generative_augmentation_only,post_adjudication_inclusion_qc,"The generative models are evaluated for synthetic-data fidelity, privacy, and downstream utility; they do not directly evaluate a learned transition through future-state forecasting, recursive rollout, or action response.",exclude,not_applicable,generative_augmentation_only,"The generative models are evaluated for synthetic-data fidelity, privacy, and downstream utility; they do not directly evaluate a learned transition through future-state forecasting, recursive rollout, or action response.","Full text, SAFE evaluation and three settings: synthetic i2b2 integration, downstream multistate modeling, and synthetic trial-control replication.",high,,,,,,
ALT-d6abe9c98cda,fresh_alternate_public_search,Mapping the future of medicine through digital twins.,"Digital twins are rapidly gaining popularity in medicine and the health sciences, as they offer not merely a new method but a versatile paradigm capable of addressing a wide range of healthcare challenges. In this paper, we provide a focused survey of these developments and highlight promising approaches across several fields, including general health systems, cardiology, oncology, and mental health. We also discuss the key challenges and future directions for general medical digital twin systems.",Frank Emmert-Streib; Shailesh Tripathi; Olli Yli-Harja,2026,2026,Frontiers in molecular medicine,10.3389/fmmed.2026.1840371,,https://pubmed.ncbi.nlm.nih.gov/42130902/,journal-article,europe_pmc;pubmed,europe_pmc_core;pubmed_core,indexed,,exclude,review,review_not_primary,Provides a generic medical digital-twin survey without a focused world-model evidence synthesis.,include,review,include_review,"This review primarily synthesizes dynamic medical digital twins for mapping future medicine through digital twins, including prediction, simulation, or intervention use.",exclude,not_applicable,review_scope_too_broad,post_adjudication_inclusion_qc,"The focused survey spans general health systems, cardiology, oncology, and mental health at a conceptual level; learned or adapted dynamics with direct rollout evidence are not a central evidence category.",exclude,not_applicable,review_scope_too_broad,"The focused survey spans general health systems, cardiology, oncology, and mental health at a conceptual level; learned or adapted dynamics with direct rollout evidence are not a central evidence category.","Full text sections: What are digital twins; applications in general health, heart, oncology, and mental health; challenges and future directions.",high,,,,,,
ALT-e928d3e6cc41,fresh_alternate_public_search,Maximizing Knowledge Extraction From Patient-Reported Outcome Data Using Exposure-Outcome Item Response Modeling Approach: Understanding Efavirenz-Induced Central Nervous System Toxicity.,"This investigation was undertaken to maximally extract hidden knowledge from an efavirenz-based trial data set using an item response theory-based approach to exposure-outcome analysis. The aim was to understand the influence of efavirenz exposure on the underlying neuropsychiatric impairment in HIV/AIDS patients. Data from 196 individuals with 4136 neuropsychiatric impairment symptom observations at baseline and 2 and 12 weeks of 600-mg efavirenz-based therapy was analyzed. The 7 symptoms were categorized as sleep disorders (3), hallucinations (3), and cognitive impairment (1). A longitudinal item response theory model incorporating 3 latent variables based on the symptom categories and a linear disease progression model with a symptomatic drug effect was developed in NONMEM 7.4.1. The model adequately characterized the observed symptoms and revealed the hidden knowledge on the informativeness of symptoms in characterizing the underlying neuropsychiatric impairment. Informativeness, which was affected by underlying impairment severity and efavirenz therapy duration, varied among symptoms. Sleep disorders were the most efavirenz-sensitive symptom category. Vivid dreams and auditory hallucinations were most informative in their respective symptom categories. Mini-Mental State Examination score cutoff levels used to classify the severity of cognitive impairment did not distinctively correspond with neuropsychiatric impairment severity. Efavirenz treatment effect on the severity of neuropsychiatric impairment was not more than 15%. Simulation of individual symptoms at the 400-mg dose only reduced the prevalence of sleep disorder symptoms. Use of the exposure-item response theory modeling approach maximally extracted hidden knowledge about efavirenz-induced neuropsychiatric impairment and appropriately characterized the impact of dose reduction on specific neuropsychiatric impairment symptoms.",Karungi S Bisaso; Kuteesa R Bisaso; Jackson K Mukonzo; Ene I Ette,2020,2020,Journal of clinical pharmacology,10.1002/jcph.1570,,https://pubmed.ncbi.nlm.nih.gov/32096561/,journal-article,europe_pmc;pubmed,europe_pmc_core;pubmed_core,indexed,,include,empirical,include_empirical,A trial-fitted dose-conditioned longitudinal model simulates symptom responses under alternative efavirenz dosing.,exclude,not_applicable,no_future_or_action_evaluation,"The maximizing knowledge extraction patient reported outcome data exposure outcome item study analyzes or reconstructs dynamics but does not directly evaluate future states, actions, rollouts, or planning.",exclude,not_applicable,outside_world_model_conceptual_boundary,post_qc_lead_source_sufficiency,The longitudinal item-response model is conventional exposure-outcome pharmacometrics with alternative-dose symptom simulation; it lacks qualifying twin or patient-simulator identity and iterative planning or control.,include,empirical,fitted_action_response_dynamics,"A longitudinal item-response transition is fitted to repeated neuropsychiatric symptoms and efavirenz exposure, then used to simulate symptom trajectories under alternative dosing.","Primary article abstract and model description: 4,136 observations, latent impairment progression, drug effect, model fit, and 400-mg symptom simulations.",medium,exclude,not_applicable,outside_world_model_conceptual_boundary,The longitudinal item-response model is conventional exposure-outcome pharmacometrics with alternative-dose symptom simulation; it lacks qualifying twin or patient-simulator identity and iterative planning or control.,"Version-of-record model and results: 4,136 symptom observations, latent impairment progression, efavirenz exposure effect, model fit, and 400-mg symptom simulations.",high
ALT-6d957ad1c16c,fresh_alternate_public_search,Med-Real2Sim: Non-Invasive Medical Digital Twins using Physics-Informed Self-Supervised Learning and Virtual Patient Breathing Simulator using VR,,,2026,2026,Iconic Research and Engineering Journals,10.64388/irev9i9-1715434,,https://doi.org/10.64388/irev9i9-1715434,journal-article,crossref,"""patient simulator"" clinical",registered,,uncertain,empirical,insufficient_abstract,The relevant digital-twin title lacks details needed to distinguish learned breathing dynamics from physics simulation.,uncertain,empirical,insufficient_abstract,"The med real2sim non invasive medical digital twins physics informed self title plausibly denotes learned medical dynamics, but the missing abstract does not establish direct future or action evaluation.",exclude,not_applicable,duplicate_publication,post_adjudication_inclusion_qc,The DOI record reproduces and extends the title of the earlier complete Med-Real2Sim preprint without a separately auditable methods contribution; the stable original lineage should be retained instead.,exclude,not_applicable,duplicate_publication,The DOI record reproduces and extends the title of the earlier complete Med-Real2Sim preprint without a separately auditable methods contribution; the stable original lineage should be retained instead.,"Lineage check: the core work is available as arXiv:2403.11718, while the 2026 low-signal DOI adds a VR phrase but exposes no separate stable methods/results text.",high,,,,,,
ALT-467729658e57,fresh_alternate_public_search,Medical digital twin insights: Enhancing cancer treatment through generative modeling.,"Medical digital twins enhanced with generative modelling represent a revolutionary advancement in cancer therapy. These computerized models replicate the biological processes of individual patients, enabling clinicians to better understand tumour behaviour and predict treatment responses. By integrating large-scale datasets, including genetic profiles, medical imaging, and clinical information, this technology supports a shift from conventional one-size-fits-all treatment approaches toward personalised cancer care. Medical digital twins utilise artificial intelligence-driven generative modelling to simulate cancer progression and therapeutic interactions. These models combine multimodal patient-specific data to generate dynamic, real-time simulations. Various treatment scenarios, involving both synthetic and natural therapeutic options, are computationally tested to predict cellular responses, efficacy, and toxicity before clinical application. The use of medical digital twins allows accurate forecasting of tumour behaviour and treatment outcomes. By pre-testing multiple therapeutic strategies, this approach significantly reduces clinical risks while improving treatment effectiveness. The ability to predict both efficacy and toxicity leads to safer, more efficient treatment selection compared to traditional methods. Medical digital twins promote a precise, patient-centred approach to cancer therapy by tailoring treatments based on individual genetic and molecular profiles. As AI-driven personalised medicine continues to evolve, the integration of generative modelling with digital twins is expected to enhance treatment success rates and improve patient quality of life. Ultimately, this technology transforms traditional cancer care into a dynamic, adaptive, and personalised healthcare model.",Panneerselvam Theivendren; Surabhi Panneerselvam; Selvaraj Kunjiappan; Deepalakshmi Mani; Arun Kanniyappan Parthasarathy,2026,2026,Computational biology and chemistry,10.1016/j.compbiolchem.2026.109074,,https://pubmed.ncbi.nlm.nih.gov/42025266/,journal-article,europe_pmc;pubmed,europe_pmc_core;pubmed_core,indexed,,include,review,include_review,Synthesizes generative cancer digital twins that simulate progression and treatment-response scenarios.,include,review,include_review,"This review primarily synthesizes dynamic medical digital twins for medical digital twin insights enhancing cancer treatment through generative, including prediction, simulation, or intervention use.",exclude,not_applicable,review_scope_too_broad,post_adjudication_inclusion_qc,The article gives a high-level narrative of generative twins in cancer but no reproducible review method or central evidence synthesis of learned transitions and operational dynamics evaluations.,exclude,not_applicable,review_scope_too_broad,The article gives a high-level narrative of generative twins in cancer but no reproducible review method or central evidence synthesis of learned transitions and operational dynamics evaluations.,"Publisher abstract: general claims about multimodal data, tumor behavior, treatment simulation, efficacy, and toxicity without a searchable evidence-selection protocol.",high,,,,,,
ALT-a864b2e17b7a,fresh_alternate_public_search,Medical Digital Twin: A Review on Technical Principles and Clinical Applications.,"The usage of digital twins (DTs) is growing across a wide range of businesses. The health sector is one area where DT use has recently increased. Ultimately, the concept of digital health twins holds the potential to enhance human existence by transforming disease prevention, health preservation, diagnosis, treatment, and management. Big data's explosive expansion, combined with ongoing developments in data science (DS) and artificial intelligence (AI), might greatly speed up research and development by supplying crucial data, a strong cyber technical infrastructure, and scientific know-how. The field of healthcare applications is still in its infancy, despite the fact that there are several DT programs in the military and industry. This review's aim is to present this cutting-edge technology, which focuses on neurology, as one of the most exciting new developments in the medical industry. Through innovative research and development in DT technology, we anticipate the formation of a global cooperative effort among stakeholders to improve health care and the standard of living for millions of people globally.",Mario Tortora; Francesco Pacchiano; Suely Fazio Ferraciolli; Sabrina Criscuolo; Cristina Gagliardo; Katya Jaber; Manuel Angelicchio; Francesco Briganti; Ferdinando Caranci; Fabio Tortora; Alberto Negro,2025,2025,Journal of clinical medicine,10.3390/jcm14020324,,https://pubmed.ncbi.nlm.nih.gov/39860329/,journal-article,europe_pmc;pubmed,europe_pmc_core;pubmed_core,indexed,,include,review,include_review,Synthesizes medical digital-twin technical principles and clinical applications as a healthcare-focused translational review.,include,review,include_review,"This review primarily synthesizes dynamic medical digital twins for medical digital twin review technical principles clinical applications, including prediction, simulation, or intervention use.",exclude,not_applicable,source_policy_excluded,post_adjudication_inclusion_qc,"The review is published in an MDPI journal, which is excluded by the active literature source policy; its scope also broadly covers principles and applications rather than transition evidence.",exclude,not_applicable,source_policy_excluded,"The review is published in an MDPI journal, which is excluded by the active literature source policy; its scope also broadly covers principles and applications rather than transition evidence.",PMC full text and DOI identify Journal of Clinical Medicine as the venue.,high,,,,,,
ALT-e1af18d97abc,fresh_alternate_public_search,Medical digital twins: enabling precision medicine and medical artificial intelligence.,"The notion of medical digital twins is gaining popularity both within the scientific community and among the general public; however, much of the recent enthusiasm has occurred in the absence of a consensus on their fundamental make-up. Digital twins originate in the field of engineering, in which a constantly updating virtual copy enables analysis, simulation, and prediction of a real-world object or process. In this Health Policy paper, we evaluate this concept in the context of medicine and outline five key components of the medical digital twin: the patient, data connection, patient-in-silico, interface, and twin synchronisation. We consider how various enabling technologies in multimodal data, artificial intelligence, and mechanistic modelling will pave the way for clinical adoption and provide examples pertaining to oncology and diabetes. We highlight the role of data fusion and the potential of merging artificial intelligence and mechanistic modelling to address the limitations of either the AI or the mechanistic modelling approach used independently. In particular, we highlight how the digital twin concept can support the performance of large language models applied in medicine and its potential to address health-care challenges. We believe that this Health Policy paper will help to guide scientists, clinicians, and policy makers in creating medical digital twins in the future and translating this promising new paradigm from theory into clinical practice.",Christoph Sadée; Stefano Testa; Thomas Barba; Katherine Hartmann; Maximilian Schuessler; Alexander Thieme; George M Church; Ifeoma Okoye; Tina Hernandez-Boussard; Leroy Hood; Ilya Shmulevich; Ellen Kuhl; Olivier Gevaert,2025,2025,The Lancet. Digital health,10.1016/j.landig.2025.02.004,,https://pubmed.ncbi.nlm.nih.gov/40518342/,journal-article,europe_pmc;pubmed,europe_pmc_core;pubmed_core,indexed,,include,review,include_review,"Defines medical digital-twin components and synthesizes enabling technologies, clinical examples, and translation challenges.",include,review,include_review,"This review primarily synthesizes dynamic medical digital twins for medical digital twins enabling precision medicine medical artificial intelligence, including prediction, simulation, or intervention use.",exclude,not_applicable,review_not_primary,third_full_text_adjudication,This broad medical-digital-twin review emphasizes precision-medicine concepts and enabling technologies rather than a central synthesis of evaluated learned transition systems.,,,,,,,,,,,,
ALT-e81d9308267a,fresh_alternate_public_search,Medical sensor network and machine learning-enabled digital twins for diagnostic and therapeutic purposes,,Md. AFROZ; Emmanuel Nyawende,2025,2025,Blockchain and Digital Twin for Smart Healthcare,10.1016/b978-0-443-30300-5.00009-9,,https://doi.org/10.1016/b978-0-443-30300-5.00009-9,book-chapter,crossref,"""medical digital twin"" trajectory",registered,,uncertain,not_applicable,insufficient_abstract,The relevant-looking title lacks details needed to assess learned dynamics and therapeutic-response evaluation.,exclude,not_applicable,no_learned_dynamics,"The medical sensor network machine learning enabled digital twins diagnostic therapeutic record describes a static, conceptual, or mechanistic twin without learned temporal transitions.",exclude,not_applicable,review_not_primary,third_full_text_adjudication,The book chapter surveys sensor networks and machine learning for diagnostic and therapeutic twins without substantial synthesis of learned dynamics evaluations.,,,,,,,,,,,,
ALT-654a209caf98,fresh_alternate_public_search,Model-informed Clinical Trial Design for Autosomal Dominant Tubulointerstitial Kidney Disease: Integrating Disease Progression and Trial Simulation,,Shyam Ramesh; Mark Rogge; Jongjin Kim; Sanghoon Kang; Kendrah Kidd; Adrienne Williams; Julie Roignot; Katherine Blakeslee; Anthony Bleyer; Sarah Kim,2026,2026,Model-informed Clinical Trial Design for Autosomal Dominant Tubulointerstitial Kidney Disease: Integrating Disease Progression and Trial Simulation,10.70534/tixj4043,,https://doi.org/10.70534/tixj4043,proceedings-article,crossref,"""disease progression model"" generative intervention",registered,,exclude,empirical,no_learned_dynamics,"Title describes disease-progression and clinical-trial simulation, an excluded model-informed trial-design application.",uncertain,empirical,insufficient_abstract,"The informed clinical trial design autosomal dominant tubulointerstitial kidney disease integrating title plausibly denotes learned medical dynamics, but the missing abstract does not establish direct future or action evaluation.",exclude,not_applicable,duplicate_publication,third_full_text_adjudication,This conference record is a less complete version of the retained full article on ADTKD disease-progression and clinical-trial simulation.,,,,,,,,,,,,
ALT-95bfe14c6a9e,fresh_alternate_public_search,"Modeling and Remodeling the Cell: How Digital Twins and HCMV Can Elucidate the Complex Interactions of Viral Latency, Epigenetic Regulation, and Immune Responses.","Purpose of review Human cytomegalovirus (HCMV), while asymptomatic in most, causes significant complications during fetal development, following transplant or in immunosuppressed individuals. The host-virus interactions regulating viral latency and reactivation and viral control of the cellular environment (immune regulation, differentiation, epigenetics) are highly complex. Understanding these processes is essential to controlling infection and can be leveraged as a novel approach for understanding basic cell biology. Recent findings Immune digital twins (IDTs) are digital simulations integrating knowledge of human immunology, physiology, and patient-specific clinical data to predict individualized immune responses and targeted treatments. Recent studies used IDTs to elucidate mechanisms of T cells, dendritic cells, and epigenetic control-all key to HCMV biology. Summary Here, we discuss how leveraging the unique biology of HCMV and IDTs will clarify immune response dynamics, host-virus interactions, and viral latency and reactivation and serve as a powerful IDT-validation platform for individualized and holistic health management.","McMahon-Cole H, Johnson A, Sadat Aghamiri S, Helikar T, Crawford LB.",2023,2023-07-29,,10.1007/s40588-023-00201-w,,https://europepmc.org/article/MED/37901689,,europe_pmc,europe_pmc_core,indexed,,exclude,review,review_not_primary,Reviews HCMV biology and proposes immune digital twins without a world-model taxonomy or evidence synthesis.,include,review,include_review,"This review primarily synthesizes dynamic medical digital twins for remodeling cell how digital twins hcmv can elucidate complex interactions, including prediction, simulation, or intervention use.",exclude,not_applicable,review_not_primary,third_full_text_adjudication,"The HCMV article is a conceptual review of viral latency and digital-twin possibilities, dominated by mechanistic biology rather than evaluated learned transition systems.",,,,,,,,,,,,
ALT-bf194e895160,fresh_alternate_public_search,Modeling Disease Progression with Generative Time Series Models: A New Approach to Complex Disease Trajectories,,B. Abisha; V. Sheeja Kumari; V. Suresh Kumar; Wilfred N.R. Blessing,2025,2025,Advances in Deep Generative Models for Healthcare and Medical Applications,10.1201/9781003602088-5,,https://doi.org/10.1201/9781003602088-5,book-chapter,crossref,"""disease progression model"" generative intervention",registered,,uncertain,not_applicable,insufficient_abstract,"The title suggests generative disease trajectories, but no abstract establishes rollout or transition-model evaluation.",uncertain,empirical,insufficient_abstract,"The disease progression generative time series complex disease trajectories title plausibly denotes learned medical dynamics, but the missing abstract does not establish direct future or action evaluation.",exclude,not_applicable,inaccessible_full_text,third_full_text_adjudication,"The book-chapter record identifies generative time-series disease modeling, but sufficient stable primary text was unavailable to verify its review scope, methods, or evaluated dynamics.",,,,,,,,,,,,
ALT-48f2148b8918,fresh_alternate_public_search,Modeling neural coding in the auditory midbrain with high resolution and accuracy,"Computational models of auditory processing can be valuable tools for research and technology development. Models of the cochlea are highly accurate and widely used, but models of the auditory brain lag far behind in both performance and penetration. Here, we present ICNet, a model that provides accurate simulation of neural dynamics in the inferior colliculus across a wide range of sounds, including near-perfect simulation of responses to speech. We developed ICNet using deep learning and large-scale intracranial recordings from gerbils, addressing three key modeling challenges that are common across all sensory systems: capturing the full statistical complexity of neuronal response patterns; accounting for physiological and experimental non-stationarity; and extracting features of sensory processing that are shared across different brains. ICNet can be used to simulate activity from thousands of neural units or to provide a compact representation of central auditory processing through its latent dynamics, facilitating a wide range of hearing and audio applications.","Drakopoulos F, Pellatt L, Sabesan S, Xia Y, Fragner A, Lesica NA.",2024,2024-06-19,,10.1101/2024.06.17.599294,,https://europepmc.org/article/PPR/PPR869823,,europe_pmc,europe_pmc_core,indexed,,include,empirical,include_empirical,Learns stimulus-conditioned neural dynamics and directly validates simulated neural responses across diverse sounds.,exclude,not_applicable,no_future_or_action_evaluation,"The neural coding auditory midbrain high resolution accuracy study analyzes or reconstructs dynamics but does not directly evaluate future states, actions, rollouts, or planning.",exclude,not_applicable,duplicate_publication,third_full_text_adjudication,This preprint is the earlier version of the retained peer-reviewed auditory-midbrain neural-coding study.,,,,,,,,,,,,
ALT-87a660788a1b,fresh_alternate_public_search,Multiscale mathematical model-informed reinforcement learning optimizes combination treatment scheduling in glioblastoma evolution.,"Dynamic tumor-microenvironment interactions greatly affect growth and drug resistance, highlighting the importance and challenge of developing mathematical models to optimize treatment schedules. Here, we describe a multiscale mathematical model-informed reinforcement learning (M4RL) framework to simulate dynamic tumor-microenvironment interactions and optimize drug combination scheduling. We first develop a multiscale agent-based model (MSABM) for a critical biological scenario where interactions between tumor-associated macrophages (TAMs) and tumor cells (TCs) underlie immunotherapy resistance in glioblastoma. Next, we learn a surrogate model based on Fokker-Planck equations for the MSABM using a physics-informed neural network approach. We then design a surrogate model-based reinforcement learning method, using an efficient parallel actor-critic algorithm, to predict optimal scheduling of combination treatments. The most effective regimen of dynamic combination of CSF1R inhibitor (targeting TAMs) and IGF1R inhibitor (targeting TCs) is identified and then verified using spatial transcriptomic data. Overall, the M4RL framework introduces a computational approach for characterizing tumor-microenvironment interactions and optimizing dynamic scheduling of drug combinations.",Zeming Liu; Ji Zhang; Liu Hong; Qing Nie; Xiaoqiang Sun,2025,2025,Science advances,10.1126/sciadv.adv3316,,https://pubmed.ncbi.nlm.nih.gov/40779623/,journal-article,europe_pmc;pubmed,europe_pmc_core;pubmed_core,indexed,,include,empirical,include_empirical,A learned tumor-dynamics surrogate is evaluated for reinforcement-learning treatment scheduling and transcriptomically verified.,include,empirical,include_empirical,The multiscale mathematical informed reinforcement learning optimizes combination treatment scheduling glioblastoma study learns or calibrates temporal dynamics and directly evaluates intervention-conditioned rollouts or planning outcomes.,exclude,not_applicable,no_learned_dynamics,third_full_text_adjudication,"The tumor dynamics come from a hand-specified agent-based model; the learned surrogate is trained on that simulator, while spatial transcriptomic data only initialize or check scenarios rather than fit transitions.",,,,,,,,,,,,
ALT-c8668820c69c,fresh_alternate_public_search,Myo-ODE: continuous-time trajectory reconstruction and risk prediction of high myopia via neural ordinary differential equations.,"The global surge in childhood myopia necessitates robust screening tools for early risk stratification; however, conventional predictive models often struggle with irregular follow-up intervals and fail to capture the continuous nature of refractive development. We propose Myo-ODE, a continuous-time framework based on Neural Ordinary Differential Equations (Neural ODEs) to predict high myopia risk. Unlike traditional discrete machine learning models, Myo-ODE parameterizes the derivative of the refractive state, allowing myopia progression to be represented as a continuous latent dynamic flow. This architecture explicitly accommodates non-uniform screening intervals and supports temporal interpolation and cautious short-term extrapolation within the observed follow-up horizon. Evaluated on a longitudinal dataset ( N = 4,973), Myo-ODE achieved the highest F1-score of 0.8000 (95% CI: 0.7741-0.8256) and Recall of 0.7812 (95% CI: 0.7518-0.8103), while maintaining a competitive AUC of 0.9834 (95% CI: 0.9781-0.9887). Furthermore, our framework reconstructs individualized refractive progression trajectories and provides an interpretable estimate of the model-learned progression momentum of SE change. By bridging the gap between discrete clinical observations and continuous trajectory-level modeling, Myo-ODE offers a promising tool for personalized myopia surveillance in real-world screening environments.","Zhao N, Zheng R, Lu J, Huang Z, Li C, Dai C, Enbei X, Wang J.",2026,2026-07-09,,10.3389/fpubh.2026.1897882,,https://europepmc.org/article/MED/42494919,,europe_pmc,europe_pmc_core,indexed,,include,empirical,include_empirical,Myo-ODE learns continuous refractive dynamics and directly predicts future high-myopia risk from longitudinal clinical data.,exclude,not_applicable,no_learned_dynamics,The myo ode continuous time trajectory reconstruction risk prediction high myopia study uses prescribed mechanistic or statistical dynamics rather than a learned transition mechanism.,exclude,not_applicable,outside_world_model_conceptual_boundary,post_qc_lead_source_sufficiency,Myo-ODE reconstructs refractive trajectories and predicts high-myopia risk; it is an ordinary progression and forecasting model rather than an explicitly framed twin or reusable simulator and is not used for planning or control.,include,empirical,learned_multistep_dynamics,"Myo-ODE learns continuous refractive-state transitions from irregular longitudinal screening data and directly evaluates interpolation, short-term extrapolation, individualized trajectories, and risk prediction.","Full text, Methods and Results: 4,973 longitudinal records, neural ODE trajectory reconstruction, held-out intervals, F1/recall/AUC, and progression-momentum interpretation.",high,exclude,not_applicable,outside_world_model_conceptual_boundary,Myo-ODE reconstructs refractive trajectories and predicts high-myopia risk; it is an ordinary progression and forecasting model rather than an explicitly framed twin or reusable simulator and is not used for planning or control.,"Version-of-record Methods and Results: 4,973 longitudinal records, neural-ODE interpolation and short-term extrapolation, individualized trajectories, and risk-prediction metrics.",high
ALT-a5b2a549c79e,fresh_alternate_public_search,Neurobiologically realistic neural network enables cross-scale modeling of neural dynamics.,"Fundamental principles underlying computation in multi-scale brain networks illustrate how multiple brain areas and their coordinated activity give rise to complex cognitive functions. Whereas brain activity has been studied at the micro- to meso-scale to reveal the connections between the dynamical patterns and the behaviors, investigations of neural population dynamics are mainly limited to single-scale analysis. Our goal is to develop a cross-scale dynamical model for the collective activity of neuronal populations. Here we introduce a bio-inspired deep learning approach, termed NeuroBondGraph Network (NBGNet), to capture cross-scale dynamics that can infer and map the neural data from multiple scales. Our model not only exhibits more than an 11-fold improvement in reconstruction accuracy, but also predicts synchronous neural activity and preserves correlated low-dimensional latent dynamics. We also show that the NBGNet robustly predicts held-out data across a long time scale (2 weeks) without retraining. We further validate the effective connectivity defined from our model by demonstrating that neural connectivity during motor behaviour agrees with the established neuroanatomical hierarchy of motor control in the literature. The NBGNet approach opens the door to revealing a comprehensive understanding of brain computation, where network mechanisms of multi-scale activity are critical.","Chang YJ, Chen YI, Yeh HC, Santacruz SR.",2024,2024-03-01,,10.1038/s41598-024-54593-w,,https://europepmc.org/article/MED/38429297,,europe_pmc,europe_pmc_core,indexed,,exclude,empirical,no_future_or_action_evaluation,"NBGNet learns neural dynamics but evaluates cross-scale reconstruction and held-out mapping, not future-state rollouts.",include,empirical,include_empirical,The neurobiologically realistic neural network enables cross scale neural dynamics study learns or calibrates temporal dynamics and directly evaluates intervention-conditioned rollouts or planning outcomes.,exclude,not_applicable,no_future_or_action_evaluation,third_full_text_adjudication,NBGNet reconstructs simultaneous neural signals across recording scales and compares within-trial latent traces; it does not evaluate autonomous future-state rollout or intervention response.,,,,,,,,,,,,
ALT-e32f66429421,fresh_alternate_public_search,New PK/PD model directly links diabetes drug dose to blood glucose level for personalized care.,"The management of diabetes mellitus focuses on close monitoring of a patient's blood glucose level while the clinician experiments with a dosing strategy using clinical guidelines and his/her own experience. We propose a pharmacokinetic and pharmacodynamics model that characterizes the dose-response of patients receiving anti-diabetic drug therapy. We derive and establish a direct relationship between drug dosage and blood glucose level. This new drug-dose drug-effect model, combined with a linear disease progression model, is used to fit the patient's daily self-monitored blood glucose (SMBG) data to obtain the personalized treatment effect for each patient. The model predicts the long-term drug effect using the prescribed dose, thus allowing for dose optimization. The model is evaluated on patients with gestational diabetes mellitus. SMBG data collected during the first month of treatment is used to train the model. The model is able to characterize the personalized dose-response and disease progression. Moreover, when compared to a descriptive autoregression model, our model gives a better long-term prediction of the drug effect on the trend of the blood glucose level. This mechanism-based treatment effect model utilizes daily recorded blood glucose data to estimate and predict a patient's personalized dose-response and disease progression. Such evidence can be used by clinicians to individualize and optimize dose regimens to achieve better treatment outcomes.",Eva K Lee; Xin Wei; Michael D Wright; Francine Baker-Witt,2022,2022,AMIA ... Annual Symposium proceedings. AMIA Symposium,,,https://pubmed.ncbi.nlm.nih.gov/37128362/,journal-article,europe_pmc;pubmed,europe_pmc_core;pubmed_core,indexed,,include,empirical,include_empirical,Personalized PK/PD dynamics are fitted from glucose data and evaluated for dose-response prediction and optimization.,exclude,not_applicable,no_learned_dynamics,The pk pd directly links diabetes drug dose blood glucose level study uses prescribed mechanistic or statistical dynamics rather than a learned transition mechanism.,exclude,not_applicable,outside_world_model_conceptual_boundary,post_qc_lead_source_sufficiency,"The personalized dose-glucose model is conventional PK/PD and linear disease-progression analysis; long-term response forecasting and dose optimization do not establish a patient-simulator, twin, or planning-environment identity.",include,empirical,fitted_action_response_dynamics,"A personalized dose-glucose transition plus disease-progression term is fitted to daily self-monitored glucose, then evaluated for long-term drug-response forecasting and dose optimization.","Full text, Model and Results: first-month gestational-diabetes data used for fitting, personalized dose-response estimation, and comparison with autoregression for later glucose trends.",high,exclude,not_applicable,outside_world_model_conceptual_boundary,"The personalized dose-glucose model is conventional PK/PD and linear disease-progression analysis; long-term response forecasting and dose optimization do not establish a patient-simulator, twin, or planning-environment identity.","Version-of-record Model and Results: first-month gestational-diabetes data used for fitting, personalized dose-response estimation, and later glucose-trend comparison with autoregression.",high
ALT-ae6a889ecec3,fresh_alternate_public_search,Operations (Management) Warp Speed: Parsimonious Design for Rapid Deployment of Hospital Prediction and Decision Support Framework during a Pandemic,"At the onset of the COVID-19 pandemic, hospitals were in dire need of data-driven analytics to provide support for critical, expensive, and challenging decisions. Yet, the majority of analytics being developed were targeted toward state- and national-level policy decisions, with little availability of actionable information to support tactical and operational decision making and execution at the hospital level. To fill this gap, we developed a multi-method framework leveraging a parsimonious design philosophy that allows for rapid deployment of high-impact predictive and prescriptive analytics in a time-sensitive, dynamic, limited data environment such as a novel pandemic. Our framework integrates disease progression models tailored to data availability during different stages of the pandemic with a stochastic network model of patient movements among units within individual hospitals to forecast time-varying patient workload and demand for critical resources. Both components employ adaptive tuning to account for hospital-dependent, time-varying parameters that provide consistently accurate predictions as changes in system dynamics are learned over time. The product of this research is a workload prediction and decision support framework customized to individual hospital that specifically targets actionable information based on hospital needs. Yet, by design, our framework is portable across hospital data-systems and easily implementable for expeditious expansion. This work was contextually grounded in close collaboration with IU Health, the largest health system in Indiana with 18 hospitals serving over 1 million residents. Since April 2020, we have implemented our framework to support decisions from operational to strategic made by multiple departments at IU Health as well as the executive leadership team during the course of the COVID-19 pandemic.","Shi P, Helm J, Chen C, Lim J, Parker RP, Tinsley T, Cecil J.",2021,2021-04-01,,10.2139/ssrn.3815418,,https://europepmc.org/article/PPR/PPR306741,,europe_pmc,europe_pmc_core,indexed,,include,empirical,include_empirical,Adaptively tuned disease and patient-flow dynamics directly forecast hospital states for operational decision support.,exclude,not_applicable,no_learned_dynamics,The operations warp speed parsimonious design rapid deployment hospital prediction decision study uses prescribed mechanistic or statistical dynamics rather than a learned transition mechanism.,exclude,not_applicable,no_future_or_action_evaluation,third_full_text_adjudication,"The hospital framework predicts resource demand and supports operational decisions during a pandemic, but does not model and evaluate an evolving medical system state through learned transitions.",,,,,,,,,,,,
ALT-e09335683ce3,fresh_alternate_public_search,Optical compression of multimodal clinical data into a unified visual memory for generative trajectory forecasting,"ABSTRACT Importance Current clinical artificial intelligence is bottlenecked by highly specialized, fragmented models that reduce complex, multimodal data into isolated scalar predictions. By reframing multimodal perception as a pure vision problem, optical compression into a universal visual operating system can resolve internal data interaction bottlenecks and shift the paradigm toward continuous, generative clinical forecasting. Objective To develop and internally validate Clinical Visual Memory, a generalist visual foundation model utilizing high-fidelity optical compression to fuse five heterogeneous intensive care unit (ICU) data modalities into a unified visual-token space, acting as a generative navigation system for critical-care trajectories. Design, Setting, and Participants Retrospective modeling study using MIMIC-IV adult ICU encounters. After excluding stays shorter than 24 hours, 54,551 patients, 68,546 hospital admissions, and 74,829 ICU stays comprised the eligible cohort. Strict patient-level partitioning prevented cross-split leakage. Methods Structured electronic health record (EHR) data, vital signs, 10-second electrocardiogram (ECG) waveforms, chest radiographs, and clinical notes were rendered as 2D images and encoded by a single frozen DINOv2 vision transformer. Through modality-aware latent-query cross-attention, these highly heterogeneous sources were optically compressed into a shared 1024-dimensional Clinical Visual Memory. To establish a universal output interface, this memory conditioned an conditional instruction-tuned image generator to decode eight-domain deterioration trajectories across 3- to 48-hour horizons. Visual compression fidelity was evaluated by reducing retained source-pixel area to 1%, and critical transitions were mapped using event-specific projected-axis geometry. Results Operating as a generalist foundation, Clinical Visual Memory achieved AUROCs of 0.852 (95% CI, 0.821-0.882) for 48-hour mortality, 0.699 (0.673-0.725) for incident acute kidney injury (AKI), 0.723 (0.688-0.757) for high Sequential Organ Failure Assessment (SOFA), and 0.742 (0.726-0.757) for alive ICU discharge. Crucially, resolving the token bottleneck via an 8-fold reduction in source-pixel area preserved 98.9% of the uncompressed 48-hour mortality AUROC. Generative image-out decoding maintained clinical meaning, and trajectory geometry functioned as a proactive navigation system, yielding median warning lead times of 34.8 hours (IQR, 17.5-43.3) before death, 14.6 hours (6.5-33.2) before AKI, 15.0 hours (6.0-27.0) before high SOFA, and 20.8 hours (10.2-36.0) before recovery, with low false-alert burdens (0.040-0.109 per patient-day). Conclusions and Relevance Clinical Visual Memory demonstrates that optical compression can successfully unify highly heterogeneous clinical data into a single, high-fidelity visual-token representation. By functioning as a continuous clinical navigation system rather than a discrete alert generator, this framework lays the architectural foundation for a generalist, generative visual operating system in critical care medicine. External and prospective validation are required before clinical deployment. KEY POINTS Question Can optical compression of heterogeneous, multimodal intensive care data into a unified visual-token memory enable a generalist generative framework for continuous clinical forecasting? Findings In MIMIC-IV, five clinical modalities were rendered as images and fused via a shared frozen DINOv2 transformer into a 1024-dimensional Clinical Visual Memory. This unified architecture supported robust multitask prediction, achieving AUROCs of 0.852 for 48-hour mortality, 0.699 for incident AKI, 0.723 for high SOFA, and 0.742 for alive ICU discharge. Crucially, an 8-fold reduction in source-pixel area preserved 98.9% of the uncompressed mortality discrimination, validating high-fidelity optical compression. Generative image-out decoding successfully translated this memory into actionable clinical trajectories, yielding median warning lead times of 34.8 hours before death, 14.6 hours before AKI, 15.0 hours before high SOFA, and 20.8 hours before alive ICU discharge. Meaning By resolving multimodal data bottlenecks through high-fidelity visual compression, this framework shifts clinical AI from fragmented, task-specific alerts to a unified, generalist visual operating system. It demonstrates that complex patient states can be continuously navigated and generatively forecasted via a single interpretable visual-token memory.",Zongheng Guo; Bo Jin; Zhi Han; Takumi Ichikawa; Naoto Ozawa; Xuefeng B. Ling,2026,2026,openRxiv,10.64898/2026.09.03.26361736,,https://doi.org/10.64898/2026.09.03.26361736,posted-content,crossref,"""physiological trajectory"" forecasting",registered,,include,empirical,include_empirical,The learned multimodal memory generatively forecasts multi-horizon ICU deterioration trajectories and evaluates transition warning performance.,include,empirical,include_empirical,The optical compression multimodal clinical data into unified visual memory generative study learns or calibrates temporal dynamics and directly evaluates held-out future states or multi-step forecasts.,exclude,not_applicable,static_or_endpoint_prediction,post_adjudication_inclusion_qc,The system predicts separate deterioration outcomes at fixed 3- to 48-hour horizons and evaluates AUROC and warning lead time; it does not directly validate a coherent evolving state transition or recursive rollout.,exclude,not_applicable,static_or_endpoint_prediction,The system predicts separate deterioration outcomes at fixed 3- to 48-hour horizons and evaluates AUROC and warning lead time; it does not directly validate a coherent evolving state transition or recursive rollout.,"Primary preprint, Methods and Results: multimodal visual-token memory, eight outcome-domain decoders, fixed-horizon classification, AUROC, and event warning-time metrics.",high,,,,,,
ALT-ffa943add08e,fresh_alternate_public_search,Paracetamol Concentrations and Time-Course of Ductus Arteriosus Diameter in Extremely Preterm Neonates: A Population Pharmacokinetic-Pharmacodynamic Analysis.,"Background Patent ductus arteriosus is a common complication of extreme prematurity. Prophylactic treatment with indomethacin or ibuprofen has shown efficacy on ductus closure but without reducing mortality and morbidity. Prophylactic treatment by paracetamol could be a safer alternative. Objective The aim was to build a pharmacokinetic-pharmacodynamic (PKPD) model describing the effect of paracetamol on the time-course of the ductus arteriosus diameter. Methods Extremely preterm neonates of 23-26 weeks of gestational age were recruited within 12 h after birth and were treated with prophylactic intravenous paracetamol for 5 days (two dose levels: 20 mg/kg followed by 7.5 mg/kg or 25 mg/kg followed by 10 mg/kg every 6 h). The diameter of ductus arteriosus was determined by echocardiography performed daily until day 7. The PKPD model was built using an I max model with effect compartment and exponential disease progression model. Concentrations of paracetamol in the effect compartment were simulated with different doses over time for 500 virtual patients. Results A total of 29 extremely preterm neonates with median birth weight of 800 g (IQR: 670-860) were included in the study. Between-subject variability was estimated on transfer rate constant between the central compartment and the effect compartment (ke 0 ) and maximum drug inhibition (I max ) parameters. Two subpopulations with different I max values were identified: 99% for a first subpopulation of 10 patients and 42% for the second subpopulation of 19 patients. A negative effect of maximum fraction of inspired oxygen (FiO 2 ) used during transfer to intensive care unit and a positive effect of intubation and ventilation during treatment were significant on ke 0 . Simulations showed that both dose levels generally enabled patients to reach the concentration needed to achieve 95% of maximal inhibition by the end of treatment. However, the second dose level enabled more than 90% of patients to reach this inhibition threshold as early as day one. Conclusion The relationship between paracetamol and the time-course of ductus arteriosus diameter has been described in extremely preterm neonates. Intravenous paracetamol treatment with a loading dose of 25 mg/kg within 12 h after birth followed by 10 mg/kg every 6 h appears to be effective to accelerate time to ductus closure with limited benefit of a further dose increase.",Faheemah Padavia; Jean-Marc Treluyer; Gilles Cambonie; Cyril Flamant; Aline Rideau; Manon Tauzin; Juliana Patkai; Géraldine Gascoin; Mirka Lumia; Outi Aikio; Frantz Foissac; Saïk Urien; Sihem Benaboud; Gabrielle Lui; Léo Froelicher Bournaud; Yi Zheng; Ruth Kemper; Marine Tortigue; Alban-Elouen Baruteau; Jaana Kallio; Mikko Hallman; Alpha Diallo; Léa Levoyer; Jean-Christophe Roze; Naïm Bouazza,2025,2025,Clinical pharmacokinetics,10.1007/s40262-025-01567-4,,https://pubmed.ncbi.nlm.nih.gov/40889095/,journal-article,europe_pmc;pubmed,europe_pmc_core;pubmed_core,indexed,,include,empirical,include_empirical,Patient-fitted PK/PD dynamics are evaluated through dose-conditioned simulations of ductus closure trajectories.,exclude,not_applicable,no_learned_dynamics,The paracetamol concentrations time course ductus arteriosus diameter extremely preterm neonates study uses prescribed mechanistic or statistical dynamics rather than a learned transition mechanism.,exclude,not_applicable,outside_world_model_conceptual_boundary,post_qc_lead_source_sufficiency,"This is conventional population PK/PD modeling of paracetamol and ductus closure; virtual-patient dose simulations do not by themselves establish world-model, twin, or reusable patient-simulator identity.",include,empirical,fitted_action_response_dynamics,"A population PK/PD transition for ductus diameter is fitted to daily neonatal measurements and paracetamol exposure, then used for virtual-patient dose and closure-time simulations.","Primary article, Methods and Results: effect-compartment plus exponential progression model, parameter estimation in 29 neonates, and 500-patient dosing simulations.",medium,exclude,not_applicable,outside_world_model_conceptual_boundary,"This is conventional population PK/PD modeling of paracetamol and ductus closure; virtual-patient dose simulations do not by themselves establish world-model, twin, or reusable patient-simulator identity.","Version-of-record Methods and Results: effect-compartment plus exponential progression model, parameter estimation in 29 neonates, and 500-patient dosing simulations.",high
ALT-23f67b6e2f8e,fresh_alternate_public_search,"Patient-specific digital twins in aortic disease: integrating computational hemodynamics, immune profiling, and precision endovascular strategy.","Aortic aneurysms and acute aortic syndromes continue to be significant contributors to cardiovascular morbidity and mortality; however, current risk stratification and treatment timing rely heavily on static anatomical thresholds that do not fully reflect the dynamic biology and mechanics of disease progression. Patient-specific digital twins offer a unifying paradigm where multimodal patient data are integrated into a continuously updated computational representation of an individual aorta to predict trajectories and support precise decision-making. In this review, we propose a five-domain architecture for an aortic digital twin (1): a structural-biomechanical substrate that reconstructs patient geometry and predicts wall stress and remodeling tendency; (2) computational hemodynamics to quantify flow-derived descriptors such as wall shear stress, oscillatory shear, and stagnation; (3) immunobiological integration to incorporate inflammatory activity, immune cell heterogeneity, and proteolytic remodeling signals; (4) predictive intelligence that combines multimodal features, generates individualized growth and complication predictions through uncertainty quantification, and updates predictions with longitudinal data; and (5) a sophisticated endovascular strategy layer that translates twin outputs into procedural planning, device selection, and risk-corrected surveillance. This framework highlights how the bidirectional link between inflammation and mechanics can be functionalized as a feedback ecosystem rather than a set of independent analyses, and outlines the evidence requirements for clinical translation, including validation pathways, workflow integration, and management considerations. By shifting the clinical focus from ""Is the aorta large enough?"" to ""How will this patient's disease develop, and how can we best modify the course?"", aortic digital twins can enable earlier, more individualized, and more lasting prevention of adverse aortic events.","Dinc R, Ardic N.",2026,2026-05-11,,10.3389/fcvm.2026.1812347,,https://europepmc.org/article/MED/42199203,,europe_pmc,europe_pmc_core,indexed,,include,review,include_review,"This review proposes a medical digital-twin architecture and synthesizes prediction, procedural planning, and translation requirements.",include,review,include_review,"This review primarily synthesizes dynamic medical digital twins for patient specific digital twins aortic disease integrating computational hemodynamics immune, including prediction, simulation, or intervention use.",exclude,not_applicable,review_scope_too_broad,post_adjudication_inclusion_qc,"This article proposes a five-domain future architecture spanning biomechanics, hemodynamics, immunology, prediction, and intervention; it does not centrally synthesize existing learned-transition systems with operational evaluations.",exclude,not_applicable,review_scope_too_broad,"This article proposes a five-domain future architecture spanning biomechanics, hemodynamics, immunology, prediction, and intervention; it does not centrally synthesize existing learned-transition systems with operational evaluations.","Full text sections: multilayer architecture, five domains, validation roadmap, workflow integration, and future therapeutic/networked twins.",high,,,,,,
ALT-9944b3605899,fresh_alternate_public_search,"Personalised digital twin models for Trypanosoma cruzi : improving prognosis, therapy, and long-term complications",,Ruqaiyyah Siddiqui; Naveed Ahmed Khan,2026,2026,Digital Twin,10.1080/27525783.2026.2731285,,https://doi.org/10.1080/27525783.2026.2731285,journal-article,crossref,"""clinical digital twin"" intervention;""medical digital twin"" trajectory",registered,,uncertain,not_applicable,insufficient_abstract,"The medical digital-twin title is relevant, but no abstract reveals model learning, evaluation, or article type.",uncertain,empirical,insufficient_abstract,"The personalised digital twin trypanosoma cruzi improving prognosis therapy long term title plausibly denotes learned medical dynamics, but the missing abstract does not establish direct future or action evaluation.",exclude,not_applicable,review_not_primary,third_full_text_adjudication,The Chagas article is a conceptual proposal describing what a future personalized twin could integrate and forecast; no implemented model or substantive learned-dynamics evidence synthesis is reported.,,,,,,,,,,,,
ALT-bf936bea3ffc,fresh_alternate_public_search,Personalized Input-Output Hidden Markov Models for Disease Progression Modeling,"Disease progression models are important computational tools in healthcare and are used for tasks such as improving disease understanding, informing drug discovery, and aiding in patient management. Although many algorithms for time series modeling exist, healthcare applications face particular challenges such as small datasets, medication effects, disease heterogeneity, and a desire for personalized predictions. In this work, we present a disease progression model that addresses these needs by proposing a probabilistic time-series model that captures individualized disease states, personalized medication effects, disease-state medication effects, or any combination thereof. The model builds on the framework of an input-output hidden Markov model where the parameters are learned using a structured variational approximation. To demonstrate the utility of the algorithm, we apply it to both synthetic and real-world datasets. In the synthetic case, we demonstrate the benefits afforded by the proposed model as compared to standard techniques. In the real-world cases, we use two Parkinson’s disease datasets to show improved predictive performance when ground truth is available and clinically relevant insights that are not revealed via classic Markov models when ground truth is not available.","Severson KA, Chahine LM, Smolensky L, Ng K, Hu J, Ghosh S.",2020,2020-07-19,,10.1101/2020.07.17.20153510,,https://europepmc.org/article/PPR/PPR189280,,europe_pmc,europe_pmc_core,indexed,,include,empirical,include_empirical,The learned input-output HMM models medication-conditioned disease transitions and demonstrates predictive performance on Parkinson’s datasets.,include,empirical,include_empirical,The personalized input output hidden markov disease progression study learns or calibrates temporal dynamics and directly evaluates temporal rollouts or simulated trajectories.,exclude,not_applicable,outside_world_model_conceptual_boundary,post_qc_lead_source_sufficiency,The personalized input-output HMM estimates Parkinson disease states and medication effects for prediction and interpretation; it is not framed as a patient simulator or twin and is not used for iterative model-based planning.,include,empirical,action_conditioned_treatment_dynamics,"The personalized input-output HMM learns latent disease transitions and medication effects from longitudinal Parkinson data, with predictive performance and individualized action effects evaluated against standard models.","Primary preprint, Model and Experiments: variational transition learning, subject and medication effects, synthetic recovery, and two real Parkinson datasets.",high,exclude,not_applicable,outside_world_model_conceptual_boundary,The personalized input-output HMM estimates Parkinson disease states and medication effects for prediction and interpretation; it is not framed as a patient simulator or twin and is not used for iterative model-based planning.,"Primary preprint Model and Experiments: variational transition learning, subject and medication effects, synthetic recovery, and two real Parkinson datasets.",high
ALT-4641ca006956,fresh_alternate_public_search,Physiological Vital Time Series Forecasting using Fractional Calculus and Deep Neural Network,"Abstract Continuous physiological monitoring integrated with time series analysis and multi-step forecasting is vital when encountering postoperative cases either hospitalized in intensive care units (ICU) or given home health care will experience adverse cardiac events. The low-cost common vital signs, i.e., heart rate and arterial blood pressure are captured and predicted with adjustable horizons up to 30 minutes in advance to achieve punctual clinical decision-making to prevent the events of bradycardia, tachycardia, hypo-tension, and hypertension. Scaling properties of physiological stationary/non-stationary signals are necessarily determined and drastically affected by the selection and architecture design of time series forecasting models. In contrast to integer-order difference that achieves stationary memory-erased series, fractional order difference ensures the stationary of the data while preserving as much memory as possible. The deep learning architecture for multi-step forecasting is the combination of two direct and iterative methods which utilizes the concepts of U-Net convolutional networks and multi-layer bi-directional long short-term memories (Bi-LSTMs). Various scenarios of observe-target windows e.g. (20, 30, 60, or 120) - (7, 15, 20, or 30) minutes are trained using hyper-parameter tuning and evaluated by mean absolute percentage error (MAPE). The results of the proposed method indicate that crucial vital signs such as heart rate, systolic blood pressure and mean arterial blood pressure will be predictable in an adjustable observe-target window size from 20 − 7 to 120 − 30 minutes with narrow ranges of MAPE values between [2.78%, 4.17%], [4.69%, 6.47%] and [4.45%, 6.86%], respectively.",Sama Nemati; Seyed Amin Seyed Jafari; Mostafa Fakhri; Kosar Seraji; Farzane Vosoughi-Motlagh; Mojtaba Hajihasani,2024,2024,Research Square Platform LLC,10.21203/rs.3.rs-4117200/v1,,https://doi.org/10.21203/rs.3.rs-4117200/v1,posted-content,crossref,"""physiological trajectory"" forecasting",registered,,include,empirical,include_empirical,A learned iterative temporal model directly evaluates multi-step rollouts of future physiological vital-sign states.,include,empirical,include_empirical,The physiological vital time series forecasting fractional calculus deep neural network study learns or calibrates temporal dynamics and directly evaluates held-out future states or multi-step forecasts.,exclude,not_applicable,no_future_or_action_evaluation,third_full_text_adjudication,"The model performs multistep univariate vital-sign forecasting and alarm prediction, an ordinary signal-forecasting task without an evaluated latent or action-conditioned physiological state model.",,,,,,,,,,,,
ALT-e55bda8afb75,fresh_alternate_public_search,Physiology-based patient simulator for blood pressure meter testing,,Gregor Geršak; Markus Schiebl; Michał Nawotka; Ehlimana Jugo; Maria do Céu Ferreira; Alan Duffy; Dana Maria Rosu; Peter Pavlásek; Václav Sedlák; Dominik Pražák,2021,2021,Measurement: Sensors,10.1016/j.measen.2021.100260,,https://doi.org/10.1016/j.measen.2021.100260,journal-article,crossref,"""patient simulator"" clinical",registered,,uncertain,empirical,insufficient_abstract,"The medical simulator title is relevant, but no abstract reveals whether its dynamics are learned from data.",exclude,not_applicable,no_future_or_action_evaluation,"The physiology patient simulator blood pressure meter testing study analyzes or reconstructs dynamics but does not directly evaluate future states, actions, rollouts, or planning.",exclude,not_applicable,no_learned_dynamics,third_full_text_adjudication,The blood-pressure-meter test patient is a prescribed physiology-based simulator whose transition equations are not learned or calibrated from observed patient trajectories.,,,,,,,,,,,,
ALT-e1f3bd53960a,fresh_alternate_public_search,PINN-EM: Physics-Guided Disease Progression Model of Geographic Atrophy.,"OBJECTIVE: To construct a personalizable spatio-temporal disease progression model of patients with a late dry form of Age-Related Macular Degeneration (AMD), known as Geographic Atrophy (GA). METHODS: From a series of retinal optical coherence tomography (OCT) scans, we infer the coefficients for the parametrized partial differential equation (PDE), such that the parametrized PDE best describes the observed imaging data. Acting as a soft constraint, the recovered PDE helps to extrapolate an implicit neural representation (INR) of the GA segmentation map progression. To enable efficient training, we propose an iterative method - PINN-EM, designed to recover coefficients of non-linear PDEs. At each iteration, the method decouples the problem into PDE coefficients fitting and data fitting steps, resembling Expectation Maximization algorithm. RESULTS: We extensively tested the proposed method in large-scale experiments using the open-source PDEBench benchmark to validate its performance. Furthermore, we applied the method to the challenging problem of GA progression modeling, where patients exhibit a high variance in GA growth patterns and speed. The proposed spatio-temporal disease progression model outperformed the baselines, even outperforming posterior knowledge models in Dice score for newly affected growth areas. CONCLUSION: We demonstrated that the proposed spatio-temporal disease progression model fitted with introduced PINN-EM outperforms existing baselines in synthetic and real clinical applications, highlighting the extrapolation capabilities of the INR models. SIGNIFICANCE: The proposed spatio-temporal disease progression model and PINN-EM fitting procedure can be applied across diverse domains facing the challenge of fitting parametrized PDE to the empirical datasets.",Dmitrii Lachinov; Thomas Pinetz; Hrvoje Bogunovic,2026,2026,IEEE transactions on bio-medical engineering,10.1109/tbme.2026.3655164,,https://pubmed.ncbi.nlm.nih.gov/41553889/,journal-article,europe_pmc;pubmed,europe_pmc_core;pubmed_core,indexed,,include,empirical,include_empirical,PINN-EM learns patient-specific PDE dynamics from OCT data and evaluates extrapolated spatial disease progression.,include,empirical,include_empirical,The pinn em physics guided disease progression geographic atrophy study learns or calibrates temporal dynamics and directly evaluates temporal rollouts or simulated trajectories.,exclude,not_applicable,outside_world_model_conceptual_boundary,post_qc_lead_source_sufficiency,PINN-EM fits patient-specific PDE coefficients for geographic-atrophy progression and extrapolation; it is not framed as a digital twin or reusable simulator and is not used for planning or closed-loop control.,include,empirical,fitted_spatiotemporal_transition,"PINN-EM infers patient-specific PDE transition coefficients from serial retinal OCT and evaluates extrapolated geographic-atrophy growth against synthetic benchmarks, clinical scans, and baselines.","Primary article abstract and methods: iterative PDE-coefficient and data fitting, PDEBench validation, and Dice evaluation of newly affected retinal areas.",high,exclude,not_applicable,outside_world_model_conceptual_boundary,PINN-EM fits patient-specific PDE coefficients for geographic-atrophy progression and extrapolation; it is not framed as a digital twin or reusable simulator and is not used for planning or closed-loop control.,"Version-of-record methods and results: iterative PDE-coefficient and data fitting, PDEBench validation, OCT progression extrapolation, and Dice evaluation of newly affected areas.",high
ALT-bad670da34b0,fresh_alternate_public_search,Potential applications of digital twin in medical care,,Kaouther Abrougui; Hazim Dahir; Ahmed Khattab; Jeff Luna; Raj Kumar; Rashika Verma,2023,2023,Digital Twin for Healthcare,10.1016/b978-0-32-399163-6.00016-0,,https://doi.org/10.1016/b978-0-32-399163-6.00016-0,book-chapter,crossref,"""medical digital twin"" trajectory",registered,,exclude,review,review_not_primary,"The title indicates a generic medical digital-twin applications review, not a healthcare world-model synthesis.",uncertain,review,insufficient_abstract,"The potential applications digital twin medical care title plausibly denotes a medical world-model review, but the missing abstract does not establish its primary scope.",exclude,not_applicable,review_not_primary,third_full_text_adjudication,The chapter outlines potential medical-care applications of digital twins but does not centrally synthesize evaluated learned dynamic simulators.,,,,,,,,,,,,
ALT-8dac0de7b939,fresh_alternate_public_search,Potential of Interactive VR and Digital Twin for Drug Development and Clinical Trials,,,2025,2025,Metaverse‐Based Digital Twins,10.1002/9781394315680.ch8,,https://doi.org/10.1002/9781394315680.ch8,other,crossref,"""clinical digital twin"" intervention",registered,,exclude,review,review_not_primary,The broad VR and digital-twin topic does not establish medical world models as the primary review focus.,uncertain,review,insufficient_abstract,"The potential interactive vr digital twin drug clinical trials title plausibly denotes a medical world-model review, but the missing abstract does not establish its primary scope.",exclude,not_applicable,review_not_primary,third_full_text_adjudication,"The chapter discusses interactive VR and digital-twin opportunities for drug development and trials, without a central evidence synthesis of learned transition or rollout systems.",,,,,,,,,,,,
ALT-de9f081824cc,fresh_alternate_public_search,Predicting breast cancer treatment response and prognosis using AI-based image classification.,"INTRODUCTION: Accurate prediction of treatment response and prognosis in breast cancer patients is critical to advance personalized medicine and optimize therapeutic decision-making. Within the context of AI-enabled healthcare, there remains a pressing need to develop robust, interpretable models that can account for the temporal complexity and heterogeneity inherent in longitudinal patient data. METHODS: This study proposes a novel framework designed to model patient-specific treatment trajectories using a dynamics-aware, deep sequence learning architecture. Aligned with the core themes of computational prognostics and precision therapy, our method addresses the challenges posed by variable patient responses, missing clinical records, and complex pharmacological interactions. Existing approaches, including conventional supervised learning and static classification models, often fall short in capturing the underlying temporal dependencies, multimodal data fusion, and counterfactual reasoning necessary for real-world clinical deployment. These limitations hinder generalizability, especially in scenarios where treatment outcomes are delayed or weakly annotated. In contrast, our approach integrates recurrent modeling, attention mechanisms, and uncertainty quantification to better capture the evolving nature of patient health trajectories. Moreover, we incorporate domain-informed regularization techniques and causal inference modules to improve interpretability and clinical relevance. RESULTS AND DISCUSSION: By learning temporal dynamics in a personalized manner, the proposed model enhances predictive performance while remaining sensitive to patient-specific variations and therapeutic regimens. Through extensive validation on real-world breast cancer cohorts, we demonstrate that our framework not only outperforms existing baselines but also provides actionable insights that can inform adaptive treatment planning and risk stratification.",Bingyi Wang; Shu Chen; Wei Li,2025,2025,Frontiers in oncology,10.3389/fonc.2025.1619994,,https://pubmed.ncbi.nlm.nih.gov/41195270/,journal-article,europe_pmc;pubmed,europe_pmc_core;pubmed_core,indexed,,include,empirical,include_empirical,"The sequence model learns treatment-conditioned patient dynamics and evaluates prediction, counterfactual reasoning, and adaptive planning.",exclude,not_applicable,no_future_or_action_evaluation,"The predicting breast cancer treatment response prognosis ai image classification study analyzes or reconstructs dynamics but does not directly evaluate future states, actions, rollouts, or planning.",exclude,not_applicable,no_future_or_action_evaluation,third_full_text_adjudication,"The breast-cancer study evaluates image classification of treatment response and prognosis, not future patient-state trajectories, recursive rollout, or alternative-treatment response.",,,,,,,,,,,,
ALT-4ec8aacca130,fresh_alternate_public_search,Predicting diabetes mellitus metabolic goals and chronic complications transitions-analysis based on natural language processing and machine learning models.,"Objective To estimate Diabetes mellitus (DM) progression at one and two years in terms of glycemic targets and development of complications. Research design and methods We analyzed a retrospective cohort of adult DM patients treated in a Health Maintenance Organization in Colombia, including those with at least one glycosylated hemoglobin (HbA1c) measurement in 2018, 2019, and 2020. We defined four disease transition stages based on metabolic goals according to HbA1c levels and complications: 1. Within HbA1c goals and without complications; 2. Outside goals and without complications, 3. Within goals, but with complications, and 4. Outside goals and with complications. We applied Natural Language Processing (NLP) techniques to extract relevant clinical information from Electronic Health Records. Machine learning (ML) models were used to predict patient progression. Results A total of 23,802 patients were included. Despite achieving initial glycemic control, more than 60% of patients who started within HbA1c targets and without complications developed chronic complications within two years. Our models, which achieved up to 80% accuracy and F1 scores above 74%, identified key predictors of disease progression. Adherence to dyslipidemia treatment guidelines significantly reduced the likelihood of HbA1c deterioration and complications, whereas non-adherence to pharmacological treatments increased the risk of complications. These findings suggest that HbA1c control alone is insufficient to prevent disease progression and that a more comprehensive management approach-including lipid control, kidney function monitoring, and improved adherence to clinical guidelines-is necessary. Conclusions Patient compliance with pharmacological treatments, professional adherence to clinical practice guidelines, and lifestyle interventions play a crucial role in diabetes progression. While our models provide strong predictive capabilities, improving data quality and integration remains essential for better forecasting and intervention strategies.","Colmenares-Mejia CC, García-Suaza AF, Rodríguez-Lesmes P, Lochmuller C, Atehortúa SC, Camacho-Cogollo JE, Martínez JP, Rincón J, Céspedes YR, Morales-Mendoza E, Isaza-Ruget MA.",2025,2025-04-15,,10.1371/journal.pone.0321258,,https://europepmc.org/article/MED/40233062,,europe_pmc,europe_pmc_core,indexed,,include,empirical,include_empirical,Machine-learning models predict transitions among four clinical diabetes states at one- and two-year horizons.,exclude,not_applicable,no_learned_dynamics,The predicting diabetes mellitus metabolic goals chronic complications transitions natural language study is an ordinary prognostic or static prediction analysis without a learned rollout mechanism.,exclude,not_applicable,static_or_endpoint_prediction,post_adjudication_inclusion_qc,The study trains classifiers for four status categories at one- and two-year endpoints; it does not learn a reusable state-transition operator or evaluate recursive evolving-state rollout.,exclude,not_applicable,static_or_endpoint_prediction,The study trains classifiers for four status categories at one- and two-year endpoints; it does not learn a reusable state-transition operator or evaluate recursive evolving-state rollout.,"Full text, Methods and Results: NLP feature extraction, four outcome classes, separate one- and two-year prediction, accuracy and F1 metrics.",high,,,,,,
ALT-1db15c9cac24,fresh_alternate_public_search,Predicting Liver Disease Progression Using Timeseries Random Forest Modeling for Early Intervention and Risk Assessment,,M Kathiravan; Nelson Kennedy Babu C; A Jegatheesan,2025,2025,"2025 International Conference on Intelligent Computing, Information and Control Systems (ICOIICS)",10.1109/icoiics67115.2025.11390646,,https://doi.org/10.1109/icoiics67115.2025.11390646,proceedings-article,crossref,"""disease progression model"" generative intervention",registered,,uncertain,empirical,insufficient_abstract,"The time-series title appears relevant, but no abstract clarifies transition learning, rollout structure, or evaluation.",exclude,not_applicable,no_future_or_action_evaluation,"The predicting liver disease progression timeseries random forest early intervention risk study analyzes or reconstructs dynamics but does not directly evaluate future states, actions, rollouts, or planning.",exclude,not_applicable,no_future_or_action_evaluation,third_full_text_adjudication,"The time-series random forest is evaluated by disease-risk classification accuracy, not by predicting and validating explicit future liver states or trajectories.",,,,,,,,,,,,
ALT-3c2780d5948f,fresh_alternate_public_search,Prediction of Alzheimer's Disease Progression with Multi-Information Generative Adversarial Network,,Yan Zhao; Baoqiang Ma; Pengbo Jiang; Debin Zeng; Xuetong Wang; Shuyu Li,2021,2021,IEEE Journal of Biomedical and Health Informatics,10.1109/jbhi.2020.3006925,,https://doi.org/10.1109/jbhi.2020.3006925,journal-article,crossref,"""disease progression model"" generative intervention",registered,,uncertain,empirical,insufficient_abstract,"The generative progression title is relevant, but no abstract establishes temporal transitions or rollout evaluation.",uncertain,empirical,insufficient_abstract,"The prediction alzheimer s disease progression multi information generative adversarial network title plausibly denotes learned medical dynamics, but the missing abstract does not establish direct future or action evaluation.",exclude,not_applicable,outside_world_model_conceptual_boundary,post_qc_lead_source_sufficiency,"The multi-information GAN performs ordinary future-MRI generation and Alzheimer progression classification; it is not framed as a world model, twin, or reusable dynamic simulator and does not support planning or control.",include,empirical,learned_multistep_dynamics,mi-GAN learns subject-conditioned MRI progression and generates future whole-brain images; generated fourth-year anatomy and downstream clinical-stage classification are directly evaluated.,"Primary article abstract and experiments: ADNI baseline conditioning, future 3D MRI generation, SSIM against observed year-four scans, and pMCI/sMCI classification.",high,exclude,not_applicable,outside_world_model_conceptual_boundary,"The multi-information GAN performs ordinary future-MRI generation and Alzheimer progression classification; it is not framed as a world model, twin, or reusable dynamic simulator and does not support planning or control.","Version-of-record experiments: ADNI baseline conditioning, future 3D MRI generation, similarity against observed year-four scans, and pMCI versus sMCI classification.",high
ALT-ab6014707f0f,fresh_alternate_public_search,Prediction of Disease Progression and Clinical Response in Systemic Sclerosis: Experience From a Proof-of-Concept Trial.,"OBJECTIVE: Using the modified Rodnan skin score (mRSS) as a surrogate for disease activity, a phase 2a study in patients with systemic sclerosis (SSc) measured efficacy of the autotaxin inhibitor ziritaxestat. Mathematical modeling of mRSS was used to predict disease progression, examine candidate trial designs, and predict the probability of successfully discriminating treatment effect. METHODS: Patients with SSc receiving 600 mg of ziritaxestat or placebo for 24 weeks were included, in addition to data up to week 52 of the open-label extension (OLE). Longitudinal mRSS data were described using a disease progression model; drug effect was a binary variable. Parameters used to predict the OLE mRSS outcome were estimated using data from the 24-week double-blind phase and validated with observed data. Three trial designs were simulated to identify which had the highest probability of detecting a treatment effect. Power to detect a treatment effect was quantified using the simulations. RESULTS: Maximum decreases from baseline in mRSS were 50.4% (ziritaxestat) and 34.7% (placebo). Study designs based on 300 patients randomized 2:1 or 1:1 to 600 mg of ziritaxestat or placebo had similar probabilities of detecting a significant treatment effect. Power to detect a treatment effect was >80% for all simulations. CONCLUSION: Disease progression and drug effect could be predicted beyond the range of observed data. This modeling and simulation approach may inform future trial design, including study duration, and predict the probability of success.",Marta Neve; Paul M Diderichsen; Eric Helmer; Dick de Vries; Amit Taneja,2024,2024,ACR open rheumatology,10.1002/acr2.11678,,https://pubmed.ncbi.nlm.nih.gov/38923416/,journal-article,europe_pmc;pubmed,europe_pmc_core;pubmed_core,indexed,,include,empirical,include_empirical,A data-fitted treatment-conditioned progression model predicts held-out longitudinal responses and simulates future trial outcomes.,exclude,not_applicable,no_learned_dynamics,The prediction disease progression clinical response systemic sclerosis experience proof concept study uses prescribed mechanistic or statistical dynamics rather than a learned transition mechanism.,exclude,not_applicable,outside_world_model_conceptual_boundary,post_qc_lead_source_sufficiency,The mRSS model is conventional disease-progression and treatment-effect analysis used for extrapolation and trial-power simulation; it lacks qualifying simulator or twin identity and iterative planning or control.,include,empirical,fitted_intervention_dynamics,"A longitudinal mRSS progression and drug-effect model is fitted to controlled-trial data, validated against open-label extension observations, and used for future-trajectory and trial-power simulations.","Full text, Model and Results: 24-week fitting, prediction through week 52, observed-versus-predicted extension outcomes, and simulated alternative trial designs.",high,exclude,not_applicable,outside_world_model_conceptual_boundary,The mRSS model is conventional disease-progression and treatment-effect analysis used for extrapolation and trial-power simulation; it lacks qualifying simulator or twin identity and iterative planning or control.,"Version-of-record Model and Results: 24-week fitting, prediction through week 52, observed-versus-predicted extension outcomes, and simulated alternative trial designs.",high
ALT-bb4c93d199b3,fresh_alternate_public_search,Probabilistic Forecasting and Information-Theoretic Analysis of Multivariate fMRI Dynamics.,"Functional magnetic resonance imaging (fMRI) signals exhibit complex temporal structure arising from multivariate neural dynamics, physiological variability, and measurement uncertainty. In this work, we formulate region-of-interest-level fMRI analysis as a probabilistic multi-step forecasting problem and investigate the predictability of blood-oxygen-level-dependent (BOLD) activity from an information-theoretic perspective. Using the Natural Scenes Dataset, we model multiregional BOLD activity as a stochastic process with finite memory and train multiple forecasting architectures, including linear regression, exponential smoothing, recurrent neural networks, and transformer-based models, to predict future BOLD samples from preceding temporal observations. Forecasting performance is analyzed together with entropy-based quantities, including marginal entropy, conditional entropy, and normalized predictive information measures estimated directly from model-derived predictive distributions without imposing restrictive Gaussian assumptions on the underlying BOLD dynamics. The transformer model achieved significant improvement over a naive persistence baseline (p=0.001) while yielding a high predictive information fraction (η=75.49%). Post hoc directed information analysis revealed that short-horizon prediction was dominated primarily by autoregressive, within-ROI, temporal structure. Overall, the proposed framework demonstrates how probabilistic forecasting and information-theoretic analysis can be integrated to characterize the predictability, uncertainty structure, and directional organization of large-scale fMRI dynamics and may support future downstream neuroengineering and neural-state inference applications.","Bayer A, Zhang Z, Ipek AE, Khavari R, Aazhang B.",2026,2026-07-01,,10.3390/e28070738,,https://europepmc.org/article/MED/42511348,,europe_pmc,europe_pmc_core,indexed,,include,empirical,include_empirical,Learned temporal architectures directly evaluate probabilistic multi-step forecasts of future multiregional physiological brain states.,include,empirical,include_empirical,The probabilistic forecasting information theoretic multivariate fmri dynamics study learns or calibrates temporal dynamics and directly evaluates held-out future states or multi-step forecasts.,exclude,not_applicable,source_policy_excluded,post_adjudication_inclusion_qc,"The article is published in an MDPI journal, which is excluded by the active literature source policy; it is not retained despite multi-step BOLD forecasting experiments.",exclude,not_applicable,source_policy_excluded,"The article is published in an MDPI journal, which is excluded by the active literature source policy; it is not retained despite multi-step BOLD forecasting experiments.",PMC full text and DOI identify Entropy as the venue.,high,,,,,,
ALT-3c5208bdbe14,fresh_alternate_public_search,Progression of type 1 diabetes from latency to symptomatic disease is predicted by distinct autoimmune trajectories.,"Development of islet autoimmunity precedes the onset of type 1 diabetes in children, however, the presence of autoantibodies does not necessarily lead to manifest disease and the onset of clinical symptoms is hard to predict. Here we show, by longitudinal sampling of islet autoantibodies (IAb) to insulin, glutamic acid decarboxylase and islet antigen-2 that disease progression follows distinct trajectories. Of the combined Type 1 Data Intelligence cohort of 24662 participants, 2172 individuals fulfill the criteria of two or more follow-up visits and IAb positivity at least once, with 652 progressing to type 1 diabetes during the 15 years course of the study. Our Continuous-Time Hidden Markov Models, that are developed to discover and visualize latent states based on the collected data and clinical characteristics of the patients, show that the health state of participants progresses from 11 distinct latent states as per three trajectories (TR1, TR2 and TR3), with associated 5-year cumulative diabetes-free survival of 40% (95% confidence interval [CI], 35% to 47%), 62% (95% CI, 57% to 67%), and 88% (95% CI, 85% to 91%), respectively (p < 0.0001). Age, sex, and HLA-DR status further refine the progression rates within trajectories, enabling clinically useful prediction of disease onset.","Kwon BC, Anand V, Achenbach P, Dunne JL, Hagopian W, Hu J, Koski E, Lernmark Å, Lundgren M, Ng K, Toppari J, Veijola R, Frohnert BI, T1DI Study Group.",2022,2022-03-21,,10.1038/s41467-022-28909-1,,https://europepmc.org/article/MED/35314671,,europe_pmc,europe_pmc_core,indexed,,include,empirical,include_empirical,A learned continuous-time HMM identifies latent disease transitions and evaluates future diabetes-onset trajectories.,exclude,not_applicable,no_future_or_action_evaluation,"The progression type 1 diabetes latency symptomatic disease is predicted by study analyzes or reconstructs dynamics but does not directly evaluate future states, actions, rollouts, or planning.",exclude,not_applicable,outside_world_model_conceptual_boundary,post_qc_lead_source_sufficiency,The continuous-time HMM identifies autoimmune disease-progression states and predicts diabetes onset; it is not framed as a patient simulator or twin and is not used for model-based planning or closed-loop control.,include,empirical,learned_multistate_dynamics,"A continuous-time hidden Markov model learns latent autoimmune-state transitions and three progression pathways from longitudinal autoantibodies, with state-specific diabetes-free survival evaluated over follow-up.","Full text, Model and Results: 24,662-participant cohort, 11 latent states, transition pathways, covariate-refined rates, and five-year survival predictions.",high,exclude,not_applicable,outside_world_model_conceptual_boundary,The continuous-time HMM identifies autoimmune disease-progression states and predicts diabetes onset; it is not framed as a patient simulator or twin and is not used for model-based planning or closed-loop control.,"Version-of-record Model and Results: 24,662-participant cohort, 11 latent states, three transition pathways, covariate-refined rates, and five-year survival predictions.",high
ALT-daa53240ed85,fresh_alternate_public_search,Quantifying Genetic and Environmental Factors Accounting for Multistage Progression of Precancerous Lesions and Oral Cancer: Applications to Risk-Guided Prevention.,"Background Oral squamous cell carcinoma (OSCC) is a multifactorial and multistage disease influenced by both genetic susceptibility and environmental risk factors. However, conventional oral cancer preventions are often based on environmental exposures but do not allow for genetic susceptibility and both factors contributing to multistage progressions. This study developed a comprehensive multistate risk model combining both types of factors. Methods Using data from literature, the researchers built a multistate progression model and calculated transition risks to simulate outcomes in a high-risk population, similar to those eligible for oral cancer screening in Taiwan. Results The findings showed that OSCC risk varied dramatically across the population, ranging from 362 to over 24,000 cases per 100,000, depending on risk level. The integration of genetic and environmental risk factors into a multistate disease model allows for more accurate risk stratifications of precancerous and invasive OSCC. Frequent screening is more effective, notably in high-risk individuals. Incorporating a health education program provided an additional 2 to 6% reduction in incidence, particularly benefiting higher-risk groups. Simulation findings indicate that tailored screening strategies, particularly when combined with health education interventions, can significantly improve the effectiveness of oral cancer prevention. Conclusions Quantifying the effects of genetic susceptibility and environmental factors on multistate natural history of precancerous lesions and oral cancer provides a valuable framework for developing the risk-guided policies for oral cancer prevention.","Jumparway D, Su CW, Yen AM, Liu YT, Chen MK, Liu KJ, Sarakarn P, Chen SL.",2025,2025-06-24,,10.3390/cancers17132114,,https://europepmc.org/article/MED/40647413,,europe_pmc,europe_pmc_core,indexed,,include,empirical,include_empirical,A data-derived multistate model simulates oral-cancer transitions and counterfactual screening and education strategies.,exclude,not_applicable,no_future_or_action_evaluation,"The quantifying genetic environmental factors accounting multistage progression precancerous lesions oral study analyzes or reconstructs dynamics but does not directly evaluate future states, actions, rollouts, or planning.",exclude,not_applicable,source_policy_excluded,post_adjudication_inclusion_qc,"The article is published in an MDPI journal, which is excluded by the active literature source policy; its multistate model is also assembled from literature rather than learned from a primary longitudinal cohort.",exclude,not_applicable,source_policy_excluded,"The article is published in an MDPI journal, which is excluded by the active literature source policy; its multistate model is also assembled from literature rather than learned from a primary longitudinal cohort.",PMC full text and DOI identify Cancers as the venue; model inputs are reported as literature-derived.,high,,,,,,
ALT-8c0d38af637d,fresh_alternate_public_search,Quantifying Uncertainty in Alzheimer’s Disease Progression Modelling: A Variational Disease Progression Score Framework,"Abstract Predicting the course of Alzheimer’s disease for individual patients remains a major challenge due to the heterogeneity of disease expression and the sparsity of longitudinal data. We introduce a variational Disease Progression Score (DPS) framework that maps multimodal biomarker dynamics (Cerebrospinal fluid, neuroimaging, and cognitive assessments) onto a continuous latent timeline with quantified uncertainty. The framework combines a neural encoder, which infers subject-specific progression parameters from demographic and clinical features, with a cascade of logistic functions structured according to the amyloid cascade hypothesis. Applied to the Alzheimer’s Disease Neuroimaging Initiative (ADNI) cohort, the inferred timeline separated diagnostic groups it never observed (AUC 0.98 for cognitively normal vs Alzheimer’s Disease), and the estimated cascade strengths and biomarker orderings were consistent with the established sequence of Alzheimer’s pathology. The model produces individualised prognoses for previously unseen subjects from baseline data alone, with 95% credible intervals achieving 89-98% empirical coverage across biomarkers, and these predictions can be dynamically refined as new observations become available. The framework thus provides a biologically interpretable, uncertainty-aware index of disease severity, offering a probabilistic foundation for patient-level prognosis and precision monitoring in Alzheimer’s disease. Author summary Alzheimer’s disease develops gradually, and its course varies widely from person to person, which makes it hard to predict how any individual will progress. Accurate, individual-level predictions would help doctors intervene earlier and design better clinical trials, but the data available in practice are sparse and collected at irregular times, and most existing prediction tools offer little sense of how confident they are. We developed a method that places each person on a shared disease timeline estimated from routinely collected information such as age, genetics, and a brief cognitive assessment. Moreover, our model reports the uncertainty of each prediction and refines both the prediction and its uncertainty as new measurements become available for a patient. Using the ADNI dataset, we found that the model realigned patients according to their clinical diagnoses. It also recovered biological findings consistent with the established understanding of the disease. Its confidence estimates were reliable for most measurements. We hope this approach is a step forward in the development of prediction tools that clinicians can genuinely trust for individual patients.",Tunchanok Ngamsaowaros; Indu Bodala; Sofia Michopoulou; Mahesan Niranjan,2026,2026,openRxiv,10.64898/2026.08.19.26360855,,https://doi.org/10.64898/2026.08.19.26360855,posted-content,crossref,"""disease progression model"" generative intervention",registered,,include,empirical,include_empirical,Learned latent biomarker dynamics generate individualized future trajectories and evaluate predictive uncertainty on ADNI.,exclude,not_applicable,no_learned_dynamics,The quantifying uncertainty alzheimer s disease progression variational disease progression score study is an ordinary prognostic or static prediction analysis without a learned rollout mechanism.,exclude,not_applicable,outside_world_model_conceptual_boundary,post_qc_lead_source_sufficiency,"The variational disease-progression score framework provides latent staging, individualized prognosis, and uncertainty calibration; it has no qualifying simulator or twin identity and no planning or control use.",include,empirical,learned_multistep_dynamics,"A variational encoder learns subject-specific progression parameters and biomarker trajectories, producing calibrated multivariate future paths that are updated with new observations and evaluated for empirical interval coverage.","Primary preprint, Methods and Results: ADNI multimodal biomarkers, learned latent timeline and cascade strengths, unseen-subject prognosis, and 89-98% credible-interval coverage.",high,exclude,not_applicable,outside_world_model_conceptual_boundary,"The variational disease-progression score framework provides latent staging, individualized prognosis, and uncertainty calibration; it has no qualifying simulator or twin identity and no planning or control use.","Primary preprint Methods and Results: ADNI multimodal biomarkers, learned latent timeline and cascade strengths, unseen-subject prognosis, dynamic updating, and credible-interval coverage.",high
ALT-ca8c7adfc7a7,fresh_alternate_public_search,Quantitative Comparisons of Progressive Supranuclear Palsy Rating Scale Versions Using Item Response Theory.,"Background Progressive supranuclear palsy (PSP) is a neurodegenerative, late-onset disease that is challenging in terms of assessment. The Progressive Supranuclear Palsy Rating Scale (PSPRS), a 28-item clinician-reported scale, is the most established clinical outcome assessment method. Recently, the U.S. Food and Drug Administration (FDA) has proposed a subscale of 10 items as an alternative to full PSPRS. Objectives To quantitatively evaluate and compare the properties of full PSPRS and the FDA subscale using item response theory. To develop a progression model of the disease and assess relative merits of study designs and analysis options. Methods Data of 979 patients from four interventional trials and two registries were available for analysis. Our investigation was divided into: (1) estimating informativeness of the 28 items; (2) estimating disease progression; and (3) comparing the scales, trial designs, and analysis options with respect to power to detect a clinically relevant treatment effect. Results PSPRS item scores had a low pairwise correlation (r = 0.17 ± 0.14) and the items irritability, sleep difficulty, and postural tremor were uncorrelated with the other items. The FDA-selected items displayed higher correlation (r = 0.35 ± 0.14) and were the basis for a longitudinal item response model including disease progression. Trial simulations indicated that identification of a disease-modifying treatment effect required less than half the study size if the analysis was based on longitudinal item information compared with total scores at end-of-treatment. Conclusion A longitudinal item response model based on the FDA-selected PSPRS items is a promising tool in evaluating treatments for PSP. © 2024 The Author(s). Movement Disorders published by Wiley Periodicals LLC on behalf of International Parkinson and Movement Disorder Society.","Gewily M, Plan EL, Yousefi E, König F, Posch M, Hopfner F, Höglinger G, Karlsson MO.",2024,2024-08-29,,10.1002/mds.30001,,https://europepmc.org/article/MED/39206961,,europe_pmc,europe_pmc_core,indexed,,include,empirical,include_empirical,"A fitted longitudinal disease model supports trial rollouts comparing treatment effects, designs, and analysis power.",exclude,not_applicable,no_future_or_action_evaluation,"The quantitative comparisons progressive supranuclear palsy rating scale versions item response study analyzes or reconstructs dynamics but does not directly evaluate future states, actions, rollouts, or planning.",exclude,not_applicable,outside_world_model_conceptual_boundary,post_qc_lead_source_sufficiency,"The longitudinal item-response model is ordinary PSP progression and trial-design pharmacometrics; trial simulations do not give it explicit clinical-trial-simulator, patient-simulator, or world-model identity.",include,empirical,fitted_multistep_dynamics,"A longitudinal item-response disease transition is fitted to six PSP studies and directly used to simulate evolving item profiles, treatment effects, trial designs, and statistical power.","Full text, Model and Trial simulations: 979 patients, longitudinal latent progression, item-information comparison, and simulated treatment-detection sample sizes.",high,exclude,not_applicable,outside_world_model_conceptual_boundary,"The longitudinal item-response model is ordinary PSP progression and trial-design pharmacometrics; trial simulations do not give it explicit clinical-trial-simulator, patient-simulator, or world-model identity.","Version-of-record Model and Trial simulations: 979 patients, longitudinal latent progression, item-information comparison, and simulated treatment-detection sample sizes.",high
ALT-86ecd04e07f7,fresh_alternate_public_search,Risk Factor Identification in Heterogeneous Disease Progression with L1-Regularized Multi-state Models.,"Multi-state model (MSM) is a useful tool to analyze longitudinal data for modeling disease progression at multiple time points. While the regularization approaches to variable selection have been widely used, extending them to MSM remains largely unexplored. In this paper, we have developed the L1-regularized multi-state model (L1MSTATE) framework that enables parameter estimation and variable selection simultaneously. The regularized optimization problem was solved by deriving a one-step coordinate descent algorithm with great computational efficiency. The L1MSTATE approach was evaluated using extensive simulation studies, and it showed that L1MSTATE outperformed existing regularized multi-state models in terms of the accurate identification of risk factors. It also outperformed the un-regularized multi-state models (MSTATE) in terms of identifying the important risk factors in situations with small sample sizes. The power of L1MSTATE in predicting the transition probabilities comparing with MSTATE was demonstrated using the Europe Blood and Marrow Transplantation (EBMT) dataset. The L1MSTATE was implemented in the open-access R package ' L1mstate '.","Dang X, Huang S, Qian X.",2021,2021-01-04,,10.1007/s41666-020-00085-1,,https://europepmc.org/article/MED/35415453,,europe_pmc,europe_pmc_core,indexed,,include,empirical,include_empirical,A regularized multistate model learns clinical transition probabilities and evaluates them through simulations and EBMT data.,exclude,not_applicable,no_future_or_action_evaluation,"The risk factor identification heterogeneous disease progression l1 regularized multi state study analyzes or reconstructs dynamics but does not directly evaluate future states, actions, rollouts, or planning.",exclude,not_applicable,outside_world_model_conceptual_boundary,post_qc_lead_source_sufficiency,L1MSTATE is a statistical method for risk-factor selection and transition-probability prediction in multistate disease data; it is not a reusable simulator or twin and is not used for planning or control.,include,empirical,learned_multistate_dynamics,"L1MSTATE learns transition intensities and selects risk factors jointly, with transition-probability recovery evaluated in simulations and the longitudinal EBMT dataset.","Full text, Method and Results: coordinate-descent fitting, simulation recovery, and EBMT transition-probability prediction against unregularized models.",high,exclude,not_applicable,outside_world_model_conceptual_boundary,L1MSTATE is a statistical method for risk-factor selection and transition-probability prediction in multistate disease data; it is not a reusable simulator or twin and is not used for planning or control.,"Version-of-record Method and Results: coordinate-descent fitting, simulation recovery, and EBMT transition-probability prediction against unregularized models.",high
ALT-0f23277c8ef6,fresh_alternate_public_search,Role of Digital Twin Technology in Medical Sector—Toward Ensuring Safe Healthcare,,S.N. Kumar; A. Lenin Fred; L.R. Jonisha Miriam; Jane I. Christina; H. Ajay Kumar; Parasuraman Padmanabhan; Balazs Gulyas,2022,2022,Digital Twin Technology,10.1002/9781119842316.ch5,,https://doi.org/10.1002/9781119842316.ch5,other,crossref,"""medical digital twin"" trajectory",registered,,uncertain,review,insufficient_abstract,"The title suggests a healthcare digital-twin review, but no abstract reveals whether medical world models are primary.",uncertain,review,insufficient_abstract,"The digital twin technology medical sector ensuring safe healthcare title plausibly denotes a medical world-model review, but the missing abstract does not establish its primary scope.",exclude,not_applicable,review_not_primary,third_full_text_adjudication,This safety-focused book chapter gives a general account of medical digital twins rather than substantially synthesizing evaluated learned medical dynamics.,,,,,,,,,,,,
ALT-a5e6fa903faf,fresh_alternate_public_search,s-SuStaIn: Scaling subtype and stage inference via simultaneous clustering of subjects and biomarkers.,"Event-based models (EBM) provide an important platform for modeling disease progression. This work successfully extends previous EBM approaches to work with larger sets of biomarkers while simultaneously modeling heterogeneity in disease progression trajectories. We develop and validate the s-SuStain method for scalable event-based modeling of disease progression subtypes using large numbers of features. s-SuStaIn is typically an order of magnitude faster than its predecessor (SuStaIn). Moreover, we perform a case study with s-SuStaIn using open access cross-sectional Alzheimer's Disease Neuroimaging (ADNI) data to stage AD patients into four subtypes based on dynamic disease progression. s-SuStaIn shows that the inferred subtypes and stages predict progression to AD among MCI subjects. The subtypes show difference in AD incidence-rates and reveal clinically meaningful progression trajectories when mapped to a brain atlas.","Tandon R, Lah JJ, Mitchell CS.",2024,2024-06-01,,,,https://europepmc.org/article/MED/40046824,,europe_pmc,europe_pmc_core,indexed,,include,empirical,include_empirical,A scalable event-based model learns Alzheimer progression trajectories and validates stages by predicting MCI conversion to AD.,exclude,not_applicable,no_learned_dynamics,The s sustain scaling subtype stage inference simultaneous clustering subjects biomarkers study is an ordinary prognostic or static prediction analysis without a learned rollout mechanism.,exclude,not_applicable,no_future_or_action_evaluation,third_full_text_adjudication,"s-SuStaIn infers subtype and stage ordering largely from cross-sectional biomarkers and evaluates staging and later incidence, not generated future state trajectories or action response.",,,,,,,,,,,,
ALT-422955863466,fresh_alternate_public_search,scMTG reconstructs single-cell temporal dynamics with Markov transition generators,"Abstract Single-cell time-series data offer a unique opportunity to study how cell states emerge, evolve, and diversify over time. However, cells are destructively measured across time points and individual cells cannot be directly tracked, making it challenging to reconstruct cell-state transitions and uncover the dynamic regulatory programs. Existing methods are predominantly based on optimal transport and typically require predefined low-dimensional representations, which can limit scalability, flexibility, and mechanistic interpretability. Here we present scMTG, a single-cell Markov transition generative framework that jointly learns cell representations and temporal cell-state transitions from unpaired single-cell time-series data. In a series of experiments, scMTG demonstrates superior performance in interpolating held-out missing-time-point data and inferring cross-time-point transition matrices, compared with state-of-the-art methods. More importantly, the learned Markov transition generator provides an interpretable framework for identifying the molecular programs that drive cell-state changes, enabling characterization of cell fate decisions and construction of time-resolved regulatory networks. Together, scMTG provides a unified generative framework for reconstructing cellular dynamics and uncovering regulatory programs that shape development, differentiation, and disease progression. scMTG is available as open-source software at https://github.com/liuq-lab/scMTG .",Xuejian Cui; Haochen Wang; Zijing Gao; Rui Jiang; Wing Hung Wong; Qiao Liu,2026,2026,openRxiv,10.64898/2026.06.04.730241,,https://doi.org/10.64898/2026.06.04.730241,posted-content,crossref,"""virtual cell"" temporal dynamics",registered,,include,empirical,include_empirical,scMTG learns Markov cell-state transitions and directly evaluates missing-time interpolation and transition-matrix inference.,include,empirical,include_empirical,The scmtg reconstructs single cell temporal dynamics markov transition generators study learns or calibrates temporal dynamics and directly evaluates temporal rollouts or simulated trajectories.,exclude,not_applicable,outside_world_model_conceptual_boundary,post_qc_lead_source_sufficiency,"scMTG is framed as a single-cell transition-reconstruction and held-out-time-point generation method, not as a virtual cell or reusable dynamic simulator, and it is not used for iterative planning or closed-loop control.",include,empirical,learned_multistep_dynamics,"scMTG jointly learns cell representations and Markov transition generators from unpaired time-series single-cell data, directly evaluating missing-time interpolation and cross-time transition matrices.","Primary preprint, Experiments: held-out time-point generation, transition-matrix inference, state-of-the-art comparisons, and time-resolved regulatory-network analysis.",high,exclude,not_applicable,outside_world_model_conceptual_boundary,"scMTG is framed as a single-cell transition-reconstruction and held-out-time-point generation method, not as a virtual cell or reusable dynamic simulator, and it is not used for iterative planning or closed-loop control.","Primary preprint Experiments: held-out time-point generation, transition-matrix inference, benchmark comparisons, and time-resolved regulatory-network analysis.",high
ALT-497c77ec105e,fresh_alternate_public_search,Simulating the outcome of a clinical intervention from a data‐driven model of Alzheimer's disease progression,"Abstract Background The recent outcomes of clinical trials in Alzheimer's Disease (AD) underline the critical importance of timing for drug intervention, and the need to identify optimal intervention windows along the disease history to maximize cognitive benefit. In this work, we propose a data‐driven progression model of AD allowing simulation of the effect of disease modifying drugs along the entire history of the pathology. Method We propose a generative model of disease progression, aimed at identifying the dynamical relationships between multi‐modal clinical and imaging data. Our data consists of AV45‐PET, FDG‐PET, MR images, and clinical scores for 311 ADNI individuals (49 healthy, 113 MCI, 33 MCI converted to AD, and 116 AD patients) for a total of 2188 longitudinal measures. The model is based on a dynamical system relating the multi‐modal information, and is formulated under realistic clinical hypothesis to provide plausible disease progression simulation and predictions. Result Figure 1 shows the modelled disease progression for grey matter atrophy, glucose hypometabolism, amyloid concentration, and cognitive decline. We notice a global increase of amyloid, while grey matter atrophy and glucose hypometabolism map prevalently temporal and parietal regions. Clinical scores exhibit a non‐linear profile, accelerating during the latest disease stages. The individual disease severity associated to such progression shows significant separation across clinical groups (p Conclusion We presented a model of AD progression, allowing to simulate the effect of disease modifying drugs on the clinical outcome at any stage of the natural history of AD. The model is flexible and future extensions are currently under study, to account for different kind of PET tracers, and for APOE4 genotyping.",Clement Abi Nader; Nicholas Ayache; Philippe Robert; Marco Lorenzi,2020,2020,Alzheimer's & Dementia,10.1002/alz.047385,,https://doi.org/10.1002/alz.047385,journal-article,crossref,"""disease progression model"" generative intervention",registered,,include,empirical,include_empirical,A data-driven dynamical system simulates multimodal disease trajectories and intervention-dependent clinical outcomes.,include,empirical,include_empirical,The simulating outcome clinical intervention data driven alzheimer s disease progression study learns or calibrates temporal dynamics and directly evaluates intervention-conditioned rollouts or planning outcomes.,exclude,not_applicable,duplicate_publication,third_full_text_adjudication,This conference abstract is the less complete publication of the retained SimulAD intervention-simulation study.,,,,,,,,,,,,
ALT-5bec8ffd48d9,fresh_alternate_public_search,Simulation of long-term lecanemab treatment effect on Alzheimer's disease progression.,"Introduction Anti-amyloid therapies such as lecanemab have demonstrated statistically significant slowing of decline on the Clinical Dementia Rating-Sum of Boxes (CDR-SB) in patients with early Alzheimer's disease (AD) in pivotal trials. Converting treatment differences on CDR-SB into time saved from disease progression may help convey clinical relevance for patients and caregivers more effectively. Methods Disease progression models were developed using Alzheimer's Disease Neuroimaging Initiative and National Alzheimer's Coordinating Center data. A 37% treatment-related time delay, derived from the Clarity AD trial, was applied to estimate long-term efficacy of lecanemab. Results Natural progression models estimated 11.5 to 13.7 years from mild cognitive impairment due to AD to severe AD. When starting treatment at CDR-SB 3.2, lecanemab delayed progression to severe AD by 2.5 to 3.7 years when assuming patients remained on treatment and 2.0 to 3.0 years when accounting for treatment discontinuation. Results were consistent across different datasets. Discussion Projections suggest lecanemab substantially delays clinical progression of AD, preserving patients' time in earlier stages of AD.","Williams T, Jang SR, Lanctôt KL, Kang A, Bloudek L, Wang G.",2026,2026-04-01,,10.1002/trc2.70274,,https://europepmc.org/article/MED/42339400,,europe_pmc,europe_pmc_core,indexed,,include,empirical,include_empirical,Data-derived progression models simulate long-term treatment-conditioned trajectories and compare projections across independent datasets.,include,empirical,include_empirical,The simulation long term lecanemab treatment effect alzheimer s disease progression study learns or calibrates temporal dynamics and directly evaluates intervention-conditioned rollouts or planning outcomes.,exclude,not_applicable,outside_world_model_conceptual_boundary,post_qc_lead_source_sufficiency,"The study applies fitted natural-history models and a trial-derived time delay to project long-term lecanemab effects; this is conventional disease-progression simulation without qualifying simulator, twin, planning, or control identity.",include,empirical,fitted_intervention_dynamics,"Natural-history progression transitions are fitted independently in ADNI and NACC, then a trial-derived treatment delay is applied and evaluated through long-term stage-transition simulations.","Full text, Methods and Results: two dataset-specific progression models, Clarity AD time-delay effect, treatment discontinuation scenarios, and years-to-severe-AD projections.",high,exclude,not_applicable,outside_world_model_conceptual_boundary,"The study applies fitted natural-history models and a trial-derived time delay to project long-term lecanemab effects; this is conventional disease-progression simulation without qualifying simulator, twin, planning, or control identity.","Version-of-record Methods and Results: ADNI and NACC progression models, Clarity AD time-delay effect, discontinuation scenarios, and years-to-severe-AD projections.",high
ALT-6ef29c270060,fresh_alternate_public_search,Simulation of the COVID-19 epidemic on the social network of Slovenia: Estimating the intrinsic forecast uncertainty.,"In the article a virus transmission model is constructed on a simplified social network. The social network consists of more than 2 million nodes, each representing an inhabitant of Slovenia. The nodes are organised and interconnected according to the real household and elderly-care center distribution, while their connections outside these clusters are semi-randomly distributed and undirected. The virus spread model is coupled to the disease progression model. The ensemble approach with the perturbed transmission and disease parameters is used to quantify the ensemble spread, a proxy for the forecast uncertainty. The presented ongoing forecasts of COVID-19 epidemic in Slovenia are compared with the collected Slovenian data. Results show that at the end of the first epidemic wave, the infection was twice more likely to transmit within households/elderly care centers than outside them. We use an ensemble of simulations (N = 1000) and data assimilation approach to estimate the COVID-19 forecast uncertainty and to inversely obtain posterior distributions of model parameters. We found that in the uncontrolled epidemic, the intrinsic uncertainty mostly originates from the uncertainty of the virus biology, i.e. its reproduction number. In the controlled epidemic with low ratio of infected population, the randomness of the social network becomes the major source of forecast uncertainty, particularly for the short-range forecasts. Virus transmission models with accurate social network models are thus essential for improving epidemics forecasting.","Zaplotnik Ž, Gavrić A, Medic L.",2020,2020-08-27,,10.1371/journal.pone.0238090,,https://europepmc.org/article/MED/32853292,,europe_pmc,europe_pmc_core,indexed,,include,empirical,include_empirical,A data-assimilated transmission model is calibrated to observations and evaluated through epidemic forecasts and uncertainty rollouts.,exclude,not_applicable,no_future_or_action_evaluation,"The simulation covid 19 epidemic social network slovenia estimating intrinsic forecast study analyzes or reconstructs dynamics but does not directly evaluate future states, actions, rollouts, or planning.",exclude,not_applicable,hand_specified_mechanistic_dynamics,post_adjudication_inclusion_qc,The transition is a hand-built network epidemic and disease-progression simulator; data assimilation estimates parameters but does not learn or adapt the transition structure from observed trajectories.,exclude,not_applicable,hand_specified_mechanistic_dynamics,The transition is a hand-built network epidemic and disease-progression simulator; data assimilation estimates parameters but does not learn or adapt the transition structure from observed trajectories.,"Full text, Model and Methods: constructed population contact network, prescribed transmission/progression rules, ensemble parameter perturbation, and posterior calibration.",high,,,,,,
ALT-8ea9085176e4,fresh_alternate_public_search,Simulation of the COVID-19 pandemic on the social network of Slovenia: estimating the intrinsic forecast uncertainty,"In the article a virus transmission model is constructed on a simplified social network. The social network consists of more than 2 million nodes, each representing an inhabitant of Slovenia. The nodes are organised and interconnected according to the real household and elderly-care center distribution, while their connections outside these clusters are semi-randomly distributed and fully-linked. The virus spread model is coupled to the disease progression model. The ensemble approach with the perturbed transmission and disease parameters is used to quantify the ensemble spread, a proxy for the forecast uncertainty. The presented ongoing forecasts of COVID-19 epidemic in Slovenia are compared with the collected Slovenian data. Results show that infection is currently twice more likely to transmit within households/elderly care centers than outside them. We use an ensemble of simulations (N = 1000) to inversely obtain posterior distributions of model parameters and to estimate the COVID-19 forecast uncertainty. We found that in the uncontrolled epidemic, the intrinsic uncertainty mostly originates from the uncertainty of the virus biology, i.e. its reproductive number. In the controlled epidemic with low ratio of infected population, the randomness of the social network becomes the major source of forecast uncertainty, particularly for the short-range forecasts. Social-network-based models are thus essential for improving epidemics forecasting.","Zaplotnik Z, Gavric A, Medic L.",2020,2020-05-27,,,,https://europepmc.org/article/PPR/PPR268800,,europe_pmc,europe_pmc_core,indexed,,include,empirical,include_empirical,The calibrated social-network model estimates posterior parameters and evaluates epidemic forecast rollouts against observations.,exclude,not_applicable,no_future_or_action_evaluation,"The simulation covid 19 pandemic social network slovenia estimating intrinsic forecast study analyzes or reconstructs dynamics but does not directly evaluate future states, actions, rollouts, or planning.",exclude,not_applicable,duplicate_publication,third_full_text_adjudication,This preprint is superseded by the retained peer-reviewed article on the Slovenian COVID-19 network simulation.,,,,,,,,,,,,
ALT-afc5b7064ab2,fresh_alternate_public_search,Simulation of the Progression of the COVID-19 Disease in Northwest Syria Using Basic and Adjusted SIR Model,"Abstract Background: Syria has been experienced an armed conflict since 2011. At the time of writing, Northwest Syria is outside governmental control and facing the challenges of the COVID-19 pandemic. In this research, we studied the progression of the COVID-19 pandemic in northwest Syria. We studied the impact of wearing facial masks and discussed the results compared to the existing figures and facts. Methods: Based on available data and using the basic and adjusted SIR model, we estimated the value of the basic reproduction number () which gives an initial prediction of the disease progression. We studied the disease progression for one year (from July 2020 to July 2021) and simulated using the basic and adjusted SIR models. Results: We estimated that the for 2019-nCOV was 2.38, and the resulted figures were overestimated compared to the reported numbers and data concerning the COVID-19 pandemic. However, when adjusting the model by a preventive measure (in this case, wearing face masks), the results were significantly less and closer to the actual reported numbers. Conclusions: Hospital utilization throughout 365 days was projected depending on the basic and adjusted SIR model. The pandemic's peak in the studied area was predicted to arise in December 2020. The expected number of cases to be infected and admitted to hospitals and ICU in 365 days was 633636, 1901, and between 1141 and 2090, accordingly.",Orwa Al Abdulla; Agneta Kallström; Jussi Kauhanen; Camilo Valderrama,2021,2021,Springer Science and Business Media LLC,10.21203/rs.3.rs-339649/v1,,https://doi.org/10.21203/rs.3.rs-339649/v1,posted-content,crossref,"""disease progression model"" generative intervention",registered,,include,empirical,include_empirical,The data-calibrated SIR model evaluates epidemic rollouts and a mask intervention against reported outcomes.,exclude,not_applicable,review_not_primary,This review centers on simulation progression covid 19 disease northwest syria basic adjusted sir rather than evaluated medical learned world-model dynamics as its primary subject.,exclude,not_applicable,duplicate_publication,post_adjudication_inclusion_qc,"This row is the Research Square preprint and a later journal version exists; the less complete preprint should not be retained, independently of the model's hand-specified SIR boundary.",exclude,not_applicable,duplicate_publication,"This row is the Research Square preprint and a later journal version exists; the less complete preprint should not be retained, independently of the model's hand-specified SIR boundary.",Lineage check: preprint DOI 10.21203/rs.3.rs-339649/v1 corresponds to journal DOI 10.3390/zoonoticdis2020006.,high,,,,,,
ALT-ed87368a386c,fresh_alternate_public_search,Simulation-Based Inference for Whole-Brain Network Modeling of Epilepsy using Deep Neural Density Estimators,"Whole-brain network modeling of epilepsy is a data-driven approach that combines personalized anatomical information with dynamical models of abnormal brain activity to generate spatio-temporal seizure patterns as observed in brain imaging signals. Such a parametric simulator is equipped with a stochastic generative process, which itself provides the basis for inference and prediction of the local and global brain dynamics affected by disorders. However, the calculation of likelihood function at whole-brain scale is often intractable. Thus, likelihood-free inference algorithms are required to efficiently estimate the parameters pertaining to the hypothetical areas in the brain, ideally including the uncertainty. In this detailed study, we present simulation-based inference for the virtual epileptic patient (SBI-VEP) model, which only requires forward simulations, enabling us to amortize posterior inference on parameters from low-dimensional data features representing whole-brain epileptic patterns. We use state-of-the-art deep learning algorithms for conditional density estimation to retrieve the statistical relationships between parameters and observations through a sequence of invertible transformations. This approach enables us to readily predict seizure dynamics from new input data. We show that the SBI-VEP is able to accurately estimate the posterior distribution of parameters linked to the extent of the epileptogenic and propagation zones in the brain from the sparse observations of intracranial EEG signals. The presented Bayesian methodology can deal with non-linear latent dynamics and parameter degeneracy, paving the way for reliable prediction of neurological disorders from neuroimaging modalities, which can be crucial for planning intervention strategies.","Hashemi M, Vattikonda AN, Jha J, Sip V, Woodman MM, Bartolomei F, Jirsa VK.",2022,2022-06-03,,10.1101/2022.06.02.22275860,,https://europepmc.org/article/PPR/PPR502261,,europe_pmc,europe_pmc_core,indexed,,include,empirical,include_empirical,Patient-specific simulator parameters are learned from EEG and evaluated for seizure-dynamics prediction and intervention planning.,exclude,not_applicable,no_future_or_action_evaluation,"The simulation inference whole brain network epilepsy deep neural density estimators study analyzes or reconstructs dynamics but does not directly evaluate future states, actions, rollouts, or planning.",exclude,not_applicable,duplicate_publication,post_adjudication_inclusion_qc,This row is the bioRxiv preprint; a more complete peer-reviewed article reports the same simulation-based inference framework and should be the retained version.,exclude,not_applicable,duplicate_publication,This row is the bioRxiv preprint; a more complete peer-reviewed article reports the same simulation-based inference framework and should be the retained version.,Lineage check: preprint DOI 10.1101/2022.06.02.22275860 precedes Neural Networks article DOI 10.1016/j.neunet.2023.03.040.,high,,,,,,
ALT-656641ee746b,fresh_alternate_public_search,Single versus multiple inhaler triple therapy in COPD using data from the pragmatic INTREPID trial: cost-effectiveness analysis from the Chilean public healthcare system perspective.,"BACKGROUND: Chronic obstructive pulmonary disease (COPD) imposes a substantial economic burden in Chile. This study assessed the cost-effectiveness of fluticasone furoate, umeclidinium, and vilanterol (FF/UMEC/VI) once daily via single inhaler compared to multiple inhaler triple therapy (MITT) for moderate to severe COPD, from the Chilean public healthcare system perspective. RESEARCH DESIGN AND METHODS: The Galaxy COPD disease progression model was adapted to the Chilean setting, incorporating Chilean healthcare resource use and unit costs, along with patient data, comparators, and treatment effects from INTREPID trial. Costs and healthcare benefits were aggregated over 25 years and reported as incremental cost-effectiveness ratios (ICERs-cost/quality-adjusted life year [QALY] gained). Sensitivity analysis included probabilistic assessment. RESULTS: Single inhaler FF/UMEC/VI provided an additional 0.261 QALYs at an incremental cost of 114.21 United States Dollars (USD) per patient, leading to an ICER of 438.41 USD/QALY in the base case. FF/UMEC/VI reduced severe exacerbations per patient per year by 4.38% compared to MITT. FF/UMEC/VI was dominant over MITT in 5- and 10-year time horizons. CONCLUSIONS: Despite higher total costs due to increased drug acquisition, FF/UMEC/VI reduces healthcare resource utilization associated with COPD events, representing a cost-effective option compared to MITT for moderate to severe COPD in Chile.",Felipe Moraes Dos Santos; Nicolás Sandoval Astudillo; Manuel Espinoza; Carlos Balmaceda; Jose Fernando Romero; Stephen G Noorduyn,2026,2026,Expert review of pharmacoeconomics & outcomes research,10.1080/14737167.2026.2693168,,https://pubmed.ncbi.nlm.nih.gov/42343705/,journal-article,europe_pmc;pubmed,europe_pmc_core;pubmed_core,indexed,,include,empirical,include_empirical,The adapted COPD progression model performs 25-year treatment counterfactual rollouts using trial patient effects.,exclude,not_applicable,review_not_primary,This review centers on single versus multiple inhaler triple therapy copd data pragmatic intrepid rather than evaluated medical learned world-model dynamics as its primary subject.,exclude,not_applicable,hand_specified_mechanistic_dynamics,post_adjudication_inclusion_qc,The analysis adapts an existing cost-effectiveness progression model using trial effects and Chilean costs; it does not learn or validate a patient-state transition from longitudinal observations.,exclude,not_applicable,hand_specified_mechanistic_dynamics,The analysis adapts an existing cost-effectiveness progression model using trial effects and Chilean costs; it does not learn or validate a patient-state transition from longitudinal observations.,"Primary article abstract, Methods: Galaxy COPD model adaptation, 25-year aggregation, cost/QALY outcomes, and probabilistic sensitivity analysis.",high,,,,,,
ALT-f4f9d23282a9,fresh_alternate_public_search,Surrogate modeling and control of medical digital twins.,"The vision of personalized medicine is to identify interventions that maintain or restore a person's health based on their individual biology. Medical digital twins, computational models that integrate a wide range of health-related data about a person and can be dynamically updated, are a key technology that can help guide medical decisions. Such medical digital twin models can be high-dimensional, multi-scale, and stochastic. To be practical for healthcare applications, they often need to be simplified into low-dimensional surrogate models that can be used for optimal design of interventions. This paper introduces surrogate modeling algorithms for the purpose of optimal control applications. As a use case, we focus on agent-based models (ABMs), a common model type in biomedicine for which there are no readily available optimal control algorithms. By deriving surrogate models that are based on systems of ordinary differential equations, we show how optimal control methods can be employed to compute effective interventions, which can then be lifted back to a given ABM. The relevance of the methods introduced here extends beyond medical digital twins to other complex dynamical systems.",Luis L Fonseca; Lucas Böttcher; Borna Mehrad; Reinhard C Laubenbacher,2024,2024,ArXiv,10.1038/s43588-024-00607-6,,https://pubmed.ncbi.nlm.nih.gov/38827450/,journal-article,europe_pmc;pubmed,europe_pmc_core;pubmed_core,indexed,,exclude,not_applicable,no_primary_empirical_evaluation,The abstract proposes surrogate-control algorithms but reports no primary empirical evaluation of medical dynamics.,include,empirical,include_empirical,The surrogate control medical digital twins study learns or calibrates temporal dynamics and directly evaluates intervention-conditioned rollouts or planning outcomes.,exclude,not_applicable,no_learned_dynamics,third_full_text_adjudication,"The surrogate learns trajectories produced by a prescribed biomedical agent-based model rather than transitions fitted from observed medical data, so its control experiments do not meet the adaptation criterion.",,,,,,,,,,,,
ALT-b3e7bbcf7025,fresh_alternate_public_search,Temporal Generative Models for Longitudinal Study of Disease Progression Patterns,,Anu D; Manoj Kumar M V,2026,2026,2026 IEEE Global Symposium on Emerging and Communication Technologies (GSEACT),10.1109/gseact68539.2026.11620023,,https://doi.org/10.1109/gseact68539.2026.11620023,proceedings-article,crossref,"""disease progression model"" generative intervention",registered,,uncertain,empirical,insufficient_abstract,"The title suggests temporal generative disease modeling, but no abstract confirms learned transitions or rollout evaluation.",uncertain,empirical,insufficient_abstract,"The temporal generative longitudinal disease progression patterns title plausibly denotes learned medical dynamics, but the missing abstract does not establish direct future or action evaluation.",exclude,not_applicable,insufficient_primary_evidence,post_adjudication_inclusion_qc,"An abstract describes ProgVAE and endpoint metrics, but the closed conference source does not provide enough stable methods, cohort construction, or trajectory-level results for 45-field extraction.",exclude,not_applicable,insufficient_primary_evidence,"An abstract describes ProgVAE and endpoint metrics, but the closed conference source does not provide enough stable methods, cohort construction, or trajectory-level results for 45-field extraction.","IEEE/Semantic Scholar primary metadata and abstract: stage-specific VAE, irregular-time attention, five cohorts, and truncated reported results without inspectable full text.",high,,,,,,
ALT-6dd7b171b472,fresh_alternate_public_search,Temporal order of clinical and biomarker changes in familial frontotemporal dementia.,"Unlike familial Alzheimer's disease, we have been unable to accurately predict symptom onset in presymptomatic familial frontotemporal dementia (f-FTD) mutation carriers, which is a major hurdle to designing disease prevention trials. We developed multimodal models for f-FTD disease progression and estimated clinical trial sample sizes in C9orf72, GRN and MAPT mutation carriers. Models included longitudinal clinical and neuropsychological scores, regional brain volumes and plasma neurofilament light chain (NfL) in 796 carriers and 412 noncarrier controls. We found that the temporal ordering of clinical and biomarker progression differed by genotype. In prevention-trial simulations using model-based patient selection, atrophy and NfL were the best endpoints, whereas clinical measures were potential endpoints in early symptomatic trials. f-FTD prevention trials are feasible but will likely require global recruitment efforts. These disease progression models will facilitate the planning of f-FTD clinical trials, including the selection of optimal endpoints and enrollment criteria to maximize power to detect treatment effects.","Staffaroni AM, Quintana M, Wendelberger B, Heuer HW, Russell LL, Cobigo Y, Wolf A, Goh SM, Petrucelli L, Gendron TF, Heller C, Clark AL, Taylor JC, Wise A, Ong E, Forsberg L, Brushaber D, Rojas JC, VandeVrede L, Ljubenkov P, Kramer J, Casaletto KB, Appleby B, Bordelon Y, Botha H, Dickerson BC, Domoto-Reilly K, Fields JA, Foroud T, Gavrilova R, Geschwind D, Ghoshal N, Goldman J, Graff-Radford J, Graff-Radford N, Grossman M, Hall MGH, Hsiung GY, Huey ED, Irwin D, Jones DT, Kantarci K, Kaufer D, Knopman D, Kremers W, Lago AL, Lapid MI, Litvan I, Lucente D, Mackenzie IR, Mendez MF, Mester C, Miller BL, Onyike CU, Rademakers R, Ramanan VK, Ramos EM, Rao M, Rascovsky K, Rankin KP, Roberson ED, Savica R, Tartaglia MC, Weintraub S, Wong B, Cash DM, Bouzigues A, Swift IJ, Peakman G, Bocchetta M, Todd EG, Convery RS, Rowe JB, Borroni B, Galimberti D, Tiraboschi P, Masellis M, Finger E, van Swieten JC, Seelaar H, Jiskoot LC, Sorbi S, Butler CR, Graff C, Gerhard A, Langheinrich T, Laforce R, Sanchez-Valle R, de Mendonça A, Moreno F, Synofzik M, Vandenberghe R, Ducharme S, Le Ber I, Levin J, Danek A, Otto M, Pasquier F, Santana I, Kornak J, Boeve BF, Rosen HJ, Rohrer JD, Boxer AL, Frontotemporal Dementia Prevention Initiative (FPI) Investigators.",2022,2022-09-22,,10.1038/s41591-022-01942-9,,https://europepmc.org/article/MED/36138153,,europe_pmc,europe_pmc_core,indexed,,include,empirical,include_empirical,Learned multimodal disease trajectories are directly used in clinical-trial simulations for patient selection and endpoint planning.,exclude,not_applicable,no_learned_dynamics,The temporal order clinical biomarker changes familial frontotemporal dementia study is an ordinary prognostic or static prediction analysis without a learned rollout mechanism.,exclude,not_applicable,outside_world_model_conceptual_boundary,post_qc_lead_source_sufficiency,The multimodal models estimate genotype-specific frontotemporal-dementia progression and support endpoint and sample-size simulations; they are not framed as patient or trial simulators and are not planning environments.,include,empirical,fitted_multistep_dynamics,"Multimodal progression models are fitted to longitudinal clinical, imaging, and biomarker data by genotype, then operationally evaluated in prevention-trial simulations and endpoint selection.","Full text, Disease progression modeling and Trial simulations: 796 carriers, 412 controls, genotype-specific temporal ordering, modeled patient selection, endpoints, and sample sizes.",high,exclude,not_applicable,outside_world_model_conceptual_boundary,The multimodal models estimate genotype-specific frontotemporal-dementia progression and support endpoint and sample-size simulations; they are not framed as patient or trial simulators and are not planning environments.,"Version-of-record Disease progression modeling and Trial simulations: 796 carriers, 412 controls, genotype-specific temporal ordering, modeled patient selection, endpoints, and sample sizes.",high
ALT-0c4c70a8e30e,fresh_alternate_public_search,Thalamic regulation of reinforcement learning strategies across prefrontal-striatal networks.,"Human decision-making involves model-free and model-based reinforcement learning (RL) strategies, largely implemented by prefrontal-striatal circuits. Combining human brain imaging with neural network modelling in a probabilistic reversal learning task, we identify a unique role for the mediodorsal thalamus (MD) in arbitrating between RL strategies. While both dorsal PFC and the striatum support rule switching, the former does so when subjects predominantly adopt model-based strategy, and the latter model-free. The lateral and medial subdivisions of MD likewise engage these modes, each with distinct PFC connectivity. Notably, prefrontal transthalamic processing increases during the shift from stable rule use to model-based updating, with model-free updates at intermediate levels. Our CogLinks model shows that model-free strategies emerge when prefrontal-thalamic mechanisms for context inference fail, resulting in a slower overwriting of prefrontal strategy representations - a phenomenon we empirically validate with fMRI decoding analysis. These findings reveal how prefrontal transthalamic pathways implement flexible RL-based cognition.","Wang BA, Wang MB, Lam NH, Mengxing L, Li S, Wimmer RD, Paz-Alonso PM, Halassa MM, Pleger B.",2025,2025-10-16,,10.1038/s41467-025-63995-x,,https://europepmc.org/article/MED/41102160,,europe_pmc,europe_pmc_core,indexed,,include,empirical,include_empirical,A neural model of model-based reversal learning is tested against human actions and fMRI-derived strategy shifts.,exclude,not_applicable,no_learned_dynamics,The thalamic regulation reinforcement learning strategies across prefrontal striatal networks record does not describe a learned temporal or action-conditioned medical dynamics model.,exclude,not_applicable,wrong_domain,reviewer_consensus,A: Models reinforcement-learning strategy arbitration in cognition; does not model a substantive medical health trajectory. B: The modeled system is outside the review’s substantive medical or biomedical scope.,,,,,,,,,,,,
ALT-67acfccd7966,fresh_alternate_public_search,"The Era of Preemptive Medicine: Developing Medical Digital Twins through Omics, IoT, and AI Integration.","Preemptive medicine represents a paradigm shift from reactive treatment to proactive disease prevention. The integration of omics technologies, the Internet of Things (IoT), and artificial intelligence (AI) has facilitated the development of personalized, predictive, and preemptive healthcare strategies. Omic technologies, such as genomics, proteomics, and metabolomics, provide comprehensive insights into molecular profile of an individual, revealing potential disease predispositions and health trajectories. IoT devices, such as wearables and smartphones, enable continuous and periodic monitoring of physiological parameters, thus providing a dynamic view of an individual's health status. AI algorithms analyze comprehensive and complex data from omics and IoT technologies to identify patterns and correlations that inform predictive models of disease risk, progression, and response to interventions. Medical digital twins, or virtual replicas of an individual's biological processes, have emerged as the cornerstone of preemptive medicine. The integration of omics, IoT, and AI enables the development of medical digital twins, which in turn allows for precise simulation of human physiological profiles, prediction of future health outcomes, and virtual individual clinical trials, facilitating personalized proactive interventions and preemptive disease control. This review demonstrates the convergence of omics, IoT, and AI in preemptive medicine, highlighting their potential to revolutionize healthcare by enabling early disease detection, personalized treatment strategies, and chronic disease prevention. We show how AI leverages omics and IoT in preemptive medicine through several case studies while also discussing the necessary data for developing medical digital twins and addressing ethical and social aspects that warrant consideration. Medical digital twins signify a fundamental transformation in health management, shifting from treating diseases after their occurrence to controlling them before their occurrence. This approach enhances the effectiveness of medical interventions and improves overall health outcomes, preparing for a healthier future.",Ooka T.,2025,2024-11-11,,10.31662/jmaj.2024-0213,,https://europepmc.org/article/MED/39926086,,europe_pmc,europe_pmc_core,indexed,,exclude,review,review_not_primary,"This generic preemptive-medicine digital-twin overview lacks a world-model taxonomy, evidence map, or benchmark synthesis.",include,review,include_review,"This review primarily synthesizes dynamic medical digital twins for era preemptive medicine developing medical digital twins through omics iot, including prediction, simulation, or intervention use.",exclude,not_applicable,review_not_primary,third_full_text_adjudication,"The review focuses broadly on omics, IoT, and AI convergence for preemptive medicine; evaluated learned transition and rollout models are not a central evidence category.",,,,,,,,,,,,
ALT-75ede1e4486d,fresh_alternate_public_search,The Potential of Digital Twins for Pediatric Rare Diseases.,"Rare diseases affect over 300 million people globally, with approximately 75% manifesting in childhood. Their diagnosis is often delayed and approved treatments are lacking for most of the conditions. Pediatric rare diseases research is further complicated by ethical constraints and developmental diversity across childhood. Digital Twins, virtual representations of patients built from mechanistic and AI/ML models, offer a promising solution by enabling hypothesis testing, precision diagnostics, personalized therapies, and in silico trials for pediatric rare diseases. This article discusses the potential of DT applications in advancing precision medicine for pediatric rare diseases, alongside associated regulatory perspectives, modeling strategies, uncertainty analysis, as well as data, ethical and legal challenges.","Malik-Sheriff RS, Limdi A, Petsalaki E, Hermjakob H, McDonagh EM.",2026,2026-04-01,,10.1002/psp4.70234,,https://europepmc.org/article/MED/41915424,,europe_pmc,europe_pmc_core,indexed,,exclude,review,review_not_primary,This broad pediatric digital-twin perspective offers potential applications rather than a world-model evidence synthesis.,include,review,include_review,"This review primarily synthesizes dynamic medical digital twins for potential digital twins pediatric rare diseases, including prediction, simulation, or intervention use.",exclude,not_applicable,review_not_primary,third_full_text_adjudication,"This perspective discusses potential rare-disease twin strategies, regulation, and ethics but does not substantially synthesize evaluated learned dynamic simulators.",,,,,,,,,,,,
ALT-0fdbd7fc2fe3,fresh_alternate_public_search,The potential of the Medical Digital Twin in diabetes management: a review.,"Diabetes is a chronic prevalent disease that must be managed to improve the patient's quality of life. However, the limited healthcare management resources compared to the large diabetes mellitus (DM) population are an obstacle that needs modern information technology to improve. Digital twin (DT) is a relatively new approach that has emerged as a viable tool in several sectors of healthcare, and there have been some publications on DT in disease management. The systematic summary of the use of DTs and its potential applications in DM is less reported. In this review, we summarized the key techniques of DTs, proposed the potentials of DTs in DM management from different aspects, and discussed the concerns of this novel technique in DM management.",Yanting Chu; Shanhong Li; Jie Tang; Huiqun Wu,2023,2023,Frontiers in medicine,10.3389/fmed.2023.1178912,,https://pubmed.ncbi.nlm.nih.gov/37547605/,journal-article,europe_pmc;pubmed,europe_pmc_core;pubmed_core,indexed,,exclude,review,review_not_primary,This generic diabetes digital-twin review summarizes potential uses without a world-model evidence map.,include,review,include_review,"This review primarily synthesizes dynamic medical digital twins for potential medical digital twin diabetes management review, including prediction, simulation, or intervention use.",exclude,not_applicable,review_scope_too_broad,post_adjudication_inclusion_qc,"The narrative review covers data acquisition, modeling, AI, feedback, and multiscale diabetes applications, but it does not centrally synthesize empirical learned-transition and rollout evaluations.",exclude,not_applicable,review_scope_too_broad,"The narrative review covers data acquisition, modeling, AI, feedback, and multiscale diabetes applications, but it does not centrally synthesize empirical learned-transition and rollout evaluations.","Full text sections: key techniques, digital modeling and simulation, decision-making and AI, feedback and control, and body/organ/molecular applications.",medium,,,,,,
ALT-4e7f7bf92591,fresh_alternate_public_search,The Virtual Patient Simulator: Using Hemodynamics and the Cardioenergetic Profile to Optimize Heart Failure Care.,,Jonathan Grinstein; Pablo J Blanco; Ryo Torii; Rohan Goswami,2025,2025,JACC. Basic to translational science,10.1016/j.jacbts.2025.01.009,,https://pubmed.ncbi.nlm.nih.gov/40139863/,journal-article,crossref;europe_pmc;pubmed,"""patient simulator"" clinical;europe_pmc_core;pubmed_core",indexed,,uncertain,not_applicable,insufficient_abstract,"The title suggests a heart-failure simulator, but no abstract clarifies whether its dynamics are learned.",uncertain,empirical,insufficient_abstract,"The virtual patient simulator hemodynamics cardioenergetic profile optimize heart failure care title plausibly denotes learned medical dynamics, but the missing abstract does not establish direct future or action evaluation.",exclude,not_applicable,no_primary_empirical_evaluation,reviewer_consensus,A: Describes a heart-failure virtual patient decision concept; does not report a verifiable primary model evaluation. B: The record lacks a complete primary empirical evaluation sufficient to verify eligible dynamics and results.,,,,,,,,,,,,
ALT-7371d6ebce00,fresh_alternate_public_search,Toward mechanistic medical digital twins: some use cases in immunology.,"A fundamental challenge for personalized medicine is to capture enough of the complexity of an individual patient to determine an optimal way to keep them healthy or restore their health. This will require personalized computational models of sufficient resolution and with enough mechanistic information to provide actionable information to the clinician. Such personalized models are increasingly referred to as medical digital twins. Digital twin technology for health applications is still in its infancy, and extensive research and development is required. This article focuses on several projects in different stages of development that can lead to specific-and practical-medical digital twins or digital twin modeling platforms. It emerged from a two-day forum on problems related to medical digital twins, particularly those involving an immune system component. Open access video recordings of the forum discussions are available.",Reinhard Laubenbacher; Fred Adler; Gary An; Filippo Castiglione; Stephen Eubank; Luis L Fonseca; James Glazier; Tomas Helikar; Marti Jett-Tilton; Denise Kirschner; Paul Macklin; Borna Mehrad; Beth Moore; Virginia Pasour; Ilya Shmulevich; Amber Smith; Isabel Voigt; Thomas E Yankeelov; Tjalf Ziemssen,2024,2024,Frontiers in digital health,10.3389/fdgth.2024.1349595,,https://pubmed.ncbi.nlm.nih.gov/38515550/,journal-article,europe_pmc;pubmed,europe_pmc_core;pubmed_core,indexed,,exclude,review,review_not_primary,This perspective surveys mechanistic immunology twins rather than learned medical world-model evidence.,include,review,include_review,"This review primarily synthesizes dynamic medical digital twins for mechanistic medical digital twins some cases immunology, including prediction, simulation, or intervention use.",exclude,not_applicable,review_not_primary,third_full_text_adjudication,"The forum-derived review highlights predominantly mechanistic immune-model projects and future platforms, not learned transition systems and their operational evaluations as a central category.",,,,,,,,,,,,
ALT-d81426ebf4f9,fresh_alternate_public_search,"Towards a multi-organ, multi-omics medical digital twin.",,Junhao Wen,2025,2025,Nature biomedical engineering,10.1038/s41551-025-01474-w,,https://pubmed.ncbi.nlm.nih.gov/40855122/,journal-article,crossref;europe_pmc;pubmed,"""medical digital twin"" trajectory;europe_pmc_core;pubmed_core",indexed,,uncertain,not_applicable,insufficient_abstract,"The medical digital-twin title is relevant, but no abstract reveals model type or evaluation.",uncertain,review,insufficient_abstract,"The multi organ multi omics medical digital twin title plausibly denotes a medical world-model review, but the missing abstract does not establish its primary scope.",exclude,not_applicable,review_not_primary,third_full_text_adjudication,"This short perspective proposes a multi-organ, multi-omics twin direction without a substantial synthesis of evaluated learned dynamics.",,,,,,,,,,,,
ALT-93e4c18ce5af,fresh_alternate_public_search,Towards AI-based precision rehabilitation via contextual model-based reinforcement learning.,"BACKGROUND: Stroke is a condition marked by considerable variability in lesions, recovery trajectories, and responses to therapy. Consequently, precision medicine in rehabilitation post-stroke, which aims to deliver the ""right intervention, at the right time, in the right setting, for the right person,"" is essential for optimizing stroke recovery. Although artificial intelligence (AI) has been effectively utilized in other medical fields, no current AI system is designed to tailor and continuously refine rehabilitation plans post-stroke. METHODS: We propose a novel AI-based decision-support system for precision rehabilitation that uses reinforcement learning (RL) to personalize the treatment plan. Specifically, our system iteratively adjusts the sequential treatment plan-timing, dosage, and intensity-to maximize long-term outcomes based on a patient model that includes covariate data (the context). The system collaborates with clinicians and people with stroke to customize the recommended plan based on clinical judgment, constraints, and preferences. To achieve this goal, we propose a contextual Markov decision process (CMDP) framework and a novel hierarchical Bayesian model-based RL algorithm, named posterior sampling for contextual RL (PSCRL), that discovers and continuously adjusts near-optimal sequential treatments by efficiently balancing exploitation and exploration while respecting constraints and preferences. RESULTS: We implemented and validated our precision rehabilitation system in simulations with 150 diverse, synthetic patients. Simulation results showed the system's ability to continuously learn from both upcoming data from the current patient and a database of past patients via Bayesian hierarchical modeling. Specifically, the algorithm's sequential treatment recommendations became increasingly more effective in improving functional gains for each patient over time and across the synthetic patient population. As a result, the algorithm's treatments were superior to non-adaptive, ""one-size-fits-all"" dosing schedules (uniform, decreasing, and increasing). CONCLUSIONS: Our novel AI-based precision rehabilitation system, based on contextual model-based RL, has the potential to play a key role in novel learning health systems in rehabilitation.",Dongze Ye; Haipeng Luo; Carolee Winstein; Nicolas Schweighofer,2025,2025,Journal of neuroengineering and rehabilitation,10.1186/s12984-025-01771-0,,https://pubmed.ncbi.nlm.nih.gov/41419889/,journal-article,crossref;europe_pmc;pubmed,"""model-based reinforcement learning"" medical;""model-based reinforcement learning"" surgical;europe_pmc_core;pubmed_core",indexed,,include,empirical,include_empirical,Bayesian model-based RL adapts patient dynamics and directly evaluates sequential rehabilitation control.,include,empirical,include_empirical,The ai precision rehabilitation contextual reinforcement learning study learns or calibrates temporal dynamics and directly evaluates intervention-conditioned rollouts or planning outcomes.,exclude,not_applicable,no_operational_dynamics_evaluation,post_adjudication_inclusion_qc,The contextual transition and treatment-response environment are demonstrated only on 150 synthetic patients; no learned or adapted dynamics are evaluated against observed stroke-rehabilitation trajectories.,exclude,not_applicable,no_operational_dynamics_evaluation,The contextual transition and treatment-response environment are demonstrated only on 150 synthetic patients; no learned or adapted dynamics are evaluated against observed stroke-rehabilitation trajectories.,"Full text, Methods and Results: contextual MDP, hierarchical Bayesian PSCRL, and simulation-only comparison with fixed dosing schedules.",high,,,,,,
ALT-7a4e7d9c8802,fresh_alternate_public_search,Trajectory forecasting lifts the femtosecond ceiling in molecular simulation,,Seyed Mohamad Moosavi,2026,2026,Nature Machine Intelligence,10.1038/s42256-026-01275-z,,https://doi.org/10.1038/s42256-026-01275-z,journal-article,crossref,"""physiological trajectory"" forecasting",registered,,uncertain,not_applicable,insufficient_abstract,"The title suggests learned molecular trajectory forecasting, but domain and evaluation details are absent.",exclude,not_applicable,wrong_domain,"This record concerns trajectory forecasting lifts femtosecond ceiling molecular simulation, which is outside medical or biomedical systems.",exclude,not_applicable,wrong_domain,reviewer_consensus,A: Forecasts molecular trajectories for physical simulation; lacks a substantive medical or biomedical modeled state. B: The modeled system is outside the review’s substantive medical or biomedical scope.,,,,,,,,,,,,
ALT-cb711f02e823,fresh_alternate_public_search,Treatment and therapy with digital twin technology,,Anand Jawdekar; Ayush Kumawat,2025,2025,Digital Twin Technology for Better Health,10.1201/9781003498117-4,,https://doi.org/10.1201/9781003498117-4,book-chapter,crossref,"""clinical digital twin"" intervention;""medical digital twin"" trajectory",registered,,uncertain,not_applicable,insufficient_abstract,"The title suggests therapeutic digital twins, but no abstract establishes learned dynamics or substantive review content.",uncertain,review,insufficient_abstract,"The treatment therapy digital twin technology title plausibly denotes a medical world-model review, but the missing abstract does not establish its primary scope.",exclude,not_applicable,review_not_primary,third_full_text_adjudication,The chapter provides a broad treatment-and-therapy overview of digital twins rather than a substantial synthesis of evaluated learned medical dynamics.,,,,,,,,,,,,
ALT-96b19f8d66a6,fresh_alternate_public_search,TWIN: Personalized Clinical Trial Digital Twin Generation,,Trisha Das; Zifeng Wang; Jimeng Sun,2023,2023,Proceedings of the 29th ACM SIGKDD Conference on Knowledge Discovery and Data Mining,10.1145/3580305.3599534,,https://doi.org/10.1145/3580305.3599534,proceedings-article,crossref,"""clinical digital twin"" intervention",registered,,uncertain,empirical,insufficient_abstract,"The medical digital-twin title is relevant, but no abstract permits assessing learned temporal dynamics or evaluation.",uncertain,empirical,insufficient_abstract,"The twin personalized clinical trial digital twin generation title plausibly denotes learned medical dynamics, but the missing abstract does not establish direct future or action evaluation.",exclude,not_applicable,static_or_endpoint_prediction,post_adjudication_inclusion_qc,"The model generates personalized synthetic trial records to improve patient outcome prediction, but the inspected KDD evidence does not establish or evaluate a recursive temporal state transition or action-conditioned rollout.",exclude,not_applicable,static_or_endpoint_prediction,"The model generates personalized synthetic trial records to improve patient outcome prediction, but the inspected KDD evidence does not establish or evaluate a recursive temporal state transition or action-conditioned rollout.",KDD proceedings record and downstream author descriptions: variational digital-twin record generation and trial-outcome prediction rather than evolving-state simulation.,medium,,,,,,
ALT-dcb2580cae0b,fresh_alternate_public_search,Using an optimized generative model to infer the progression of complications in type 2 diabetes patients.,"BACKGROUND: People live a long time in pre-diabetes/early diabetes without a formal diagnosis or management. Heterogeneity of progression coupled with deficiencies in electronic health records related to incomplete data, discrete events, and irregular event intervals make identification of pre-diabetes and critical points of diabetes progression challenging. METHODS: We utilized longitudinal electronic health records of 9298 patients with type 2 diabetes or prediabetes from 2005 to 2016 from a large regional healthcare delivery network in China. We optimized a generative Markov-Bayesian-based model to generate 5000 synthetic illness trajectories. The synthetic data were manually reviewed by endocrinologists. RESULTS: We build an optimized generative progression model for type 2 diabetes using anchor information to reduce the number of parameters learning in the third layer of the model from [Formula: see text] to [Formula: see text], where [Formula: see text] is the number of clinical findings, [Formula: see text] is the number of complications, [Formula: see text] is the number of anchors. Based on this model, we infer the relationships between progression stages, the onset of complication categories, and the associated diagnoses during the whole progression of type 2 diabetes using electronic health records. DISCUSSION: Our findings indicate that 55.3% of single complications and 31.8% of complication patterns could be predicted early and managed appropriately to potentially delay (as it is a progressive disease) or prevented (by lifestyle modifications that keep patient from developing/triggering diabetes in the first place). CONCLUSIONS: The full type 2 diabetes patient trajectories generated by the chronic disease progression model can counter a lack of real-world evidence of desired longitudinal timeframe while facilitating population health management.",Xiaoxia Wang; Yifei Lin; Yun Xiong; Suhua Zhang; Yanming He; Yuqing He; Zhikun Zhang; Joseph M Plasek; Li Zhou; David W Bates; Chunlei Tang,2022,2022,BMC medical informatics and decision making,10.1186/s12911-022-01915-5,,https://pubmed.ncbi.nlm.nih.gov/35778708/,journal-article,crossref;europe_pmc;pubmed,"""disease progression model"" generative intervention;europe_pmc_core;pubmed_core",indexed,,include,empirical,include_empirical,The learned generative progression model produces and evaluates full synthetic diabetes trajectories from longitudinal records.,include,empirical,include_empirical,The optimized generative infer progression complications type 2 diabetes patients study learns or calibrates temporal dynamics and directly evaluates temporal rollouts or simulated trajectories.,exclude,not_applicable,outside_world_model_conceptual_boundary,post_qc_lead_source_sufficiency,"The Markov-Bayesian model generates synthetic diabetes-complication trajectories for progression inference and population-health analysis, but it is not framed as a patient simulator or twin and is not used for planning or control.",include,empirical,learned_multistep_dynamics,"A Markov-Bayesian model learns complication-stage transitions from longitudinal EHRs, generates full synthetic illness trajectories, and evaluates transition patterns through clinician review and early-prediction analysis.","Full text, Methods and Results: 9,298 patients, anchor-optimized parameter learning, 5,000 generated trajectories, endocrinologist review, and complication-pattern prediction.",high,exclude,not_applicable,outside_world_model_conceptual_boundary,"The Markov-Bayesian model generates synthetic diabetes-complication trajectories for progression inference and population-health analysis, but it is not framed as a patient simulator or twin and is not used for planning or control.","Version-of-record Methods and Results: 9,298 patients, anchor-optimized parameter learning, 5,000 generated trajectories, endocrinologist review, and complication-pattern prediction.",high
ALT-87377213f8c2,fresh_alternate_public_search,Using Constrained-Disorder Principle-Based Systems to Improve the Performance of Digital Twins in Biological Systems.,"Digital twins are computer programs that use real-world data to create simulations that predict the performance of processes, products, and systems. Digital twins may integrate artificial intelligence to improve their outputs. Models for dealing with uncertainties and noise are used to improve the accuracy of digital twins. Most currently used systems aim to reduce noise to improve their outputs. Nevertheless, biological systems are characterized by inherent variability, which is necessary for their proper function. The constrained-disorder principle defines living systems as having a disorder as part of their existence and proper operation while kept within dynamic boundaries. In the present paper, we review the role of noise in complex systems and its use in bioengineering. We describe the use of digital twins for medical applications and current methods for dealing with noise and uncertainties in modeling. The paper presents methods to improve the accuracy and effectiveness of digital twin systems by continuously implementing variability signatures while simultaneously reducing unwanted noise in their inputs and outputs. Accounting for the noisy internal and external environments of complex biological systems is necessary for the future design of improved, more accurate digital twins.","Sigawi T, Ilan Y.",2023,2023-08-11,,10.3390/biomimetics8040359,,https://europepmc.org/article/MED/37622964,,europe_pmc,europe_pmc_core,indexed,,exclude,review,review_not_primary,This broad conceptual review of biological digital twins lacks a focused medical world-model evidence synthesis.,include,review,include_review,"This review primarily synthesizes dynamic medical digital twins for constrained disorder principle systems improve performance digital twins biological systems, including prediction, simulation, or intervention use.",exclude,not_applicable,review_not_primary,third_full_text_adjudication,"The review concerns noise, uncertainty, and a constrained-disorder principle for biological twins; learned medical transition evaluations are not its central evidence category.",,,,,,,,,,,,
ALT-43b2bbc48902,fresh_alternate_public_search,"Using the Non-Adoption, Abandonment, Scale-Up, Spread, and Sustainability (NASSS) Framework to Identify Barriers and Facilitators for the Implementation of Digital Twins in Cardiovascular Medicine.","A digital twin is a computer-based ""virtual"" representation of a complex system, updated using data from the ""real"" twin. Digital twins are established in product manufacturing, aviation, and infrastructure and are attracting significant attention in medicine. In medicine, digital twins hold great promise to improve prevention of cardiovascular diseases and enable personalised health care through a range of Internet of Things (IoT) devices which collect patient data in real-time. However, the promise of such new technology is often met with many technical, scientific, social, and ethical challenges that need to be overcome-if these challenges are not met, the technology is therefore less likely on balance to be adopted by stakeholders. The purpose of this work is to identify the facilitators and barriers to the implementation of digital twins in cardiovascular medicine. Using, the Non-adoption, Abandonment, Scale-up, Spread, and Sustainability (NASSS) framework, we conducted a document analysis of policy reports, industry websites, online magazines, and academic publications on digital twins in cardiovascular medicine, identifying potential facilitators and barriers to adoption. Our results show key facilitating factors for implementation: preventing cardiovascular disease, in silico simulation and experimentation, and personalised care. Key barriers to implementation included: establishing real-time data exchange, perceived specialist skills required, high demand for patient data, and ethical risks related to privacy and surveillance. Furthermore, the lack of empirical research on the attributes of digital twins by different research groups, the characteristics and behaviour of adopters, and the nature and extent of social, regulatory, economic, and political contexts in the planning and development process of these technologies is perceived as a major hindering factor to future implementation.","Winter PD, Chico TJA.",2023,2023-07-12,,10.3390/s23146333,,https://europepmc.org/article/MED/37514627,,europe_pmc,europe_pmc_core,indexed,,include,review,include_review,"This cardiovascular digital-twin review synthesizes implementation barriers, facilitators, and clinical-translation requirements.",include,review,include_review,"This review primarily synthesizes dynamic medical digital twins for non adoption abandonment scale up spread sustainability identify barriers facilitators, including prediction, simulation, or intervention use.",exclude,not_applicable,review_not_primary,third_full_text_adjudication,"This document analysis studies implementation barriers and facilitators, not the methods and results of learned medical dynamic simulators.",,,,,,,,,,,,
ALT-1c61095bff41,fresh_alternate_public_search,Validating medical digital twins for clinical decision support: beyond predictive accuracy.,"Objective To clarify how validation requirements should be specified for medical digital twins used in clinical decision support, particularly when such systems are intended to compare interventions, treatment timings, dosages, or sequential care strategies. Perspective Medical digital twins are heterogeneous systems that may combine prediction, simulation, mechanistic modeling, machine learning, data assimilation, uncertainty quantification, and decision-support functions. Their evaluation should therefore be driven by their intended use rather than by a single definition of what a digital twin is. For digital twins used primarily for visualization, monitoring, or short-term forecasting, predictive accuracy, calibration, discrimination, and robustness may be the central validation targets. However, when digital twins are used to support intervention-oriented clinical decisions, retrospective accuracy under historical clinical practice is insufficient on its own. Key message Intervention-oriented digital twins address action-conditioned questions: what is predicted to happen under specified alternative actions, assumptions, time horizons, and clinical contexts. Their validation should therefore extend beyond scalar performance metrics to include uncertainty representation, updating stability, robustness under regime change, action-regime validity, counterfactual consistency, clinically weighted error, and decision-level consequences. This requires drawing on established traditions in forecast verification, causal inference, uncertainty quantification, model verification and validation, decision theory, control theory, and post-deployment monitoring. The level of causal or mechanistic support required should match the clinical claim being made, whether at the genotype, phenotype, physiological, or care-process level. Conclusion The scientific-instrument framing is proposed as a pragmatic validation lens for intervention-oriented digital twins, not as a universal definition of digital twins. It helps define the scope within which their outputs can support clinical reasoning. Medical digital twins should be accompanied by explicit validation statements specifying their target population, prediction horizon, supported interventions, uncertainty bounds, and known failure conditions.",Vallée A.,2026,2026-08-04,,10.1093/jamiaopen/ooag160,,https://europepmc.org/article/MED/42553720,,europe_pmc,europe_pmc_core,indexed,,include,review,include_review,This perspective defines validation requirements for action-conditioned medical digital twins supporting clinical decisions.,include,review,include_review,"This review primarily synthesizes dynamic medical digital twins for validating medical digital twins clinical decision support beyond predictive accuracy, including prediction, simulation, or intervention use.",exclude,not_applicable,review_not_primary,third_full_text_adjudication,This Perspective proposes validation principles for intervention-oriented twins but does not substantially synthesize a corpus of evaluated learned simulators.,,,,,,,,,,,,
ALT-d053973ac131,fresh_alternate_public_search,Virtual imaging trials in medicine: A brief takeaway of the lessons from the first international summit.,"Background The rapid advancement of medical technologies presents significant challenges for researchers and practitioners. While traditional clinical trials remain the gold standard, they are often limited by high costs, lengthy durations, and ethical constraints. In contrast, in-silico trials and digital twins have emerged not only as efficient and ethical alternatives but also as a complementary technology that can extend beyond classical trials to predict and design new strategies. The successful application of digital twins in industries like nuclear energy, automotive engineering, and aviation underscores their potential in human health. Methods In April 2024, Duke University hosted the first international summit on Virtual Imaging Trials in Medicine (VITM). The summit brought together over 130 experts from academia, industry, and regulatory bodies to discuss the latest developments, challenges, and future directions in this field. The event featured plenary speakers, presentations, and panel discussions, emphasizing the integration of clinical and in-silico methods to enhance medical evaluations. Results Key takeaways included the necessity of diverse and realistic digital patient representations, the integration of physics and biology in simulations, and the development of robust validation frameworks. The summit also highlighted the importance of regulatory science and the establishment of Good Simulation Practices to ensure the credibility and reliability of virtual trials. Conclusion The key discussions and insights from the VITM summit underscore the potential of in-silico trials to revolutionize medical research and patient care through personalized, efficient, and ethical evaluation methods. The collaborative efforts and recommendations from this summit aim to drive future advancements in virtual imaging trials in medicine.","Samei E, Abadi E, Bakic P, Bliznakova K, Bosmans H, Carton AK, Frangi AF, Glick S, Lo JY, Kinahan P, Maidment A, Ria F, Sechopoulos I, Segars WP, Tanaka R, Vancoillie L.",2025,2024-12-17,,10.1002/mp.17587,,https://europepmc.org/article/MED/39688380,,europe_pmc,europe_pmc_core,indexed,,include,review,include_review,"This medical virtual-trials synthesis summarizes digital-patient modeling, validation frameworks, regulation, and clinical translation.",exclude,not_applicable,review_not_primary,This review centers on virtual imaging trials medicine brief takeaway lessons first international summit rather than evaluated medical learned world-model dynamics as its primary subject.,exclude,not_applicable,no_primary_empirical_evaluation,reviewer_consensus,"A: Reports an international virtual-imaging summit; does not provide a primary learned dynamics evaluation. B: This review, viewpoint, or meeting report does not substantially synthesize evaluated learned medical dynamic simulators.",,,,,,,,,,,,
ALT-5dc52895a3b1,fresh_alternate_public_search,Whole Genome Sequencing-based digital twin as a clinical decision support system: in-born disease risks and pharmacogenomics with Large Language Model,,Sijung Yun,2023,2023,Whole Genome Sequencing-based digital twin as a clinical decision support system: in-born disease risks and pharmacogenomics with Large Language Model,10.14293/gof.23.09,,https://doi.org/10.14293/gof.23.09,proceedings-article,crossref,"""clinical digital twin"" intervention",registered,,uncertain,empirical,insufficient_abstract,"The medical digital-twin title is relevant, but no abstract permits assessing temporal or action-conditioned dynamics.",exclude,not_applicable,no_learned_dynamics,"The whole genome sequencing digital twin as clinical decision support system record describes a static, conceptual, or mechanistic twin without learned temporal transitions.",exclude,not_applicable,no_future_or_action_evaluation,third_full_text_adjudication,The genome-based system produces inherited-risk and pharmacogenomic decision support with an LLM; it does not model or evaluate evolving patient states or treatment-conditioned trajectories.,,,,,,,,,,,,
ALT-397e5a31b0bc,fresh_alternate_public_search,Whole-heart electromechanical simulations using Latent Neural Ordinary Differential Equations.,"Cardiac digital twins provide a physics and physiology informed framework to deliver personalized medicine. However, high-fidelity multi-scale cardiac models remain a barrier to adoption due to their extensive computational costs. Artificial Intelligence-based methods can make the creation of fast and accurate whole-heart digital twins feasible. We use Latent Neural Ordinary Differential Equations (LNODEs) to learn the pressure-volume dynamics of a heart failure patient. Our surrogate model is trained from 400 simulations while accounting for 43 parameters describing cell-to-organ cardiac electromechanics and cardiovascular hemodynamics. LNODEs provide a compact representation of the 3D-0D model in a latent space by means of an Artificial Neural Network that retains only 3 hidden layers with 13 neurons per layer and allows for numerical simulations of cardiac function on a single processor. We employ LNODEs to perform global sensitivity analysis and parameter estimation with uncertainty quantification in 3 hours of computations, still on a single processor.","Salvador M, Strocchi M, Regazzoni F, Augustin CM, Dede' L, Niederer SA, Quarteroni A.",2024,2024-04-11,,10.1038/s41746-024-01084-x,,https://europepmc.org/article/MED/38605089,,europe_pmc,europe_pmc_core,indexed,,include,empirical,include_empirical,The learned neural-ODE surrogate simulates patient-specific cardiac dynamics and supports sensitivity and parameter estimation.,include,empirical,include_empirical,The whole heart electromechanical simulations latent neural ordinary differential equations study learns or calibrates temporal dynamics and directly evaluates temporal rollouts or simulated trajectories.,exclude,not_applicable,no_learned_dynamics,third_full_text_adjudication,"The latent neural ODE is trained on outputs of a mechanistic whole-heart simulator; patient anatomy informs the simulator, but observed patient trajectories do not fit the learned transition dynamics.",,,,,,,,,,,,
AUD-9d6f07506042,primary_search_alternate_filter,Can digital twin technology revolutionize public health emergency management? Insights from the PPRR framework.,"The inherent nature of public health emergencies often renders them unpredictable and inadequately managed in a timely manner, resulting in significant impacts on lives, property, and social stability. In recent years, the frequency and severity of such emergencies have escalated. As an integration of artificial intelligence, machine learning, deep learning, big data, and the Internet of Things, digital twin technology has been increasingly adopted across diverse fields, including industrial production, urban planning, and healthcare. This study aimed to investigate recent advancements in digital twin technology, particularly in the fields of medicine and urban construction, with a focus on its potential to mitigate the impacts of public health crises. By employing the PPRR framework, this study further explored the prospects for constructing and applying digital twin technology within the public health management system. Taking perceived fidelity (SF), model plasticity (MP), decision coupling (DC), and governance credibility (GC) as the core constructs, we discussed the operability of unified modeling and quantitative evaluation of each stage of digital twin implementation. This approach comprehensively explained all four phases of emergency management: prevention, preparedness, response, and recovery. Through enabling the digitalization, intelligence, and visualization of the entire health emergency management process, digital twin technology offers holistic solutions throughout the life cycle of public health emergencies. These include preventive measures, real-time detection, early warning systems, and intelligent emergency response management. Such innovations have the potential to significantly enhance management efficiency and effectiveness, bolster coordinated responses to public health crises, and improve the overall resilience of public health systems.","Sun T, Lu J, Li Q, Kou Y.",2025,2025-09-25,Frontiers in Public Health,10.3389/fpubh.2025.1631339,,https://europepmc.org/article/MED/41080840,article,"['europe_pmc', 'openalex']","['""world model"" medicine', '""world model"" physiology', 'europe_pmc_core']",indexed,world-model phrase absent from title and abstract,include,review,include_review,"Public-health digital twins are primary, with a PPRR implementation framework and translation synthesis.",exclude,not_applicable,wrong_domain,"This record concerns can digital twin technology revolutionize public health emergency management insights, which is outside medical or biomedical systems.",exclude,not_applicable,review_not_primary,third_full_text_adjudication,The PPRR article proposes a public-health emergency management framework and future twin architecture rather than reviewing or empirically evaluating learned medical dynamics.,,,,,,,,,,,,
AUD-6f40540d5fb2,primary_search_alternate_filter,Causal Digital Twins for Precision Medicine: Integrating Multi-Omics and Wearable Data for Intervention Planning,"Abstract This manuscript develops the idea of a causal digital twin for precision medicine as a research and implementation architecture that couples biological measurement, behavioural sensing, and intervention reasoning within a unified decision framework. Rather than treating multi-omics assays and wearable streams as independent data assets, the book argues that their value emerges when they are aligned through causal structure, uncertainty accounting, and continuously updated representations of patient state. The central claim is that intervention planning becomes more defensible when digital twins are designed as scientific instruments for explanation, prediction, and policy-aware action rather than as black-box recommendation engines. Across five chapters, the text links research design, statistical identification, machine learning, data engineering, and governance into a coherent lifecycle. It proposes schemas for outcome definition, model validation, workflow reproducibility, and deployment oversight that are adaptable across health systems with different capacities. The resulting contribution is both methodological and institutional: it outlines how researchers can build evaluable twin architectures, how practitioners can translate outputs into clinical and operational pathways, and how policymakers can shape accountability for data-intensive medicine. The manuscript is intended as a publisher-ready foundation for advanced readers seeking a rigorous, interdisciplinary roadmap for intervention-oriented digital health research. Keywords causal digital twins, precision medicine, multi-omics integration, wearable sensing, intervention planning, causal inference, statistical modeling, machine learning, trustworthy AI, reproducible analytics, MLOps, digital health governance, translational medicine, patient-specific simulation, systems medicine, scalable analytics",Murali Krishna Pasupuleti,2026,2026-02-28,,10.62311/nesx/rb-978-81-999904-5-6,,https://doi.org/10.62311/nesx/rb-978-81-999904-5-6,reference-entry,['openalex'],"['""world model"" medicine']",open-access,world-model phrase absent from title and abstract,include,review,include_review,"Precision-medicine digital twins are primary, with causal architecture, validation schemas, and clinical-translation synthesis.",include,review,include_review,"This review primarily synthesizes dynamic medical digital twins for causal digital twins precision medicine integrating multi omics wearable data, including prediction, simulation, or intervention use.",exclude,not_applicable,review_not_primary,third_full_text_adjudication,"The book develops a conceptual causal-twin architecture, governance lifecycle, and implementation roadmap without primary dynamics results or a substantial evidence synthesis.",,,,,,,,,,,,
AUD-1a76e219c91c,primary_search_alternate_filter,Developing a mathematical model for early detection of viral hepatitis induced liver dysfunction,"Acute liver failure (ALF) is characterized by a sudden loss of hepatic function within a few weeks without pre-existing cirrhosis or prior history of liver disease. ALF can be difficult to identify using non-invasive methods such as coagulation abnormality and encephalopathy alone as alternative causes may confound the ALF diagnostic. This often results in delayed treatment at the onset of the disease, and a liver transplant might be the only option for ALF patients with a limited success rate. Due to these variables, ALF treatment is highly subjective to the clinicians' expertise, with a very high morbidity and mortality rate. Therefore, a prognostic model can help identify patients who can be managed with medical treatments and those who need liver transplants, along with an optimum intervention time window. Currently, only statistical models are available to identify ALF, such as King's College Hospital criteria, Clichy criteria, and End-Stage Liver Disease score. While these models provide much-needed critical support to clinicians, these models have limited specificity and sensitivity toward the cause of ALF and liver disease progression. For example, among all the common causes, the viral hepatitis-induced liver disease remains a major cause of ALF in developing countries such as in India and Bangladesh. Therefore, a dynamic patient-specific model is needed to improve patient care by correlating liver dysfunction with various healthcare variables and interventions. In this work, a new physiological linked data-driven model is formulated that can track the progression of liver disease and failure due to viral hepatitis. The approach relies on integrating the dynamics of healthy hepatocytes with immune system response, which is a vital component in tracking the time-sensitive infectious disease progression. The model uses the patient-specific measured values of alanine transaminase and aspartate transaminase enzymes and the clinically calculated international normalized ratio value to estimate the sensitive model parameter. This patient-specific model is then used to determine the disease progression by predicting the number of damaged hepatocytes and correlating it with the indication criteria for liver transplantation. The model can reproduce the essential dynamics seen in the ALF patient data and can be adapted to incorporate the effect of different therapeutic interventions. Thus, providing a vital bridge between understanding and treating viral hepatitis-induced liver dysfunction. No conflicts of interest, financial or otherwise, are declared by the author. This is the full abstract presented at the American Physiology Summit 2023 meeting and is only available in HTML format. There are no additional versions or additional content available for this abstract. Physiology was not involved in the peer review process.",Deepak Kumar Agrawal,2023,2023,Physiology,10.1152/physiol.2023.38.s1.5793746,,https://doi.org/10.1152/physiol.2023.38.s1.5793746,journal-article,['crossref'],"['""world model"" physiology']",registered,world-model phrase absent from title and abstract,include,empirical,include_empirical,Patient-calibrated physiological dynamics predict hepatocyte-damage trajectories and permit intervention-response adaptation.,exclude,not_applicable,review_not_primary,This review centers on developing mathematical early detection viral hepatitis induced liver dysfunction rather than evaluated medical learned world-model dynamics as its primary subject.,exclude,not_applicable,no_primary_empirical_evaluation,reviewer_consensus,A: Conference abstract proposes a hepatitis liver model; no extractable empirical results establish dynamics performance. B: The record lacks a complete primary empirical evaluation sufficient to verify eligible dynamics and results.,,,,,,,,,,,,
AUD-6c0866a27898,primary_search_alternate_filter,Digital Twins for Predictive Modelling of Thrombosis and Stroke Risk: Current Approaches and Future Directions,"Thrombosis drives substantial global mortality across atrial fibrillation, venous thromboembolism, and atherosclerosis. However, clinical scores treat risk as a static variable and omit evolving comorbidities, functional biomarkers, anatomy, and treatment exposure, leading to misclassification and preventable events. This statement advances a unified scientific agenda for patient-specific digital twins that dynamically integrate multimodal longitudinal data with mechanistic insight to predict thrombogenesis risks. We position these digital twins as hybrid models anchored in physics and data-driven algorithms that can simulate disease progression and therapy. The goal of this approach is to refine stroke and bleeding estimation beyond current clinical rules. Continuous updating from imaging data, laboratory test results, wearables, and electronic health records supports dynamic risk trajectories and adaptive care pathways, facilitating continuous risk reassessment. This statement analyzes gaps in data quality, calibration, validation, and uncertainty quantification that presently limit the clinical translation of this technology. Research priorities are then proposed for multiscale thrombosis modelling, physics-informed learning, probabilistic forecasting, and regulatory-compliant data stewardship. Finally, we outline translation to in silico trials, regulatory alignment, and hospital workflows that link predictions to decisions. By articulating shared challenges across thrombosis-driven diseases and reframing risk as a time-varying measurable quantity, this statement lays a foundation for developing digital twin approaches that support a shift from population heuristics towards precise, timely thrombosis care. These advances are essential for translating digital twin technology from research to clinical practice, enabling dynamic risk prediction and personalized anticoagulation therapy.",Adelaide de Vecchi; Oscar Camara; R Cavarra; Juan Carlos del Alamo; Wahbi K. El‐Bouri; Albert Ferro; Henry Horng-Shing Lu; Paolo Melidoro; S Ogbomo-Harmitt; Iván Olier; Sandra Ortega‐Martorell; Rushad Patell; Christian Vergara; Vitaly Volpert; Gregory Y. H. Lip; Oleg Aslanidi,2026,2026-02-09,Thrombosis and Haemostasis,10.1055/a-2761-5903,,https://doi.org/10.1055/a-2761-5903,article,['openalex'],"['""world model"" EHR', '""world model"" clinical', '""world model"" echocardiography', '""world model"" patient', '""world model"" physiology', '""world model"" treatment']",open-access,world-model phrase absent from title and abstract,include,review,include_review,"Medical digital twins are primary, with model taxonomy, evidence gaps, and clinical-translation priorities.",include,review,include_review,"This review primarily synthesizes dynamic medical digital twins for digital twins predictive thrombosis stroke risk current approaches future directions, including prediction, simulation, or intervention use.",exclude,not_applicable,review_scope_too_broad,post_adjudication_inclusion_qc,This is a scientific agenda and future-directions statement rather than an evidence-centered review of learned medical transitions and operational rollout evaluations.,exclude,not_applicable,review_scope_too_broad,This is a scientific agenda and future-directions statement rather than an evidence-centered review of learned medical transitions and operational rollout evaluations.,"Primary article abstract: proposed hybrid architecture, research priorities, regulatory alignment, and workflow translation without a screened empirical evidence corpus.",high,,,,,,
AUD-7b680c396592,primary_search_alternate_filter,Individual hearts: computational models for improved management of cardiovascular disease,"Cardiovascular disease remains a leading cause of morbidity and mortality worldwide, with conventional management often applying standardised approaches that struggle to address individual variability in increasingly complex patient populations. Computational models, both knowledge-driven and data-driven, have the potential to reshape cardiovascular medicine by offering innovative tools that integrate patient-specific information with physiological understanding or statistical inference to generate insights beyond conventional diagnostics. This review traces how computational modelling has evolved from theoretical research tools into clinical decision support systems that enable personalised cardiovascular care. We examine this evolution across three key domains: enhancing diagnostic accuracy through improved measurement techniques, deepening mechanistic insights into cardiovascular pathophysiology and enabling precision medicine through patient-specific simulations. The review covers the complementary strengths of data-driven approaches, which identify patterns in large clinical datasets, and knowledge-driven models, which simulate cardiovascular processes based on established biophysical principles. Applications range from artificial intelligence-guided measurements and model-informed diagnostics to digital twins that enable in silico testing of therapeutic interventions in the digital replicas of individual hearts. This review outlines the main types of cardiovascular modelling, highlighting their strengths, limitations and complementary potential through current clinical and research applications. We also discuss future directions, emphasising the need for interdisciplinary collaboration, pragmatic model design and integration of hybrid approaches. While progress is promising, challenges remain in validation, regulatory approval and clinical workflow integration. With continued development and thoughtful implementation, computational models hold the potential to enable more informed decision-making and advance truly personalised cardiovascular care.",Nick van Osta; Tim van Loon; Joost Lumens,2025,2025-09-09,Heart,10.1136/heartjnl-2024-324177,,https://doi.org/10.1136/heartjnl-2024-324177,article,['openalex'],"['""world model"" clinical', '""world model"" echocardiography', '""world model"" medicine', '""world model"" patient', '""world model"" physiology']",open-access,world-model phrase absent from title and abstract,include,review,include_review,"The review synthesizes patient-specific cardiovascular simulations, digital twins, model types, and clinical translation.",exclude,not_applicable,review_not_primary,This review centers on individual hearts computational improved management cardiovascular disease rather than evaluated medical learned world-model dynamics as its primary subject.,exclude,not_applicable,review_scope_too_broad,post_adjudication_inclusion_qc,"The review spans measurement, diagnosis, mechanistic understanding, and precision simulations; digital twins and learned dynamic transitions are only one application among broader computational cardiology.",exclude,not_applicable,review_scope_too_broad,"The review spans measurement, diagnosis, mechanistic understanding, and precision simulations; digital twins and learned dynamic transitions are only one application among broader computational cardiology.","Primary review, abstract and domain structure: diagnostic measurement, pathophysiology, patient-specific simulations, knowledge-driven and data-driven models.",high,,,,,,
AUD-1591cd857d17,primary_search_alternate_filter,Individualized Physiology-Based Digital Twin Model for Sports Performance Prediction : A Reinterpretation of the Margaria-Morton Model,"Abstract Performance in many racing sports depends on the ability of the athletes to produce and maintain the highest possible worki.e., the highest power for the duration of the race. To model this energy production in an individualized way, an adaptation anda reinterpretation (including a physiological meaning of parameters) of the three-component Margaria-Morton model wereperformed. The model is applied to the muscles involved in a given task. The introduction of physiological meanings waspossible thanks to the measurement of physiological characteristics for a given athlete. A method for creating a digital twin wastherefore proposed. The twins thus created were validated by comparison with field performance, experimental observations,and literature data. Simulations of record times and 3-minute all-out tests were consistent with experimental data. Consideringthe literature, the model provided good estimates of the time course of muscle metabolite concentrations (e.g., lactate andphosphocreatine). It also simulated the behavior of oxygen kinetics at exercise onset and during recovery. This methodologyhas a wide range of applications, including prediction and optimization of the performance of individually modeled athletes.",Alice Boillet; Laurent A. Messonnier; Caroline Cohen,2024,2024,Research Square Platform LLC,10.21203/rs.3.rs-3854200/v1,,https://doi.org/10.21203/rs.3.rs-3854200/v1,posted-content,['crossref'],"['""world model"" physiology']",registered,world-model phrase absent from title and abstract,include,empirical,include_empirical,An individualized physiological model is data-parameterized and validated on exercise rollouts and metabolite trajectories.,exclude,not_applicable,no_learned_dynamics,"The individualized physiology digital twin sports performance prediction reinterpretation margaria morton record describes a static, conceptual, or mechanistic twin without learned temporal transitions.",exclude,not_applicable,wrong_domain,reviewer_consensus,A: Models individualized exercise physiology for racing performance; the application is sports performance rather than medicine. B: The modeled system is outside the review’s substantive medical or biomedical scope.,,,,,,,,,,,,
AUD-d5aa0fec108f,primary_search_alternate_filter,P535 Optimising vedolizumab in treatment sequences for Crohn’s disease: Results from a simulation model using real-world evidence,"Abstract Background With the availability of biologic therapies for treating Crohn’s disease (CD) there are limited data to inform optimal treatment decisions. Vedolizumab (VDZ), an anti-integrin antibody that selectively targets lymphocyte migration to the gut, was approved in 2014 for the treatment of moderate-to-severe CD. We developed a model based on real-world evidence (RWE) to examine the effect of different positioning for VDZ in CD treatment sequences on clinical outcomes. Methods A Markov sequential model was developed to identify the optimal position of VDZ within a sequence of CD therapies that included corticosteroids (CS), 2 biologics and best supportive care. Three sequences were compared: VDZ as first biologic (first position), second and last biologic among anti-TNFs and ustekinumab as alternate biologic treatments. To test the behaviour of the model, VDZ was also positioned before CS (Position 0, off label). Model inputs were informed using published RWE. At each position in the treatment sequence, patients achieving clinical response or remission during induction continued on maintenance; patients on maintenance could lose clinical response or remission; patients who did not achieve response during induction or lost response during maintenance (including after dose escalation) moved to the next position of the sequence after a treatment-free interval. Surgery, development of intestinal malignancy/lymphoma, and discontinuation of treatment due to serious adverse events or death could occur at each sequence position. VDZ sequences were compared and ranked based on quality-adjusted life years (QALYs), patient-reported outcomes (PRO2/3) derived from CDAI scores, or proportion of patients undergoing surgery by the end of the 10-year time horizon for model simulation. Probabilistic sensitivity analysis (PSA) evaluated the impact of model inputs uncertainty on the outcomes. Results For QALYs, PRO2/3, and rates of surgery, VDZ early in the treatment sequence was the optimal positioning strategy (Table). Using QALYs as the ranking criterion, VDZ before CS was the optimal sequence yielding 5.19 QALYs and incremental QALYs of 0.7, 0.20, and 0.20 versus the second-, third- and fourth-line strategy, respectively. The ranking of VDZ in treatment sequences was preserved when PRO2/3 or surgery were used as ranking criteria. In 1,780/2,000 PSA iterations (89%), VDZ before CS or as first biologic yielded the highest QALYs vs. other sequence positions. Conclusion The results of this simulation model using real-world evidence clearly indicate that positioning VDZ earlier in the treatment sequence may yield better patient outcomes in terms of QALYs, PROs and rates of surgery.",E Louis; A Nikolaou; M Litkiewicz; C Agboton; S Wang; A Armuzzi,2021,2021,Journal of Crohn's and Colitis,10.1093/ecco-jcc/jjab076.656,,https://doi.org/10.1093/ecco-jcc/jjab076.656,journal-article,['crossref'],"['""world model"" treatment']",registered,world-model phrase absent from title and abstract,include,empirical,include_empirical,RWE-informed Markov transitions simulate ten-year treatment-sequence outcomes and compare alternative action policies.,exclude,not_applicable,no_future_or_action_evaluation,"The p535 optimising vedolizumab treatment sequences crohn s disease results simulation study analyzes or reconstructs dynamics but does not directly evaluate future states, actions, rollouts, or planning.",exclude,not_applicable,insufficient_primary_evidence,post_adjudication_inclusion_qc,"Only a conference abstract is available, and the Markov sequence uses literature-informed inputs rather than a directly inspectable learned transition; it cannot support full extraction.",exclude,not_applicable,insufficient_primary_evidence,"Only a conference abstract is available, and the Markov sequence uses literature-informed inputs rather than a directly inspectable learned transition; it cannot support full extraction.","Conference abstract, Methods and Results: treatment-sequence Markov model, published real-world inputs, QALYs and surgery outcomes, and probabilistic sensitivity analysis.",high,,,,,,
AUD-a956f62c779d,primary_search_alternate_filter,Pumping the brakes on RNA velocity by understanding and interpreting RNA velocity estimates.,"Background RNA velocity analysis of single cells offers the potential to predict temporal dynamics from gene expression. In many systems, RNA velocity has been observed to produce a vector field that qualitatively reflects known features of the system. However, the limitations of RNA velocity estimates are still not well understood. Results We analyze the impact of different steps in the RNA velocity workflow on direction and speed. We consider both high-dimensional velocity estimates and low-dimensional velocity vector fields mapped onto an embedding. We conclude the transition probability method for mapping velocity estimates onto an embedding is effectively interpolating in the embedding space. Our findings reveal a significant dependence of the RNA velocity workflow on smoothing via the k-nearest-neighbors (k-NN) graph of the observed data. This reliance results in considerable estimation errors for both direction and speed in both high- and low-dimensional settings when the k-NN graph fails to accurately represent the true data structure; this is an unknown feature of real data. RNA velocity performs poorly at estimating speed in both low- and high-dimensional spaces, except in very low noise settings. We introduce a novel quality measure that can identify when RNA velocity should not be used. Conclusions Our findings emphasize the importance of choices in the RNA velocity workflow and highlight critical limitations of data analysis. We advise against over-interpreting expression dynamics using RNA velocity, particularly in terms of speed. Finally, we emphasize that the use of RNA velocity in assessing the correctness of a low-dimensional embedding is circular.","Zheng SC, Stein-O'Brien G, Boukas L, Goff LA, Hansen KD.",2023,2023-10-26,,10.1186/s13059-023-03065-x,,https://europepmc.org/article/MED/37885016,,['europe_pmc'],['europe_pmc_core'],indexed,world-model phrase absent from title and abstract,include,empirical,include_empirical,RNA velocity estimates data-derived cellular transition directions and directly evaluates temporal direction and speed accuracy.,exclude,not_applicable,no_future_or_action_evaluation,"The pumping brakes rna velocity by understanding interpreting rna velocity estimates study analyzes or reconstructs dynamics but does not directly evaluate future states, actions, rollouts, or planning.",exclude,not_applicable,outside_world_model_conceptual_boundary,post_qc_lead_source_sufficiency,"This paper audits RNA-velocity estimation and embedding artifacts rather than presenting a world model, virtual cell, reusable dynamic simulator, or learned environment for planning or closed-loop control.",include,empirical,learned_one_step_state_transition,"RNA velocity estimates local gene-expression transitions from observed single cells, and this study directly stress-tests their direction, speed, and transition-probability mapping against known dynamics and noise regimes.","Full text, Results: high- and low-dimensional velocity evaluation, k-nearest-neighbor dependence, direction and speed error, embedding transition probabilities, and proposed quality measure.",high,exclude,not_applicable,outside_world_model_conceptual_boundary,"This paper audits RNA-velocity estimation and embedding artifacts rather than presenting a world model, virtual cell, reusable dynamic simulator, or learned environment for planning or closed-loop control.","Version-of-record Results: high- and low-dimensional velocity evaluation, nearest-neighbor dependence, direction and speed errors, embedding transition probabilities, and a proposed quality measure.",high
AUD-7f06de254050,primary_search_alternate_filter,Temporal dynamics of trauma memory persistence.,"Abstract Traumatic events lead to distressing memories, but such memories are made all the worse when they intrude to mind unbidden and recurrently. Intrusive memories are a hallmark of several mental health disorders including posttraumatic stress disorder (PTSD) and can persist for years. Critically, the reduction of intrusive memories provides a treatment target. While cognitive models for psychological trauma exist, these lack formal quantitative structure and robust empirical validation. Here we develop a mechanistically-driven, quantitative framework to extend understanding of the temporal dynamic processes of trauma memory. We show how the marginal gains of interventions for intrusive memories can be enhanced as key properties of the intervention vary. Validating the framework against empirical data highlights that while emerging interventions to reduce occurrence of intrusive memories can be effective, counter-intuitively, maintaining these memories in a sufficiently reactivated state is essential for preventing their persistence. Author Summary Intrusive memories and flashbacks after trauma are prominent in several mental disorders. Quantifying these intrusions is the aim of the current study. While many conceptual models for trauma memory exist, none provide a mechanistic framework for validating experimental or clinical evidence. Our approach is to develop a probabilistic description of memory mechanisms to link to the broader goals of trauma treatment. Analysis shows how critical attributes of the framework such as intervention strength and reminder strength determine success in managing intrusive memories. Validation with empirical data shows how the framework can be parameterized and predictions evaluated against observed outcomes. In this way neural mechanisms associated with memory can be combined with broader cognitive processes.","Bonsall MB, Holmes EA.",2023,2023-06-07,bioRxiv (Cold Spring Harbor Laboratory),10.1098/rsif.2023.0108,,https://europepmc.org/article/MED/37282590,preprint,"['europe_pmc', 'openalex']","['""world model"" clinical', '""world model"" treatment', 'europe_pmc_core']",indexed,world-model phrase absent from title and abstract,include,empirical,include_empirical,A data-parameterized probabilistic trauma-memory dynamics model evaluates intervention-conditioned persistence predictions against observed outcomes.,exclude,not_applicable,no_learned_dynamics,The temporal dynamics trauma memory persistence study is an ordinary prognostic or static prediction analysis without a learned rollout mechanism.,exclude,not_applicable,hand_specified_mechanistic_dynamics,post_adjudication_inclusion_qc,The study specifies a mechanistic probabilistic memory model and fits a small parameter set to empirical intrusion data; the transition structure is not learned or substantively adapted from observed trajectories.,exclude,not_applicable,hand_specified_mechanistic_dynamics,The study specifies a mechanistic probabilistic memory model and fits a small parameter set to empirical intrusion data; the transition structure is not learned or substantively adapted from observed trajectories.,"Full text, Model and Validation: prescribed memory-reactivation mechanisms, parameterized intervention strength and reminders, and comparison with empirical intrusion outcomes.",high,,,,,,
AUD-598ee162edd1,primary_search_alternate_filter,WITHDRAWN: Understanding of Comorbidities Using Modeling Techniques on EHR,"Abstract Comorbidities refer to the existence of numerous, co-occurring diseases in medicine. The course of one comorbidity is typically extremely dependent on the course of the other condition due to their co-occurrence, and therapies can have major spill-over effects. Despite the high occurrence of comorbidities among patients, there is no complete statistical framework for modelling comorbidity longitudinal dynamics. We propose a probabilistic approach for studying comorbidity dynamics in patients over time in this paper. This approach is a non-homogenous transition technique/mechanism using Hidden Markov Model called as coupled-HMM. Clinical research influenced the design of our coupled-HMM: (1) It accounts for different disease stages (acute, stable) in disease progression by providing clinically meaningful latent phases. (2) It simulates a relationship between the trajectories of comorbidities and the dynamics of capturing co-evolution. (3) The transition mechanism takes into account between-patient heterogeneity (e.g., risk factors, treatments). Based on 675 health trajectories, we assessed our proposed Coupled-HMM, which investigates the concomitant evolution of diabetes mellitus and chronic liver disease. We find that our Coupled-HMM provides a superior fit when compared to competing models without coupling. We also assess the spill-over impact, or the amount to which diabetic therapies are linked to a shift in chronic liver disease from an acute to a stable condition. Immediate application in treatment planning and clinical research becomes possible as a result of our approach in context of comorbidities.",Meenal Badki,2022,2022,Springer Science and Business Media LLC,10.21203/rs.3.rs-1017334/v2,,https://doi.org/10.21203/rs.3.rs-1017334/v2,posted-content,['crossref'],"['""world model"" EHR']",registered,world-model phrase absent from title and abstract,include,empirical,include_empirical,A coupled HMM learns treatment-conditioned comorbidity transitions and evaluates trajectory fit and therapy-linked state shifts.,exclude,not_applicable,no_primary_empirical_evaluation,"The withdrawn understanding comorbidities techniques ehr record is editorial, corrective, conceptual, or consensus-based and lacks a primary learned-dynamics evaluation.",exclude,not_applicable,unstable_record,reviewer_consensus,A: Reports a coupled-HMM comorbidity model in a withdrawn record; the withdrawn version is not stable primary evidence. B: The primary record is withdrawn and cannot provide stable evidence for inclusion.,,,,,,,,,,,,
