candidate_id,title,field,reviewer_a,reviewer_b,adjudicated_value,adjudication_notes
MWM-XA9B007D895,A Blood Glucose Control Framework Based on Reinforcement Learning With Safety and Interpretability: In Silico Validation,publication_status,Peer-reviewed journal article,"Peer-reviewed journal article (IEEE Access, 2021).",,
MWM-XA9B007D895,A Blood Glucose Control Framework Based on Reinforcement Learning With Safety and Interpretability: In Silico Validation,domain,Type 1 diabetes; automated insulin delivery; in-silico control,Type 1 diabetes; automated blood-glucose control in silico.,,
MWM-XA9B007D895,A Blood Glucose Control Framework Based on Reinforcement Learning With Safety and Interpretability: In Silico Validation,dataset_or_cohort,UVA/Padova type 1 diabetes simulator adult cohort,UVA/Padova Type 1 Diabetes Simulator v3.2 virtual adult and adolescent populations.,,
MWM-XA9B007D895,A Blood Glucose Control Framework Based on Reinforcement Learning With Safety and Interpretability: In Silico Validation,sample_scale,10 virtual adult subjects; 20-day closed-loop evaluation per subject; three meals per day,"20 virtual subjects (10 adults and 10 adolescents), each simulated for 20 days.",,
MWM-XA9B007D895,A Blood Glucose Control Framework Based on Reinforcement Learning With Safety and Interpretability: In Silico Validation,institution_count,NA: simulator study with no clinical institution or patient recruitment,NA — FDA-accepted in-silico simulator rather than a clinical institution cohort.,,
MWM-XA9B007D895,A Blood Glucose Control Framework Based on Reinforcement Learning With Safety and Interpretability: In Silico Validation,split_strategy,Random-forest out-of-bag assessment plus closed-loop testing in the same simulator population; no independent external split,Online prediction models use the most recent 250 minutes; no independent subject-level train/test split for the control experiment was reported.,,
MWM-XA9B007D895,A Blood Glucose Control Framework Based on Reinforcement Learning With Safety and Interpretability: In Silico Validation,observation_process,"Glucose, insulin, meal, and time information sampled every 3 minutes; 45-minute history used in the extended state","Glucose, delivered insulin, and meal intake sampled every 5 minutes in simulation; randomized meals and timing.",,
MWM-XA9B007D895,A Blood Glucose Control Framework Based on Reinforcement Learning With Safety and Interpretability: In Silico Validation,missingness,NA: simulator observations are generated as complete trajectories; no missing-data mechanism reported,NA — complete simulator-generated observations; missingness was not modeled.,,
MWM-XA9B007D895,A Blood Glucose Control Framework Based on Reinforcement Learning With Safety and Interpretability: In Silico Validation,censoring_or_competing_events,"NA: no censoring, death, or competing event in the virtual-subject experiment","NA — fixed-duration simulated episodes; no dropout, death, or competing events.",,
MWM-XA9B007D895,A Blood Glucose Control Framework Based on Reinforcement Learning With Safety and Interpretability: In Silico Validation,state,"Extended history state containing glucose, insulin, meal, and temporal features, with predicted future glucose","Observed glucose, delivered pump insulin, meal intake, and a 9-dimensional DAN context representation used by the controller.",,
MWM-XA9B007D895,A Blood Glucose Control Framework Based on Reinforcement Learning With Safety and Interpretability: In Silico Validation,observation_decoder,Random-forest regression directly forecasts glucose; auxiliary deep architecture processes the extended state for policy learning,DAN or random-forest regression predicts future glucose; the simulator supplies subsequent glucose observations.,,
MWM-XA9B007D895,A Blood Glucose Control Framework Based on Reinforcement Learning With Safety and Interpretability: In Silico Validation,action,Continuous insulin-delivery command with safety overrides,Insulin delivery; the safety actor may suspend/add insulin or recommend oral carbohydrate.,,
MWM-XA9B007D895,A Blood Glucose Control Framework Based on Reinforcement Learning With Safety and Interpretability: In Silico Validation,action_provenance,Safe soft actor-critic policy; PID control guides initial data collection/training,Model-selected simulated pump commands and simulated safety interventions; not clinical orders or administrations.,,
MWM-XA9B007D895,A Blood Glucose Control Framework Based on Reinforcement Learning With Safety and Interpretability: In Silico Validation,transition_mechanism,Random-forest glucose transition predictor recursively applied during imagined rollouts,"Online data-driven glucose predictor embedded in soft actor-critic control, with short imagined trajectories and a rule-based safety actor.",,
MWM-XA9B007D895,A Blood Glucose Control Framework Based on Reinforcement Learning With Safety and Interpretability: In Silico Validation,maximum_horizon,150 minutes for 50 imagined 3-minute steps; 20 days for closed-loop simulator evaluation,"30-minute glucose prediction, 45-minute safety look-ahead, and 150-minute imagined rollout; closed-loop evaluation lasts 20 days.",,
MWM-XA9B007D895,A Blood Glucose Control Framework Based on Reinforcement Learning With Safety and Interpretability: In Silico Validation,rollout_regime,Model-imagined policy training followed by free-running closed-loop control in each virtual subject,Free-running imagined rollout inside the controller and closed-loop operation in the UVA/Padova simulator.,,
MWM-XA9B007D895,A Blood Glucose Control Framework Based on Reinforcement Learning With Safety and Interpretability: In Silico Validation,capability_claim,Planning: the learned model supports sequential insulin-policy optimization,Planning — sequential insulin control optimized through model rollouts with an explicit safety layer.,,
MWM-XA9B007D895,A Blood Glucose Control Framework Based on Reinforcement Learning With Safety and Interpretability: In Silico Validation,baselines,PID controller and algorithm/component comparisons reported in the article,PID controller; DAN versus random-forest glucose prediction. No action-agnostic or shuffled-action model comparator was reported.,,
MWM-XA9B007D895,A Blood Glucose Control Framework Based on Reinforcement Learning With Safety and Interpretability: In Silico Validation,state_fidelity_metrics,"Time in range, time below range, time above range, mean glucose, and glucose variability",30-minute glucose-prediction MAE for DAN and random forest; clinically meaningful control summarized by glucose ranges and CVGA zones.,,
MWM-XA9B007D895,A Blood Glucose Control Framework Based on Reinforcement Learning With Safety and Interpretability: In Silico Validation,transition_metrics,"Out-of-bag RMSE 3.21, 3.78, and 6.73 mg/dL at 15, 30, and 45 minutes; recursive 30-minute RMSE 6.38 mg/dL",One fixed 30-minute prediction horizon; no multi-horizon transition-error profile.,,
MWM-XA9B007D895,A Blood Glucose Control Framework Based on Reinforcement Learning With Safety and Interpretability: In Silico Validation,rollout_stability,"Twenty-day closed-loop trajectories remain controlled, but error or control performance is not resolved across rollout horizons",20-day closed-loop glucose-control outcomes and safety-actor activation rates; no direct drift/divergence metric for the 150-minute learned rollout.,,
MWM-XA9B007D895,A Blood Glucose Control Framework Based on Reinforcement Learning With Safety and Interpretability: In Silico Validation,action_sensitivity,No structured action-removal or dose-perturbation study; PID comparison does not isolate action information in the transition model,"No removal, shuffle, dose-response, or timing sensitivity test of the learned insulin action was reported.",,
MWM-XA9B007D895,A Blood Glucose Control Framework Based on Reinforcement Learning With Safety and Interpretability: In Silico Validation,calibration_and_uncertainty,"Prediction errors and across-subject summaries are reported; no formal reliability, coverage, calibration slope, or calibrated predictive interval","No reliability, interval-coverage, or predictive-calibration evaluation; DAN/RFR point-error comparison only.",,
MWM-XA9B007D895,A Blood Glucose Control Framework Based on Reinforcement Learning With Safety and Interpretability: In Silico Validation,external_validation,"No external cohort, clinical device, or independent simulator validation",None; all evaluation used virtual subjects from one simulator version.,,
MWM-XA9B007D895,A Blood Glucose Control Framework Based on Reinforcement Learning With Safety and Interpretability: In Silico Validation,decision_utility,"In-silico control achieves 83.49% time in range, 0.39% time below range, and 16.12% time above range; clinical decision impact is not tested","Closed-loop simulated glucose control versus PID, including time in target ranges and CVGA outcomes.",,
MWM-XA9B007D895,A Blood Glucose Control Framework Based on Reinforcement Learning With Safety and Interpretability: In Silico Validation,safety_evaluation,Predicted-glucose rules suspend insulin below 70 mg/dL and add insulin above 180 mg/dL; hypoglycemia outcomes are reported in simulation only,"Explicit hypoglycemia/hyperglycemia look-ahead, insulin/carbohydrate overrides, CVGA safety zones, and safety-actor intervention frequencies.",,
MWM-XA9B007D895,A Blood Glucose Control Framework Based on Reinforcement Learning With Safety and Interpretability: In Silico Validation,statistical_analysis,Descriptive mean and variability across 10 virtual subjects and prediction-error summaries; no clearly reported inferential hypothesis test,"Mean and standard deviation reported; significance testing was reported for selected safety-actor activations, but confidence intervals and resampling details were not reported.",,
MWM-XA9B007D895,A Blood Glucose Control Framework Based on Reinforcement Learning With Safety and Interpretability: In Silico Validation,causal_language,The article motivates safe control but does not make an identified causal treatment-effect claim,Control and safety language; no identified clinical treatment-effect claim.,,
MWM-XA9B007D895,A Blood Glucose Control Framework Based on Reinforcement Learning With Safety and Interpretability: In Silico Validation,estimand,NA: no causal estimand; objective is closed-loop glycemic control,"NA — sequential simulated control utility, not a causal treatment-effect estimand.",,
MWM-XA9B007D895,A Blood Glucose Control Framework Based on Reinforcement Learning With Safety and Interpretability: In Silico Validation,confounding_strategy,NA: simulator policy experiment rather than observational causal estimation,NA — randomized simulator scenario rather than observational treatment assignment.,,
MWM-XA9B007D895,A Blood Glucose Control Framework Based on Reinforcement Learning With Safety and Interpretability: In Silico Validation,positivity_and_overlap,NA: no treatment-overlap estimand; explored insulin support is not formally characterized,NA — no observational action-overlap analysis; simulator action support was not formally assessed.,,
MWM-XA9B007D895,A Blood Glucose Control Framework Based on Reinforcement Learning With Safety and Interpretability: In Silico Validation,counterfactual_validation,No real-patient counterfactual validation; only virtual-subject closed-loop behavior,Domain-constrained in-silico control only; no randomized clinical or quasi-experimental validation.,,
MWM-XA9B007D895,A Blood Glucose Control Framework Based on Reinforcement Learning With Safety and Interpretability: In Silico Validation,code_access,NI: no public paper-specific source-code repository identified in the full text,Unavailable — no inspectable implementation link was reported in the paper.,,
MWM-XA9B007D895,A Blood Glucose Control Framework Based on Reinforcement Learning With Safety and Interpretability: In Silico Validation,weights_access,NI: trained model weights are not reported as publicly available,Unavailable — trained predictor/controller parameters were not released.,,
MWM-XA9B007D895,A Blood Glucose Control Framework Based on Reinforcement Learning With Safety and Interpretability: In Silico Validation,data_access,Simulator-generated data are not released; UVA/Padova simulator access is separately governed,Unavailable as a released study dataset; trajectories were generated in the licensed UVA/Padova simulator.,,
MWM-XA9B007D895,A Blood Glucose Control Framework Based on Reinforcement Learning With Safety and Interpretability: In Silico Validation,preprocessing_reproducibility,"State construction, sampling interval, model architecture, reward, and safety rules are described; exact reusable preprocessing artifacts are unavailable","Partial — sampling interval, history length, architecture, rewards, and algorithms are described, but no executable pipeline is provided.",,
MWM-XA9B007D895,A Blood Glucose Control Framework Based on Reinforcement Learning With Safety and Interpretability: In Silico Validation,randomness,Stochastic RL and virtual meals are used; random seeds and a complete seed protocol are NI,Meal timing and amount were randomized; seeds and repeated independent training runs were not reported.,,
MWM-XA9B007D895,A Blood Glucose Control Framework Based on Reinforcement Learning With Safety and Interpretability: In Silico Validation,evidence_anchors,"Official IEEE Access PDF, DOI 10.1109/ACCESS.2021.3100007: pp. 5-9 define state, transition prediction, actions, and safety logic; pp. 12-16 and Tables 3-5 report prediction and 20-day control results; Figs. 6-10 show virtual-subject trajectories","Methods Sec. III, Figs. 1–2 and Algorithms 1–3 (state, DAN, SAC, safety actor); Experiments Sec. IV-A/B, Table 1 and Figs. 3–4 (prediction/control); Sec. IV-C, Table 2 (safety); Appendix A (parameters).",,
MWM-XA9B007D895,A Blood Glucose Control Framework Based on Reinforcement Learning With Safety and Interpretability: In Silico Validation,appraisal_strengths,"Clear action-conditioned transition model, long closed-loop simulator evaluation, clinically interpretable glucose outcomes, and explicit safety overrides",Long-duration closed-loop evaluation on adult and adolescent virtual subjects with clinically interpretable glycemic and safety outcomes.,,
MWM-XA9B007D895,A Blood Glucose Control Framework Based on Reinforcement Learning With Safety and Interpretability: In Silico Validation,appraisal_limitations,"Single simulator family and 10 virtual adults; no external or clinical validation, no horizon-resolved rollout analysis, no formal calibration, and no reusable code/data artifact","Single simulator, no external or real-patient validation, no calibration, no action-ablation test, and no released code/data/weights.",,
MWM-XA9B007D895,A Blood Glucose Control Framework Based on Reinforcement Learning With Safety and Interpretability: In Silico Validation,source_status,Full text inspected from the official IEEE publication; direct automated PDF retrieval was restricted but the complete official text was accessible,open-access,,
MWM-X36A3691F14,A data-driven Alzheimer's disease progression simulator for retrospective validation and prospective Phase III power design.,publication_status,Preprint,"Preprint (medRxiv, 2026; not peer reviewed at inspection cutoff).",,
MWM-X36A3691F14,A data-driven Alzheimer's disease progression simulator for retrospective validation and prospective Phase III power design.,domain,Alzheimer disease progression and anti-amyloid Phase III trial simulation,Alzheimer disease progression and Phase III clinical-trial simulation.,,
MWM-X36A3691F14,A data-driven Alzheimer's disease progression simulator for retrospective validation and prospective Phase III power design.,dataset_or_cohort,ADNI amyloid-positive longitudinal cohort plus published outcomes from six anti-amyloid Phase III trials,ADNI amyloid-positive longitudinal cohort plus published aggregate results from six anti-amyloid randomized trials.,,
MWM-X36A3691F14,A data-driven Alzheimer's disease progression simulator for retrospective validation and prospective Phase III power design.,sample_scale,"351 ADNI individuals with 1,256 longitudinal data points; virtual trials commonly use 150 or 400 participants per arm across 100-500 repetitions","351 ADNI participants with 1,256 visits; trial simulations used 50–800 participants per arm and 500 repetitions per design.",,
MWM-X36A3691F14,A data-driven Alzheimer's disease progression simulator for retrospective validation and prospective Phase III power design.,institution_count,ADNI is multisite and six external trials are represented; exact institution count is NI,ADNI is multicenter; six external multicenter RCTs. Exact institution count was not reported in the inspected preprint.,,
MWM-X36A3691F14,A data-driven Alzheimer's disease progression simulator for retrospective validation and prospective Phase III power design.,split_strategy,Five-fold cross-validation for predictive baselines; trial-specific and leave-one-trial-out calibration across trial summaries; not a fully frozen external design,"Model trained on ADNI; leave-one-trial-out calibration of effect, placebo decline, and variability for trial emulation, while target-trial outcome data were withheld from the stated prospective calculation.",,
MWM-X36A3691F14,A data-driven Alzheimer's disease progression simulator for retrospective validation and prospective Phase III power design.,observation_process,"Longitudinal amyloid PET, tau PET, MRI, FDG PET, and cognition collected at irregular clinical-research visits and aligned to trial schedules","Irregular longitudinal amyloid PET, tau PET, MRI atrophy, and clinical measures; simulated trial visits every 3 months.",,
MWM-X36A3691F14,A data-driven Alzheimer's disease progression simulator for retrospective validation and prospective Phase III power design.,missingness,Missing biomarker observations are excluded from the likelihood rather than globally imputed,Incomplete observations are masked/excluded from the likelihood; complete baseline multimodal records were required for the selected ADNI cohort.,,
MWM-X36A3691F14,A data-driven Alzheimer's disease progression simulator for retrospective validation and prospective Phase III power design.,censoring_or_competing_events,"Trial dropout, death, and competing events are NI and are not explicitly simulated","Dropout, death, ARIA, and competing events were not modeled in the simulated trials.",,
MWM-X36A3691F14,A data-driven Alzheimer's disease progression simulator for retrospective validation and prospective Phase III power design.,state,Four modality-specific latent variables learned from multimodal disease measurements and baseline covariates,"Latent disease state learned from amyloid, tau, MRI-derived atrophy, and clinical modalities, with trial-specific baseline latent initialization.",,
MWM-X36A3691F14,A data-driven Alzheimer's disease progression simulator for retrospective validation and prospective Phase III power design.,observation_decoder,Variational-autoencoder decoders map latent trajectories back to observed biomarkers and cognition,VAE decoders map latent trajectories to multimodal biomarkers and clinical outcomes.,,
MWM-X36A3691F14,A data-driven Alzheimer's disease progression simulator for retrospective validation and prospective Phase III power design.,action,"Piecewise anti-amyloid clearance intervention applied to the amyloid trajectory, with placebo as no clearance",Anti-amyloid intervention represented as a piecewise modification of amyloid-clearance dynamics; placebo is the no-intervention comparator.,,
MWM-X36A3691F14,A data-driven Alzheimer's disease progression simulator for retrospective validation and prospective Phase III power design.,action_provenance,Intervention magnitude and timing are calibrated from published trial amyloid changes; prospective scenarios are user specified,Simulated treatment profiles calibrated to published aggregate amyloid reductions from six RCTs.,,
MWM-X36A3691F14,A data-driven Alzheimer's disease progression simulator for retrospective validation and prospective Phase III power design.,transition_mechanism,Neural ordinary differential equation evolves the multimodal latent disease state,Masked amyloid-cascade neural ODE in latent space with VAE observation models.,,
MWM-X36A3691F14,A data-driven Alzheimer's disease progression simulator for retrospective validation and prospective Phase III power design.,maximum_horizon,"18 months for four trials and 27 months for gantenerumab; evaluations include 3-, 6-, 12-, 18-, and relevant later-month endpoints",18- and 27-month Phase III simulations with 3-month visits.,,
MWM-X36A3691F14,A data-driven Alzheimer's disease progression simulator for retrospective validation and prospective Phase III power design.,rollout_regime,Free-running patient and arm-level trajectories are aggregated into repeated virtual randomized trials and power simulations,"Free-running latent ODE trajectories for placebo and treated arms, repeated 500 times per trial design.",,
MWM-X36A3691F14,A data-driven Alzheimer's disease progression simulator for retrospective validation and prospective Phase III power design.,capability_claim,Counterfactual: the simulator compares treated and placebo outcomes under alternative intervention and sample-size scenarios,Counterfactual — compares simulated placebo and alternative anti-amyloid interventions and estimates treatment effects/power.,,
MWM-X36A3691F14,A data-driven Alzheimer's disease progression simulator for retrospective validation and prospective Phase III power design.,baselines,"Linear mixed-effects, ridge regression, gradient boosting, observed placebo arms, and alternative calibration settings","Raw SimulAD, ridge regression, and gradient-boosting trial simulators; placebo/no-intervention arm is an action-agnostic comparator.",,
MWM-X36A3691F14,A data-driven Alzheimer's disease progression simulator for retrospective validation and prospective Phase III power design.,state_fidelity_metrics,"Baseline mean and standard-deviation matching, centiloid agreement, biomarker distributions, and CDR-SB endpoint agreement",Multimodal reconstruction/trajectory comparisons and aggregate clinical endpoint agreement with published trials; exact metrics vary by modality and trial.,,
MWM-X36A3691F14,A data-driven Alzheimer's disease progression simulator for retrospective validation and prospective Phase III power design.,transition_metrics,Temporal biomarker and cognitive trajectories are compared at multiple trial visits; most reported mean amyloid predictions are within 5 centiloids,Longitudinal trajectories and treatment-effect estimates at repeated visits through 18 or 27 months.,,
MWM-X36A3691F14,A data-driven Alzheimer's disease progression simulator for retrospective validation and prospective Phase III power design.,rollout_stability,Power curves and endpoint agreement are reported by trial duration/sample size; repeated simulations assess Monte Carlo stability,Repeated trial simulations and power curves across sample sizes; no explicit dynamical constraint-violation metric.,,
MWM-X36A3691F14,A data-driven Alzheimer's disease progression simulator for retrospective validation and prospective Phase III power design.,action_sensitivity,"Placebo versus anti-amyloid clearance, trial-specific clearance values, leave-one-trial-out calibration, and alternative sample sizes are evaluated","Six drug-specific clearance profiles and alternative treatment scenarios; treatment magnitude/timing are explicitly encoded, though calibrated from target-drug aggregate data.",,
MWM-X36A3691F14,A data-driven Alzheimer's disease progression simulator for retrospective validation and prospective Phase III power design.,calibration_and_uncertainty,"Repeated virtual trials provide empirical variability and power; no reliability diagram, interval coverage, calibration slope, or equivalent formal predictive calibration","Repeated simulations, standard deviations, confidence/prediction intervals, and leave-one-trial-out calibration; no formal predictive reliability or coverage-calibration analysis.",,
MWM-X36A3691F14,A data-driven Alzheimer's disease progression simulator for retrospective validation and prospective Phase III power design.,external_validation,"Retrospective comparison with six Phase III trial reports, but trial-specific or leave-one-trial-out calibration prevents classification as fully frozen validation",Aggregate retrospective comparison with six RCTs; not fully frozen because baseline state and amyloid kinetics are trial-specific and calibrated to published trial information.,,
MWM-X36A3691F14,A data-driven Alzheimer's disease progression simulator for retrospective validation and prospective Phase III power design.,decision_utility,Prospective sample-size and power calculations for CDR-SB and biomarker endpoints directly target trial-design decisions,"Prospective power and sample-size design for Phase III trials, compared with statistical and machine-learning simulators.",,
MWM-X36A3691F14,A data-driven Alzheimer's disease progression simulator for retrospective validation and prospective Phase III power design.,safety_evaluation,"NI/negative: adverse events such as ARIA, treatment discontinuation, and treatment-related hazard are not modeled",No adverse-event or ARIA simulation; safety endpoints were outside the model.,,
MWM-X36A3691F14,A data-driven Alzheimer's disease progression simulator for retrospective validation and prospective Phase III power design.,statistical_analysis,"One hundred repetitions for biomarker comparisons, 500 repetitions for power, virtual-arm sizes from 50 to 800, and five-fold cross-validation for baselines","Linear mixed models for treatment effects, empirical power over 500 repetitions, uncertainty intervals, and leave-one-trial-out analyses.",,
MWM-X36A3691F14,A data-driven Alzheimer's disease progression simulator for retrospective validation and prospective Phase III power design.,causal_language,Uses causal-intervention and counterfactual terminology for amyloid lowering and downstream outcomes,Prospective treatment-effect and placebo-versus-treatment simulation language.,,
MWM-X36A3691F14,A data-driven Alzheimer's disease progression simulator for retrospective validation and prospective Phase III power design.,estimand,Treated-minus-placebo biomarker or CDR-SB endpoint difference and the resulting empirical power at specified trial horizons,Between-arm longitudinal treatment effect on clinical outcomes and associated Phase III power.,,
MWM-X36A3691F14,A data-driven Alzheimer's disease progression simulator for retrospective validation and prospective Phase III power design.,confounding_strategy,No individual-level treatment-confounding adjustment; ADNI supplies natural-history dynamics and trial aggregate changes calibrate intervention effects,"RCT aggregate targets reduce observational confounding for validation, but the simulator itself does not state a full identification strategy.",,
MWM-X36A3691F14,A data-driven Alzheimer's disease progression simulator for retrospective validation and prospective Phase III power design.,positivity_and_overlap,"No propensity, overlap, or support diagnostic for treatment response is reported",Not evaluated; simulated interventions are parameterized from six observed trial profiles rather than assessed for latent-state support.,,
MWM-X36A3691F14,A data-driven Alzheimer's disease progression simulator for retrospective validation and prospective Phase III power design.,counterfactual_validation,"Retrospective reproduction of published trial-level trajectories/endpoints provides partial validation, not individual counterfactual truth",Retrospective validation against published randomized-trial aggregate outcomes with leave-one-trial-out components; adaptation prevents a fully frozen test.,,
MWM-X36A3691F14,A data-driven Alzheimer's disease progression simulator for retrospective validation and prospective Phase III power design.,code_access,Public GitLab source repository is identified in the preprint,Partial/public — training code is inspectable at the paper-reported Inria GitLab; trial-simulation code is stated as planned upon acceptance.,,
MWM-X36A3691F14,A data-driven Alzheimer's disease progression simulator for retrospective validation and prospective Phase III power design.,weights_access,NI: pretrained model weights or a fixed model checkpoint are not clearly reported as public,Planned/unavailable at inspection cutoff.,,
MWM-X36A3691F14,A data-driven Alzheimer's disease progression simulator for retrospective validation and prospective Phase III power design.,data_access,ADNI requires approved access; trial outcome summaries are from publications; generated analysis outputs are reproducible from governed inputs,Credentialed — ADNI data require application; published RCT aggregates are publicly reported.,,
MWM-X36A3691F14,A data-driven Alzheimer's disease progression simulator for retrospective validation and prospective Phase III power design.,preprocessing_reproducibility,"Cohort filters, modality harmonization, latent architecture, calibration procedure, and simulation settings are described in Methods","Partial — cohort criteria, modalities, equations, and pseudocode are detailed, but the full trial pipeline and fitted parameters are not yet released.",,
MWM-X36A3691F14,A data-driven Alzheimer's disease progression simulator for retrospective validation and prospective Phase III power design.,randomness,Monte Carlo repetitions are explicit; complete random-seed values and deterministic environment details are NI,"500 trial repetitions per design; random sampling is described, but reproducible seeds were not reported.",,
MWM-X36A3691F14,A data-driven Alzheimer's disease progression simulator for retrospective validation and prospective Phase III power design.,evidence_anchors,"medRxiv full text, DOI 10.64898/2026.05.03.26352317: Abstract and pp. 2-4 define scope; Results pp. 5-11, Tables 1-2, and Figs. 1-5 report trial matching and power; Methods pp. 14-21 define cohort, latent dynamics, intervention, calibration, and simulations; pp. 13-14 state limitations","Abstract; Methods pp. 6–16 (ADNI cohort, VAE/ODE, interventions, Algorithm 1, trial calibration); Results pp. 17–27 and trial figures/tables (six RCTs, power); Code/data statements near Discussion/Supplement.",,
MWM-X36A3691F14,A data-driven Alzheimer's disease progression simulator for retrospective validation and prospective Phase III power design.,appraisal_strengths,"Multiple trial targets, multimodal latent dynamics, horizon-specific outcomes, repeated power simulations, and inspectable public code","Large longitudinal multimodal cohort, explicit intervention operator, repeated Phase III simulations, multiple trial targets, and decision-focused power analysis.",,
MWM-X36A3691F14,A data-driven Alzheimer's disease progression simulator for retrospective validation and prospective Phase III power design.,appraisal_limitations,"External evidence is partly used for calibration; no safety process, dropout mechanism, formal uncertainty calibration, or individual-level causal identification","Preprint; trial-specific adaptation, no full causal identification or support analysis, no safety modeling, and incomplete release of trial code/weights.",,
MWM-X36A3691F14,A data-driven Alzheimer's disease progression simulator for retrospective validation and prospective Phase III power design.,source_status,Full medRxiv preprint PDF inspected,indexed,,
MWM-X6FB8E7370E,Autosomal Dominant Tubulointerstitial Kidney Disease Clinical Trial Simulator: Case Reports of Model-Informed Drug Development.,publication_status,Peer-reviewed journal article,"Peer-reviewed journal article (CPT: Pharmacometrics & Systems Pharmacology, 2026).",,
MWM-X6FB8E7370E,Autosomal Dominant Tubulointerstitial Kidney Disease Clinical Trial Simulator: Case Reports of Model-Informed Drug Development.,domain,Autosomal dominant tubulointerstitial kidney disease; model-informed clinical trial simulation,Autosomal dominant tubulointerstitial kidney disease clinical-trial simulation.,,
MWM-X6FB8E7370E,Autosomal Dominant Tubulointerstitial Kidney Disease Clinical Trial Simulator: Case Reports of Model-Informed Drug Development.,dataset_or_cohort,Wake Forest Rare Inherited Kidney Disease Registry natural-history cohorts for UMOD and MUC1 variants,Wake Forest Rare Inherited Kidney Disease Registry: ADTKD-UMOD and ADTKD-MUC1 natural-history cohorts.,,
MWM-X6FB8E7370E,Autosomal Dominant Tubulointerstitial Kidney Disease Clinical Trial Simulator: Case Reports of Model-Informed Drug Development.,sample_scale,Underlying cohorts include 371 UMOD and 233 MUC1 participants; illustrative high-risk samples of 33 per genotype are expanded to synthetic cohorts of 133 and 150,"371 UMOD and 233 MUC1 individuals (604 total); high-risk subsets were expanded to synthetic populations of 133 or 150, with simulated trials of 50–200 participants per arm and 100 replicates.",,
MWM-X6FB8E7370E,Autosomal Dominant Tubulointerstitial Kidney Disease Clinical Trial Simulator: Case Reports of Model-Informed Drug Development.,institution_count,One primary registry/institution for the natural-history source; no new independent institution is used in the case reports,One registry/lead institution; geographic recruitment breadth was not quantified in the article.,,
MWM-X6FB8E7370E,Autosomal Dominant Tubulointerstitial Kidney Disease Clinical Trial Simulator: Case Reports of Model-Informed Drug Development.,split_strategy,Previously developed disease models reference model-building/test data and visual predictive checks; the current paper applies them to synthetic trial scenarios rather than defining a new random split,No new random split reported in this case-study paper; underlying natural-history models reference prior development/test evaluation. Trial scenarios resample synthetic populations.,,
MWM-X6FB8E7370E,Autosomal Dominant Tubulointerstitial Kidney Disease Clinical Trial Simulator: Case Reports of Model-Informed Drug Development.,observation_process,"Longitudinal estimated glomerular filtration rate with age, genotype, variant, and clinical covariates at registry visits",Irregular longitudinal eGFR over years with genotype and demographic covariates; simulated quarterly trial measurements for 1–3 years.,,
MWM-X6FB8E7370E,Autosomal Dominant Tubulointerstitial Kidney Disease Clinical Trial Simulator: Case Reports of Model-Informed Drug Development.,missingness,NI: longitudinal missingness handling for the source registry is not fully restated; synthetic generation preserves specified marginal distributions and correlations,Missing-data handling for registry trajectories was not reported in sufficient detail in this article.,,
MWM-X6FB8E7370E,Autosomal Dominant Tubulointerstitial Kidney Disease Clinical Trial Simulator: Case Reports of Model-Informed Drug Development.,censoring_or_competing_events,"Kidney-failure censoring, death, transplantation, and other competing events are not explicitly modeled in the reported trial scenarios",Kidney failure and dropout/censoring were not explicitly modeled in the presented trial cases.,,
MWM-X6FB8E7370E,Autosomal Dominant Tubulointerstitial Kidney Disease Clinical Trial Simulator: Case Reports of Model-Informed Drug Development.,state,"Age, baseline eGFR, causal gene/variant, relevant covariates, individual random effects, and disease-model parameters","Age, baseline eGFR, genotype/SNP features, and individual nonlinear mixed-effects trajectory parameters.",,
MWM-X6FB8E7370E,Autosomal Dominant Tubulointerstitial Kidney Disease Clinical Trial Simulator: Case Reports of Model-Informed Drug Development.,observation_decoder,Direct model output is longitudinal eGFR and derived eGFR slope or endpoint,Parametric nonlinear mixed-effects model generates eGFR trajectories.,,
MWM-X6FB8E7370E,Autosomal Dominant Tubulointerstitial Kidney Disease Clinical Trial Simulator: Case Reports of Model-Informed Drug Development.,action,"Hypothetical percentage changes to disease-progression parameters DPT50, gamma1, or gamma2; placebo leaves parameters unchanged","Hypothetical treatment changes to DPT50, gamma1, or gamma2 disease-progression parameters versus placebo.",,
MWM-X6FB8E7370E,Autosomal Dominant Tubulointerstitial Kidney Disease Clinical Trial Simulator: Case Reports of Model-Informed Drug Development.,action_provenance,"User-specified assumed treatment effects, not observed clinical interventions","User-defined simulated treatment effects, not effects estimated from an administered drug.",,
MWM-X6FB8E7370E,Autosomal Dominant Tubulointerstitial Kidney Disease Clinical Trial Simulator: Case Reports of Model-Informed Drug Development.,transition_mechanism,Genotype-specific nonlinear mixed-effects disease-progression models combined with conditional-inference-tree synthetic-population generation,"Sigmoid Imax nonlinear mixed-effects natural-history model fitted with SAEM, including interindividual and residual variability.",,
MWM-X6FB8E7370E,Autosomal Dominant Tubulointerstitial Kidney Disease Clinical Trial Simulator: Case Reports of Model-Informed Drug Development.,maximum_horizon,"Trial durations from 0.5 or 0.75 years through 3 years, commonly sampled every 3 months","Quarterly trajectories and trial endpoints over 1, 2, and 3 years.",,
MWM-X6FB8E7370E,Autosomal Dominant Tubulointerstitial Kidney Disease Clinical Trial Simulator: Case Reports of Model-Informed Drug Development.,rollout_regime,"One hundred replicated placebo-versus-treatment virtual trials across effect sizes, durations, and cohort definitions",Free-running parametric trajectories for placebo and hypothetical treatment arms; 100 replicated trials per scenario.,,
MWM-X6FB8E7370E,Autosomal Dominant Tubulointerstitial Kidney Disease Clinical Trial Simulator: Case Reports of Model-Informed Drug Development.,capability_claim,Counterfactual: assumed treatment modifications are compared with placebo to estimate endpoint behavior and power,Counterfactual — simulated placebo-versus-treatment trial outcomes under alternative parameter interventions.,,
MWM-X6FB8E7370E,Autosomal Dominant Tubulointerstitial Kidney Disease Clinical Trial Simulator: Case Reports of Model-Informed Drug Development.,baselines,"Placebo, alternative disease-model parameter targets, durations, sample sizes, and analysis endpoints","Placebo/no-change trajectory; alternative effect magnitudes, sample sizes, and study durations. No independent mechanistic model baseline.",,
MWM-X6FB8E7370E,Autosomal Dominant Tubulointerstitial Kidney Disease Clinical Trial Simulator: Case Reports of Model-Informed Drug Development.,state_fidelity_metrics,Synthetic-cohort distributions and correlations are checked against source high-risk samples,Real-versus-synthetic marginal distributions and correlations; underlying model VPC/test evidence is referenced to prior work rather than fully re-reported.,,
MWM-X6FB8E7370E,Autosomal Dominant Tubulointerstitial Kidney Disease Clinical Trial Simulator: Case Reports of Model-Informed Drug Development.,transition_metrics,"Prior disease-model test-set and visual-predictive-check evidence is cited; current case reports emphasize eGFR trajectories, slopes, and endpoint power","Trial power and endpoint behavior at 1-, 2-, and 3-year durations; no direct horizon-specific trajectory error in this article.",,
MWM-X6FB8E7370E,Autosomal Dominant Tubulointerstitial Kidney Disease Clinical Trial Simulator: Case Reports of Model-Informed Drug Development.,rollout_stability,Power estimates and 95% intervals are reported across 100 simulation replicates and multiple trial durations,Power distributions across 100 repetitions and sample sizes; no drift or physiological constraint metric.,,
MWM-X6FB8E7370E,Autosomal Dominant Tubulointerstitial Kidney Disease Clinical Trial Simulator: Case Reports of Model-Informed Drug Development.,action_sensitivity,"Structured perturbations vary treatment target, percentage effect, duration, cohort, and analysis strategy",Defined perturbations of three progression parameters over alternative percentage effects and durations.,,
MWM-X6FB8E7370E,Autosomal Dominant Tubulointerstitial Kidney Disease Clinical Trial Simulator: Case Reports of Model-Informed Drug Development.,calibration_and_uncertainty,Interindividual variability and 100-replicate power uncertainty with approximate 95% confidence intervals are included; no formal predictive calibration,"Interindividual/residual variability, 100 trial repetitions, and reported confidence intervals; no calibration/coverage audit.",,
MWM-X6FB8E7370E,Autosomal Dominant Tubulointerstitial Kidney Disease Clinical Trial Simulator: Case Reports of Model-Informed Drug Development.,external_validation,"Prior independent test evidence for the natural-history model is referenced, but no independent clinical validation of simulated treatment response is provided",No independent institution or geographic cohort validation reported in this article.,,
MWM-X6FB8E7370E,Autosomal Dominant Tubulointerstitial Kidney Disease Clinical Trial Simulator: Case Reports of Model-Informed Drug Development.,decision_utility,"The Shiny simulator estimates sample size, duration, analysis choice, and power for rare-disease trial design","Clinical-trial sample-size, duration, endpoint, and enrichment exploration through a public web simulator.",,
MWM-X6FB8E7370E,Autosomal Dominant Tubulointerstitial Kidney Disease Clinical Trial Simulator: Case Reports of Model-Informed Drug Development.,safety_evaluation,"NI/negative: no adverse-event, treatment-toxicity, or safety-hazard process is modeled",No treatment toxicity or clinical safety endpoint was simulated.,,
MWM-X6FB8E7370E,Autosomal Dominant Tubulointerstitial Kidney Disease Clinical Trial Simulator: Case Reports of Model-Informed Drug Development.,statistical_analysis,"Repeated simulations, power calculations, confidence intervals based on simulation standard error, and mixed-model endpoint analyses",Power calculations across 100 simulated trials with confidence intervals and scenario comparisons.,,
MWM-X6FB8E7370E,Autosomal Dominant Tubulointerstitial Kidney Disease Clinical Trial Simulator: Case Reports of Model-Informed Drug Development.,causal_language,Treatment effects are explicitly hypothetical model parameter changes; causal interpretation is assumption-based,Hypothetical placebo and treatment-effect simulation; authors caution that the tool does not substitute for clinical evidence.,,
MWM-X6FB8E7370E,Autosomal Dominant Tubulointerstitial Kidney Disease Clinical Trial Simulator: Case Reports of Model-Informed Drug Development.,estimand,Between-arm difference in eGFR slope or end-of-trial eGFR and the associated rejection probability/power,Simulated between-arm endpoint difference and probability of detecting a user-specified hypothetical treatment effect.,,
MWM-X6FB8E7370E,Autosomal Dominant Tubulointerstitial Kidney Disease Clinical Trial Simulator: Case Reports of Model-Informed Drug Development.,confounding_strategy,NA for simulated randomized allocation; source natural-history confounding is not used to estimate observed treatment effects,NA — treatment effects are imposed in randomized simulated arms rather than estimated from observational exposure.,,
MWM-X6FB8E7370E,Autosomal Dominant Tubulointerstitial Kidney Disease Clinical Trial Simulator: Case Reports of Model-Informed Drug Development.,positivity_and_overlap,"NA/NI: simulated arms have designed support, but no empirical treatment-overlap diagnostic exists",Not evaluated; parameter perturbations are assumed and their empirical treatment support is unknown.,,
MWM-X6FB8E7370E,Autosomal Dominant Tubulointerstitial Kidney Disease Clinical Trial Simulator: Case Reports of Model-Informed Drug Development.,counterfactual_validation,No observed treated cohort or patient-level counterfactual outcome validates the assumed response,No real treatment-response validation; domain plausibility and prior natural-history model checks only.,,
MWM-X6FB8E7370E,Autosomal Dominant Tubulointerstitial Kidney Disease Clinical Trial Simulator: Case Reports of Model-Informed Drug Development.,code_access,A public web-based R Shiny application and selected Data S1 code examples are available; a complete downloadable analysis repository is NI,Partial/public — web application and key R examples are available in the article supplement; a complete source repository was not identified.,,
MWM-X6FB8E7370E,Autosomal Dominant Tubulointerstitial Kidney Disease Clinical Trial Simulator: Case Reports of Model-Informed Drug Development.,weights_access,"NA for neural weights; model parameter information is described, but a complete fitted-object release is NI",NA — parametric mixed-effects coefficients rather than neural weights; full fitted parameter accessibility is partial.,,
MWM-X6FB8E7370E,Autosomal Dominant Tubulointerstitial Kidney Disease Clinical Trial Simulator: Case Reports of Model-Informed Drug Development.,data_access,Registry data are not public; synthetic trial cohorts can be generated through the application,Private/governed registry data; synthetic examples are generated by the tool.,,
MWM-X6FB8E7370E,Autosomal Dominant Tubulointerstitial Kidney Disease Clinical Trial Simulator: Case Reports of Model-Informed Drug Development.,preprocessing_reproducibility,"Model equations, synthetic-population workflow, parameter perturbations, and trial settings are documented; exact end-to-end source-data preparation is not public","Partial — model form and simulation workflow are detailed, but registry preprocessing and complete source pipeline are unavailable.",,
MWM-X6FB8E7370E,Autosomal Dominant Tubulointerstitial Kidney Disease Clinical Trial Simulator: Case Reports of Model-Informed Drug Development.,randomness,Random effects and 100 simulation replicates are specified; random seeds are NI,100 replicated simulated trials; random seed was not reported.,,
MWM-X6FB8E7370E,Autosomal Dominant Tubulointerstitial Kidney Disease Clinical Trial Simulator: Case Reports of Model-Informed Drug Development.,evidence_anchors,"Clinical and Translational Science full text, DOI 10.1002/psp4.70258: Methods sections on CTS development and clinical trial simulation define cohorts, ctree synthesis, models, actions, and repetitions; Results case reports and figures/tables report power; Discussion states assumptions; Data S1 gives selected code","Methods and model overview, Fig. 1; case studies and Tables/Figs. 2–5 (population synthesis and 1–3-year power); Discussion/Data S1 (web tool and R examples).",,
MWM-X6FB8E7370E,Autosomal Dominant Tubulointerstitial Kidney Disease Clinical Trial Simulator: Case Reports of Model-Informed Drug Development.,appraisal_strengths,"Directly decision-oriented rare-disease simulations, explicit scenario perturbations, repeated trials, and an accessible interactive implementation","Disease-specific natural-history model, explicit trial-design scenarios, repeated power simulations, and an accessible interactive tool.",,
MWM-X6FB8E7370E,Autosomal Dominant Tubulointerstitial Kidney Disease Clinical Trial Simulator: Case Reports of Model-Informed Drug Development.,appraisal_limitations,"Small high-risk source subsets, single-registry provenance, hypothetical treatment response, no safety model, and no independent intervention validation","Hypothetical unvalidated treatment effects, one registry, incomplete missing/censoring reporting, no safety outcomes, and restricted source data.",,
MWM-X6FB8E7370E,Autosomal Dominant Tubulointerstitial Kidney Disease Clinical Trial Simulator: Case Reports of Model-Informed Drug Development.,source_status,Full open-access journal text and supplements inspected through Europe PMC,indexed,,
MWM-XA5A2F4844E,Control of Magnetic Surgical Robots With Model-Based Simulators and Reinforcement Learning.,publication_status,Peer-reviewed journal article,"Peer-reviewed journal article (IEEE Transactions on Medical Robotics and Bionics, 2022).",,
MWM-XA5A2F4844E,Control of Magnetic Surgical Robots With Model-Based Simulators and Reinforcement Learning.,domain,Magnetic surgical robotics; model-based reinforcement learning,Magnetic surgical robotics and model-based reinforcement learning.,,
MWM-XA5A2F4844E,Control of Magnetic Surgical Robots With Model-Based Simulators and Reinforcement Learning.,dataset_or_cohort,MagnetoSuture benchtop magnetic robot with camera-tracked motion in a dish,"Physical MagnetoSuture benchtop platform with a 22-gauge needle, four electromagnetic coils, and camera tracking.",,
MWM-XA5A2F4844E,Control of Magnetic Surgical Robots With Model-Based Simulators and Reinforcement Learning.,sample_scale,"34,742 physical state-action transitions collected over approximately 3.2 hours","34,742 physical transitions collected in approximately 3.2 hours; downstream simulated training up to 2.5 million steps.",,
MWM-XA5A2F4844E,Control of Magnetic Surgical Robots With Model-Based Simulators and Reinforcement Learning.,institution_count,"One laboratory hardware system; no tissue, animal, patient, or multi-institution sample",One laboratory device/platform.,,
MWM-XA5A2F4844E,Control of Magnetic Surgical Robots With Model-Based Simulators and Reinforcement Learning.,split_strategy,"Validation and test losses are reported, but exact split proportions and temporal grouping are NI","Held-out validation and test transition sets are reported, but exact proportions and leakage controls are not specified.",,
MWM-XA5A2F4844E,Control of Magnetic Surgical Robots With Model-Based Simulators and Reinforcement Learning.,observation_process,"Camera-derived planar position and orientation after 100-ms coil pulses followed by 200-ms rest, approximately 3 Hz","Camera-derived planar needle position and heading after discrete current pulses (100 ms actuation plus 200 ms rest, approximately 3 Hz).",,
MWM-XA5A2F4844E,Control of Magnetic Surgical Robots With Model-Based Simulators and Reinforcement Learning.,missingness,NA: complete engineered sensor transitions are used; no missing-observation process is reported,NA — complete benchtop tracking transitions after data collection/quality filtering; missingness was not modeled.,,
MWM-XA5A2F4844E,Control of Magnetic Surgical Robots With Model-Based Simulators and Reinforcement Learning.,censoring_or_competing_events,NA: no clinical censoring or competing event; hardware episodes reset when the robot leaves the valid workspace,NA — task episodes terminate/reset for target success or leaving the Petri-dish workspace.,,
MWM-XA5A2F4844E,Control of Magnetic Surgical Robots With Model-Based Simulators and Reinforcement Learning.,state,"Planar x position, y position, and orientation theta","Needle x-position, y-position, and orientation.",,
MWM-XA5A2F4844E,Control of Magnetic Surgical Robots With Model-Based Simulators and Reinforcement Learning.,observation_decoder,Fully connected neural network directly predicts the next planar pose,Fully connected neural simulator predicts next needle state.,,
MWM-XA5A2F4844E,Control of Magnetic Surgical Robots With Model-Based Simulators and Reinforcement Learning.,action,Two-dimensional effective coil-current command derived under the four-coil actuation constraint,Two-dimensional electromagnetic coil-current command.,,
MWM-XA5A2F4844E,Control of Magnetic Surgical Robots With Model-Based Simulators and Reinforcement Learning.,action_provenance,Physical exploration/data-collection commands and subsequently learned TD3 policy actions,Manual exploration commands for data collection; learned TD3 commands for simulated training and physical deployment.,,
MWM-XA5A2F4844E,Control of Magnetic Surgical Robots With Model-Based Simulators and Reinforcement Learning.,transition_mechanism,Deterministic fully connected neural next-state model used as the model-based simulator,Deterministic neural one-step model used as a model-based simulator for TD3 policy learning.,,
MWM-XA5A2F4844E,Control of Magnetic Surgical Robots With Model-Based Simulators and Reinforcement Learning.,maximum_horizon,Recursive model episodes of 5-30 steps; physical navigation tasks extend until target/path completion,"One-step model validation; policies trained for 500,000–2.5 million simulator steps and evaluated over multi-step physical navigation tasks.",,
MWM-XA5A2F4844E,Control of Magnetic Surgical Robots With Model-Based Simulators and Reinforcement Learning.,rollout_regime,"TD3 agents train for 500,000 to 2.5 million simulated steps, then execute closed loop on the real robot",Free-running simulator during policy training and real closed-loop transfer to the physical device.,,
MWM-XA5A2F4844E,Control of Magnetic Surgical Robots With Model-Based Simulators and Reinforcement Learning.,capability_claim,Planning: a learned simulator is used to train a sequential robot-control policy,Planning — policy selects sequential coil commands using learned-model rollouts.,,
MWM-XA5A2F4844E,Control of Magnetic Surgical Robots With Model-Based Simulators and Reinforcement Learning.,baselines,"Physics-based simulator, pure off-policy learning, and task/controller variants","Physics-based simulator, pure simulation training, and offline model-free RL variants; no action-agnostic learned-transition comparator.",,
MWM-XA5A2F4844E,Control of Magnetic Surgical Robots With Model-Based Simulators and Reinforcement Learning.,state_fidelity_metrics,"Real-robot root-mean-square position error for center, random-target, and square-path tasks","Normalized L2 next-state error (validation 0.033, test 0.045) and physical trajectory RMS error (about 5.3–7.4 mm for learned simulator versus 31 mm physics simulator).",,
MWM-XA5A2F4844E,Control of Magnetic Surgical Robots With Model-Based Simulators and Reinforcement Learning.,transition_metrics,Learned-model validation loss 0.033 and test loss 0.045; next-state prediction comparisons against the physics simulator,One-step held-out transition error; no error-versus-rollout-horizon curve.,,
MWM-XA5A2F4844E,Control of Magnetic Surgical Robots With Model-Based Simulators and Reinforcement Learning.,rollout_stability,"Successful multi-step physical trajectories are shown, but transition/control error is not reported as a function of the 5-30-step rollout horizon","Physical center, random-target, and square-path trajectories; no explicit learned-simulator drift/constraint-violation rate by horizon.",,
MWM-XA5A2F4844E,Control of Magnetic Surgical Robots With Model-Based Simulators and Reinforcement Learning.,action_sensitivity,No formal action-removal or structured command-perturbation evaluation; several target/path tasks test policy behavior,"No action removal, shuffle, or magnitude/timing sensitivity test of the transition model.",,
MWM-XA5A2F4844E,Control of Magnetic Surgical Robots With Model-Based Simulators and Reinforcement Learning.,calibration_and_uncertainty,"NI/negative: no predictive intervals, ensemble uncertainty, reliability analysis, or formal calibration",No predictive uncertainty or calibration analysis for the deterministic simulator.,,
MWM-XA5A2F4844E,Control of Magnetic Surgical Robots With Model-Based Simulators and Reinforcement Learning.,external_validation,Simulator-trained controller is evaluated without reported real-world fine-tuning on the physical MagnetoSuture robot; this is external to the learned simulator but remains the same laboratory platform,Simulation-to-real transfer on the same physical apparatus used to collect transitions; useful proxy but not a frozen new device/site.,,
MWM-XA5A2F4844E,Control of Magnetic Surgical Robots With Model-Based Simulators and Reinforcement Learning.,decision_utility,Real-hardware RMS error is approximately 5.3-7.4 mm for model-based agents versus about 31 mm for the pure-physics-simulator agent on reported tasks,Real closed-loop needle navigation and trajectory tracking against simulator/control baselines.,,
MWM-XA5A2F4844E,Control of Magnetic Surgical Robots With Model-Based Simulators and Reinforcement Learning.,safety_evaluation,"Workspace reset, zero-current avoidance, magnetic dead-zone considerations, coil cooling, supervision, and overheating precautions are described; no biological safety evaluation","Reports coil overheating, active cooling, workspace dead zones, out-of-dish termination/reset, and human supervision; no tissue or patient safety test.",,
MWM-XA5A2F4844E,Control of Magnetic Surgical Robots With Model-Based Simulators and Reinforcement Learning.,statistical_analysis,"Training summaries include means with two-standard-deviation bands across repeated agents, but agent count, seeds, and inferential tests are not consistently specified","Point errors and trajectory summaries; repeated-run uncertainty, confidence intervals, and significance tests were not reported.",,
MWM-XA5A2F4844E,Control of Magnetic Surgical Robots With Model-Based Simulators and Reinforcement Learning.,causal_language,NA: control performance is not framed as an identified causal treatment effect,Control/planning language only; no clinical causal-treatment claim.,,
MWM-XA5A2F4844E,Control of Magnetic Surgical Robots With Model-Based Simulators and Reinforcement Learning.,estimand,NA: no causal estimand,NA — embodied task-control utility rather than a causal estimand.,,
MWM-XA5A2F4844E,Control of Magnetic Surgical Robots With Model-Based Simulators and Reinforcement Learning.,confounding_strategy,"NA: engineered control experiment, not observational treatment-effect estimation",NA — controlled benchtop experiment.,,
MWM-XA5A2F4844E,Control of Magnetic Surgical Robots With Model-Based Simulators and Reinforcement Learning.,positivity_and_overlap,No formal action-support diagnostic; physical data collection explores the allowed command space,No formal action-support/coverage analysis for learned policy commands.,,
MWM-XA5A2F4844E,Control of Magnetic Surgical Robots With Model-Based Simulators and Reinforcement Learning.,counterfactual_validation,NA: sim-to-real control validation is not patient counterfactual validation,NA — no treatment counterfactual claim; validation is simulator-to-real control transfer.,,
MWM-XA5A2F4844E,Control of Magnetic Surgical Robots With Model-Based Simulators and Reinforcement Learning.,code_access,NI: no public paper-specific code repository identified,Unavailable — no inspectable implementation link reported.,,
MWM-XA5A2F4844E,Control of Magnetic Surgical Robots With Model-Based Simulators and Reinforcement Learning.,weights_access,NI: no trained network weights identified as public,Unavailable — trained simulator and policy weights were not released.,,
MWM-XA5A2F4844E,Control of Magnetic Surgical Robots With Model-Based Simulators and Reinforcement Learning.,data_access,"NI: the 34,742-transition physical dataset is not reported as publicly downloadable",Unavailable — collected transition dataset was not released.,,
MWM-XA5A2F4844E,Control of Magnetic Surgical Robots With Model-Based Simulators and Reinforcement Learning.,preprocessing_reproducibility,"Hardware geometry, state/action definition, pulse timing, network, training, and tasks are described; exact split and reusable pipeline artifacts are incomplete","Partial — hardware, state extraction, normalization, architecture, and training are described, but executable preprocessing is absent.",,
MWM-XA5A2F4844E,Control of Magnetic Surgical Robots With Model-Based Simulators and Reinforcement Learning.,randomness,Random targets and repeated agent training are used; complete seeds and run count are NI,Manual guided exploration and random targets are described; seeds and repeated independent training runs were not reported.,,
MWM-XA5A2F4844E,Control of Magnetic Surgical Robots With Model-Based Simulators and Reinforcement Learning.,evidence_anchors,"IEEE TMRB full text, DOI 10.1109/TMRB.2022.3214426: Sections II-B-II-D define data, state/action, learned simulator, recursive episodes, and TD3; Section III and Figs. 4-7 report model losses and real-robot tasks; methods/discussion identify resets, cooling, dead zones, and overheating constraints","Methods Sec. IV-B.1–5 (hardware, data, simulator, TD3); Experiments Sec. V-A–D, Tables I–II and Figs. 4–6 (errors and physical tasks); Conclusion Sec. VI.",,
MWM-XA5A2F4844E,Control of Magnetic Surgical Robots With Model-Based Simulators and Reinforcement Learning.,appraisal_strengths,Direct learned-transition validation plus frozen sim-to-real closed-loop evaluation and concrete hardware hazard controls,Direct physical data collection and real closed-loop transfer with comparison to a physics simulator and alternative training regimes.,,
MWM-XA5A2F4844E,Control of Magnetic Surgical Robots With Model-Based Simulators and Reinforcement Learning.,appraisal_limitations,"Single benchtop device, no tissue/patient validation, no horizon-resolved rollout degradation, no uncertainty calibration, and no reusable code/data","Single apparatus, one-step simulator metric only, no uncertainty/action ablation, limited safety scope, and no public artifacts.",,
MWM-XA5A2F4844E,Control of Magnetic Surgical Robots With Model-Based Simulators and Reinforcement Learning.,source_status,Full peer-reviewed article inspected through PMC/Europe PMC,indexed,,
MWM-X872C154484,Development of a model-based clinical trial simulation platform to optimize the design of clinical trials for Duchenne muscular dystrophy.,publication_status,Peer-reviewed journal article,"Peer-reviewed journal article (CPT: Pharmacometrics & Systems Pharmacology, 2022).",,
MWM-X872C154484,Development of a model-based clinical trial simulation platform to optimize the design of clinical trials for Duchenne muscular dystrophy.,domain,Duchenne muscular dystrophy natural history and clinical trial simulation,Duchenne muscular dystrophy disease-progression and clinical-trial simulation.,,
MWM-X872C154484,Development of a model-based clinical trial simulation platform to optimize the design of clinical trials for Duchenne muscular dystrophy.,dataset_or_cohort,"Integrated Clinical Dystrophinopathy Research Network data from 15 studies, including trials and natural-history cohorts",Duchenne Regulatory Science Consortium database: 15 clinical studies comprising trials and natural-history cohorts.,,
MWM-X872C154484,Development of a model-based clinical trial simulation platform to optimize the design of clinical trials for Duchenne muscular dystrophy.,sample_scale,"1,505 participants and 27,252 observations across five outcomes; four external non-US datasets total 364 participants","1,505 participants and 27,252 observations; development: 11 North American studies (1,141 participants, 19,996 observations); external: four non-US studies (364 participants, 7,256 observations).",,
MWM-X872C154484,Development of a model-based clinical trial simulation platform to optimize the design of clinical trials for Duchenne muscular dystrophy.,institution_count,Multiple international studies and sites; exact unique institution count is NI,Multicenter across 15 studies; exact site count was not reported.,,
MWM-X872C154484,Development of a model-based clinical trial simulation platform to optimize the design of clinical trials for Duchenne muscular dystrophy.,split_strategy,Eleven primarily North American studies are used for model development and four non-US studies for external validation,Geographic/study split: 11 North American development studies and four non-US external validation studies.,,
MWM-X872C154484,Development of a model-based clinical trial simulation platform to optimize the design of clinical trials for Duchenne muscular dystrophy.,observation_process,"Irregular longitudinal assessments of NSAA, FVC, stand velocity, climb velocity, and walk/run velocity across childhood and disease progression","Irregular longitudinal clinical outcomes from age 4 through advanced disease: NSAA, FVC, and climb/stand/walk-run velocities.",,
MWM-X872C154484,Development of a model-based clinical trial simulation platform to optimize the design of clinical trials for Duchenne muscular dystrophy.,missingness,"Outcome missingness is described; missing timed-function tests associated with disease severity are modeled, while some covariate missingness is handled during dataset preparation",No imputation of missing dependent variables or covariates; missing categorical covariates grouped where applicable.,,
MWM-X872C154484,Development of a model-based clinical trial simulation platform to optimize the design of clinical trials for Duchenne muscular dystrophy.,censoring_or_competing_events,Dropout and competing events are not explicitly modeled; the paper identifies dropout modeling as future work,Inability to perform functional tests due to severity is likelihood-censored (M4); dropout is not modeled and is acknowledged as a limitation.,,
MWM-X872C154484,Development of a model-based clinical trial simulation platform to optimize the design of clinical trials for Duchenne muscular dystrophy.,state,"Outcome-specific age trajectory, baseline status, covariates, and individual random effects","Age, baseline functional score, race, steroid use, mutation class, study type, and individual random effects.",,
MWM-X872C154484,Development of a model-based clinical trial simulation platform to optimize the design of clinical trials for Duchenne muscular dystrophy.,observation_decoder,Nonlinear mixed-effects model directly produces each clinical outcome trajectory,Nonlinear mixed-effects trajectories for five clinical endpoints.,,
MWM-X872C154484,Development of a model-based clinical trial simulation platform to optimize the design of clinical trials for Duchenne muscular dystrophy.,action,Placebo/natural-history evolution or user-specified hypothetical treatment timing and magnitude,User-defined hypothetical treatment timing and magnitude applied to progression-model parameters to create active arms.,,
MWM-X872C154484,Development of a model-based clinical trial simulation platform to optimize the design of clinical trials for Duchenne muscular dystrophy.,action_provenance,"Treatment scenarios are design assumptions supplied to the clinical-trial simulation platform, not learned from observed comparative treatment data",Simulated treatment effects; not estimated from observed treatment response in the platform evaluation.,,
MWM-X872C154484,Development of a model-based clinical trial simulation platform to optimize the design of clinical trials for Duchenne muscular dystrophy.,transition_mechanism,Chapman-Richards growth component multiplied by a sigmoid Imax decline model with interindividual variability and covariates,Product of Chapman–Richards growth and sigmoid Imax decline functions with fixed/random effects and residual error.,,
MWM-X872C154484,Development of a model-based clinical trial simulation platform to optimize the design of clinical trials for Duchenne muscular dystrophy.,maximum_horizon,"Natural-history models cover the observed age range; virtual trial horizons are user specified, with 18-24 months representative of DMD trials",Age-spanning natural-history trajectories and user-defined trial durations; external VPCs cover observed longitudinal follow-up.,,
MWM-X872C154484,Development of a model-based clinical trial simulation platform to optimize the design of clinical trials for Duchenne muscular dystrophy.,rollout_regime,"Virtual patients and placebo/active arms are repeatedly generated under alternative entry criteria, durations, endpoints, and assumed effects","Free-running parametric trajectory simulation, virtual trials, and visual predictive checks with 500 simulated datasets.",,
MWM-X872C154484,Development of a model-based clinical trial simulation platform to optimize the design of clinical trials for Duchenne muscular dystrophy.,capability_claim,Counterfactual: the platform simulates placebo and hypothetical active-treatment trajectories for trial-design exploration,Counterfactual — placebo/historical-control versus hypothetical active treatment trial simulation.,,
MWM-X872C154484,Development of a model-based clinical trial simulation platform to optimize the design of clinical trials for Duchenne muscular dystrophy.,baselines,Natural-history/placebo model and alternative covariate/model forms; no action-agnostic machine-learning comparator,Observed development and external cohorts; placebo/historical-control trajectory versus active-arm parameter shifts.,,
MWM-X872C154484,Development of a model-based clinical trial simulation platform to optimize the design of clinical trials for Duchenne muscular dystrophy.,state_fidelity_metrics,Goodness-of-fit plots and internal visual predictive checks for all five outcomes,Goodness-of-fit plots and visual predictive checks for five endpoints with observed percentiles versus simulated prediction intervals.,,
MWM-X872C154484,Development of a model-based clinical trial simulation platform to optimize the design of clinical trials for Duchenne muscular dystrophy.,transition_metrics,External visual predictive checks compare predicted percentiles and approximately 90% prediction intervals with four non-US datasets,Age-resolved longitudinal VPCs in development and external cohorts; no single aggregate transition metric.,,
MWM-X872C154484,Development of a model-based clinical trial simulation platform to optimize the design of clinical trials for Duchenne muscular dystrophy.,rollout_stability,Internal and external trajectory distributions are assessed over age; explicit degradation by increasing simulated trial horizon is NI,VPC trajectory envelopes and trial simulations; dropout and some long-term endpoint transitions remain unmodeled.,,
MWM-X872C154484,Development of a model-based clinical trial simulation platform to optimize the design of clinical trials for Duchenne muscular dystrophy.,action_sensitivity,"The platform permits changes to treatment onset, magnitude, duration, entry criteria, and endpoint; the article does not present a complete factorial sensitivity study","Treatment-effect size, timing, and affected parameter can be varied in the CTS platform.",,
MWM-X872C154484,Development of a model-based clinical trial simulation platform to optimize the design of clinical trials for Duchenne muscular dystrophy.,calibration_and_uncertainty,Interindividual random effects and visual predictive intervals quantify variability; no formal forecast reliability or interval-coverage calibration is reported,"Interindividual/residual variability, 500-simulation VPC intervals, 1,000 bootstraps, and 90% confidence intervals; no explicit coverage-calibration statistic.",,
MWM-X872C154484,Development of a model-based clinical trial simulation platform to optimize the design of clinical trials for Duchenne muscular dystrophy.,external_validation,Four non-US datasets are held out for external validation of the natural-history models and show broadly adequate visual predictive performance,Frozen evaluation on four non-US studies held out from model development.,,
MWM-X872C154484,Development of a model-based clinical trial simulation platform to optimize the design of clinical trials for Duchenne muscular dystrophy.,decision_utility,"The platform is intended to optimize eligibility, endpoint, sample size, duration, and assumed treatment-effect choices; prospective decision impact is not demonstrated","Trial-design platform for endpoint, enrichment, duration, placebo/historical-control, and treatment-effect scenarios; no prospective decision-impact study.",,
MWM-X872C154484,Development of a model-based clinical trial simulation platform to optimize the design of clinical trials for Duchenne muscular dystrophy.,safety_evaluation,"NI/negative: treatment toxicity, adverse events, and safety hazards are not represented","No adverse-event, toxicity, or harmful-decision evaluation.",,
MWM-X872C154484,Development of a model-based clinical trial simulation platform to optimize the design of clinical trials for Duchenne muscular dystrophy.,statistical_analysis,"Likelihood-based nonlinear mixed-effects modeling, covariate testing, goodness-of-fit, and visual predictive checks with prediction intervals","NONMEM estimation, 1,000 bootstrap replicates, 500 VPC simulations, confidence intervals, and covariate modeling.",,
MWM-X872C154484,Development of a model-based clinical trial simulation platform to optimize the design of clinical trials for Duchenne muscular dystrophy.,causal_language,Uses hypothetical treatment-effect and trial-simulation language; it does not identify a causal effect from observed treatment assignment,Hypothetical treatment-effect and historical-control simulation language.,,
MWM-X872C154484,Development of a model-based clinical trial simulation platform to optimize the design of clinical trials for Duchenne muscular dystrophy.,estimand,NI: no explicit causal treatment estimand is mathematically defined in the article,Simulated active-versus-control endpoint contrast under a user-specified treatment effect.,,
MWM-X872C154484,Development of a model-based clinical trial simulation platform to optimize the design of clinical trials for Duchenne muscular dystrophy.,confounding_strategy,Covariates explain natural-history heterogeneity; no treatment-confounding strategy is needed for hypothetical randomized arms and none estimates a clinical treatment effect,NA for randomized virtual arms; historical-control use is proposed without a complete real-world confounding strategy.,,
MWM-X872C154484,Development of a model-based clinical trial simulation platform to optimize the design of clinical trials for Duchenne muscular dystrophy.,positivity_and_overlap,NI/NA: no empirical treatment-overlap assessment; virtual active/placebo support is imposed by design,Not evaluated for hypothetical interventions or historical-control transport.,,
MWM-X872C154484,Development of a model-based clinical trial simulation platform to optimize the design of clinical trials for Duchenne muscular dystrophy.,counterfactual_validation,No observed active-treatment cohort validates the hypothetical response; external validation concerns untreated disease trajectories,No observed treatment-effect validation; natural-history dynamics receive frozen geographic external validation.,,
MWM-X872C154484,Development of a model-based clinical trial simulation platform to optimize the design of clinical trials for Duchenne muscular dystrophy.,code_access,Appendix S5 provides inspectable NONMEM model code; the full interactive simulation platform is not reported as public,Public/partial — NONMEM model codes are provided in the article supplement.,,
MWM-X872C154484,Development of a model-based clinical trial simulation platform to optimize the design of clinical trials for Duchenne muscular dystrophy.,weights_access,NA for neural weights; parameter estimates and model specification are available in article/supplement materials,NA — parametric NONMEM coefficients rather than neural weights; parameter estimates are reported/supplemented.,,
MWM-X872C154484,Development of a model-based clinical trial simulation platform to optimize the design of clinical trials for Duchenne muscular dystrophy.,data_access,Underlying consortium and trial data are governed and not publicly downloadable,Governed consortium data; not openly downloadable.,,
MWM-X872C154484,Development of a model-based clinical trial simulation platform to optimize the design of clinical trials for Duchenne muscular dystrophy.,preprocessing_reproducibility,"Study mapping, outcome definitions, model equations, covariate process, and simulation platform are documented; raw harmonization scripts are NI","Partial — CDISC harmonization, endpoint definitions, model equations, and code are described, but source data are restricted.",,
MWM-X872C154484,Development of a model-based clinical trial simulation platform to optimize the design of clinical trials for Duchenne muscular dystrophy.,randomness,Virtual patients sample interindividual variability; visual-predictive simulations are stochastic; exact seed protocol is NI,"500 simulated VPC datasets and 1,000 bootstraps; seeds were not reported.",,
MWM-X872C154484,Development of a model-based clinical trial simulation platform to optimize the design of clinical trials for Duchenne muscular dystrophy.,evidence_anchors,"Clinical and Translational Science full text, DOI 10.1002/psp4.12753: Methods and Table 1 describe 15 studies and split; model and simulation sections define trajectories and hypothetical actions; Results and Figs. 2-5 show internal/external VPCs; Appendix S5 contains code","Methods (database, endpoint models, censoring, geographic split); Tables 1–3; Figs. 1–5 and external VPC supplement; Discussion and Appendix S5 (model code).",,
MWM-X872C154484,Development of a model-based clinical trial simulation platform to optimize the design of clinical trials for Duchenne muscular dystrophy.,appraisal_strengths,"Large integrated longitudinal dataset, true geographically external validation, multiple clinically meaningful outcomes, and accessible model code","Large multisource longitudinal dataset, prespecified geographic external set, five endpoints, explicit censoring model, and public model code.",,
MWM-X872C154484,Development of a model-based clinical trial simulation platform to optimize the design of clinical trials for Duchenne muscular dystrophy.,appraisal_limitations,External validation covers natural history rather than treatment response; dropout and safety are absent; decision utility remains simulation-based,"Treatment effects are hypothetical, dropout and safety are not modeled, governed data limit reproduction, and clinical decision impact is untested.",,
MWM-X872C154484,Development of a model-based clinical trial simulation platform to optimize the design of clinical trials for Duchenne muscular dystrophy.,source_status,Full open-access journal text and supplement inspected through PMC,indexed,,
MWM-X056BF65776,Generating whole-brain neural activity and behavior through unified latent dynamics,publication_status,Preprint,"Preprint (bioRxiv/openRxiv version 2, 2026; not peer reviewed at inspection cutoff).",,
MWM-X056BF65776,Generating whole-brain neural activity and behavior through unified latent dynamics,domain,Whole-brain neural dynamics and behavior in C. elegans,Whole-brain neural dynamics and behavior in C. elegans.,,
MWM-X056BF65776,Generating whole-brain neural activity and behavior through unified latent dynamics,dataset_or_cohort,"Previously published Kato et al. immobilized C. elegans whole-brain calcium recording, dataset TS20140715e",Public Kato et al. whole-brain calcium-imaging recording of an immobilized wild-type C. elegans.,,
MWM-X056BF65776,Generating whole-brain neural activity and behavior through unified latent dynamics,sample_scale,"One animal, 109 simultaneously recorded neurons, approximately 1,080 seconds, with seven inferred fictive behavioral states","One approximately 1,080-second recording with 109 neurons and seven fictive behavioral states; autonomous rollouts up to 30,000 steps.",,
MWM-X056BF65776,Generating whole-brain neural activity and behavior through unified latent dynamics,institution_count,One previously published experimental recording; institution count is effectively one source laboratory,One experimental dataset/session.,,
MWM-X056BF65776,Generating whole-brain neural activity and behavior through unified latent dynamics,split_strategy,No held-out animal or explicit train/test split; the same recording grounds fitting and distributional comparison,No independent train/test recording; model fit and generative comparisons use the same recorded session.,,
MWM-X056BF65776,Generating whole-brain neural activity and behavior through unified latent dynamics,observation_process,Continuous calcium activity from 109 neurons with concurrent inferred fictive locomotor labels in an immobilized animal,Whole-brain calcium activity and manually/algorithmically assigned fictive behavior sampled as a continuous time series; downstream body motion is heuristic/simulated.,,
MWM-X056BF65776,Generating whole-brain neural activity and behavior through unified latent dynamics,missingness,NI: no conventional missing-data mechanism is described for the selected recording,Missing-neuron or observation handling was not reported; analysis uses the selected recorded traces.,,
MWM-X056BF65776,Generating whole-brain neural activity and behavior through unified latent dynamics,censoring_or_competing_events,"NA: no censoring, mortality, or competing clinical event",NA — one fixed experimental recording; no clinical censoring or competing events.,,
MWM-X056BF65776,Generating whole-brain neural activity and behavior through unified latent dynamics,state,Three-dimensional stochastic latent state encoding causal neural history,Three-dimensional latent state inferred from neural causal history.,,
MWM-X056BF65776,Generating whole-brain neural activity and behavior through unified latent dynamics,observation_decoder,GRU neural decoder predicts continuous neural activity and GRU behavioral decoder outputs categorical state logits,RNN decoders generate 109-neuron activity and discrete behavior; behavior is mapped heuristically to eigenworms/ElegansBot motion.,,
MWM-X056BF65776,Generating whole-brain neural activity and behavior through unified latent dynamics,action,Global/local latent-noise perturbations and learned steering fields that bias desired behavioral states,Latent noise injection and state-steering intervention; no observed biological action or treatment variable in the base model.,,
MWM-X056BF65776,Generating whole-brain neural activity and behavior through unified latent dynamics,action_provenance,Entirely simulated interventions applied to learned transition rates; no biological perturbation is administered,Purely simulated latent interventions selected by investigators.,,
MWM-X056BF65776,Generating whole-brain neural activity and behavior through unified latent dynamics,transition_mechanism,State-dependent Gaussian latent transition network trained with one-step data-driven forcing in an importance-weighted autoencoder framework,Stochastic Gaussian Markov transition in latent space with neural and behavioral recurrent decoders.,,
MWM-X056BF65776,Generating whole-brain neural activity and behavior through unified latent dynamics,maximum_horizon,"30,000 free-running steps, approximately 168 minutes; 1,000 independent 60-second rollouts; 10,000-step steering runs","30,000-step autonomous rollout (reported as approximately 168 minutes); robustness/steering experiments include 60-second and 10,000-step simulations.",,
MWM-X056BF65776,Generating whole-brain neural activity and behavior through unified latent dynamics,rollout_regime,"Autonomous free-running latent generation, repeated stochastic samples, perturbation maps, and goal-directed steering",Autonomous free-running stochastic latent dynamics with repeated generated trajectories and simulated steering.,,
MWM-X056BF65776,Generating whole-brain neural activity and behavior through unified latent dynamics,capability_claim,Counterfactual: the paper claims virtual perturbation and targeted steering of neural/behavioral dynamics,Counterfactual — paper explicitly presents latent interventions/steering as counterfactual manipulation of neural-behavior dynamics.,,
MWM-X056BF65776,Generating whole-brain neural activity and behavior through unified latent dynamics,baselines,"Empirical behavior/neural distributions, unsteered rollout, noise perturbations, and architectural analyses; no independent state-of-the-art forecasting baseline is central",Recorded-session statistics and unsteered generated trajectories; no independent learned action-agnostic model.,,
MWM-X056BF65776,Generating whole-brain neural activity and behavior through unified latent dynamics,state_fidelity_metrics,"Behavior-state frequencies, functional-connectivity reconstruction, kinematic dispersal, and manifold fidelity","Neural functional-connectivity agreement (reported R²), behavior occupancy/frequency divergence, and decoded behavior/state structure.",,
MWM-X056BF65776,Generating whole-brain neural activity and behavior through unified latent dynamics,transition_metrics,"Behavior-frequency KL 0.0027 with chi-square p=0.136, transition KL 0.0063 with global p=0.999, and functional-connectivity R-squared values reported near 0.81/0.99",Behavior transition-matrix correlations/divergences and generated trajectory statistics; evaluated on same-session distributions.,,
MWM-X056BF65776,Generating whole-brain neural activity and behavior through unified latent dynamics,rollout_stability,"A 30,000-step trajectory preserves aggregate topology/distributions, and 1,000 rollouts show divergence; exact trajectory fidelity is not expected or externally verified","30,000-step generation, 1,000 rollouts to 60 seconds, and robustness across intervention-noise intensities.",,
MWM-X056BF65776,Generating whole-brain neural activity and behavior through unified latent dynamics,action_sensitivity,"Global noise, localized perturbations across 3,137 manifold points, and steering toward ventral-turn or forward/slow regimes are evaluated",Unsteered baseline versus latent noise/desired-state steering at varied intensities; interventions are not validated against biological perturbations.,,
MWM-X056BF65776,Generating whole-brain neural activity and behavior through unified latent dynamics,calibration_and_uncertainty,"State-dependent encoder/transition standard deviations and repeated stochastic samples are shown; no reliability, interval coverage, or formal calibration",Stochastic variance and repeated rollouts are reported; no predictive calibration or interval coverage.,,
MWM-X056BF65776,Generating whole-brain neural activity and behavior through unified latent dynamics,external_validation,"No held-out animal, independent recording, freely moving worm, or biological intervention validation","None; no second worm, session, strain, or laboratory dataset.",,
MWM-X056BF65776,Generating whole-brain neural activity and behavior through unified latent dynamics,decision_utility,"The model demonstrates simulated steering and hypothesis-generation value, not a clinical or experimental decision-impact study",Simulated goal-directed steering and body-motion visualization only; no real biological or clinical decision evaluation.,,
MWM-X056BF65776,Generating whole-brain neural activity and behavior through unified latent dynamics,safety_evaluation,"Robustness to latent noise is tested, but no clinically relevant hazard, constraint violation, or biological safety test applies",NA for the demonstrated nonclinical in-silico neural model; no hazard evaluation.,,
MWM-X056BF65776,Generating whole-brain neural activity and behavior through unified latent dynamics,statistical_analysis,"KL divergence, chi-square tests, R-squared connectivity comparisons, repeated stochastic rollouts, and perturbation-error maps","KL divergences, chi-square tests, correlations/R², repeated stochastic simulations, and selected p-values.",,
MWM-X056BF65776,Generating whole-brain neural activity and behavior through unified latent dynamics,causal_language,"Uses digital-twin and counterfactual-intervention language, but does not establish biological causal identification",Explicit counterfactual intervention and control language for latent dynamics.,,
MWM-X056BF65776,Generating whole-brain neural activity and behavior through unified latent dynamics,estimand,NI: no explicit causal estimand for a real intervention,No explicit biological intervention-effect estimand; outcomes are model-generated state/behavior trajectories.,,
MWM-X056BF65776,Generating whole-brain neural activity and behavior through unified latent dynamics,confounding_strategy,No adjustment for observational or experimental confounding in the single-recording analysis,None; observational neural sequence plus simulated intervention.,,
MWM-X056BF65776,Generating whole-brain neural activity and behavior through unified latent dynamics,positivity_and_overlap,NA/NI: simulated steering support is defined in latent space; biological intervention positivity is not assessed,Not evaluated; latent interventions have no empirical action-support analysis.,,
MWM-X056BF65776,Generating whole-brain neural activity and behavior through unified latent dynamics,counterfactual_validation,"No optogenetic, neural-ablation, or other real perturbation validates the predicted counterfactual response",No real perturbation experiment; only internal model/domain consistency.,,
MWM-X056BF65776,Generating whole-brain neural activity and behavior through unified latent dynamics,code_access,NI: no paper-specific public code repository identified in the inspected preprint,Unavailable — no inspectable implementation link identified in the preprint.,,
MWM-X056BF65776,Generating whole-brain neural activity and behavior through unified latent dynamics,weights_access,"NI: pretrained encoder, transition, decoder, and steering weights are not reported as public",Unavailable — fitted model weights were not released.,,
MWM-X056BF65776,Generating whole-brain neural activity and behavior through unified latent dynamics,data_access,The source Kato recording is precisely identified; a paper-specific processed-data package is NI,Public — source neural/behavior recording is linked through the cited OSF dataset.,,
MWM-X056BF65776,Generating whole-brain neural activity and behavior through unified latent dynamics,preprocessing_reproducibility,"Dataset identifier, architecture, training objective, latent dimension, generation, perturbation, and steering methods are described","Partial — architecture and transformation steps are described, but code, exact pipeline, and fitted parameters are unavailable.",,
MWM-X056BF65776,Generating whole-brain neural activity and behavior through unified latent dynamics,randomness,One thousand stochastic rollouts and 20 samples per perturbation intensity are described; seed values are NI,Large repeated stochastic rollout sets are reported; exact reproducible seeds were not reported.,,
MWM-X056BF65776,Generating whole-brain neural activity and behavior through unified latent dynamics,evidence_anchors,"bioRxiv v2 full text, DOI 10.64898/2026.06.05.730482: Results on latent dynamics report the single 109-neuron recording and 30,000-step generation; Figs. 2-4 report distributions, 1,000 rollouts, perturbations, and steering; Methods sections 4.1-4.7 define dataset, stochastic transition, GRU decoders, training, and interventions","Results Secs. 2.2–2.5, Figs. 2–4 (generation, transitions, interventions); Discussion Sec. 3; Methods Secs. 4.1–4.5 (dataset, latent model, decoding); Fig. S1.",,
MWM-X056BF65776,Generating whole-brain neural activity and behavior through unified latent dynamics,appraisal_strengths,"Unusually long free generation, multimodal decoding, explicit stochastic modeling, repeated perturbations, and quantitative aggregate-dynamics checks","Long autonomous stochastic rollouts, joint neural/behavior decoding, multiple fidelity statistics, and explicit intervention demonstrations.",,
MWM-X056BF65776,Generating whole-brain neural activity and behavior through unified latent dynamics,appraisal_limitations,"Single training animal, no held-out sequence/animal, no real intervention validation, no formal calibration, and no released implementation","Single training/evaluation recording, no held-out subject/session, no biological perturbation validation, no calibration, and no code/weights.",,
MWM-X056BF65776,Generating whole-brain neural activity and behavior through unified latent dynamics,source_status,Full bioRxiv v2 preprint inspected,registered,,
MWM-XC890A9B151,Machine Learning for Mechanical Ventilation Control,primary_source_url,https://doi.org/10.1101/2021.02.26.21252524,https://arxiv.org/abs/2102.06779v4,,
MWM-XC890A9B151,Machine Learning for Mechanical Ventilation Control,publication_status,Preprint,"Preprint (medRxiv/arXiv version 4, 2021; not peer reviewed in inspected source).",,
MWM-XC890A9B151,Machine Learning for Mechanical Ventilation Control,domain,Mechanical ventilation; model-based control on a physical test lung,Mechanical ventilation control on a physical test lung.,,
MWM-XC890A9B151,Machine Learning for Mechanical Ventilation Control,dataset_or_cohort,QuickLung ISO artificial adult lung connected to open-source PVP ventilator hardware across six resistance/compliance settings,Open-source PVP ventilator connected to a commercial QuickLung test lung across six resistance/compliance settings.,,
MWM-XC890A9B151,Machine Learning for Mechanical Ventilation Control,sample_scale,"Physical bench trajectories across R={5,20} and C={10,20,50}, six target pressure waveforms, and a deployment setup involving 10 ventilators, four compressors, and two servers; exact transition count is NI","Ten ventilators, four compressors, and two control servers are described; exact number of simulator-training breaths/transitions was not reported. PID benchmark used 2,400 trajectories per lung setting.",,
MWM-XC890A9B151,Machine Learning for Mechanical Ventilation Control,institution_count,"One experimental bench/laboratory; no patient, animal, or multicenter cohort",One experimental laboratory/platform.,,
MWM-XC890A9B151,Machine Learning for Mechanical Ventilation Control,split_strategy,"A separate learned simulator is fit per lung setting; open-loop test trajectories are used, but exact train/validation/test proportions and grouping are NI",Random 20% held-out open-loop sequences for simulator testing; controller evaluation uses physical closed-loop trials across six lung settings and target waveforms.,,
MWM-XC890A9B151,Machine Learning for Mechanical Ventilation Control,observation_process,Discrete histories of inspiratory-valve controls and measured pressures during inspiratory phases; target pressure waveforms span 10-35 cmH2O,"High-frequency airway pressure and valve-control histories during approximately 9-second, 300-step breaths; six R/C lung settings.",,
MWM-XC890A9B151,Machine Learning for Mechanical Ventilation Control,missingness,NA: engineered sensor streams are treated as complete; missing pressure/control handling is not reported,NA — controlled benchtop sensor streams; missingness was not modeled.,,
MWM-XC890A9B151,Machine Learning for Mechanical Ventilation Control,censoring_or_competing_events,NA: no patient censoring or competing event; breaths can terminate through safety overrides,NA — fixed breath/control episodes with explicit abort/reset conditions.,,
MWM-XC890A9B151,Machine Learning for Mechanical Ventilation Control,state,History-based partially observed state approximated by the previous Hc controls and Hp pressures,"Recent pressure history and control history, with lung resistance/compliance setting implicit through separate models.",,
MWM-XC890A9B151,Machine Learning for Mechanical Ventilation Control,observation_decoder,Boundary-specific and general deep regression models predict the next pressure and are stitched into a simulator,Deep dynamics model predicts next airway pressure.,,
MWM-XC890A9B151,Machine Learning for Mechanical Ventilation Control,action,"Inspiratory and expiratory valve commands, with a residual neural correction to a PID controller",Continuous inspiratory valve command; expiratory control is hard-coded.,,
MWM-XC890A9B151,Machine Learning for Mechanical Ventilation Control,action_provenance,Safe PID-centered boundary and triangular exploration collect data; learned controller acts through valve commands,Safe PI/PID-guided physical exploration commands and learned controller commands deployed on hardware.,,
MWM-XC890A9B151,Machine Learning for Mechanical Ventilation Control,transition_mechanism,"Deep neural next-pressure models, separate by lung setting, recursively compose the differentiable data-driven simulator",Autoregressive neural pressure simulator; PID-residual neural controller and RL baselines trained using model rollouts.,,
MWM-XC890A9B151,Machine Learning for Mechanical Ventilation Control,maximum_horizon,Open-loop simulator evaluation through 30 steps; physical closed-loop evaluation over complete inspiratory phases,Open-loop simulator error evaluated across 25 recursive steps; closed-loop breath control spans 300 steps (about 9 seconds/three breaths).,,
MWM-XC890A9B151,Machine Learning for Mechanical Ventilation Control,rollout_regime,"Recursive simulator prediction, simulator-based controller optimization, and frozen sim-to-real bench execution",Recursive free-running pressure simulation and real closed-loop hardware control.,,
MWM-XC890A9B151,Machine Learning for Mechanical Ventilation Control,capability_claim,Planning: learned dynamics are used to optimize sequential ventilator control,Planning — learned controller selects sequential inspiratory actions using a learned simulator.,,
MWM-XC890A9B151,Machine Learning for Mechanical Ventilation Control,baselines,"Physics-based models, exhaustive grid-searched PID, direct learned controller variants, and residual-PID ablations","P, PI, PID, PPO, DQN, model-free/model-based controller variants; no action-agnostic transition comparator.",,
MWM-XC890A9B151,Machine Learning for Mechanical Ventilation Control,state_fidelity_metrics,L1 waveform-tracking error across six ISO pressure targets and six lung settings,Pressure MAE across six R/C settings (approximately 0.39–0.85 in reported units) and physical waveform L1 tracking error.,,
MWM-XC890A9B151,Machine Learning for Mechanical Ventilation Control,transition_metrics,"Open-loop distance as a function of prediction horizon through 30 steps, with example measured-versus-simulated trajectories",Open-loop error plotted by recursive prediction step to 25 steps (Fig. 5).,,
MWM-XC890A9B151,Machine Learning for Mechanical Ventilation Control,rollout_stability,Horizon-resolved open-loop error is explicitly plotted; final controllers are evaluated over complete physical breaths and across six settings,Closed-loop pressure tracking over full breaths and multiple target waveforms/settings; hardware safety aborts constrain failures.,,
MWM-XC890A9B151,Machine Learning for Mechanical Ventilation Control,action_sensitivity,"Boundary/triangular control perturbations explore valve inputs; controller and residual-strength ablations are reported, but no action-agnostic dynamics model is tested",Safe exploratory valve commands use boundary and triangular perturbations; no shuffled/removal action-model ablation.,,
MWM-XC890A9B151,Machine Learning for Mechanical Ventilation Control,calibration_and_uncertainty,"NI/negative: no probabilistic ensemble, interval, reliability assessment, or formal calibration",No predictive uncertainty or formal calibration reported.,,
MWM-XC890A9B151,Machine Learning for Mechanical Ventilation Control,external_validation,Controllers trained on learned simulators are tested on the physical ventilator-lung apparatus across individual and pooled lung settings without reported physical fine-tuning,Simulator-to-real controller transfer across six test-lung settings on the same hardware family; no new site/device population.,,
MWM-XC890A9B151,Machine Learning for Mechanical Ventilation Control,decision_utility,Learned residual-PID controllers outperform the best physical grid-searched PID in reported per-setting and robust six-setting L1 scores,Real closed-loop pressure-control performance versus PID and RL/controller baselines.,,
MWM-XC890A9B151,Machine Learning for Mechanical Ventilation Control,safety_evaluation,"Pressure/volume threshold overrides, tubing-disconnection handling, software-delay protections, hard-coded expiration, and a pneumatic safety valve are described on bench hardware","Software pressure/volume/disconnection/delay checks, hard-coded expiratory control, and a mechanical safety valve with abort behavior.",,
MWM-XC890A9B151,Machine Learning for Mechanical Ventilation Control,statistical_analysis,"Averaged L1 scores over inspiratory phases and six waveforms, simulator horizon curves, and controller ablations; inferential tests and run-level confidence intervals are NI",Point/aggregate errors and benchmark comparisons; confidence intervals and inferential tests were not reported.,,
MWM-XC890A9B151,Machine Learning for Mechanical Ventilation Control,causal_language,NA: engineered control performance is not an identified causal treatment effect,Control/planning language only; no clinical treatment-effect claim.,,
MWM-XC890A9B151,Machine Learning for Mechanical Ventilation Control,estimand,NA: no causal estimand,NA — physical control performance rather than a causal estimand.,,
MWM-XC890A9B151,Machine Learning for Mechanical Ventilation Control,confounding_strategy,NA: physical control experiment rather than observational treatment assignment,NA — controlled benchtop experiment.,,
MWM-XC890A9B151,Machine Learning for Mechanical Ventilation Control,positivity_and_overlap,Exploration is constrained to a safe pressure region; no formal support/coverage diagnostic is reported,"Targeted exploration is constrained around safe baseline controllers, but formal action-overlap/coverage diagnostics are not reported.",,
MWM-XC890A9B151,Machine Learning for Mechanical Ventilation Control,counterfactual_validation,NA: sim-to-real bench transfer is not a patient counterfactual validation,NA — no treatment counterfactual claim; evaluation is simulator-to-real control transfer.,,
MWM-XC890A9B151,Machine Learning for Mechanical Ventilation Control,code_access,"The PVP ventilator platform is open source, but paper-specific simulator/controller training code is NI",Unavailable for the reported learned simulator/controller; the underlying PVP ventilator platform is open source.,,
MWM-XC890A9B151,Machine Learning for Mechanical Ventilation Control,weights_access,NI: trained simulator and controller weights are not reported as public,Unavailable — learned model/controller weights were not released.,,
MWM-XC890A9B151,Machine Learning for Mechanical Ventilation Control,data_access,NI: paper-specific pressure/control trajectories are not reported as downloadable,Unavailable — collected pressure/control trajectories were not released.,,
MWM-XC890A9B151,Machine Learning for Mechanical Ventilation Control,preprocessing_reproducibility,"Physical configuration, lung settings, exploration policies, history inputs, architectures, controller loss, and evaluation are described; exact dataset split and artifacts are incomplete","Partial — hardware, signals, history windows, architectures, and training procedures are described; exact data volume and executable pipeline are absent.",,
MWM-XC890A9B151,Machine Learning for Mechanical Ventilation Control,randomness,Exploration and neural optimization are stochastic; exact random seeds and repeated-run protocol are NI,Random targeted exploration is described; seeds and repeated independent training runs were not reported.,,
MWM-XC890A9B151,Machine Learning for Mechanical Ventilation Control,evidence_anchors,"Author arXiv v4 full text corresponding to DOI 10.1101/2021.02.26.21252524: Sections 3-5 define QuickLung, six settings, exploration, learned simulator, residual PID, and real tests; Fig. 5 reports open-loop horizon error; Figs. 7-8 compare controllers; appendices describe safety protections","Methods pp. 5–8, Secs. 3–5 and Figs. 3–9 (system, exploration, simulator, control); Sec. 4.1/Fig. 5 (25-step error); Appendix B pp. 13–15, Tables 3–5.",,
MWM-XC890A9B151,Machine Learning for Mechanical Ventilation Control,appraisal_strengths,"True horizon-resolved simulator evaluation, explicit sim-to-real closed-loop testing, robust multi-setting controller, and concrete hardware safety interlocks","Physical closed-loop validation, multiple lung mechanics and waveform targets, horizon-resolved simulator error, strong control baselines, and explicit hardware safeguards.",,
MWM-XC890A9B151,Machine Learning for Mechanical Ventilation Control,appraisal_limitations,"Bench lung only, incomplete data/code release, no uncertainty quantification, and no patient or clinical workflow validation","Benchtop rather than patient validation, same-platform transfer, no uncertainty/calibration, incomplete dataset reporting, and no released learned artifacts.",,
MWM-XC890A9B151,Machine Learning for Mechanical Ventilation Control,source_status,Full author arXiv v4 preprint inspected; canonical medRxiv DOI retained,open-access,,
MWM-XBAD327876F,OMG-RL:Offline Model-based Guided Reward Learning for Heparin Treatment,primary_source_url,http://arxiv.org/abs/2409.13299,https://doi.org/10.1016/j.bea.2025.100198,,
MWM-XBAD327876F,OMG-RL:Offline Model-based Guided Reward Learning for Heparin Treatment,publication_status,Peer-reviewed journal successor; matching author preprint inspected,"Peer-reviewed journal article (Biomedical Engineering Advances, 2025); full coding used the publicly accessible arXiv v2 manuscript because the version-of-record PDF was not retrievable without the publisher interface.",,
MWM-XBAD327876F,OMG-RL:Offline Model-based Guided Reward Learning for Heparin Treatment,domain,ICU heparin dosing; offline model-based reinforcement learning,EHR-based heparin dosing and offline reinforcement learning.,,
MWM-XBAD327876F,OMG-RL:Offline Model-based Guided Reward Learning for Heparin Treatment,dataset_or_cohort,MIMIC-III adult ICU records for patients receiving intravenous heparin,MIMIC-III adult ICU records for patients receiving intravenous heparin.,,
MWM-XBAD327876F,OMG-RL:Offline Model-based Guided Reward Learning for Heparin Treatment,sample_scale,"1,911 patients; 1,528 training and 383 test; 7-72 hourly observations after heparin initiation","1,911 individuals; 1,528 training and 383 test patients.",,
MWM-XBAD327876F,OMG-RL:Offline Model-based Guided Reward Learning for Heparin Treatment,institution_count,"One source hospital/database, Beth Israel Deaconess Medical Center MIMIC-III",One source health system/database (Beth Israel Deaconess Medical Center MIMIC-III).,,
MWM-XBAD327876F,OMG-RL:Offline Model-based Guided Reward Learning for Heparin Treatment,split_strategy,Explicit 80% training and 20% test allocation; randomization/grouping details are NI,Random 80/20 patient split into training and test sets.,,
MWM-XBAD327876F,OMG-RL:Offline Model-based Guided Reward Learning for Heparin Treatment,observation_process,"Adult clinical variables, labs, vitals, and heparin records binned into one-hour intervals","Hourly records from 7 to 72 hours after heparin treatment, including laboratory values, vital signs, scores, and outcomes.",,
MWM-XBAD327876F,OMG-RL:Offline Model-based Guided Reward Learning for Heparin Treatment,missingness,"High-missing-rate features are removed; derived scores are reconstructed; sample-and-hold, KNN, and linear imputation are applied; outliers are removed and values normalized",High-missingness variables removed; outliers screened; sample-and-hold plus KNN/linear imputation and normalization applied.,,
MWM-XBAD327876F,OMG-RL:Offline Model-based Guided Reward Learning for Heparin Treatment,censoring_or_competing_events,"Trajectories shorter than 7 hours are excluded and follow-up is capped at 72 hours; discharge, death, bleeding, and other competing events are not modeled",Trajectories are truncated to 7–72 hours; death/discharge and informative treatment discontinuation are not modeled as censoring/competing events.,,
MWM-XBAD327876F,OMG-RL:Offline Model-based Guided Reward Learning for Heparin Treatment,state,Sixteen current-patient variables excluding aPTT and dose; reward uses next anticoagulation indicators,Sixteen preprocessed clinical variables excluding aPTT and heparin dose from the state vector.,,
MWM-XBAD327876F,OMG-RL:Offline Model-based Guided Reward Learning for Heparin Treatment,observation_decoder,Four-layer fully connected probabilistic ensemble predicts next state and reward,Probabilistic ensemble predicts next clinical state and reward.,,
MWM-XBAD327876F,OMG-RL:Offline Model-based Guided Reward Learning for Heparin Treatment,action,Six quantile-defined intravenous heparin dose classes,Intravenous heparin dose discretized into six quantile-based action classes.,,
MWM-XBAD327876F,OMG-RL:Offline Model-based Guided Reward Learning for Heparin Treatment,action_provenance,Observed clinician doses form expert trajectories; learned SAC-based policies generate rollout actions,Observed clinician-administered/recorded doses for offline data; learned policy actions during model rollout.,,
MWM-XBAD327876F,OMG-RL:Offline Model-based Guided Reward Learning for Heparin Treatment,transition_mechanism,Gaussian probabilistic transition/reward model; seven networks trained and the best five selected as an ensemble,"Ensemble probabilistic dynamics model with recursive rollout, conservative model-based Q learning, and guided reward learning.",,
MWM-XBAD327876F,OMG-RL:Offline Model-based Guided Reward Learning for Heparin Treatment,maximum_horizon,One-hour transition; policy evaluation uses 36-step or 36-hour model rollouts,One-hour transitions and 36-step (36-hour) model rollouts.,,
MWM-XBAD327876F,OMG-RL:Offline Model-based Guided Reward Learning for Heparin Treatment,rollout_regime,Initial states are sampled from batch data and recursively rolled out under learned policies; 380 episodes assess simulated success,Free-running model rollouts for policy training/evaluation plus offline weighted-importance-sampling evaluation on held-out patients.,,
MWM-XBAD327876F,OMG-RL:Offline Model-based Guided Reward Learning for Heparin Treatment,capability_claim,Planning: the learned transition model supports sequential heparin-policy optimization,Planning — optimizes a sequential heparin dosing policy through learned-model rollouts.,,
MWM-XBAD327876F,OMG-RL:Offline Model-based Guided Reward Learning for Heparin Treatment,baselines,"COMBO, SAC, BCQ, Double DQN, Dueling DQN, DQN, model-free/model-based variants, and clinician behavior","COMBO, SAC, BCQ, Double DQN, Dueling DQN, and DQN in model-free/model-based variants; no action-agnostic transition comparator.",,
MWM-XBAD327876F,OMG-RL:Offline Model-based Guided Reward Learning for Heparin Treatment,state_fidelity_metrics,"Policy-return, WIS, action-agreement, PT/INR dose-tendency, and simulated treatment-success summaries","No direct next-state clinical prediction metric; model adequacy is inferred from policy returns, Q values, WIS, and treatment-success proxies.",,
MWM-XBAD327876F,OMG-RL:Offline Model-based Guided Reward Learning for Heparin Treatment,transition_metrics,"No direct held-out next-state RMSE, likelihood, calibration, or clinical-variable trajectory error is reported; return/Q-value behavior is used as indirect model evidence",No one-step or horizon-specific state-transition error reported.,,
MWM-XBAD327876F,OMG-RL:Offline Model-based Guided Reward Learning for Heparin Treatment,rollout_stability,Only a 36-hour rollout setting is evaluated for treatment success; no degradation curve across model horizons is reported,"36-hour simulated treatment episodes; no model-drift, constraint-violation, or error-versus-horizon analysis.",,
MWM-XBAD327876F,OMG-RL:Offline Model-based Guided Reward Learning for Heparin Treatment,action_sensitivity,"Dose-action distributions and clinician agreement are shown, but no action-removal, action-shuffle, or controlled dose perturbation validates response sensitivity","No action removal, shuffle, dose-class perturbation, or support-stratified sensitivity test.",,
MWM-XBAD327876F,OMG-RL:Offline Model-based Guided Reward Learning for Heparin Treatment,calibration_and_uncertainty,Gaussian ensemble and mean/standard deviation across runs represent uncertainty; no formal calibration or predictive coverage is reported,Ensemble variance/conservatism is used as a model-error proxy; no calibration or interval coverage.,,
MWM-XBAD327876F,OMG-RL:Offline Model-based Guided Reward Learning for Heparin Treatment,external_validation,"No external hospital, temporal cohort, prospective deployment, or frozen clinical validation",None; held-out patients come from the same MIMIC-III source.,,
MWM-XBAD327876F,OMG-RL:Offline Model-based Guided Reward Learning for Heparin Treatment,decision_utility,"Offline WIS and learned-model simulations suggest policy performance; simulated success is approximately 0.59-0.61 for OMG-RL versus approximately 0.50-0.57 for model-free control, without clinical impact evidence",Offline policy value via WIS and simulated 36-hour therapeutic-success episodes; no prospective or clinician-in-the-loop evaluation.,,
MWM-XBAD327876F,OMG-RL:Offline Model-based Guided Reward Learning for Heparin Treatment,safety_evaluation,"Therapeutic aPTT reward bands are used, but bleeding, thrombosis, dose constraint violations, and adverse outcomes are not evaluated as hazards","aPTT therapeutic-range reward is a limited safety proxy; bleeding, thrombosis, overdose severity, contraindications, and override/failure tests are not evaluated.",,
MWM-XBAD327876F,OMG-RL:Offline Model-based Guided Reward Learning for Heparin Treatment,statistical_analysis,COMBO and OMG-RL use 500 episodes; results summarize five or ten experiments; treatment success uses 380 episodes over ten runs,"Five- or ten-run mean/standard-deviation comparisons, box plots, WIS, and repeated 36-hour treatment-success simulations; confidence intervals and formal significance tests are not reported.",,
MWM-XBAD327876F,OMG-RL:Offline Model-based Guided Reward Learning for Heparin Treatment,causal_language,"Claims the learned policy may outperform clinicians, but no causal identification supports that comparison","Claims improved treatment policy versus clinician/model baselines, but no complete causal identification analysis.",,
MWM-XBAD327876F,OMG-RL:Offline Model-based Guided Reward Learning for Heparin Treatment,estimand,"NI: no explicit causal estimand; rewards, WIS, and simulated success are optimization/evaluation quantities","Offline policy value/return under the learned dosing regime, estimated partly with WIS.",,
MWM-XBAD327876F,OMG-RL:Offline Model-based Guided Reward Learning for Heparin Treatment,confounding_strategy,"No measured-confounder adjustment, sequential causal method, or sensitivity analysis for clinician dose assignment",No explicit adjustment for time-varying confounding beyond state conditioning and offline RL/OPE.,,
MWM-XBAD327876F,OMG-RL:Offline Model-based Guided Reward Learning for Heparin Treatment,positivity_and_overlap,No propensity/behavior-policy support or overlap diagnostic is reported despite offline policy learning,No behavior-policy overlap or effective-sample-size diagnostics for WIS; six action bins alone do not establish support.,,
MWM-XBAD327876F,OMG-RL:Offline Model-based Guided Reward Learning for Heparin Treatment,counterfactual_validation,No prospective or observed patient counterfactual validation; success for learned policies is generated by the learned model,"Offline WIS on held-out MIMIC-III plus learned-model simulation; no randomized, quasi-experimental, or external treatment validation.",,
MWM-XBAD327876F,OMG-RL:Offline Model-based Guided Reward Learning for Heparin Treatment,code_access,NI: no public implementation identified in the article/preprint,Unavailable — no inspectable implementation repository identified.,,
MWM-XBAD327876F,OMG-RL:Offline Model-based Guided Reward Learning for Heparin Treatment,weights_access,"NI: ensemble, policy, and reward-network weights are not public",Unavailable — ensemble/policy weights were not released.,,
MWM-XBAD327876F,OMG-RL:Offline Model-based Guided Reward Learning for Heparin Treatment,data_access,MIMIC-III is available to credentialed users; extracted heparin cohort and processed tensors are not released,Credentialed public — MIMIC-III requires data-use training and approval.,,
MWM-XBAD327876F,OMG-RL:Offline Model-based Guided Reward Learning for Heparin Treatment,preprocessing_reproducibility,"Cohort timing, variables, exclusions, missingness, outliers, imputation, normalization, state, action, and reward are described","Partial — cohort, variables, time window, imputation, action bins, algorithms, and hyperparameters are described, but code is absent.",,
MWM-XBAD327876F,OMG-RL:Offline Model-based Guided Reward Learning for Heparin Treatment,randomness,"Seven-model ensemble, five selected models, and five/ten repeated experiments are reported; exact random seeds are NI",Five/ten repeated experiments and random model/initial-state selection are reported; exact seeds are not.,,
MWM-XBAD327876F,OMG-RL:Offline Model-based Guided Reward Learning for Heparin Treatment,evidence_anchors,"Author arXiv v2 full text, arXiv:2409.13299, corresponding to journal DOI 10.1016/j.bea.2025.100198: pp. 7-8 define 1,911-patient split and preprocessing; pp. 8-10 define the ensemble and policy tests; Figs. 2-8 and pp. 10-12 report WIS, agreement, and 36-hour simulated success; p. 13 states generalizability limitations","Methods pp. 5–7 and Algorithms 1–2 (dynamics/reward/policy); Experimental Setup pp. 7–8, Secs. 5.1–5.2 (MIMIC split/state/action); Results pp. 8–13, Figs. 2–8 (WIS/rollouts); limitations p. 13.",,
MWM-XBAD327876F,OMG-RL:Offline Model-based Guided Reward Learning for Heparin Treatment,appraisal_strengths,"Explicit held-out split, detailed missing-data pipeline, probabilistic ensemble, broad offline-RL baselines, WIS, and repeated simulations","Explicit dose actions, held-out-patient OPE, broad RL baselines, repeated experiments, and clinically interpretable aPTT target.",,
MWM-XBAD327876F,OMG-RL:Offline Model-based Guided Reward Learning for Heparin Treatment,appraisal_limitations,"Single hospital, indirect dynamics validation, no overlap/confounding analysis, no safety outcomes, and model-generated rather than clinical policy benefit","No direct dynamics fidelity, calibration, support/confounding audit, external validation, comprehensive safety test, or released implementation.",,
MWM-XBAD327876F,OMG-RL:Offline Model-based Guided Reward Learning for Heparin Treatment,source_status,Peer-reviewed successor was identified; matching author arXiv v2 full text was inspected because publisher full text was not lawfully public,open-access,,
MWM-XBAD327876F,OMG-RL:Offline Model-based Guided Reward Learning for Heparin Treatment,reviewer_confidence,high,medium,,
MWM-XC71FC75483,SimulAD: a dynamical model for personalized simulation and disease staging in Alzheimer's disease.,publication_status,Peer-reviewed journal article,"Peer-reviewed journal article (Neurobiology of Aging, 2022).",,
MWM-XC71FC75483,SimulAD: a dynamical model for personalized simulation and disease staging in Alzheimer's disease.,domain,Alzheimer disease staging and personalized progression forecasting,"Alzheimer disease progression, personalized staging, and simulation.",,
MWM-XC71FC75483,SimulAD: a dynamical model for personalized simulation and disease staging in Alzheimer's disease.,dataset_or_cohort,ADNI development/source cohort and independent Geneva Memory Center clinical cohort,ADNI development cohort and independent Geneva Memory Center (GMC) clinical cohort.,,
MWM-XC71FC75483,SimulAD: a dynamical model for personalized simulation and disease staging in Alzheimer's disease.,sample_scale,442 ADNI participants and 93 Geneva participants; tau PET is available for a 50-person Geneva subset,442 ADNI participants and 93 GMC participants; 50 GMC participants had tau PET; GMC follow-up included 201 MMSE assessments across groups.,,
MWM-XC71FC75483,SimulAD: a dynamical model for personalized simulation and disease staging in Alzheimer's disease.,institution_count,ADNI is multisite and Geneva is one independent clinical center; exact ADNI site count is NI,ADNI multicenter development cohort plus one independent Geneva memory-center cohort.,,
MWM-XC71FC75483,SimulAD: a dynamical model for personalized simulation and disease staging in Alzheimer's disease.,split_strategy,"Model dynamics are learned from ADNI and applied to Geneva; no detailed internal train/validation fraction is reported, and the primary external application does not report model refitting","Previously fitted ADNI model applied to GMC; GMC-specific imputation/harmonization and a separately estimated GMC trajectory are also used, so the external analysis is not wholly frozen.",,
MWM-XC71FC75483,SimulAD: a dynamical model for personalized simulation and disease staging in Alzheimer's disease.,observation_process,"Irregular multimodal MRI, FDG-PET, amyloid-PET, tau-PET, and cognitive observations aligned through disease-time estimation",Irregular longitudinal clinical scores and MRI/amyloid-PET/FDG-PET in ADNI; GMC has baseline multimodal imaging and longitudinal MMSE only.,,
MWM-XC71FC75483,SimulAD: a dynamical model for personalized simulation and disease staging in Alzheimer's disease.,missingness,Substantial modality missingness is addressed through defined imputation/harmonization procedures and sensitivity analyses; exact missing proportions vary by modality,"Disease severity can use available modalities; six absent GMC clinical scores are KNN-imputed from ADNI, 36 missing FDG scans are estimated from early amyloid PET, and tracer measurements are harmonized.",,
MWM-XC71FC75483,SimulAD: a dynamical model for personalized simulation and disease staging in Alzheimer's disease.,censoring_or_competing_events,"Conversion status is analyzed, but death, dropout, and competing-risk censoring are not modeled as dynamic events","Conversion status uses last follow-up; dropout, death, and informative follow-up are not modeled.",,
MWM-XC71FC75483,SimulAD: a dynamical model for personalized simulation and disease staging in Alzheimer's disease.,state,Multimodal biomarker z-scores and individualized latent disease stage/progression timing,"Four biomarker z-scores: clinical, gray-matter atrophy, amyloid, and glucose metabolism; disease severity is position on the reference trajectory.",,
MWM-XC71FC75483,SimulAD: a dynamical model for personalized simulation and disease staging in Alzheimer's disease.,observation_decoder,Dynamical model maps disease time to observed biomarker and cognitive trajectories,"Mappings convert z-score trajectories back to clinical and regional imaging measurements, including MMSE.",,
MWM-XC71FC75483,SimulAD: a dynamical model for personalized simulation and disease staging in Alzheimer's disease.,action,NA: no treatment or controllable action is evaluated in this article,No action evaluated in this study; the paper cites prior capability to simulate anti-amyloid treatment effects.,,
MWM-XC71FC75483,SimulAD: a dynamical model for personalized simulation and disease staging in Alzheimer's disease.,action_provenance,NA: observed natural-history data only; earlier anti-amyloid applications are cited but not tested here,NA for current experiments; referenced anti-amyloid action is a simulated intervention from prior work.,,
MWM-XC71FC75483,SimulAD: a dynamical model for personalized simulation and disease staging in Alzheimer's disease.,transition_mechanism,Coupled ordinary differential equations model personalized biomarker progression,Coupled ordinary differential equations governing the four biomarker z-scores.,,
MWM-XC71FC75483,SimulAD: a dynamical model for personalized simulation and disease staging in Alzheimer's disease.,maximum_horizon,Five-year individualized forward forecasts and backward disease-stage reconstruction,Personalized GMC evolution simulated for five years; ADNI/GMC reference trajectories span long-term disease time.,,
MWM-XC71FC75483,SimulAD: a dynamical model for personalized simulation and disease staging in Alzheimer's disease.,rollout_regime,Personalized forward/backward trajectories are generated from baseline multimodal observations and compared with longitudinal outcomes,Free-running forward/backward ODE trajectories and five-year individual prediction.,,
MWM-XC71FC75483,SimulAD: a dynamical model for personalized simulation and disease staging in Alzheimer's disease.,capability_claim,"Passive forecasting: the empirical contribution is staging and natural-history prediction, not action-conditioned simulation",Passive forecasting/disease staging in the present experiments; the paper additionally repeats a counterfactual anti-amyloid capability claim from prior work.,,
MWM-XC71FC75483,SimulAD: a dynamical model for personalized simulation and disease staging in Alzheimer's disease.,baselines,"Observed follow-up, population-level biomarker relationships, disease-stage groups, and simpler association analyses; no prominent action/model-free baseline applies",ADNI-derived versus GMC-derived progression trajectories and known clinical groups; no standard forecasting baseline or action-agnostic intervention model.,,
MWM-XC71FC75483,SimulAD: a dynamical model for personalized simulation and disease staging in Alzheimer's disease.,state_fidelity_metrics,"Group separation by estimated stage, cross-modal correlations, converter/nonconverter associations, and biomarker agreement","Known-groups t tests/effect sizes and Spearman correlations with MMSE, hippocampal atrophy, FDG, amyloid, and external tau PET.",,
MWM-XC71FC75483,SimulAD: a dynamical model for personalized simulation and disease staging in Alzheimer's disease.,transition_metrics,Reported trajectory errors are approximately 3-12% by modality; individual five-year MMSE mean absolute error is approximately 1.8-2.4 points,ADNI-versus-GMC trajectory errors (6%–9% for z-scores; 3%–12% for decoded modalities) and GMC MMSE absolute error 1.8–2.4 points over follow-up.,,
MWM-XC71FC75483,SimulAD: a dynamical model for personalized simulation and disease staging in Alzheimer's disease.,rollout_stability,Prediction is evaluated at multiple future times through five years; uncertainty growth by horizon is not formally calibrated,Five-year illustrative individual trajectories and cohort trajectory comparisons; no error degradation at multiple forecast horizons.,,
MWM-XC71FC75483,SimulAD: a dynamical model for personalized simulation and disease staging in Alzheimer's disease.,action_sensitivity,NA: no action variable or intervention perturbation in the evaluated study,No action perturbation experiment in this paper.,,
MWM-XC71FC75483,SimulAD: a dynamical model for personalized simulation and disease staging in Alzheimer's disease.,calibration_and_uncertainty,"Error distributions and preprocessing sensitivity checks are reported; no calibrated predictive intervals, reliability diagram, or coverage analysis",Standard deviations and 95% confidence intervals for selected regressions/imputation; no predictive calibration or interval coverage.,,
MWM-XC71FC75483,SimulAD: a dynamical model for personalized simulation and disease staging in Alzheimer's disease.,external_validation,ADNI-derived dynamics are applied to an independent 93-person Geneva cohort with no reported model tuning for the primary staging/forecasting analyses,"Independent GMC cohort with different acquisition protocols, but adaptation/harmonization uses GMC data and a GMC-specific progression fit.",,
MWM-XC71FC75483,SimulAD: a dynamical model for personalized simulation and disease staging in Alzheimer's disease.,decision_utility,"Potential utility is individualized disease staging, prognosis, and trial enrichment; no prospective clinical decision-impact study is performed",Retrospective disease staging and individual MMSE monitoring proxy; no clinician decision or trial-enrollment impact study.,,
MWM-XC71FC75483,SimulAD: a dynamical model for personalized simulation and disease staging in Alzheimer's disease.,safety_evaluation,NA/NI: no intervention hazard or safety endpoint is relevant to the passive forecasting analysis,No safety or harmful-decision evaluation.,,
MWM-XC71FC75483,SimulAD: a dynamical model for personalized simulation and disease staging in Alzheimer's disease.,statistical_analysis,"Group comparisons, correlations, trajectory-error summaries, and sensitivity analyses are reported; exact test details appear with results/figures","Student t tests, Cohen d, Spearman correlations, 10-fold cross-validation for imputation, means/SDs, and 95% confidence intervals.",,
MWM-XC71FC75483,SimulAD: a dynamical model for personalized simulation and disease staging in Alzheimer's disease.,causal_language,"Disease-progression language is mechanistic, but this article does not estimate a causal treatment effect","Paper states SimulAD can simulate anti-amyloid treatment impact, but the current empirical evaluation does not estimate or validate such an effect.",,
MWM-XC71FC75483,SimulAD: a dynamical model for personalized simulation and disease staging in Alzheimer's disease.,estimand,NA: no treatment-effect estimand,Individual natural-history biomarker/MMSE trajectory; no explicit intervention-effect estimand in the current study.,,
MWM-XC71FC75483,SimulAD: a dynamical model for personalized simulation and disease staging in Alzheimer's disease.,confounding_strategy,NA for treatment causality; demographic/measurement differences are handled through preprocessing and sensitivity analyses rather than causal adjustment,None for the referenced treatment capability; external natural-history validation uses cohort harmonization rather than causal adjustment.,,
MWM-XC71FC75483,SimulAD: a dynamical model for personalized simulation and disease staging in Alzheimer's disease.,positivity_and_overlap,NA: no treatment assignment or action support,Not evaluated.,,
MWM-XC71FC75483,SimulAD: a dynamical model for personalized simulation and disease staging in Alzheimer's disease.,counterfactual_validation,NA: no intervention counterfactual is evaluated in this article,None in the current paper; external GMC validation concerns staging and natural-history trajectories only.,,
MWM-XC71FC75483,SimulAD: a dynamical model for personalized simulation and disease staging in Alzheimer's disease.,code_access,NI: no public paper-specific code repository identified,Unavailable — the article calls SimulAD research software and provides no inspectable repository.,,
MWM-XC71FC75483,SimulAD: a dynamical model for personalized simulation and disease staging in Alzheimer's disease.,weights_access,NI: fitted model weights/parameters are not released as a reusable artifact,Unavailable — fitted ODE/decoder parameters were not released as a reusable package.,,
MWM-XC71FC75483,SimulAD: a dynamical model for personalized simulation and disease staging in Alzheimer's disease.,data_access,ADNI is available by application; Geneva clinical data are not public,ADNI is credentialed; GMC data availability is request/institution-governed and not openly released.,,
MWM-XC71FC75483,SimulAD: a dynamical model for personalized simulation and disease staging in Alzheimer's disease.,preprocessing_reproducibility,"Imaging harmonization, z-scoring, imputation, disease-time inference, and sensitivity variants are described; reusable end-to-end scripts are NI","Partial — imaging pipelines, KNN imputation, FDG estimation, and tracer correction are described, but complete code/data are unavailable.",,
MWM-XC71FC75483,SimulAD: a dynamical model for personalized simulation and disease staging in Alzheimer's disease.,randomness,Predominantly deterministic fitting/simulation; random initialization or seeds are NI,No reproducible seeds or repeated stochastic model runs; deterministic ODE analysis with resampling only for imputation validation.,,
MWM-XC71FC75483,SimulAD: a dynamical model for personalized simulation and disease staging in Alzheimer's disease.,evidence_anchors,"Neurobiology of Aging final article, DOI 10.1016/j.neurobiolaging.2021.12.015: Methods define 442 ADNI and 93 Geneva participants, multimodal preprocessing, ODE dynamics, and five-year trajectories; Results and Figs. 2-6 report staging, external application, trajectory errors, and MMSE forecasts; sensitivity analyses test preprocessing","pp. 73–76, Secs. 2.1–2.6 and Tables 1–2 (cohorts/model/preprocessing); pp. 78–80, Figs. 3–6 and Table 4 (external validity, trajectory errors, five-year MMSE); pp. 80–82 Discussion/Conclusion.",,
MWM-XC71FC75483,SimulAD: a dynamical model for personalized simulation and disease staging in Alzheimer's disease.,appraisal_strengths,"Independent clinical-cohort application, multimodal state evaluation, personalized long-horizon trajectories, and explicit sensitivity analysis","Independent clinical cohort, multimodal staging checks including tau not used for training, explicit heterogeneity harmonization, and individual longitudinal prediction.",,
MWM-XC71FC75483,SimulAD: a dynamical model for personalized simulation and disease staging in Alzheimer's disease.,appraisal_limitations,"No action evaluation, limited uncertainty quantification, unclear internal split, no safety/decision-impact study, and no public implementation","External cohort is adapted rather than fully frozen, no standard forecast baseline or horizon degradation, no calibration/public code, and treatment counterfactual capability is not tested here.",,
MWM-XC71FC75483,SimulAD: a dynamical model for personalized simulation and disease staging in Alzheimer's disease.,source_status,Author-hosted final peer-reviewed article PDF inspected,indexed,,
MWM-XCC1C1352D9,The Coupled Stochastic Dynamical System: A Generative Model for Simulating and Forecasting Youth Mental Health Trajectories,publication_status,Preprint,"Preprint (medRxiv, posted July 29, 2026; not peer reviewed at inspection cutoff).",,
MWM-XCC1C1352D9,The Coupled Stochastic Dynamical System: A Generative Model for Simulating and Forecasting Youth Mental Health Trajectories,domain,Youth mental health; multimodal longitudinal simulation and forecasting,"Youth mental health, digital phenotyping, wearable sensing, and mechanistic virtual twins.",,
MWM-XCC1C1352D9,The Coupled Stochastic Dynamical System: A Generative Model for Simulating and Forecasting Youth Mental Health Trajectories,dataset_or_cohort,"GLOBEM multi-year cohort with passive sensing, ecological momentary assessment, and survey outcomes","GLOBEM multi-year university-student cohort integrating passive smartphone, wearable, EMA, and survey data.",,
MWM-XCC1C1352D9,The Coupled Stochastic Dynamical System: A Generative Model for Simulating and Forecasting Youth Mental Health Trajectories,sample_scale,"496 participants in the overall cohort; 50 representative participants from each of four clusters, 200 total, receive detailed simulation evaluation; 50 accepted particles and 20 simulations yield 1,000 trajectories per person",496 participants; four empirical clusters; participant-level decoding/forecasting uses the 50 centroid-nearest participants per cluster (200 total).,,
MWM-XCC1C1352D9,The Coupled Stochastic Dynamical System: A Generative Model for Simulating and Forecasting Youth Mental Health Trajectories,institution_count,Multi-year cohort with university/student recruitment; exact unique institution count is NI,GLOBEM is a longitudinal research cohort; exact collection-site count was not stated in the inspected primary text.,,
MWM-XCC1C1352D9,The Coupled Stochastic Dynamical System: A Generative Model for Simulating and Forecasting Youth Mental Health Trajectories,split_strategy,"Cluster-based representative sampling, split-half target-corridor stability checks, and forecasting models locked before temporally held-out observations; the authors state this is not a strict leading-window end-to-end validation","Cluster/participant inversion uses observed summaries; forecasting uses causal rolling origins with future observations withheld. Split-half corridor analysis tests leakage, but there is no independent external cohort.",,
MWM-XCC1C1352D9,The Coupled Stochastic Dynamical System: A Generative Model for Simulating and Forecasting Youth Mental Health Trajectories,observation_process,"Sub-hourly behavioral and physiological streams, day-level burdens, EMA observations, and periodic surveys with channel-specific timing","Daily digital/wearable channels and sparser EMA/survey channels on irregular grids; forecasts at 1, 3, 7, 14, and 21 days.",,
MWM-XCC1C1352D9,The Coupled Stochastic Dynamical System: A Generative Model for Simulating and Forecasting Youth Mental Health Trajectories,missingness,"Finite observations and channel support are used, with preprocessing/imputation details in supplementary sections S7/S11; missingness is not modeled as an informative observation process","Observed time points retained; missing channels marginalized when availability thresholds are met, otherwise state labels remain missing. No blanket imputation/deletion solely for missing channels.",,
MWM-XCC1C1352D9,The Coupled Stochastic Dynamical System: A Generative Model for Simulating and Forecasting Youth Mental Health Trajectories,censoring_or_competing_events,"Attrition, clinical escalation, hospitalization, and competing events are not explicitly modeled in the reported forecasts",Observation length is participant-specific; dropout/informative missingness and clinical competing events are not modeled.,,
MWM-XCC1C1352D9,The Coupled Stochastic Dynamical System: A Generative Model for Simulating and Forecasting Youth Mental Health Trajectories,state,"Coupled traits, daily burdens, sub-hourly behavior/physiology, latent mental-health regime, and observation-channel states","Multiscale traits, day-level psychiatric burden, sub-hourly behavior/physiology, latent HMM states, and participant-specific compatible parameter clouds.",,
MWM-XCC1C1352D9,The Coupled Stochastic Dynamical System: A Generative Model for Simulating and Forecasting Youth Mental Health Trajectories,observation_decoder,"Channel-specific stochastic emission models produce passive-sensing, EMA, and survey observations","Mixed-emission sticky HMM/AR-HMM decodes digital, wearable, and EMA channels and produces channel-specific forecasts.",,
MWM-XCC1C1352D9,The Coupled Stochastic Dynamical System: A Generative Model for Simulating and Forecasting Youth Mental Health Trajectories,action,"Intervention processes are represented structurally, but no administered action is evaluated in the empirical batch","Architecture includes intervention-process namespaces and motivates counterfactual changes, but no intervention action is perturbed in the reported empirical experiments.",,
MWM-XCC1C1352D9,The Coupled Stochastic Dynamical System: A Generative Model for Simulating and Forecasting Youth Mental Health Trajectories,action_provenance,Hypothetical model intervention/counterfactual input; current validation uses natural observational trajectories,NA for evaluated experiments; proposed actions are future simulated behavioral/intervention perturbations.,,
MWM-XCC1C1352D9,The Coupled Stochastic Dynamical System: A Generative Model for Simulating and Forecasting Youth Mental Health Trajectories,transition_mechanism,"Coupled stochastic dynamical system with mechanistic dependencies, hidden-state transitions, emissions, and particle-based parameter/state inference",Coupled stochastic processes and oscillators with explicit feedbacks; ABC sequential-rejection inversion; sticky HMM/AR-HMM forecast dynamics.,,
MWM-XCC1C1352D9,The Coupled Stochastic Dynamical System: A Generative Model for Simulating and Forecasting Youth Mental Health Trajectories,maximum_horizon,"Forecasts at 1, 3, 7, 14, and 21 days; generative simulations are also used for occupancy, transition, and target-corridor analyses","Participant-matched simulator durations; rolling forecasts at 1, 3, 7, 14, and 21 days; cluster inversion uses 80-day simulated populations.",,
MWM-XCC1C1352D9,The Coupled Stochastic Dynamical System: A Generative Model for Simulating and Forecasting Youth Mental Health Trajectories,rollout_regime,Accepted posterior particles seed repeated free-running trajectories; forecasts and distributional behavior are aggregated across simulations,Free-running stochastic virtual-twin generation and offline rolling-origin forecasts with locked synthetic models.,,
MWM-XCC1C1352D9,The Coupled Stochastic Dynamical System: A Generative Model for Simulating and Forecasting Youth Mental Health Trajectories,capability_claim,"Counterfactual: the architecture claims intervention simulation, although demonstrated empirical capability is passive forecasting","Counterfactual — title/body position the CSDS for counterfactual simulation and intervention planning, although reported evaluation is passive generation/forecasting.",,
MWM-XCC1C1352D9,The Coupled Stochastic Dynamical System: A Generative Model for Simulating and Forecasting Youth Mental Health Trajectories,baselines,"Persistence and prefix-mean forecasting nulls, hidden-state/transition summaries, and observed target corridors","Causal prefix mean, persistence, sticky HMM, sticky HMM plus AR heads, native AR-HMM, and synthetic versus hybrid training regimes; no evaluated no-action/action-shuffle counterfactual comparator.",,
MWM-XCC1C1352D9,The Coupled Stochastic Dynamical System: A Generative Model for Simulating and Forecasting Youth Mental Health Trajectories,state_fidelity_metrics,"Cluster and individual target-corridor coverage, state occupancy, regime prevalence, and observed-versus-simulated summary distributions","Target coverage/proximity; synthetic-observed state occupancy correlation/total-variation distance, transition correlation/Jensen-Shannon divergence, and state-fingerprint correlation.",,
MWM-XCC1C1352D9,The Coupled Stochastic Dynamical System: A Generative Model for Simulating and Forecasting Youth Mental Health Trajectories,transition_metrics,"Transition-matrix/occupancy agreement, drift correlations, forecast R-squared, within-subject skill, and balanced accuracy across horizons","Transition-matrix concordance plus pooled predictive R², within-subject skill, directional balanced accuracy, and drift correlation at 1/3/7/14/21 days.",,
MWM-XCC1C1352D9,The Coupled Stochastic Dynamical System: A Generative Model for Simulating and Forecasting Youth Mental Health Trajectories,rollout_stability,Results are explicitly resolved at five horizons through 21 days and compared with nulls; long-horizon performance declines are visible,"Repeated simulations per particle/participant, horizon-resolved performance, split-half target-corridor stability, and discussion of horizon-dependent deterioration; no clinical constraint-violation rate.",,
MWM-XCC1C1352D9,The Coupled Stochastic Dynamical System: A Generative Model for Simulating and Forecasting Youth Mental Health Trajectories,action_sensitivity,"No administered-action, action-removal, action-shuffle, or intervention-parameter response experiment is reported","No intervention removal, timing, magnitude, or counterfactual perturbation test; these are explicitly future priorities.",,
MWM-XCC1C1352D9,The Coupled Stochastic Dynamical System: A Generative Model for Simulating and Forecasting Youth Mental Health Trajectories,calibration_and_uncertainty,"Posterior particles, repeated simulations, 5,000 subject-block bootstrap intervals, and calibration plots/R-squared are reported; reliability, calibration slope/intercept, or nominal interval coverage is not established","Compatible parameter ensembles, participant uncertainty corridors, 5,000 subject-block bootstrap intervals, and horizon-specific calibration plots/linear fits at 1 and 21 days.",,
MWM-XCC1C1352D9,The Coupled Stochastic Dynamical System: A Generative Model for Simulating and Forecasting Youth Mental Health Trajectories,external_validation,"No independent cohort, institution, or geographically external validation","None; all empirical fitting and evaluation use GLOBEM, with temporally held-out observations but no independent cohort.",,
MWM-XCC1C1352D9,The Coupled Stochastic Dynamical System: A Generative Model for Simulating and Forecasting Youth Mental Health Trajectories,decision_utility,"Forecasting and early-warning capability could support monitoring, but no clinician decision, intervention selection, or prospective outcome improvement is tested","Offline short-horizon risk/trajectory forecasting proxy; no clinician decision, intervention selection, or prospective workflow evaluation.",,
MWM-XCC1C1352D9,The Coupled Stochastic Dynamical System: A Generative Model for Simulating and Forecasting Youth Mental Health Trajectories,safety_evaluation,"NI/negative: rare hazardous transitions, crisis escalation, and intervention harms are not calibrated or stress-tested","Low-burden structural constraints for unmeasured syndromes and a relaxed suicidality constraint are used, but hazardous-transition calibration and clinical safety testing are explicitly absent.",,
MWM-XCC1C1352D9,The Coupled Stochastic Dynamical System: A Generative Model for Simulating and Forecasting Youth Mental Health Trajectories,statistical_analysis,"Five thousand subject-block bootstrap replicates, horizon-specific metrics, ANOVA/group comparisons, repeated particles/simulations, and calibration analyses","ANOVA with Holm correction, FDR correction, effect sizes, ABC diagnostics, correlations/divergences, and 5,000 subject-block bootstrap confidence intervals.",,
MWM-XCC1C1352D9,The Coupled Stochastic Dynamical System: A Generative Model for Simulating and Forecasting Youth Mental Health Trajectories,causal_language,"Uses counterfactual and intervention-process language, but current data do not identify an intervention effect","Explicit causal-pathway, counterfactual-simulation, virtual-twin, and intervention-planning language, with Discussion cautioning that recovered parameters are not unique causal determinants.",,
MWM-XCC1C1352D9,The Coupled Stochastic Dynamical System: A Generative Model for Simulating and Forecasting Youth Mental Health Trajectories,estimand,NI: no explicit causal estimand for an intervention response,"No explicit intervention contrast; evaluated quantities are phenotype fit, state concordance, and future observational trajectory prediction.",,
MWM-XCC1C1352D9,The Coupled Stochastic Dynamical System: A Generative Model for Simulating and Forecasting Youth Mental Health Trajectories,confounding_strategy,No time-varying confounding strategy or causal adjustment for observational exposures is reported,"None for intervention effects; forecasts use causal temporal prefixes, but that prevents look-ahead rather than identifying treatment effects.",,
MWM-XCC1C1352D9,The Coupled Stochastic Dynamical System: A Generative Model for Simulating and Forecasting Youth Mental Health Trajectories,positivity_and_overlap,"No treatment/action propensity, support, or overlap diagnostic is reported",Not evaluated because no empirical intervention/action study is conducted.,,
MWM-XCC1C1352D9,The Coupled Stochastic Dynamical System: A Generative Model for Simulating and Forecasting Youth Mental Health Trajectories,counterfactual_validation,No real intervention or independent outcome validates model-generated counterfactual trajectories,"None; paper calls for future perturbation, prospective, and independent-cohort tests.",,
MWM-XCC1C1352D9,The Coupled Stochastic Dynamical System: A Generative Model for Simulating and Forecasting Youth Mental Health Trajectories,code_access,Code is described as planned for the accepted manuscript but is not currently public,Planned/unavailable — paper states the accepted-manuscript code base will contain the full implementation; no inspectable repository was identified at cutoff.,,
MWM-XCC1C1352D9,The Coupled Stochastic Dynamical System: A Generative Model for Simulating and Forecasting Youth Mental Health Trajectories,weights_access,NI: accepted particles/fitted parameters are not released as public weights,Unavailable — accepted particle clouds/fitted participant models were not released.,,
MWM-XCC1C1352D9,The Coupled Stochastic Dynamical System: A Generative Model for Simulating and Forecasting Youth Mental Health Trajectories,data_access,GLOBEM data are available by request/application rather than unrestricted download,GLOBEM is a released research dataset by citation; data produced in this study are stated available on reasonable request.,,
MWM-XCC1C1352D9,The Coupled Stochastic Dynamical System: A Generative Model for Simulating and Forecasting Youth Mental Health Trajectories,preprocessing_reproducibility,"The main text and extensive supplement specify channels, preprocessing, clustering, inference, simulation, and metrics; runnable artifacts are not public","Partial — extensive supplementary specifications and mapping/ABC/HMM settings are described, but current code and exact fitted artifacts are unavailable.",,
MWM-XCC1C1352D9,The Coupled Stochastic Dynamical System: A Generative Model for Simulating and Forecasting Youth Mental Health Trajectories,randomness,"Particle acceptance, 20 repeated simulations, and bootstrap resampling are specified; complete seed values are NI","ABC proposal populations, 7–15 simulation repetitions, 20×50 participant simulations, and 5,000 bootstrap resamples; exact seeds not reported.",,
MWM-XCC1C1352D9,The Coupled Stochastic Dynamical System: A Generative Model for Simulating and Forecasting Youth Mental Health Trajectories,evidence_anchors,"medRxiv full text, DOI 10.64898/2026.07.26.26358943: Abstract/model overview define coupled processes; cohort/method sections report N=496, four clusters, 200-person detailed evaluation, particles, and simulations; validation figures/tables report occupancy, transitions, target coverage, and 1/3/7/14/21-day forecasts; limitations state held-out and external-validation constraints","Abstract pp. 2; Methods pp. 5–15, Secs. 2.1–2.7 (architecture, inversion, missingness, forecasts, code); Results pp. 16–20, Tables 3–4 and Figs. 3–5; Discussion pp. 20–25; Data availability p. 26.",,
MWM-XCC1C1352D9,The Coupled Stochastic Dynamical System: A Generative Model for Simulating and Forecasting Youth Mental Health Trajectories,appraisal_strengths,"Broad multimodal generative specification, substantial repeated simulation, horizon-resolved forecasting, null comparisons, bootstrap uncertainty, and transparent limitations","Explicit mechanistic architecture, individualized stochastic twins, strong synthetic-to-observed state/transition tests, causal rolling-origin evaluation, horizon-resolved metrics, calibration plots, and block-bootstrap uncertainty.",,
MWM-XCC1C1352D9,The Coupled Stochastic Dynamical System: A Generative Model for Simulating and Forecasting Youth Mental Health Trajectories,appraisal_limitations,"Counterfactual/intervention claims exceed the tested passive setting; no external cohort, no strict end-to-end temporal split, no public code, and no hazard validation","Preprint; one nonclinical student cohort, target specifications reuse participant summaries, no evaluated intervention despite counterfactual claims, no external/prospective clinical validation, and code/weights unavailable.",,
MWM-XCC1C1352D9,The Coupled Stochastic Dynamical System: A Generative Model for Simulating and Forecasting Youth Mental Health Trajectories,source_status,Full medRxiv preprint PDF and supplement inspected,indexed,,
