audit_id,route,title,decision,corpus_type,reason_code,rationale,confidence
ALT-4ef2c988c864,fresh_alternate_public_search,1077-P: De-escalation Treatment (DET): A Personalized Pharmacological Intervention to Stop Disease Progression in Patients with Type 2 Diabetes,exclude,not_applicable,no_learned_dynamics,The 1077 p de escalation treatment personalized pharmacological intervention stop disease study is an ordinary prognostic or static prediction analysis without a learned rollout mechanism.,high
ALT-01667e1759b4,fresh_alternate_public_search,109 Predictors of Rapid Disease Progression from Initial Diagnosis of Erectile Dysfunction to Surgical Intervention,exclude,not_applicable,no_learned_dynamics,The 109 predictors rapid disease progression initial diagnosis erectile dysfunction surgical study is an ordinary prognostic or static prediction analysis without a learned rollout mechanism.,medium
ALT-2f499d0cb59f,fresh_alternate_public_search,1247 Temporal Dynamics of Acute Epstein–Barr Virus-Positive T Cell Lymphoid Hyperplasia,exclude,not_applicable,no_future_or_action_evaluation,"The 1247 temporal dynamics acute epstein barr virus positive t cell study analyzes or reconstructs dynamics but does not directly evaluate future states, actions, rollouts, or planning.",medium
ALT-80e11fb00b1d,fresh_alternate_public_search,154 An Observational Study: An Examination of Eye Movements When Assessing a Deteriorating High-Fidelity Patient Simulator,exclude,not_applicable,no_future_or_action_evaluation,"The 154 observational examination eye movements when assessing deteriorating high fidelity study analyzes or reconstructs dynamics but does not directly evaluate future states, actions, rollouts, or planning.",medium
ALT-71b8d7cba961,fresh_alternate_public_search,162. Digital twin campus intervention for stress adaptation in university students with depressive symptoms,exclude,not_applicable,no_learned_dynamics,"The 162 digital twin campus intervention stress adaptation university students depressive study evaluates education, training, or simulator hardware rather than learned patient dynamics.",high
ALT-7a3f166abf00,fresh_alternate_public_search,227Chapter 17 Machine Learning Algorithms for Predicting Disease Progression and Personalized Treatment in Chronic Diseases,exclude,not_applicable,review_not_primary,This review centers on 227chapter 17 machine learning algorithms predicting disease progression personalized treatment rather than evaluated medical learned world-model dynamics as its primary subject.,medium
ALT-29398f6f2107,fresh_alternate_public_search,23 AN INTERVENTION STUDY ON SOCIAL ANXIETY DISORDER USING DIGITAL TWIN VIRTUAL COMMUNITIES,exclude,not_applicable,no_learned_dynamics,"The 23 intervention social anxiety disorder digital twin virtual communities record describes a static, conceptual, or mechanistic twin without learned temporal transitions.",medium
ALT-3874f2131ca4,fresh_alternate_public_search,233 Benefit of Tolvaptan on Time to End-stage Renal Disease (ESRD) for Patients with Rapidly Progressing Autosomal Dominant Polycystic Kidney Disease (ADPKD): A Disease Progression Model,exclude,not_applicable,no_future_or_action_evaluation,"The 233 benefit tolvaptan time end stage renal disease patients rapidly study analyzes or reconstructs dynamics but does not directly evaluate future states, actions, rollouts, or planning.",medium
ALT-ceb7f2ce717e,fresh_alternate_public_search,286 Association of urinary Dickkopf-3 levels with cardiovascular events and kidney disease progression in the Systolic Blood Pressure Intervention Trial participants,exclude,not_applicable,no_learned_dynamics,The 286 association urinary dickkopf 3 levels cardiovascular events kidney disease study is an ordinary prognostic or static prediction analysis without a learned rollout mechanism.,medium
ALT-505305aaea30,fresh_alternate_public_search,3D-Printed silicone anatomic patient simulator to enhance training on cardiopulmonary bypass.,exclude,not_applicable,no_learned_dynamics,"The 3d printed silicone anatomic patient simulator enhance training cardiopulmonary bypass study evaluates education, training, or simulator hardware rather than learned patient dynamics.",high
ALT-feac04cf3d5e,fresh_alternate_public_search,500 Hyponatremia Virtual Patient Simulator: An innovative educational tool with generative artificial intelligence and physiologic models,exclude,not_applicable,no_future_or_action_evaluation,"The 500 hyponatremia virtual patient simulator innovative educational tool generative artificial study analyzes or reconstructs dynamics but does not directly evaluate future states, actions, rollouts, or planning.",medium
ALT-8803de121c39,fresh_alternate_public_search,[Digital twins in uro-oncology].,include,review,include_review,"This review primarily synthesizes dynamic medical digital twins for digital twins uro oncology, including prediction, simulation, or intervention use.",high
ALT-3e8bbbae3586,fresh_alternate_public_search,[Patient simulation for hand therapy in an anesthesiologist after an occupational injury: A case study].,exclude,not_applicable,no_future_or_action_evaluation,"The patient simulation hand therapy anesthesiologist after occupational injury case study analyzes or reconstructs dynamics but does not directly evaluate future states, actions, rollouts, or planning.",high
ALT-f2248af7866f,fresh_alternate_public_search,A Bayesian disease progression model for Major Depressive Disorder,exclude,not_applicable,no_future_or_action_evaluation,"The bayesian disease progression major depressive disorder study analyzes or reconstructs dynamics but does not directly evaluate future states, actions, rollouts, or planning.",medium
ALT-68f07e4a5981,fresh_alternate_public_search,A Chinese patent medicine's long-term efficacy on non-dialysis patients with CKD stages 3-5: a retrospective cohort study.,exclude,not_applicable,no_future_or_action_evaluation,"The chinese patent medicine s long term efficacy non dialysis patients study analyzes or reconstructs dynamics but does not directly evaluate future states, actions, rollouts, or planning.",high
ALT-71b98f1a16fa,fresh_alternate_public_search,A comprehensive view of cell-type-specific temporal dynamics in human and mouse brains,exclude,not_applicable,no_future_or_action_evaluation,"The comprehensive view cell type specific temporal dynamics human mouse brains study analyzes or reconstructs dynamics but does not directly evaluate future states, actions, rollouts, or planning.",high
ALT-355f8469ec53,fresh_alternate_public_search,A controller of robot constant force grinding based on proximal policy optimization algorithm.,exclude,not_applicable,no_learned_dynamics,"The controller robot constant force grinding proximal policy optimization algorithm study evaluates education, training, or simulator hardware rather than learned patient dynamics.",high
ALT-fdb4f752cf95,fresh_alternate_public_search,A cost-optimized medical digital twin framework for secure and efficient patient data management in smart healthcare.,exclude,not_applicable,no_future_or_action_evaluation,"The cost optimized medical digital twin secure efficient patient data management study analyzes or reconstructs dynamics but does not directly evaluate future states, actions, rollouts, or planning.",high
ALT-36a3691f146d,fresh_alternate_public_search,A data-driven Alzheimer's disease progression simulator for retrospective validation and prospective Phase III power design.,include,empirical,include_empirical,The data driven alzheimer s disease progression simulator retrospective validation prospective study learns or calibrates temporal dynamics and directly evaluates intervention-conditioned rollouts or planning outcomes.,high
ALT-8fe38c4705fc,fresh_alternate_public_search,A data-driven disease progression model of fluid biomarkers in genetic frontotemporal dementia.,exclude,not_applicable,no_learned_dynamics,The data driven disease progression fluid biomarkers genetic frontotemporal dementia study is an ordinary prognostic or static prediction analysis without a learned rollout mechanism.,high
ALT-b5b82e091d2d,fresh_alternate_public_search,A data-driven model of disability progression in progressive multiple sclerosis.,exclude,not_applicable,no_future_or_action_evaluation,"The data driven disability progression progressive multiple sclerosis study analyzes or reconstructs dynamics but does not directly evaluate future states, actions, rollouts, or planning.",high
ALT-67bed6c3fc86,fresh_alternate_public_search,A data-driven spatially-specific vaccine allocation framework for COVID-19.,exclude,not_applicable,no_learned_dynamics,The data driven spatially specific vaccine allocation covid 19 study is an ordinary prognostic or static prediction analysis without a learned rollout mechanism.,high
ALT-ee4cb20248cc,fresh_alternate_public_search,"A Data-Scarce Digital Twin for Tourism-Driven Island Mobility: Simulation, Validation, and Intervention Evaluation on Milos, Greece",exclude,not_applicable,wrong_domain,"This record concerns data scarce digital twin tourism driven island mobility simulation validation, which is outside medical or biomedical systems.",high
ALT-e2ee109817a8,fresh_alternate_public_search,"A decade of innovation in healthcare: Automation, bio-printing and digital twin technologies for personalized therapies.",exclude,not_applicable,wrong_domain,"This record concerns decade innovation healthcare automation bio printing digital twin technologies personalized, which is outside medical or biomedical systems.",high
ALT-1d9a77cf5505,fresh_alternate_public_search,A Deep Trajectory Controller for a Mechanical Linear Stage Using Digital Twin Concept,exclude,not_applicable,no_learned_dynamics,"The deep trajectory controller mechanical linear stage digital twin concept record describes a static, conceptual, or mechanistic twin without learned temporal transitions.",high
ALT-1acfb71533e5,fresh_alternate_public_search,A digital twin enabled wearable device for customized healthcare,exclude,not_applicable,wrong_domain,"This record concerns digital twin enabled wearable device customized healthcare, which is outside medical or biomedical systems.",high
ALT-b41d73135078,fresh_alternate_public_search,A digital twin for hospital antimicrobial resistance forecasting and constrained intervention optimisation,include,empirical,include_empirical,The digital twin hospital antimicrobial resistance forecasting constrained intervention optimisation study learns or calibrates temporal dynamics and directly evaluates intervention-conditioned rollouts or planning outcomes.,high
ALT-2f2ac4647872,fresh_alternate_public_search,A Digital Twin Framework for Predictive Modeling and Intervention Optimization in Inflammatory Bowel Disease,uncertain,empirical,insufficient_abstract,"The digital twin predictive intervention optimization inflammatory bowel disease title plausibly denotes learned medical dynamics, but the missing abstract does not establish direct future or action evaluation.",low
ALT-235a80953b68,fresh_alternate_public_search,A Digital Twin-based Approach for Energy Optimisation in Medical Gas Systems in Hospital Intensive Care Units,exclude,not_applicable,wrong_domain,"This record concerns digital twin energy optimisation medical gas systems hospital intensive care, which is outside medical or biomedical systems.",high
ALT-44571950f60c,fresh_alternate_public_search,A digital twin-enhanced decision support system improves time-in-range in type 1 diabetes: a randomized clinical trial.,include,empirical,include_empirical,The digital twin enhanced decision support system improves time range type study learns or calibrates temporal dynamics and directly evaluates intervention-conditioned rollouts or planning outcomes.,high
ALT-c7bd697df346,fresh_alternate_public_search,A Digital Twin–Driven Machine Learning Framework for Diabetes Risk Prediction and Short-Term Health Trajectory Simulation,exclude,not_applicable,no_learned_dynamics,The digital twin driven machine learning diabetes risk prediction short term study is an ordinary prognostic or static prediction analysis without a learned rollout mechanism.,high
ALT-11f38b074f5f,fresh_alternate_public_search,A disease progression model comparing the long-term mobility and respiratory outcomes of adults with late-onset Pompe disease receiving cipaglucosidase alfa plus miglustat versus alglucosidase alfa.,exclude,not_applicable,no_future_or_action_evaluation,"The disease progression comparing long term mobility respiratory outcomes adults late study analyzes or reconstructs dynamics but does not directly evaluate future states, actions, rollouts, or planning.",high
ALT-fb6766fcb434,fresh_alternate_public_search,A disease progression model estimating the benefit of tolvaptan on time to end-stage renal disease for patients with rapidly progressing autosomal dominant polycystic kidney disease.,exclude,not_applicable,no_learned_dynamics,The disease progression estimating benefit tolvaptan time end stage renal disease study is an ordinary prognostic or static prediction analysis without a learned rollout mechanism.,high
ALT-9ae89eb9606e,fresh_alternate_public_search,A disease progression model of longitudinal lung function decline in idiopathic pulmonary fibrosis patients.,exclude,not_applicable,no_future_or_action_evaluation,"The disease progression longitudinal lung function decline idiopathic pulmonary fibrosis patients study analyzes or reconstructs dynamics but does not directly evaluate future states, actions, rollouts, or planning.",high
ALT-d1dd9d8f17c5,fresh_alternate_public_search,A Disease Progression Model to Quantify the Nonmotor Symptoms of Parkinson's Disease in Participants With Leucine-Rich Repeat Kinase 2 Mutation.,exclude,not_applicable,no_future_or_action_evaluation,"The disease progression quantify nonmotor symptoms parkinson s disease participants leucine study analyzes or reconstructs dynamics but does not directly evaluate future states, actions, rollouts, or planning.",high
ALT-911b9204a285,fresh_alternate_public_search,A Extensive Study on Deep learning Architecture on Patient Treatment Trajectory Mining,exclude,not_applicable,no_learned_dynamics,The extensive deep learning architecture patient treatment trajectory mining study is an ordinary prognostic or static prediction analysis without a learned rollout mechanism.,high
ALT-790dad1aa5d7,fresh_alternate_public_search,A generator-matrix causal-inference framework separates measurable aging biomarkers from mortality-driving latent dynamics in humans.,exclude,not_applicable,no_learned_dynamics,The generator matrix causal inference separates measurable aging biomarkers mortality driving study is an ordinary prognostic or static prediction analysis without a learned rollout mechanism.,high
ALT-2581739190e8,fresh_alternate_public_search,A generic crystallopathic model for chronic kidney disease progression,exclude,not_applicable,no_future_or_action_evaluation,"The generic crystallopathic chronic kidney disease progression study analyzes or reconstructs dynamics but does not directly evaluate future states, actions, rollouts, or planning.",medium
ALT-fc5fa48cc7aa,fresh_alternate_public_search,A hierarchical Bayesian entry time realignment method to study the long-term natural history of diseases.,exclude,not_applicable,no_future_or_action_evaluation,"The hierarchical bayesian entry time realignment method long term natural history study analyzes or reconstructs dynamics but does not directly evaluate future states, actions, rollouts, or planning.",high
ALT-83dbe717e33a,fresh_alternate_public_search,A Hierarchical Bayesian Implementation of the Experience-Weighted Attraction Model.,exclude,not_applicable,no_learned_dynamics,The hierarchical bayesian implementation experience weighted attraction study is an ordinary prognostic or static prediction analysis without a learned rollout mechanism.,high
ALT-7899e8f5ffd1,fresh_alternate_public_search,A Hierarchical Bayesian Spatio-Temporal Model for Land Prices Integrating Spatial Heterogeneity and Temporal Dynamics,exclude,not_applicable,wrong_domain,"This record concerns hierarchical bayesian spatio temporal land prices integrating spatial heterogeneity temporal, which is outside medical or biomedical systems.",high
ALT-dc913f452db6,fresh_alternate_public_search,A Hybrid Deep Learning Framework to Predict Alzheimer’s Disease Progression Using Generative Adversarial Networks and Deep Convolutional Neural Networks,uncertain,empirical,insufficient_abstract,"The hybrid deep learning predict alzheimer s disease progression generative adversarial title plausibly denotes learned medical dynamics, but the missing abstract does not establish direct future or action evaluation.",low
ALT-98dd9ef88a76,fresh_alternate_public_search,A KNN Algorithm Based Predictive Model for Heart Disease Progression,exclude,not_applicable,no_learned_dynamics,The knn algorithm predictive heart disease progression study is an ordinary prognostic or static prediction analysis without a learned rollout mechanism.,high
ALT-d90f0aa0666a,fresh_alternate_public_search,A large-scale neural network training framework for generalized estimation of single-trial population dynamics.,exclude,not_applicable,no_learned_dynamics,"The large scale neural network training generalized estimation single trial population study evaluates education, training, or simulator hardware rather than learned patient dynamics.",high
ALT-892d943abcdf,fresh_alternate_public_search,A Longitudinal Disease Progression Model Characterizing Endoscopic Response and Remission in Crohn's Disease.,exclude,not_applicable,no_learned_dynamics,The longitudinal disease progression characterizing endoscopic response remission crohn s disease study is an ordinary prognostic or static prediction analysis without a learned rollout mechanism.,high
ALT-6cb0081bacec,fresh_alternate_public_search,A machine learning approach for real-time cortical state estimation.,exclude,not_applicable,no_future_or_action_evaluation,"The machine learning real time cortical state estimation study analyzes or reconstructs dynamics but does not directly evaluate future states, actions, rollouts, or planning.",high
ALT-4ec1dca3937b,fresh_alternate_public_search,A Machine-Learning Derived Huntington's Disease Progression Model: Insights for Clinical Trial Design.,exclude,not_applicable,no_learned_dynamics,The machine learning derived huntington s disease progression insights clinical trial study is an ordinary prognostic or static prediction analysis without a learned rollout mechanism.,high
ALT-e66ce5d28b34,fresh_alternate_public_search,A metamodel-based flexible insulin therapy for type 1 diabetes patients subjected to aerobic physical activity.,exclude,not_applicable,no_learned_dynamics,The metamodel flexible insulin therapy type 1 diabetes patients subjected aerobic study uses prescribed mechanistic or statistical dynamics rather than a learned transition mechanism.,high
ALT-beb123ae09f2,fresh_alternate_public_search,A Method to Pre-Screen Rat Mammary Gland Whole Tissue Mounts followed by RNAscope in situ hybridization,exclude,not_applicable,no_future_or_action_evaluation,"The method pre screen rat mammary gland whole tissue mounts followed study analyzes or reconstructs dynamics but does not directly evaluate future states, actions, rollouts, or planning.",high
ALT-b2249eb31bfe,fresh_alternate_public_search,A Model to Assess the Outcomes Associated With Dementia With Lewy Bodies.,exclude,not_applicable,review_not_primary,This review centers on assess outcomes associated dementia lewy bodies rather than evaluated medical learned world-model dynamics as its primary subject.,high
ALT-2360b6994797,fresh_alternate_public_search,A modular computational framework for medical digital twins.,exclude,not_applicable,no_learned_dynamics,"The modular computational medical digital twins record describes a static, conceptual, or mechanistic twin without learned temporal transitions.",high
ALT-10e1e2640b93,fresh_alternate_public_search,A Modular Framework to Predict Alzheimer’s Disease Progression Using Conditional Generative Adversarial Networks,uncertain,empirical,insufficient_abstract,"The modular predict alzheimer s disease progression conditional generative adversarial networks title plausibly denotes learned medical dynamics, but the missing abstract does not establish direct future or action evaluation.",low
ALT-c2d53964d0b2,fresh_alternate_public_search,A multi-state model for kidney disease progression,exclude,not_applicable,no_future_or_action_evaluation,"The multi state kidney disease progression study analyzes or reconstructs dynamics but does not directly evaluate future states, actions, rollouts, or planning.",medium
ALT-7637963d5f0f,fresh_alternate_public_search,A multidimensional ODE-based model of Alzheimer's disease progression,exclude,not_applicable,no_learned_dynamics,The multidimensional ode alzheimer s disease progression study uses prescribed mechanistic or statistical dynamics rather than a learned transition mechanism.,high
ALT-6fcc7e27909c,fresh_alternate_public_search,A Multimodal Disease Progression Model for Genetic Associations with Disease Dynamics,uncertain,empirical,insufficient_abstract,"The multimodal disease progression genetic associations disease dynamics title plausibly denotes learned medical dynamics, but the missing abstract does not establish direct future or action evaluation.",low
ALT-5091781a7e74,fresh_alternate_public_search,A Multiple Emergency Ventilator as backup solution for disaster situations: prototype development and functional assessment.,exclude,not_applicable,no_future_or_action_evaluation,"The multiple emergency ventilator as backup solution disaster situations prototype functional study analyzes or reconstructs dynamics but does not directly evaluate future states, actions, rollouts, or planning.",high
ALT-a559dc2d91eb,fresh_alternate_public_search,A multiscale closed-loop neurotoxicity model of Alzheimer’s disease progression explains functional connectivity alterations,exclude,not_applicable,review_not_primary,This review centers on multiscale closed loop neurotoxicity alzheimer s disease progression explains functional rather than evaluated medical learned world-model dynamics as its primary subject.,high
ALT-ef8ae9c31559,fresh_alternate_public_search,"A Multivariable Mathematical Model of Conductivity, β-Amyloid and T-Protein Dynamics in Alzheimer’s Disease Progression",exclude,not_applicable,no_learned_dynamics,The multivariable mathematical conductivity amyloid t protein dynamics alzheimer s disease study uses prescribed mechanistic or statistical dynamics rather than a learned transition mechanism.,high
ALT-1d9e768fbfe6,fresh_alternate_public_search,A Natural Language Processing-Based Virtual Patient Simulator and Intelligent Tutoring System for the Clinical Diagnostic Process: Simulator Development and Case Study.,exclude,not_applicable,review_not_primary,This review centers on natural language processing virtual patient simulator intelligent tutoring system clinical rather than evaluated medical learned world-model dynamics as its primary subject.,high
ALT-e8c0d37eed50,fresh_alternate_public_search,A Natural Language Processing–Based Virtual Patient Simulator and Intelligent Tutoring System for the Clinical Diagnostic Process: Simulator Development and Case Study (Preprint),exclude,not_applicable,review_not_primary,This review centers on natural language processing virtual patient simulator intelligent tutoring system clinical rather than evaluated medical learned world-model dynamics as its primary subject.,high
ALT-7647b22b5e05,fresh_alternate_public_search,A novel 3D-printed laryngoscope with integrated working channels for laryngeal surgery.,exclude,not_applicable,no_future_or_action_evaluation,"The 3d printed laryngoscope integrated working channels laryngeal surgery study analyzes or reconstructs dynamics but does not directly evaluate future states, actions, rollouts, or planning.",high
ALT-832901fe7a2f,fresh_alternate_public_search,A novel continuous-progression CKM model combined with multi-omics data integration identifies lipid metabolic drivers of disease progression,exclude,not_applicable,no_learned_dynamics,The continuous progression ckm combined multi omics data integration identifies lipid study is an ordinary prognostic or static prediction analysis without a learned rollout mechanism.,high
ALT-eb7ba539fd65,fresh_alternate_public_search,A Novel Coupling Model of Physiological Degradation and Emotional State for Prediction of Alzheimer's Disease Progression.,exclude,not_applicable,no_future_or_action_evaluation,"The coupling physiological degradation emotional state prediction alzheimer s disease progression study analyzes or reconstructs dynamics but does not directly evaluate future states, actions, rollouts, or planning.",high
ALT-2679bea7a206,fresh_alternate_public_search,"A Novel Integrative Framework for Depression: Combining Network Pharmacology, Artificial Intelligence, and Multi-Omics with a Focus on the Microbiota-Gut-Brain Axis.",exclude,not_applicable,review_not_primary,This review centers on integrative depression combining network pharmacology artificial intelligence multi omics focus rather than evaluated medical learned world-model dynamics as its primary subject.,high
ALT-02287393f2a0,fresh_alternate_public_search,A pain in the neck: prototyping and testing of a patient simulator neck for spinal immobilization training,exclude,not_applicable,no_learned_dynamics,"The pain neck prototyping testing patient simulator neck spinal immobilization training study evaluates education, training, or simulator hardware rather than learned patient dynamics.",medium
ALT-64addc7c6b9f,fresh_alternate_public_search,A Parametric Model of the Mitral Valve for Finite Element Patient-Specific Simulations.,exclude,not_applicable,no_learned_dynamics,"The parametric mitral valve finite element patient specific simulations study evaluates education, training, or simulator hardware rather than learned patient dynamics.",high
ALT-72e23743156e,fresh_alternate_public_search,A PATIENT SIMULATOR FOR REPLAY OF URODYNAMIC SIGNALS,exclude,not_applicable,no_future_or_action_evaluation,"The patient simulator replay urodynamic signals study analyzes or reconstructs dynamics but does not directly evaluate future states, actions, rollouts, or planning.",medium
ALT-d0615da0204f,fresh_alternate_public_search,A Pharmacometrics-Informed Trial Simulation Framework for Optimizing Study Designs for Disease-Modifying Treatments in Rare Neurological Disorders.,exclude,not_applicable,no_learned_dynamics,The pharmacometrics informed trial simulation optimizing designs disease modifying treatments rare study is an ordinary prognostic or static prediction analysis without a learned rollout mechanism.,high
ALT-f895e0fd3990,fresh_alternate_public_search,A Pilot Study on the Role of Experience and Patient Gender on MARCH Treatment Sequence.,exclude,not_applicable,review_not_primary,This review centers on pilot experience patient gender march treatment sequence rather than evaluated medical learned world-model dynamics as its primary subject.,high
ALT-c6587a170bff,fresh_alternate_public_search,A prospective randomized comparative study of effectiveness of simulation-based training in improving the performance of non-technical skill among postgraduate students during anaesthesia crisis resource management,exclude,not_applicable,no_primary_empirical_evaluation,"The prospective randomized comparative effectiveness simulation training improving performance non technical record is editorial, corrective, conceptual, or consensus-based and lacks a primary learned-dynamics evaluation.",high
ALT-c368a0c93761,fresh_alternate_public_search,A quality improvement initiative to increase adult ECMO decision-making abilities in a perfusion education program: The use of 3D ECMO simulation.,exclude,not_applicable,review_not_primary,This review centers on quality improvement initiative increase adult ecmo decision making abilities perfusion rather than evaluated medical learned world-model dynamics as its primary subject.,high
ALT-1386fea2d008,fresh_alternate_public_search,A randomised controlled trial study on the effectiveness of high-fidelity simulation in enhancing skills among undergraduate medical students.,exclude,not_applicable,no_learned_dynamics,"The randomised controlled trial effectiveness high fidelity simulation enhancing skills among study evaluates education, training, or simulator hardware rather than learned patient dynamics.",high
ALT-e0c3cad03838,fresh_alternate_public_search,A realistic agent-based simulation model for COVID-19 based on a traffic simulation and mobile phone data,exclude,not_applicable,no_future_or_action_evaluation,"The realistic agent simulation covid 19 traffic simulation mobile phone data study analyzes or reconstructs dynamics but does not directly evaluate future states, actions, rollouts, or planning.",high
ALT-9b470aad8cc6,fresh_alternate_public_search,A review of multistate modelling approaches in monitoring disease progression: Bayesian estimation using the Kolmogorov-Chapman forward equations.,exclude,not_applicable,review_not_primary,This review centers on review multistate approaches monitoring disease progression bayesian estimation kolmogorov chapman rather than evaluated medical learned world-model dynamics as its primary subject.,high
ALT-f629d0fa49af,fresh_alternate_public_search,A robust Reeb graph model of white matter fibers with application to Alzheimer’s disease progression ⋆,exclude,not_applicable,review_not_primary,This review centers on robust reeb graph white matter fibers application alzheimer s disease rather than evaluated medical learned world-model dynamics as its primary subject.,high
ALT-d900c48bfc8d,fresh_alternate_public_search,A simulation-based randomized trial of ABCDE style cognitive aid for emergency medical services CHecklist In Prehospital Settings: the CHIPS-study.,exclude,not_applicable,review_not_primary,This review centers on simulation randomized trial abcde style cognitive aid emergency medical services rather than evaluated medical learned world-model dynamics as its primary subject.,high
ALT-1a54bc2eb4b4,fresh_alternate_public_search,A single dose of the catecholamine precursor Tyrosine reduces physiological arousal and decreases decision thresholds in reinforcement learning and temporal discounting,exclude,not_applicable,no_future_or_action_evaluation,"The single dose catecholamine precursor tyrosine reduces physiological arousal decreases decision study analyzes or reconstructs dynamics but does not directly evaluate future states, actions, rollouts, or planning.",high
ALT-1c8aa3d2e9cb,fresh_alternate_public_search,A statistical model for lung function trajectory and mortality in patients with fibrotic interstitial lung disease.,exclude,not_applicable,no_learned_dynamics,The statistical lung function trajectory mortality patients fibrotic interstitial lung disease study is an ordinary prognostic or static prediction analysis without a learned rollout mechanism.,high
ALT-9bae409c45da,fresh_alternate_public_search,A study on robot force control based on the GMM/GMR algorithm fusing different compensation strategies.,exclude,not_applicable,no_learned_dynamics,The robot force control gmm gmr algorithm fusing different compensation strategies record does not describe a learned temporal or action-conditioned medical dynamics model.,high
ALT-c235e13f05ec,fresh_alternate_public_search,A System Dynamics Decision-Support Model For Governing Generative AI Adoption: Leverage-Point Analysis And Intervention Simulation,exclude,not_applicable,no_learned_dynamics,The system dynamics decision support governing generative ai adoption leverage point study uses prescribed mechanistic or statistical dynamics rather than a learned transition mechanism.,high
ALT-709603415989,fresh_alternate_public_search,A Systemically Administered Unconjugated Antisense Oligonucleotide Targeting DUX4 Improves Muscular Injury and Motor Function in FSHD Model Mice.,exclude,not_applicable,review_not_primary,This review centers on systemically administered unconjugated antisense oligonucleotide targeting dux4 improves muscular injury rather than evaluated medical learned world-model dynamics as its primary subject.,high
ALT-a209fa3d00d5,fresh_alternate_public_search,A Temporal Mathematical Model of Alopecia Areata: Investigating Hair Cycle Dynamics and Disease Progression,exclude,not_applicable,no_learned_dynamics,The temporal mathematical alopecia areata investigating hair cycle dynamics disease progression study uses prescribed mechanistic or statistical dynamics rather than a learned transition mechanism.,high
ALT-bc44662f8af7,fresh_alternate_public_search,A tool to measure the impact of inaction toward elimination of hepatitis C: A case study in Korea.,exclude,not_applicable,no_learned_dynamics,The tool measure impact inaction elimination hepatitis c case korea study is an ordinary prognostic or static prediction analysis without a learned rollout mechanism.,high
ALT-38eb3d53362c,fresh_alternate_public_search,A trial of gantenerumab or solanezumab in dominantly inherited Alzheimer's disease.,exclude,not_applicable,no_learned_dynamics,The trial gantenerumab or solanezumab dominantly inherited alzheimer s disease study is an ordinary prognostic or static prediction analysis without a learned rollout mechanism.,high
ALT-55f569d2ada1,fresh_alternate_public_search,A unified framework for prediction of liver steatosis dynamics in response to different diet and drug interventions.,include,empirical,include_empirical,The unified prediction liver steatosis dynamics response different diet drug interventions study learns or calibrates temporal dynamics and directly evaluates intervention-conditioned rollouts or planning outcomes.,high
ALT-c299072b9784,fresh_alternate_public_search,A unique small cell lung carcinoma disease progression model shows progressive accumulation of cancer stem cell properties and CD44 as a potential diagnostic marker.,exclude,not_applicable,no_learned_dynamics,The unique small cell lung carcinoma disease progression shows progressive accumulation study is an ordinary prognostic or static prediction analysis without a learned rollout mechanism.,high
ALT-9a2506c92898,fresh_alternate_public_search,A variable speed limit control approach for freeway tunnels based on the model-based reinforcement learning framework with safety perception.,exclude,not_applicable,wrong_domain,"This record concerns variable speed limit control freeway tunnels reinforcement learning safety perception, which is outside medical or biomedical systems.",high
ALT-d790f3b8bbc4,fresh_alternate_public_search,Abnormalities in task‐fMRI activation are related to disease progression towards Alzheimer’s disease,exclude,not_applicable,no_future_or_action_evaluation,"The abnormalities task fmri activation are related disease progression alzheimer s study analyzes or reconstructs dynamics but does not directly evaluate future states, actions, rollouts, or planning.",medium
ALT-152f6fa470db,fresh_alternate_public_search,Abstract 5993: Temporal dynamics of ferroptosis vulnerability in a resistant cancer cell state,exclude,not_applicable,no_future_or_action_evaluation,"The abstract 5993 temporal dynamics ferroptosis vulnerability resistant cancer cell state study analyzes or reconstructs dynamics but does not directly evaluate future states, actions, rollouts, or planning.",high
ALT-1d708986aa4a,fresh_alternate_public_search,Abstract 6478: Temporal dynamics of T cell reprogramming associate with clinical response to ICI-based combination therapy in metastatic renal cell carcinoma,exclude,not_applicable,review_not_primary,This review centers on abstract 6478 temporal dynamics t cell reprogramming associate clinical response rather than evaluated medical learned world-model dynamics as its primary subject.,high
ALT-4ec08f29831b,fresh_alternate_public_search,Abstract 9865: Temporal Dynamics of T Cell Response After Cardiac Injury,exclude,not_applicable,no_future_or_action_evaluation,"The abstract 9865 temporal dynamics t cell response after cardiac injury study analyzes or reconstructs dynamics but does not directly evaluate future states, actions, rollouts, or planning.",high
ALT-02425f82cf87,fresh_alternate_public_search,Abstract DP120: The Spatial Distribution of Innate Immune Cells is Directed by Temporal Dynamics and Reciprocal Cell Recruitment,exclude,not_applicable,no_future_or_action_evaluation,"The abstract dp120 spatial distribution innate immune cells is directed by study analyzes or reconstructs dynamics but does not directly evaluate future states, actions, rollouts, or planning.",high
ALT-f54426050e81,fresh_alternate_public_search,"Accelerated Biological Aging and Longitudinal Progression of Cardiometabolic Disease, Subsequent Dementia, and Death: A Multistate Analysis.",exclude,not_applicable,review_not_primary,This review centers on accelerated biological aging longitudinal progression cardiometabolic disease subsequent dementia death rather than evaluated medical learned world-model dynamics as its primary subject.,high
ALT-9b44f04cc56d,fresh_alternate_public_search,Accelerated Fiducial Tag Detection Using Efficient Search Algorithm with Trajectory Forecasting,exclude,not_applicable,no_future_or_action_evaluation,"The accelerated fiducial tag detection efficient search algorithm trajectory forecasting study analyzes or reconstructs dynamics but does not directly evaluate future states, actions, rollouts, or planning.",high
ALT-4046c8c96982,fresh_alternate_public_search,Active Inference: Demystified and Compared.,exclude,not_applicable,review_not_primary,This review centers on active inference demystified compared rather than evaluated medical learned world-model dynamics as its primary subject.,high
ALT-6f589a8839be,fresh_alternate_public_search,Adaptive multi-interventional trial platform to improve patient care for fibrotic interstitial lung diseases.,exclude,not_applicable,no_learned_dynamics,The adaptive multi interventional trial platform improve patient care fibrotic interstitial study is an ordinary prognostic or static prediction analysis without a learned rollout mechanism.,high
ALT-12f272bcb911,fresh_alternate_public_search,Adaptive Resource Optimization for Blockchain Sharding in Medical Digital Twin Edge Networks: A Healthcare Data Security Framework.,exclude,not_applicable,wrong_domain,"This record concerns adaptive resource optimization blockchain sharding medical digital twin edge networks, which is outside medical or biomedical systems.",high
ALT-3c798ac4b31f,fresh_alternate_public_search,Advances in Understanding Diabetic Kidney Disease Progression and the Mechanisms of Acupuncture Intervention,exclude,not_applicable,no_future_or_action_evaluation,"The advances understanding diabetic kidney disease progression mechanisms acupuncture intervention study analyzes or reconstructs dynamics but does not directly evaluate future states, actions, rollouts, or planning.",medium
ALT-0db7baaf92ff,fresh_alternate_public_search,Advancing Precision Oncology with Digital and Virtual Twins: A Scoping Review.,include,review,include_review,"This review primarily synthesizes dynamic medical digital twins for advancing precision oncology digital virtual twins scoping review, including prediction, simulation, or intervention use.",high
ALT-0a27114aeed7,fresh_alternate_public_search,Adversarial robust image processing in medical digital twin,exclude,not_applicable,no_learned_dynamics,"The adversarial robust image processing medical digital twin record describes a static, conceptual, or mechanistic twin without learned temporal transitions.",medium
ALT-539af324d8b2,fresh_alternate_public_search,Agent-Based Computational Epidemiological Modeling.,exclude,not_applicable,no_learned_dynamics,"The agent computational epidemiological record describes a static, conceptual, or mechanistic twin without learned temporal transitions.",high
ALT-f7929441ff8e,fresh_alternate_public_search,AI-BASED OPTIMIZATION OF PROTON EXCHANGE MEMBRANE FUEL CELL CENTRIFUGAL COMPRESSOR VIA THREE-DIMENSIONAL COMPUTATIONAL FLUID DYNAMICS MODEL AND DATA-DRIVEN SURROGATE MODEL,exclude,not_applicable,wrong_domain,"This record concerns ai optimization proton exchange membrane fuel cell centrifugal compressor three, which is outside medical or biomedical systems.",high
ALT-ae18adba955f,fresh_alternate_public_search,AI-Based Population-Level Disability Estimation and Trajectory Forecasting,exclude,not_applicable,no_future_or_action_evaluation,"The ai population level disability estimation trajectory forecasting study analyzes or reconstructs dynamics but does not directly evaluate future states, actions, rollouts, or planning.",high
ALT-81736adc67fd,fresh_alternate_public_search,AI-Driven Digital Twin Architecture for Multimodal Prediction and Adaptive Intervention in Cognitive Aging,exclude,not_applicable,no_learned_dynamics,"The ai driven digital twin architecture multimodal prediction adaptive intervention cognitive study evaluates education, training, or simulator hardware rather than learned patient dynamics.",high
ALT-ad3483b235da,fresh_alternate_public_search,AI-Driven Digital Twin Architecture for Multimodal Prediction and Adaptive Intervention in Cognitive Aging (Preprint),exclude,not_applicable,no_learned_dynamics,"The ai driven digital twin architecture multimodal prediction adaptive intervention cognitive study evaluates education, training, or simulator hardware rather than learned patient dynamics.",high
ALT-e973e602f301,fresh_alternate_public_search,AI-Driven Digital Twin Framework for Predictive Healthcare,uncertain,empirical,insufficient_abstract,"The ai driven digital twin predictive healthcare title plausibly denotes learned medical dynamics, but the missing abstract does not establish direct future or action evaluation.",low
ALT-cf23547c69b1,fresh_alternate_public_search,AI-Guided Inference of Morphodynamic Attractor-like States in Glioblastoma.,exclude,not_applicable,no_learned_dynamics,The ai guided inference morphodynamic attractor like states glioblastoma study uses prescribed mechanistic or statistical dynamics rather than a learned transition mechanism.,high
ALT-99717b78a904,fresh_alternate_public_search,"AI-powered in silico twins: redefining precision medicine through simulation, personalization, and predictive healthcare.",include,review,include_review,"This review primarily synthesizes dynamic medical digital twins for ai powered silico twins redefining precision medicine through simulation personalization, including prediction, simulation, or intervention use.",high
ALT-76a44546bab6,fresh_alternate_public_search,Airborne disease transmission during indoor gatherings over multiple time scales: Modeling framework and policy implications.,exclude,not_applicable,no_future_or_action_evaluation,"The airborne disease transmission during indoor gatherings over multiple time scales study analyzes or reconstructs dynamics but does not directly evaluate future states, actions, rollouts, or planning.",high
ALT-f6449fe2d40f,fresh_alternate_public_search,AKI-twinX: explainable organ structured digital twin for sepsis AKI trajectory forecasting,include,empirical,include_empirical,The aki twinx explainable organ structured digital twin sepsis aki trajectory study learns or calibrates temporal dynamics and directly evaluates intervention-conditioned rollouts or planning outcomes.,high
ALT-0e16f0063c94,fresh_alternate_public_search,AlzheimerODE: A Knowledge-Guided Generative Model for Alzheimer's Disease Progression,uncertain,empirical,insufficient_abstract,"The alzheimerode knowledge guided generative alzheimer s disease progression title plausibly denotes learned medical dynamics, but the missing abstract does not establish direct future or action evaluation.",low
ALT-7b98f60c8899,fresh_alternate_public_search,Ambient Oxygen Concentration Enrichment When Using a Face Mask Connected to the Breathing Circuit Versus a Venturi Device: A Simulation Study.,exclude,not_applicable,no_future_or_action_evaluation,"The ambient oxygen concentration enrichment when face mask connected breathing circuit study analyzes or reconstructs dynamics but does not directly evaluate future states, actions, rollouts, or planning.",high
ALT-69327791224a,fresh_alternate_public_search,Amortized Bayesian inference on generative dynamical network models of epilepsy using deep neural density estimators.,exclude,not_applicable,no_future_or_action_evaluation,"The amortized bayesian inference generative dynamical network epilepsy deep neural density study analyzes or reconstructs dynamics but does not directly evaluate future states, actions, rollouts, or planning.",high
ALT-5bca2245f849,fresh_alternate_public_search,"Amyloid-Directed Antibodies: Past, Present, and Future.",exclude,not_applicable,review_not_primary,This review centers on amyloid directed antibodies past present future rather than evaluated medical learned world-model dynamics as its primary subject.,high
ALT-f3ffe9819ffb,fresh_alternate_public_search,An eikonal model with re-excitability for fast simulations in cardiac electrophysiology.,exclude,not_applicable,no_learned_dynamics,"The eikonal re excitability fast simulations cardiac electrophysiology record describes a static, conceptual, or mechanistic twin without learned temporal transitions.",high
ALT-465ec16986ad,fresh_alternate_public_search,An explainable ensemble machine learning model using baseline blood transcriptomics to predict Parkinson's disease motor progression,exclude,not_applicable,no_learned_dynamics,The explainable ensemble machine learning baseline blood transcriptomics predict parkinson s study is an ordinary prognostic or static prediction analysis without a learned rollout mechanism.,high
ALT-5581afc5f37d,fresh_alternate_public_search,An Item Response Theory-Informed Strategy to Model Total Score Data from Composite Scales.,exclude,not_applicable,no_future_or_action_evaluation,"The item response theory informed strategy total score data composite scales study analyzes or reconstructs dynamics but does not directly evaluate future states, actions, rollouts, or planning.",high
ALT-eefa5c2463e3,fresh_alternate_public_search,An Open Source Patient Simulator for Design and Evaluation of Computer Based Multiple Drug Dosing Control for Anesthetic and Hemodynamic Variables,uncertain,empirical,insufficient_abstract,"The open source patient simulator design computer multiple drug dosing control title plausibly denotes learned medical dynamics, but the missing abstract does not establish direct future or action evaluation.",low
ALT-7c951eb38f74,fresh_alternate_public_search,Anticipatory Healthcare Analytics: Inferring Latent Disease Dynamics from Noisy Clinical Observations,include,empirical,include_empirical,The anticipatory healthcare analytics inferring latent disease dynamics noisy clinical observations study learns or calibrates temporal dynamics and directly evaluates intervention-conditioned rollouts or planning outcomes.,high
ALT-e047a5f8e78b,fresh_alternate_public_search,"APOE4 genotypes and the trajectory of biomarkers, neuroimaging, and cognitive measures in Alzheimer's Disease: A mixed-effects disease progression model.",exclude,not_applicable,no_learned_dynamics,The apoe4 genotypes trajectory biomarkers neuroimaging cognitive measures alzheimer s disease study is an ordinary prognostic or static prediction analysis without a learned rollout mechanism.,high
ALT-6236c0921f50,fresh_alternate_public_search,Application of Hidden Markov Model to Identify Disease Progression Process in Medical Research,exclude,not_applicable,no_future_or_action_evaluation,"The application hidden markov identify disease progression process medical research study analyzes or reconstructs dynamics but does not directly evaluate future states, actions, rollouts, or planning.",high
ALT-184bc90f0138,fresh_alternate_public_search,Applying the D50 disease progression model to gray and white matter pathology in amyotrophic lateral sclerosis.,exclude,not_applicable,no_learned_dynamics,The applying d50 disease progression gray white matter pathology amyotrophic lateral study is an ordinary prognostic or static prediction analysis without a learned rollout mechanism.,high
ALT-5eb828b64a1b,fresh_alternate_public_search,Are Ingested B. anthracis Spores a Contribution to Anthrax Disease Progression in the Mouse Aerosol Challenge Model?,exclude,not_applicable,no_future_or_action_evaluation,"The are ingested b anthracis spores contribution anthrax disease progression mouse study analyzes or reconstructs dynamics but does not directly evaluate future states, actions, rollouts, or planning.",medium
ALT-db944a487acf,fresh_alternate_public_search,ARE-GAN: Adaptive Regression and ROI-Enhanced Generative Adversarial Network for Alzheimer Disease Progression Prediction,uncertain,empirical,insufficient_abstract,"The are gan adaptive regression roi enhanced generative adversarial network alzheimer title plausibly denotes learned medical dynamics, but the missing abstract does not establish direct future or action evaluation.",low
ALT-0b993cda5157,fresh_alternate_public_search,AReS: A patient simulator to facilitate testing of automated anesthesia.,exclude,not_applicable,no_learned_dynamics,The ares patient simulator facilitate testing automated anesthesia study uses prescribed mechanistic or statistical dynamics rather than a learned transition mechanism.,high
ALT-7c5ab8c52279,fresh_alternate_public_search,"Artificial Intelligence, LLM-based generation of synthetic patients with Parkinson’s Disease: towards a digital twin paradigm for in silico studies",include,empirical,include_empirical,The artificial intelligence llm generation synthetic patients parkinson s disease digital study learns or calibrates temporal dynamics and directly evaluates intervention-conditioned rollouts or planning outcomes.,high
ALT-27dc736f6668,fresh_alternate_public_search,Artificial intelligence-based analysis of visual electrophysiological signals for clinical interpretation support.,exclude,not_applicable,no_primary_empirical_evaluation,"The artificial intelligence visual electrophysiological signals clinical interpretation support record is editorial, corrective, conceptual, or consensus-based and lacks a primary learned-dynamics evaluation.",high
ALT-c7f7baf5a85d,fresh_alternate_public_search,Artificial intelligence-driven multimodal fusion for precision diagnosis and personalized management of breast cancer.,exclude,not_applicable,review_not_primary,This review centers on artificial intelligence driven multimodal fusion precision diagnosis personalized management breast rather than evaluated medical learned world-model dynamics as its primary subject.,high
ALT-30280e3ec2e2,fresh_alternate_public_search,"Aspiration to architecture: multi-omics, AI, digital twins, and blockchain for P4 medicine.",exclude,not_applicable,review_not_primary,This review centers on aspiration architecture multi omics ai digital twins blockchain p4 medicine rather than evaluated medical learned world-model dynamics as its primary subject.,high
ALT-7f4a436a8528,fresh_alternate_public_search,Assessing individual risk and the latent transmission of COVID-19 in a population with an interaction-driven temporal model.,exclude,not_applicable,review_not_primary,This review centers on assessing individual risk latent transmission covid 19 population interaction driven rather than evaluated medical learned world-model dynamics as its primary subject.,high
ALT-db660e0fa583,fresh_alternate_public_search,"Assessment of Efficacy and Safety of Zagotenemab: Results From PERISCOPE-ALZ, a Phase 2 Study in Early Symptomatic Alzheimer Disease.",exclude,not_applicable,no_learned_dynamics,The assessment efficacy safety zagotenemab results periscope alz phase 2 early study uses prescribed mechanistic or statistical dynamics rather than a learned transition mechanism.,high
ALT-01ab58aa5055,fresh_alternate_public_search,Association between the severity of histopathological lesions and Mycobacterium avium subspecies paratuberculosis (MAP) molecular diversity in cattle in southern Chile.,exclude,not_applicable,no_learned_dynamics,The association between severity histopathological lesions mycobacterium avium subspecies paratuberculosis molecular study is an ordinary prognostic or static prediction analysis without a learned rollout mechanism.,high
ALT-85efdeb867d8,fresh_alternate_public_search,Association of Amyloid Reduction After Donanemab Treatment With Tau Pathology and Clinical Outcomes: The TRAILBLAZER-ALZ Randomized Clinical Trial.,exclude,not_applicable,no_learned_dynamics,The association amyloid reduction after donanemab treatment tau pathology clinical outcomes study is an ordinary prognostic or static prediction analysis without a learned rollout mechanism.,high
ALT-dd64a01211d2,fresh_alternate_public_search,Augmenting digital twins with federated learning in medicine.,exclude,not_applicable,no_learned_dynamics,"The augmenting digital twins federated learning medicine study evaluates education, training, or simulator hardware rather than learned patient dynamics.",high
ALT-4ebd98e25663,fresh_alternate_public_search,Automatic Interactive Evaluation for Large Language Models with State Aware Patient Simulator,exclude,not_applicable,no_future_or_action_evaluation,"The automatic interactive large language state aware patient simulator study analyzes or reconstructs dynamics but does not directly evaluate future states, actions, rollouts, or planning.",medium
ALT-6fb8e7370e1e,fresh_alternate_public_search,Autosomal Dominant Tubulointerstitial Kidney Disease Clinical Trial Simulator: Case Reports of Model-Informed Drug Development.,include,empirical,include_empirical,The autosomal dominant tubulointerstitial kidney disease clinical trial simulator case reports study learns or calibrates temporal dynamics and directly evaluates intervention-conditioned rollouts or planning outcomes.,high
ALT-9aa198f05a8e,fresh_alternate_public_search,Avenanthramide-C as Alzheimer’s Disease-Modifying Therapy: Early and Sustained Intervention Prevents Disease Progression in Mouse Models,exclude,not_applicable,no_future_or_action_evaluation,"The avenanthramide c as alzheimer s disease modifying therapy early sustained study analyzes or reconstructs dynamics but does not directly evaluate future states, actions, rollouts, or planning.",high
ALT-40b6fa50104b,fresh_alternate_public_search,Ayurvedic protocols of chronic pain management: spatiotemporality as present moment awareness and embodied time.,exclude,not_applicable,no_primary_empirical_evaluation,"The ayurvedic protocols chronic pain management spatiotemporality as present moment awareness record is editorial, corrective, conceptual, or consensus-based and lacks a primary learned-dynamics evaluation.",high
ALT-1ecace3f968d,fresh_alternate_public_search,Bacterial Meningitis With Cerebral Edema in a Young Adult: A Simulation Case for Medical Students.,exclude,not_applicable,no_learned_dynamics,"The bacterial meningitis cerebral edema young adult simulation case medical students study evaluates education, training, or simulator hardware rather than learned patient dynamics.",high
ALT-3ca34a9b6616,fresh_alternate_public_search,Bagged filters for partially observed interacting systems.,exclude,not_applicable,no_learned_dynamics,The bagged filters partially observed interacting systems study is an ordinary prognostic or static prediction analysis without a learned rollout mechanism.,high
ALT-72a17424c71a,fresh_alternate_public_search,Balancing Facilitation and Exploration: Student Interactions With a Medical Patient Simulator in a Science Museum,exclude,not_applicable,no_learned_dynamics,"The balancing facilitation exploration student interactions medical patient simulator science museum study evaluates education, training, or simulator hardware rather than learned patient dynamics.",medium
ALT-d232330875df,fresh_alternate_public_search,Bayesian model of disease progression in mucopolysaccaridosis IIIA.,exclude,not_applicable,no_future_or_action_evaluation,"The bayesian disease progression mucopolysaccaridosis iiia study analyzes or reconstructs dynamics but does not directly evaluate future states, actions, rollouts, or planning.",high
ALT-839b6af8c04c,fresh_alternate_public_search,Beyond amyloid and tau: rethinking Alzheimer's disease through less explored avenues.,exclude,not_applicable,review_not_primary,This review centers on beyond amyloid tau rethinking alzheimer s disease through less explored rather than evaluated medical learned world-model dynamics as its primary subject.,high
ALT-1dcfc37bbd8f,fresh_alternate_public_search,Beyond digital twins: the role of foundation models in enhancing the interpretability of multiomics modalities in precision medicine.,exclude,not_applicable,review_not_primary,This review centers on beyond digital twins foundation enhancing interpretability multiomics modalities precision medicine rather than evaluated medical learned world-model dynamics as its primary subject.,high
ALT-38bba6c50f9f,fresh_alternate_public_search,Beyond model-free Pavlovian responding: a two-stage Pavlovian-instrumental transfer paradigm,exclude,not_applicable,no_future_or_action_evaluation,"The beyond free pavlovian responding two stage pavlovian instrumental transfer paradigm study analyzes or reconstructs dynamics but does not directly evaluate future states, actions, rollouts, or planning.",high
ALT-4e25b205f711,fresh_alternate_public_search,Blockchain based system for healthcare digital twin,exclude,not_applicable,no_learned_dynamics,"The blockchain system healthcare digital twin record describes a static, conceptual, or mechanistic twin without learned temporal transitions.",medium
ALT-86daac5c3f50,fresh_alternate_public_search,Blockchain-based digital twin management architecture for Internet of Medical Things Networks,exclude,not_applicable,no_learned_dynamics,"The blockchain digital twin management architecture internet medical things networks record describes a static, conceptual, or mechanistic twin without learned temporal transitions.",medium
ALT-38cc3c3b730b,fresh_alternate_public_search,Blockchain-Enabled Quality Improvement Digital Twin for Clinical Trials,exclude,not_applicable,no_learned_dynamics,"The blockchain enabled quality improvement digital twin clinical trials record describes a static, conceptual, or mechanistic twin without learned temporal transitions.",high
ALT-0ae4e8e79d49,fresh_alternate_public_search,Blueprint for Constructing an AI-Based Patient Simulation to Enhance the Integration of Foundational and Clinical Sciences in Didactic Immunology in a US Doctor of Pharmacy Program: A Step-by-Step Prompt Engineering and Coding Toolkit.,exclude,not_applicable,no_primary_empirical_evaluation,"The blueprint constructing ai patient simulation enhance integration foundational clinical sciences record is editorial, corrective, conceptual, or consensus-based and lacks a primary learned-dynamics evaluation.",high
ALT-1dfb4e7629f9,fresh_alternate_public_search,Brain Amyloid Plaque Levels Affect Clinical Progression in Alzheimer Disease: Assessment of Amyloid PET and Change in CDR-SB Utilizing Semi-Mechanistic Model.,exclude,not_applicable,no_learned_dynamics,The brain amyloid plaque levels affect clinical progression alzheimer disease assessment study uses prescribed mechanistic or statistical dynamics rather than a learned transition mechanism.,high
ALT-ea1902cbb70e,fresh_alternate_public_search,Brain Latent Progression: Individual-based spatiotemporal disease progression on 3D Brain MRIs via latent diffusion,uncertain,empirical,insufficient_abstract,"The brain latent progression individual spatiotemporal disease progression 3d brain mris title plausibly denotes learned medical dynamics, but the missing abstract does not establish direct future or action evaluation.",low
ALT-7fd15b06d0f1,fresh_alternate_public_search,Budget impact analysis of two treatment approaches for hepatitis C in Malaysia through the use of voluntary and compulsory licensing options.,exclude,not_applicable,no_learned_dynamics,The budget impact two treatment approaches hepatitis c malaysia through voluntary study is an ordinary prognostic or static prediction analysis without a learned rollout mechanism.,high
ALT-e86bc8b02c40,fresh_alternate_public_search,Building digital twins of the human immune system: toward a roadmap.,include,review,include_review,"This review primarily synthesizes dynamic medical digital twins for building digital twins human immune system roadmap, including prediction, simulation, or intervention use.",medium
ALT-ee0dd92079c0,fresh_alternate_public_search,C2INet: Continual Causal Intervention with Memorizable Priors for Incremental Trajectory Forecasting,exclude,not_applicable,no_future_or_action_evaluation,"The c2inet continual causal intervention memorizable priors incremental trajectory forecasting study analyzes or reconstructs dynamics but does not directly evaluate future states, actions, rollouts, or planning.",medium
ALT-1834d0196db0,fresh_alternate_public_search,Calculating sample size requirements for temporal dynamics in single cell proteomics,exclude,not_applicable,no_future_or_action_evaluation,"The calculating sample size requirements temporal dynamics single cell proteomics study analyzes or reconstructs dynamics but does not directly evaluate future states, actions, rollouts, or planning.",high
ALT-159e86335044,fresh_alternate_public_search,Calibration and validation of modeled 5-year survival predictions among people with cystic fibrosis treated with the cystic fibrosis transmembrane conductance regulator modulator ivacaftor using United States registry data.,exclude,not_applicable,no_future_or_action_evaluation,"The calibration validation modeled 5 year survival predictions among people cystic study analyzes or reconstructs dynamics but does not directly evaluate future states, actions, rollouts, or planning.",high
ALT-34674ff13a7f,fresh_alternate_public_search,Can vaccine prioritization reduce disparities in COVID-19 burden for historically marginalized populations?,exclude,not_applicable,no_future_or_action_evaluation,"The can vaccine prioritization reduce disparities covid 19 burden historically marginalized study analyzes or reconstructs dynamics but does not directly evaluate future states, actions, rollouts, or planning.",high
ALT-48e7c0980d05,fresh_alternate_public_search,Canalization of neural dynamics by δ-protocadherins in the developing zebrafish optic tectum.,exclude,not_applicable,review_not_primary,This review centers on canalization neural dynamics by protocadherins developing zebrafish optic tectum rather than evaluated medical learned world-model dynamics as its primary subject.,high
ALT-d3411f7d184d,fresh_alternate_public_search,"CardamomOT: a mechanistic optimal transport-based framework for gene regulatory network inference, trajectory reconstruction and generative modeling",include,empirical,include_empirical,The cardamomot mechanistic optimal transport gene regulatory network inference trajectory reconstruction study learns or calibrates temporal dynamics and directly evaluates temporal rollouts or simulated trajectories.,high
ALT-f1f45eb54c7c,fresh_alternate_public_search,"Cardiac Auscultation: A Practical Review of Technique, Modern Tools, and Strategies to Maintain Diagnostic Competence.",exclude,not_applicable,review_not_primary,This review centers on cardiac auscultation practical review technique modern tools strategies maintain diagnostic rather than evaluated medical learned world-model dynamics as its primary subject.,high
ALT-8ad509f825e2,fresh_alternate_public_search,Cardiac Simulator Technologies and Design for Medical Education and Auscultation Training: A Systematic Review.,exclude,not_applicable,review_not_primary,This review centers on cardiac simulator technologies design medical education auscultation training systematic review rather than evaluated medical learned world-model dynamics as its primary subject.,high
ALT-b82bb2551356,fresh_alternate_public_search,Cardiovascular care with digital twin technology in the era of generative artificial intelligence.,include,review,include_review,"This review primarily synthesizes dynamic medical digital twins for cardiovascular care digital twin technology era generative artificial intelligence, including prediction, simulation, or intervention use.",high
ALT-d244695eaa3f,fresh_alternate_public_search,Causal modeling of school aversion in psychiatrically referred adolescents: a DoWhy-based analysis.,exclude,not_applicable,no_future_or_action_evaluation,"The causal school aversion psychiatrically referred adolescents dowhy study analyzes or reconstructs dynamics but does not directly evaluate future states, actions, rollouts, or planning.",high
ALT-1bbcf3252882,fresh_alternate_public_search,"CellPace: A temporal diffusion-forcing framework for simulation, interpolation and forecasting of single-cell dynamics",include,empirical,include_empirical,The cellpace temporal diffusion forcing simulation interpolation forecasting single cell dynamics study learns or calibrates temporal dynamics and directly evaluates held-out future states or multi-step forecasts.,high
ALT-7c9477bab34a,fresh_alternate_public_search,Ceperognastat in Early Symptomatic Alzheimer Disease: A Randomized Clinical Trial.,exclude,not_applicable,no_learned_dynamics,The ceperognastat early symptomatic alzheimer disease randomized clinical trial study is an ordinary prognostic or static prediction analysis without a learned rollout mechanism.,high
ALT-7e3b2bad52d8,fresh_alternate_public_search,Cerebellar systems consolidation driven by the temporal dynamics of Purkinje cell excitability,exclude,not_applicable,review_not_primary,This review centers on cerebellar systems consolidation driven by temporal dynamics purkinje cell excitability rather than evaluated medical learned world-model dynamics as its primary subject.,high
ALT-63c54f3135d3,fresh_alternate_public_search,Cerebrospinal Fluid Neurofilament Light Chain (NfL) Predicts Disease Aggressiveness in Amyotrophic Lateral Sclerosis: An Application of the D50 Disease Progression Model.,exclude,not_applicable,review_not_primary,This review centers on cerebrospinal fluid neurofilament light chain predicts disease aggressiveness amyotrophic lateral rather than evaluated medical learned world-model dynamics as its primary subject.,high
ALT-744dce1205a8,fresh_alternate_public_search,Challenges of Digital Twin in healthcare,uncertain,review,insufficient_abstract,"The challenges digital twin healthcare title plausibly denotes a medical world-model review, but the missing abstract does not establish its primary scope.",low
ALT-8e2e57c2fdd8,fresh_alternate_public_search,Changes in performance during repeated in-situ simulations with different cases.,exclude,not_applicable,no_future_or_action_evaluation,"The changes performance during repeated situ simulations different cases study analyzes or reconstructs dynamics but does not directly evaluate future states, actions, rollouts, or planning.",high
ALT-61f59378b88e,fresh_alternate_public_search,Chapter 8: MONA: A Robotic Patient Simulator for Occupational Therapists Training,exclude,not_applicable,review_not_primary,This review centers on chapter 8 mona robotic patient simulator occupational therapists training rather than evaluated medical learned world-model dynamics as its primary subject.,medium
ALT-09c529fe4d4d,fresh_alternate_public_search,Characterization of tissue properties in epidural needle insertion on human specimen and synthetic materials.,exclude,not_applicable,no_learned_dynamics,The characterization tissue properties epidural needle insertion human specimen synthetic materials study uses prescribed mechanistic or statistical dynamics rather than a learned transition mechanism.,high
ALT-691b0fee2abb,fresh_alternate_public_search,Characterizing caspase-1 involvement during esophageal disease progression.,exclude,not_applicable,no_learned_dynamics,The characterizing caspase 1 involvement during esophageal disease progression study is an ordinary prognostic or static prediction analysis without a learned rollout mechanism.,high
ALT-45e790b0d8ae,fresh_alternate_public_search,CHINESE POETIC REALM EMPOWERING ASD PRECURSOR DEFECT INTERVENTION: WEARABLE-FREE MULTIMODAL IDENTIFICATION AND PERSONALIZED ADAPTATION IN DIGITAL TWIN METAVERSE,exclude,not_applicable,no_future_or_action_evaluation,"The chinese poetic realm empowering asd precursor defect intervention wearable free study analyzes or reconstructs dynamics but does not directly evaluate future states, actions, rollouts, or planning.",high
ALT-cef33f30186b,fresh_alternate_public_search,Circadian Intervention Improves Parkinson’s Disease and May Slow Disease Progression: A Ten Year Retrospective Study,exclude,not_applicable,no_learned_dynamics,The circadian intervention improves parkinson s disease may slow disease progression study is an ordinary prognostic or static prediction analysis without a learned rollout mechanism.,high
ALT-238a1a830ea0,fresh_alternate_public_search,cLDM-ODE: A Multimodal Generative Framework for Uncertainty-Aware Forecasting of Alzheimer's Disease Progression,uncertain,empirical,insufficient_abstract,"The cldm ode multimodal generative uncertainty aware forecasting alzheimer s disease title plausibly denotes learned medical dynamics, but the missing abstract does not establish direct future or action evaluation.",low
ALT-2ff8aaeb2aa5,fresh_alternate_public_search,Clinical impact of the Alzheimer's Disease Neuroimaging Initiative: A review of studies using ADNI data (2023 to June 2025).,exclude,not_applicable,review_not_primary,This review centers on clinical impact alzheimer s disease neuroimaging initiative review studies adni rather than evaluated medical learned world-model dynamics as its primary subject.,high
ALT-6e906957acbc,fresh_alternate_public_search,Clinical markers of disease progression in the prodromal to overt alpha-synucleinopathy continuum.,exclude,not_applicable,no_learned_dynamics,The clinical markers disease progression prodromal overt alpha synucleinopathy continuum study is an ordinary prognostic or static prediction analysis without a learned rollout mechanism.,high
ALT-eac24f54e528,fresh_alternate_public_search,Clinical parameters predicted the progression to dementia in oldest old patients with mild cognitive impairment (MCI).,exclude,not_applicable,no_learned_dynamics,The clinical parameters predicted progression dementia oldest old patients mild cognitive study is an ordinary prognostic or static prediction analysis without a learned rollout mechanism.,high
ALT-5f6f89299399,fresh_alternate_public_search,Clinical Progression on CDR-SB,exclude,not_applicable,no_future_or_action_evaluation,"The clinical progression cdr sb study analyzes or reconstructs dynamics but does not directly evaluate future states, actions, rollouts, or planning.",high
ALT-15e58a26d551,fresh_alternate_public_search,Clinical progression on CDR-SB©: Progression-free time at each 0.5 unit level in dominantly inherited and sporadic Alzheimer's disease populations.,exclude,not_applicable,no_future_or_action_evaluation,"The clinical progression cdr sb progression free time at each 0 study analyzes or reconstructs dynamics but does not directly evaluate future states, actions, rollouts, or planning.",high
ALT-7c8d03cd94ea,fresh_alternate_public_search,Clinical relevance of computationally derived tubular features and their spatial relationships with the interstitial microenvironment in minimal change disease/focal segmental glomerulosclerosis.,exclude,not_applicable,no_learned_dynamics,The clinical relevance computationally derived tubular features their spatial relationships interstitial study is an ordinary prognostic or static prediction analysis without a learned rollout mechanism.,high
ALT-26459d1fc1e8,fresh_alternate_public_search,Clinical Relevance of Computationally Derived Tubular Features: Spatial Relationships and the Development of Tubulointerstitial Scarring in MCD/FSGS,exclude,not_applicable,no_learned_dynamics,The clinical relevance computationally derived tubular features spatial relationships tubulointerstitial scarring study is an ordinary prognostic or static prediction analysis without a learned rollout mechanism.,high
ALT-949bc7547612,fresh_alternate_public_search,Clinical-GAN: Trajectory Forecasting of Clinical Events using Transformer and Generative Adversarial Networks,uncertain,empirical,insufficient_abstract,"The clinical gan trajectory forecasting clinical events transformer generative adversarial networks title plausibly denotes learned medical dynamics, but the missing abstract does not establish direct future or action evaluation.",low
ALT-09299ae3e776,fresh_alternate_public_search,Close Related Drug-Resistance Beijing Isolates of Mycobacterium tuberculosis Reveal a Different Transcriptomic Signature in a Murine Disease Progression Model.,exclude,not_applicable,no_learned_dynamics,The close related drug resistance beijing isolates mycobacterium tuberculosis reveal different study is an ordinary prognostic or static prediction analysis without a learned rollout mechanism.,high
ALT-586b44019397,fresh_alternate_public_search,Clustering large-scale biomedical data to model dynamic accumulation processes in disease progression and anti-microbial resistance evolution,exclude,not_applicable,no_future_or_action_evaluation,"The clustering large scale biomedical data dynamic accumulation processes disease progression study analyzes or reconstructs dynamics but does not directly evaluate future states, actions, rollouts, or planning.",high
ALT-783855a8cb0f,fresh_alternate_public_search,Cognitive Trajectories from Preclinical Alzheimer's Disease to Dementia.,exclude,not_applicable,no_future_or_action_evaluation,"The cognitive trajectories preclinical alzheimer s disease dementia study analyzes or reconstructs dynamics but does not directly evaluate future states, actions, rollouts, or planning.",high
ALT-3da6e00bc032,fresh_alternate_public_search,Collaborative Simulation Training in Extended Reality with High-Fidelity Patient Simulator for Emergency Contexts,exclude,not_applicable,no_learned_dynamics,"The collaborative simulation training extended reality high fidelity patient simulator emergency study evaluates education, training, or simulator hardware rather than learned patient dynamics.",medium
ALT-0c3305a9256b,fresh_alternate_public_search,Collision-Free Trajectory Planning with Digital Twin Support for Robotic Bin Picking from Unstructured Bins,exclude,not_applicable,wrong_domain,"This record concerns collision free trajectory planning digital twin support robotic bin picking, which is outside medical or biomedical systems.",high
ALT-2c0700e9340e,fresh_alternate_public_search,Comparing Patient Simulation With a Humanoid Robot or a Human Actor in Terms of Training Success and Acceptance: Pilot Questionnaire Study.,exclude,not_applicable,review_not_primary,This review centers on comparing patient simulation humanoid robot or human actor terms training rather than evaluated medical learned world-model dynamics as its primary subject.,high
ALT-3cc7b0f4a4f2,fresh_alternate_public_search,Comparison of Cardiac Auscultation Features on Four Different Simulation Mannequins Performed by Pediatric Residents.,exclude,not_applicable,no_learned_dynamics,"The comparison cardiac auscultation features four different simulation mannequins performed by study evaluates education, training, or simulator hardware rather than learned patient dynamics.",high
ALT-75e1c2159438,fresh_alternate_public_search,Comparison of partial pressure of oxygen between compression-only CPR and standard CPR in simulated adult cardiac arrest - A manikin-based clinical modelling.,exclude,not_applicable,no_future_or_action_evaluation,"The comparison partial pressure oxygen between compression only cpr standard cpr study analyzes or reconstructs dynamics but does not directly evaluate future states, actions, rollouts, or planning.",high
ALT-2413a645618a,fresh_alternate_public_search,Comparison of Treatment Outcomes Between Thoracoscopic Surgery and Stereotactic Body Radiotherapy for Early-Stage Non-Small Cell Lung Cancer.,exclude,not_applicable,no_learned_dynamics,The comparison treatment outcomes between thoracoscopic surgery stereotactic body radiotherapy early study is an ordinary prognostic or static prediction analysis without a learned rollout mechanism.,high
ALT-6dd8cdfa0ec6,fresh_alternate_public_search,Comparison of two teaching methods for stopping the bleed: a randomized controlled trial.,exclude,not_applicable,no_learned_dynamics,"The comparison two teaching methods stopping bleed randomized controlled trial study evaluates education, training, or simulator hardware rather than learned patient dynamics.",high
ALT-c44f96c52dd9,fresh_alternate_public_search,Comprehensive overview of AI methodologies in nano-drug delivery Optimization and Design.,exclude,not_applicable,review_not_primary,This review centers on comprehensive overview ai methodologies nano drug delivery optimization design rather than evaluated medical learned world-model dynamics as its primary subject.,high
ALT-b01ce3efa859,fresh_alternate_public_search,"Computational models of atrial fibrillation: achievements, challenges, and perspectives for improving clinical care.",exclude,not_applicable,review_not_primary,This review centers on computational atrial fibrillation achievements challenges perspectives improving clinical care rather than evaluated medical learned world-model dynamics as its primary subject.,high
ALT-6377ee9e0d2e,fresh_alternate_public_search,Concept and development of a telemedical supervision system for anesthesiology in operating rooms using the interoperable communication standard ISO/IEEE 11073 SDC.,exclude,not_applicable,no_primary_empirical_evaluation,"The concept telemedical supervision system anesthesiology operating rooms interoperable communication standard record is editorial, corrective, conceptual, or consensus-based and lacks a primary learned-dynamics evaluation.",high
ALT-6fb08f9b7ad3,fresh_alternate_public_search,Consistency of efficacy results across various clinical measures and statistical methods in the lecanemab phase 2 trial of early Alzheimer's disease.,exclude,not_applicable,no_primary_empirical_evaluation,"The consistency efficacy results across various clinical measures statistical methods lecanemab record is editorial, corrective, conceptual, or consensus-based and lacks a primary learned-dynamics evaluation.",high
ALT-76dd9bf2a9a9,fresh_alternate_public_search,Construction and validation of a risk predictive model for fear of disease progression in patients after percutaneous coronary intervention,exclude,not_applicable,no_learned_dynamics,The construction validation risk predictive fear disease progression patients after percutaneous study is an ordinary prognostic or static prediction analysis without a learned rollout mechanism.,medium
ALT-3615c68bb006,fresh_alternate_public_search,Continuous-time air pollutant forecasting using multi-timescale attention neural ordinary differential equations (MA-NODE).,exclude,not_applicable,wrong_domain,"This record concerns continuous time air pollutant forecasting multi timescale attention neural ordinary, which is outside medical or biomedical systems.",high
ALT-a053fc45cfc6,fresh_alternate_public_search,Contrast-enhanced CT based radiomics for prediction of 3-year disease progression in NSCLC patients after anti-PD-1-targeted therapy.,exclude,not_applicable,no_learned_dynamics,"The contrast enhanced ct radiomics prediction 3 year disease progression nsclc study evaluates education, training, or simulator hardware rather than learned patient dynamics.",high
ALT-de9b65689445,fresh_alternate_public_search,Control of medical digital twins with artificial neural networks.,exclude,not_applicable,no_learned_dynamics,The control medical digital twins artificial neural networks study uses prescribed mechanistic or statistical dynamics rather than a learned transition mechanism.,high
ALT-075d801c964c,fresh_alternate_public_search,"Convergence of Digital Twin, AI, IOT, and machine learning techniques for medical diagnostics",exclude,not_applicable,no_learned_dynamics,The convergence digital twin ai iot machine learning techniques medical diagnostics study is an ordinary prognostic or static prediction analysis without a learned rollout mechanism.,medium
ALT-fd21382045f7,fresh_alternate_public_search,Coronavirus-mimicking nanoparticles (CorNPs) in artificial saliva droplets and nanoaerosols: Influence of shape and environmental factors on particokinetics/particle aerodynamics.,exclude,not_applicable,review_not_primary,This review centers on coronavirus mimicking nanoparticles artificial saliva droplets nanoaerosols influence shape environmental rather than evaluated medical learned world-model dynamics as its primary subject.,high
ALT-7a7be21b5516,fresh_alternate_public_search,Correction to: Stepwise Disease Progression Model of Subsolid Lung Adenocarcinoma with Cystic Airspaces.,exclude,not_applicable,no_primary_empirical_evaluation,"The correction stepwise disease progression subsolid lung adenocarcinoma cystic airspaces record is editorial, corrective, conceptual, or consensus-based and lacks a primary learned-dynamics evaluation.",high
ALT-f06517c745fb,fresh_alternate_public_search,"Corrections to ""A Machine-Learning Derived Huntington's Disease Progression Model: Insights for Clinical Trial Design"".",exclude,not_applicable,no_primary_empirical_evaluation,"The corrections machine learning derived huntington s disease progression insights clinical record is editorial, corrective, conceptual, or consensus-based and lacks a primary learned-dynamics evaluation.",medium
ALT-18c1cc2e1565,fresh_alternate_public_search,Cortical and subcortical grey matter atrophy in Amyotrophic Lateral Sclerosis correlates with measures of disease accumulation independent of disease aggressiveness.,exclude,not_applicable,no_learned_dynamics,The cortical subcortical grey matter atrophy amyotrophic lateral sclerosis correlates measures study is an ordinary prognostic or static prediction analysis without a learned rollout mechanism.,high
ALT-d96faf13294e,fresh_alternate_public_search,Cost effectiveness of empagliflozin in adult patients with chronic kidney disease in the Netherlands.,exclude,not_applicable,no_learned_dynamics,The cost effectiveness empagliflozin adult patients chronic kidney disease netherlands study uses prescribed mechanistic or statistical dynamics rather than a learned transition mechanism.,high
ALT-490295465408,fresh_alternate_public_search,Cost-Effectiveness Analysis of a Once-Daily Single-Inhaler Triple Therapy for Patients with Chronic Obstructive Pulmonary Disease (COPD) Using the FULFIL Trial: A Spanish Perspective.,exclude,not_applicable,review_not_primary,This review centers on cost effectiveness once daily single inhaler triple therapy patients chronic rather than evaluated medical learned world-model dynamics as its primary subject.,high
ALT-f1e6e909c7bb,fresh_alternate_public_search,"Cost-effectiveness analysis of durvalumab as a maintenance treatment for patients with locally advanced, unresectable, stage Ⅲ nsclc in china.",exclude,not_applicable,review_not_primary,This review centers on cost effectiveness durvalumab as maintenance treatment patients locally advanced unresectable rather than evaluated medical learned world-model dynamics as its primary subject.,high
ALT-ef6d1b99c235,fresh_alternate_public_search,Cost-effectiveness analysis of noninvasive tests to identify advanced fibrosis in non-alcoholic fatty liver disease.,exclude,not_applicable,review_not_primary,This review centers on cost effectiveness noninvasive tests identify advanced fibrosis non alcoholic fatty rather than evaluated medical learned world-model dynamics as its primary subject.,high
ALT-8b50f94f78f2,fresh_alternate_public_search,Cost-effectiveness of a clinical decision support system for atrial fibrillation: an RCT-based modelling study.,exclude,not_applicable,no_learned_dynamics,The cost effectiveness clinical decision support system atrial fibrillation rct study uses prescribed mechanistic or statistical dynamics rather than a learned transition mechanism.,high
ALT-c30645a04674,fresh_alternate_public_search,Cost-effectiveness of increased screening and treatment of chronic hepatitis C in Korea.,exclude,not_applicable,review_not_primary,This review centers on cost effectiveness increased screening treatment chronic hepatitis c korea rather than evaluated medical learned world-model dynamics as its primary subject.,high
ALT-518efb40123a,fresh_alternate_public_search,Cost-effectiveness of mass screening for Hepatitis C virus among all inmates in an Irish prison.,exclude,not_applicable,review_not_primary,This review centers on cost effectiveness mass screening hepatitis c virus among all inmates rather than evaluated medical learned world-model dynamics as its primary subject.,high
ALT-fea9751bda13,fresh_alternate_public_search,Cost-effectiveness of semaglutide versus dulaglutide for Type 2 Diabetes in China: A Markov Model analysis.,exclude,not_applicable,review_not_primary,This review centers on cost effectiveness semaglutide versus dulaglutide type 2 diabetes china markov rather than evaluated medical learned world-model dynamics as its primary subject.,high
ALT-6ec965cb8bba,fresh_alternate_public_search,Cost-Effectiveness of Single- versus Multiple-Inhaler Triple Therapy in a UK COPD Population: The INTREPID Trial.,exclude,not_applicable,review_not_primary,This review centers on cost effectiveness single versus multiple inhaler triple therapy uk copd rather than evaluated medical learned world-model dynamics as its primary subject.,high
ALT-0169e0883d97,fresh_alternate_public_search,Cost-Effectiveness of Single-Inhaler Triple Therapy (FF/UMEC/VI) versus Tiotropium Monotherapy in Patients with Symptomatic Moderate-to-Very Severe COPD in the UK.,exclude,not_applicable,review_not_primary,This review centers on cost effectiveness single inhaler triple therapy versus tiotropium monotherapy patients rather than evaluated medical learned world-model dynamics as its primary subject.,high
ALT-722d1d8f84b0,fresh_alternate_public_search,Cost-Effectiveness of Strategies to Identify Children with Perinatally Acquired Hepatitis C Infection.,exclude,not_applicable,no_learned_dynamics,The cost effectiveness strategies identify children perinatally acquired hepatitis c infection study uses prescribed mechanistic or statistical dynamics rather than a learned transition mechanism.,high
ALT-dd8dd67702b3,fresh_alternate_public_search,Cost-effectiveness of targeted screening for the identification of patients with atrial fibrillation: evaluation of a machine learning risk prediction algorithm.,exclude,not_applicable,review_not_primary,This review centers on cost effectiveness targeted screening identification patients atrial fibrillation machine learning rather than evaluated medical learned world-model dynamics as its primary subject.,high
ALT-da82f882d5c4,fresh_alternate_public_search,"Cost-Effectiveness of Testing and Treatment for Hepatitis B Virus and Hepatitis C Virus Infections: An Analysis by Scenarios, Regions, and Income.",exclude,not_applicable,no_learned_dynamics,The cost effectiveness testing treatment hepatitis b virus hepatitis c virus study uses prescribed mechanistic or statistical dynamics rather than a learned transition mechanism.,high
ALT-8de106539f7b,fresh_alternate_public_search,Cost-effectiveness of the HepCATT intervention in specialist drug clinics to improve case-finding and engagement with HCV treatment for people who inject drugs in England.,exclude,not_applicable,review_not_primary,This review centers on cost effectiveness hepcatt intervention specialist drug clinics improve case finding rather than evaluated medical learned world-model dynamics as its primary subject.,high
ALT-1c26b2d03625,fresh_alternate_public_search,COVID 19: An SEIR model predicting disease progression and healthcare outcomes for Pakistan,exclude,not_applicable,no_future_or_action_evaluation,"The covid 19 seir predicting disease progression healthcare outcomes pakistan study analyzes or reconstructs dynamics but does not directly evaluate future states, actions, rollouts, or planning.",high
ALT-987242750296,fresh_alternate_public_search,COVID-19: how a self-monitoring checklist can empower early intervention and slow disease progression,exclude,not_applicable,no_future_or_action_evaluation,"The covid 19 how self monitoring checklist can empower early intervention study analyzes or reconstructs dynamics but does not directly evaluate future states, actions, rollouts, or planning.",medium
ALT-e3cc206d8105,fresh_alternate_public_search,Cross-modal fusion of brain imaging and clinical data for Parkinson's disease progression prediction.,exclude,not_applicable,no_learned_dynamics,The cross modal fusion brain imaging clinical data parkinson s disease study is an ordinary prognostic or static prediction analysis without a learned rollout mechanism.,high
ALT-1bfe0e9cc06e,fresh_alternate_public_search,Crown preparations by undergraduate dental students: A comparison of conventional versus digital assessment via an intraoral scanner.,exclude,not_applicable,no_learned_dynamics,"The crown preparations by undergraduate dental students comparison conventional versus digital study evaluates education, training, or simulator hardware rather than learned patient dynamics.",high
ALT-3062c794c4e1,fresh_alternate_public_search,Current progress of digital twin construction using medical imaging.,include,review,include_review,"This review primarily synthesizes dynamic medical digital twins for current progress digital twin construction medical imaging, including prediction, simulation, or intervention use.",high
ALT-bdb5a427741b,fresh_alternate_public_search,Cytokine imbalance and HBV-specific T-cell exhaustion predict disease progression in HIV-HBV coinfection.,exclude,not_applicable,no_learned_dynamics,The cytokine imbalance hbv specific t cell exhaustion predict disease progression study is an ordinary prognostic or static prediction analysis without a learned rollout mechanism.,high
ALT-7b68efebd8ae,fresh_alternate_public_search,"Data science in neurodegenerative disease: its capabilities, limitations, and perspectives.",exclude,not_applicable,review_not_primary,This review centers on data science neurodegenerative disease its capabilities limitations perspectives rather than evaluated medical learned world-model dynamics as its primary subject.,high
ALT-531ffbb6add3,fresh_alternate_public_search,Data-driven discovery of digital twins in biomedical research.,include,review,include_review,"This review primarily synthesizes dynamic medical digital twins for data driven discovery digital twins biomedical research, including prediction, simulation, or intervention use.",high
ALT-70bfc8007ac8,fresh_alternate_public_search,Data-driven disease progression model of Parkinson's disease and effect of sex and genetic variants.,exclude,not_applicable,no_learned_dynamics,The data driven disease progression parkinson s disease effect sex genetic study is an ordinary prognostic or static prediction analysis without a learned rollout mechanism.,high
ALT-61ae05403063,fresh_alternate_public_search,Data-driven Huntington's disease progression modelling and estimation of societal cost in the UK.,exclude,not_applicable,no_learned_dynamics,The data driven huntington s disease progression estimation societal cost uk study uses prescribed mechanistic or statistical dynamics rather than a learned transition mechanism.,high
ALT-15149498d0ab,fresh_alternate_public_search,Data-Driven Method for Robotic Trajectory Error Prediction and Compensation Based on Digital Twin,exclude,not_applicable,wrong_domain,"This record concerns data driven method robotic trajectory error prediction compensation digital twin, which is outside medical or biomedical systems.",high
ALT-57f713cb9c2e,fresh_alternate_public_search,Data-driven model discovery and model selection for noisy biological systems.,exclude,not_applicable,no_learned_dynamics,The data driven discovery selection noisy biological systems study uses prescribed mechanistic or statistical dynamics rather than a learned transition mechanism.,high
ALT-9884526e2ca3,fresh_alternate_public_search,Data-driven modeling of wildfire spread with stochastic cellular automata and latent spatio-temporal dynamics,exclude,not_applicable,wrong_domain,"This record concerns data driven wildfire spread stochastic cellular automata latent spatio temporal, which is outside medical or biomedical systems.",high
ALT-6370636bc24a,fresh_alternate_public_search,Data-driven scalable pipeline using national agent-based models for real-time pandemic response and decision support.,exclude,not_applicable,no_learned_dynamics,"The data driven scalable pipeline national agent real time pandemic response record describes a static, conceptual, or mechanistic twin without learned temporal transitions.",high
ALT-eebdb0885efe,fresh_alternate_public_search,DATA-EFFICIENT MODEL-BASED REINFORCEMENT LEARNING FOR ROBOT CONTROL,exclude,not_applicable,wrong_domain,"This record concerns data efficient reinforcement learning robot control, which is outside medical or biomedical systems.",high
ALT-79e51ea34689,fresh_alternate_public_search,"Decision letter for ""Interferon‐gamma contributes to disease progression in the Ndufs4 (−/−) model of Leigh syndrome""",exclude,not_applicable,no_primary_empirical_evaluation,"The decision letter interferon gamma contributes disease progression ndufs4 leigh syndrome record is editorial, corrective, conceptual, or consensus-based and lacks a primary learned-dynamics evaluation.",medium
ALT-118b7c0e95c2,fresh_alternate_public_search,"Decision letter for ""Telomere length and oxidative stress variations in a murine model of Alzheimer’s disease progression""",exclude,not_applicable,no_primary_empirical_evaluation,"The decision letter telomere length oxidative stress variations murine alzheimer s record is editorial, corrective, conceptual, or consensus-based and lacks a primary learned-dynamics evaluation.",medium
ALT-00838254e036,fresh_alternate_public_search,Decision letter: Shape deformation analysis reveals the temporal dynamics of cell-type-specific homeostatic and pathogenic responses to mutant huntingtin,exclude,not_applicable,no_primary_empirical_evaluation,"The decision letter shape deformation reveals temporal dynamics cell type specific record is editorial, corrective, conceptual, or consensus-based and lacks a primary learned-dynamics evaluation.",medium
ALT-66f6aefba9e2,fresh_alternate_public_search,Decomposing heterogeneity in disease progression speeds and pathways.,exclude,not_applicable,no_learned_dynamics,The decomposing heterogeneity disease progression speeds pathways study is an ordinary prognostic or static prediction analysis without a learned rollout mechanism.,high
ALT-c7b83da93b13,fresh_alternate_public_search,Deep learning and differential equations for modeling changes in individual-level latent dynamics between observation periods.,exclude,not_applicable,no_future_or_action_evaluation,"The deep learning differential equations changes individual level latent dynamics between study analyzes or reconstructs dynamics but does not directly evaluate future states, actions, rollouts, or planning.",high
ALT-cf60ad3588b1,fresh_alternate_public_search,Deep neural networks for endemic measles dynamics: Comparative analysis and integration with mechanistic models.,exclude,not_applicable,no_learned_dynamics,The deep neural networks endemic measles dynamics comparative integration mechanistic study uses prescribed mechanistic or statistical dynamics rather than a learned transition mechanism.,high
ALT-50502bb290be,fresh_alternate_public_search,Deep recurrent model for individualized prediction of Alzheimer’s disease progression,exclude,not_applicable,no_future_or_action_evaluation,"The deep recurrent individualized prediction alzheimer s disease progression study analyzes or reconstructs dynamics but does not directly evaluate future states, actions, rollouts, or planning.",medium
ALT-dbfe062cce89,fresh_alternate_public_search,DeepAtrophy: Teaching a neural network to detect progressive changes in longitudinal MRI of the hippocampal region in Alzheimer's disease.,exclude,not_applicable,no_learned_dynamics,"The deepatrophy teaching neural network detect progressive changes longitudinal mri hippocampal study evaluates education, training, or simulator hardware rather than learned patient dynamics.",high
ALT-059b5f953714,fresh_alternate_public_search,DeLTA 2.0: A deep learning pipeline for quantifying single-cell spatial and temporal dynamics,exclude,not_applicable,no_learned_dynamics,"The delta 2 0 deep learning pipeline quantifying single cell spatial study evaluates education, training, or simulator hardware rather than learned patient dynamics.",high
ALT-d0f6d1603b2e,fresh_alternate_public_search,DentalTrain: An Intelligent Virtual Patient Simulator for Endodontic Clinical Training,exclude,not_applicable,no_learned_dynamics,"The dentaltrain intelligent virtual patient simulator endodontic clinical training study evaluates education, training, or simulator hardware rather than learned patient dynamics.",medium
ALT-f2eeba237811,fresh_alternate_public_search,Design considerations for C9orf72 disease prevention trials.,exclude,not_applicable,no_learned_dynamics,The design considerations c9orf72 disease prevention trials study is an ordinary prognostic or static prediction analysis without a learned rollout mechanism.,high
ALT-f40ae1f81ea0,fresh_alternate_public_search,Design Framework and Clinical Evaluation of a Passive Hydraulic Patient Simulator for Biceps Spasticity Assessment Training,exclude,not_applicable,no_learned_dynamics,"The design clinical passive hydraulic patient simulator biceps spasticity assessment training study evaluates education, training, or simulator hardware rather than learned patient dynamics.",high
ALT-f8be23724949,fresh_alternate_public_search,Design of a Digital Twin System for Multi-stage Robotic Assembly with Trajectory Optimization,exclude,not_applicable,wrong_domain,"This record concerns design digital twin system multi stage robotic assembly trajectory optimization, which is outside medical or biomedical systems.",high
ALT-bd55251ed4f1,fresh_alternate_public_search,Design of a patient simulator for clinicians training in mechanical ventilation: SimVep.,exclude,not_applicable,no_learned_dynamics,"The design patient simulator clinicians training mechanical ventilation simvep study evaluates education, training, or simulator hardware rather than learned patient dynamics.",high
ALT-07c9f8c9fef4,fresh_alternate_public_search,Design of an interface for teaching cardiovascular physiology to anesthesia clinicians with a patient simulator connected to a minimally invasive cardiac output monitor (LiDCO,exclude,not_applicable,no_learned_dynamics,"The design interface teaching cardiovascular physiology anesthesia clinicians patient simulator connected study evaluates education, training, or simulator hardware rather than learned patient dynamics.",high
ALT-9a315a53cb0a,fresh_alternate_public_search,Design of high-performance digital twins to enhance magnetic resonance imaging patient positioning,exclude,not_applicable,no_learned_dynamics,"The design high performance digital twins enhance magnetic resonance imaging patient record describes a static, conceptual, or mechanistic twin without learned temporal transitions.",medium
ALT-8f2da22880fb,fresh_alternate_public_search,Designing Optimal Intervention Policies for Bacterial CNS Infection Dynamics With Encephalitic Progression: A Multicontrol Compartmental Model,exclude,not_applicable,no_learned_dynamics,The designing optimal intervention policies bacterial cns infection dynamics encephalitic progression study uses prescribed mechanistic or statistical dynamics rather than a learned transition mechanism.,high
ALT-43587c55dcc6,fresh_alternate_public_search,"Detachable low dead space syringes for the prevention of hepatitis C among people who inject drugs in Bristol, UK: an economic evaluation.",exclude,not_applicable,review_not_primary,This review centers on detachable low dead space syringes prevention hepatitis c among people rather than evaluated medical learned world-model dynamics as its primary subject.,high
ALT-b19b23627267,fresh_alternate_public_search,Developing a digital twin framework and smart sensors gateway for monitoring soil and environmental conditions to detect anomalies and to predict crop health,exclude,not_applicable,wrong_domain,"This record concerns developing digital twin smart sensors gateway monitoring soil environmental conditions, which is outside medical or biomedical systems.",high
ALT-d34106881bf5,fresh_alternate_public_search,Developing a Digital Twin Framework for Monitoring the Trajectory of the UR10 Robot Using an Extended Kalman Filter,exclude,not_applicable,no_learned_dynamics,"The developing digital twin monitoring trajectory ur10 robot extended kalman filter record describes a static, conceptual, or mechanistic twin without learned temporal transitions.",medium
ALT-39e1809ae7e4,fresh_alternate_public_search,Developing an Artificial Intelligence-Based Representation of a Virtual Patient Model for Real-Time Diagnosis of Acute Respiratory Distress Syndrome.,exclude,not_applicable,no_learned_dynamics,The developing artificial intelligence representation virtual patient real time diagnosis acute study uses prescribed mechanistic or statistical dynamics rather than a learned transition mechanism.,high
ALT-34ae6fbc6d37,fresh_alternate_public_search,Developing control-theoretic objectives for large-scale brain dynamics and cognitive enhancement.,exclude,not_applicable,review_not_primary,This review centers on developing control theoretic objectives large scale brain dynamics cognitive enhancement rather than evaluated medical learned world-model dynamics as its primary subject.,high
ALT-012ecac56495,fresh_alternate_public_search,Development and pilot evaluation of a large language model-based clinical simulation system for medical education in gastroenterology.,exclude,not_applicable,no_learned_dynamics,"The pilot large language clinical simulation system medical education gastroenterology study evaluates education, training, or simulator hardware rather than learned patient dynamics.",high
ALT-55c46a80965d,fresh_alternate_public_search,Development and Preclinical Evaluation of a CPAP-Compatible EtCO2 Sampler,exclude,not_applicable,review_not_primary,This review centers on preclinical cpap compatible etco2 sampler rather than evaluated medical learned world-model dynamics as its primary subject.,high
ALT-8b76200f7bab,fresh_alternate_public_search,Development and validation of a chronic kidney disease progression model using patient-level simulations.,exclude,not_applicable,review_not_primary,This review centers on validation chronic kidney disease progression patient level simulations rather than evaluated medical learned world-model dynamics as its primary subject.,high
ALT-d8d67b94a186,fresh_alternate_public_search,Development and Validation of a Virtual Patient Simulator for the Management of Acute Poisoning: An Assessment of Face and Content Validity,exclude,not_applicable,review_not_primary,This review centers on validation virtual patient simulator management acute poisoning assessment face content rather than evaluated medical learned world-model dynamics as its primary subject.,high
ALT-2848dd4f4a51,fresh_alternate_public_search,Development of 6 DOF Upper-Limb Patient Simulator for Hands-On Rehabilitation Education,exclude,not_applicable,no_future_or_action_evaluation,"The 6 dof upper limb patient simulator hands rehabilitation education study analyzes or reconstructs dynamics but does not directly evaluate future states, actions, rollouts, or planning.",medium
ALT-70eed2b61a34,fresh_alternate_public_search,Development of a Cost-Effective Multi-Parameter Patient Simulator for Enhanced Medical Education,exclude,not_applicable,no_learned_dynamics,"The cost effective multi parameter patient simulator enhanced medical education study evaluates education, training, or simulator hardware rather than learned patient dynamics.",medium
ALT-dce147f89752,fresh_alternate_public_search,Development of a Disease Progression Model for Leucine-Rich Repeat Kinase 2 in Parkinson's Disease to Inform Clinical Trial Designs.,exclude,not_applicable,no_learned_dynamics,The disease progression leucine rich repeat kinase 2 parkinson s disease study is an ordinary prognostic or static prediction analysis without a learned rollout mechanism.,high
ALT-872c15448450,fresh_alternate_public_search,Development of a model-based clinical trial simulation platform to optimize the design of clinical trials for Duchenne muscular dystrophy.,include,empirical,include_empirical,The clinical trial simulation platform optimize design clinical trials duchenne muscular study learns or calibrates temporal dynamics and directly evaluates temporal rollouts or simulated trajectories.,high
ALT-d6d9b0f712ec,fresh_alternate_public_search,Development of a Novel Machine Learning Method for Estimation of Life-Long Chronic Disease Progression and Its Application to Type 2 Diabetes.,exclude,not_applicable,no_learned_dynamics,The machine learning method estimation life long chronic disease progression its study is an ordinary prognostic or static prediction analysis without a learned rollout mechanism.,high
ALT-bec79a6c632e,fresh_alternate_public_search,Development of a Smartphone-Based Skin Simulation Model for Medical Education.,exclude,not_applicable,no_learned_dynamics,"The smartphone skin simulation medical education study evaluates education, training, or simulator hardware rather than learned patient dynamics.",high
ALT-6b4f0d8324fe,fresh_alternate_public_search,Development Of Interactive Patient Simulator Using Emerging Visualization Tools For Medical Training,exclude,not_applicable,no_learned_dynamics,"The interactive patient simulator emerging visualization tools medical training study evaluates education, training, or simulator hardware rather than learned patient dynamics.",medium
ALT-beb122ebb1f2,fresh_alternate_public_search,Development of the simulation-based German albuminuria screening model (S-GASM) for estimating the cost-effectiveness of albuminuria screening in Germany.,exclude,not_applicable,no_learned_dynamics,The simulation german albuminuria screening estimating cost effectiveness albuminuria screening germany study uses prescribed mechanistic or statistical dynamics rather than a learned transition mechanism.,high
ALT-9792e5992cd4,fresh_alternate_public_search,Differential Ventilation Using Flow Control Valves as a Potential Bridge to Full Ventilatory Support during the COVID-19 Crisis.,exclude,not_applicable,review_not_primary,This review centers on differential ventilation flow control valves as potential bridge full ventilatory rather than evaluated medical learned world-model dynamics as its primary subject.,high
ALT-bf79a8817071,fresh_alternate_public_search,Differential ventilation using flow control valves as a potential bridge to full ventilatory support during the COVID-19 crisis: From bench to bedside,exclude,not_applicable,review_not_primary,This review centers on differential ventilation flow control valves as potential bridge full ventilatory rather than evaluated medical learned world-model dynamics as its primary subject.,high
ALT-66d2637db7d6,fresh_alternate_public_search,Digital doppelgangers in psychiatry.,include,review,include_review,"This review primarily synthesizes dynamic medical digital twins for digital doppelgangers psychiatry, including prediction, simulation, or intervention use.",medium
ALT-d9b3b5b61cb1,fresh_alternate_public_search,Digital Representation of Patients as Medical Digital Twins: Data-Centric Viewpoint.,exclude,not_applicable,review_not_primary,This review centers on digital representation patients as medical digital twins data centric viewpoint rather than evaluated medical learned world-model dynamics as its primary subject.,high
ALT-20980141828c,fresh_alternate_public_search,Digital twin assisted improved transformer multidimensional time series for fault prediction of automatic transverse robots,exclude,not_applicable,no_learned_dynamics,"The digital twin assisted improved transformer multidimensional time series fault prediction record describes a static, conceptual, or mechanistic twin without learned temporal transitions.",medium
ALT-1305c7353fe7,fresh_alternate_public_search,Digital twin brain simulator for real-time consciousness monitoring and virtual intervention using primate electrocorticogram data,include,empirical,include_empirical,The digital twin brain simulator real time consciousness monitoring virtual intervention study learns or calibrates temporal dynamics and directly evaluates intervention-conditioned rollouts or planning outcomes.,high
ALT-14a9bd382609,fresh_alternate_public_search,Digital Twin Brain Simulator: Harnessing Primate ECoG Data for Real-Time Consciousness Monitoring and Virtual Intervention,include,empirical,include_empirical,The digital twin brain simulator harnessing primate ecog data real time study learns or calibrates temporal dynamics and directly evaluates intervention-conditioned rollouts or planning outcomes.,high
ALT-450a3419ed67,fresh_alternate_public_search,Digital twin for early-stage fault detection in a hybrid manufacturing cell,exclude,not_applicable,wrong_domain,"This record concerns digital twin early stage fault detection hybrid manufacturing cell, which is outside medical or biomedical systems.",high
ALT-8d781fa75f8b,fresh_alternate_public_search,Digital twin framework for precision downy mildew intervention in greenhouses using intelligent air quality sensing,exclude,not_applicable,wrong_domain,"This record concerns digital twin precision downy mildew intervention greenhouses intelligent air quality, which is outside medical or biomedical systems.",high
ALT-8fec1f0f96e5,fresh_alternate_public_search,Digital Twin in Health Care,uncertain,review,insufficient_abstract,"The digital twin health care title plausibly denotes a medical world-model review, but the missing abstract does not establish its primary scope.",low
ALT-b18a28a5a3cc,fresh_alternate_public_search,Digital Twin in Healthcare Present and Future Scope,exclude,not_applicable,review_not_primary,This review centers on digital twin healthcare present future scope rather than evaluated medical learned world-model dynamics as its primary subject.,high
ALT-5821f6bd7676,fresh_alternate_public_search,Digital Twin Meets the Bench: Natural Compounds Reshape the Ovarian Cancer Microenvironment.,exclude,not_applicable,no_learned_dynamics,"The digital twin meets bench natural compounds reshape ovarian cancer microenvironment record describes a static, conceptual, or mechanistic twin without learned temporal transitions.",high
ALT-1ff9eda8bddc,fresh_alternate_public_search,Digital Twin Modeling Method for Industrial Robots with Dynamic Trajectory Sensing and Autonomous Decision-making,exclude,not_applicable,wrong_domain,"This record concerns digital twin method industrial robots dynamic trajectory sensing autonomous decision, which is outside medical or biomedical systems.",high
ALT-f38cea90635e,fresh_alternate_public_search,Digital twin models for predicting venetoclax and azacitidine-induced neutropenia in patients with acute myeloid leukemia.,include,empirical,include_empirical,The digital twin predicting venetoclax azacitidine induced neutropenia patients acute myeloid study learns or calibrates temporal dynamics and directly evaluates intervention-conditioned rollouts or planning outcomes.,high
ALT-648756a83407,fresh_alternate_public_search,Digital twin technology for better health,uncertain,review,insufficient_abstract,"The digital twin technology better health title plausibly denotes a medical world-model review, but the missing abstract does not establish its primary scope.",low
ALT-78d18d20c938,fresh_alternate_public_search,Digital Twin Technology: Transforming Cultural Heritage Preservation,exclude,not_applicable,wrong_domain,"This record concerns digital twin technology transforming cultural heritage preservation, which is outside medical or biomedical systems.",high
ALT-5406125642a1,fresh_alternate_public_search,Digital Twin-Assisted Personalized Federated Reinforcement Learning for Cyber Defense in Internet of Medical Things,exclude,not_applicable,wrong_domain,"This record concerns digital twin assisted personalized federated reinforcement learning cyber defense internet, which is outside medical or biomedical systems.",high
ALT-2f48689448d3,fresh_alternate_public_search,Digital twin-based trajectory planning and control for dynamic obstacle avoidance of wheeled mobile robots,exclude,not_applicable,wrong_domain,"This record concerns digital twin trajectory planning control dynamic obstacle avoidance wheeled mobile, which is outside medical or biomedical systems.",high
ALT-bf7ed00e3599,fresh_alternate_public_search,Digital twin-driven prognostics and health management,exclude,not_applicable,no_learned_dynamics,"The digital twin driven prognostics health management record describes a static, conceptual, or mechanistic twin without learned temporal transitions.",medium
ALT-cd8ead69e7e8,fresh_alternate_public_search,Digital twins and digital models of the human circulatory system.,include,review,include_review,"This review primarily synthesizes dynamic medical digital twins for digital twins digital human circulatory system, including prediction, simulation, or intervention use.",high
ALT-19924e20f5f0,fresh_alternate_public_search,Digital twins as global learning health and disease models for preventive and personalized medicine.,include,review,include_review,"This review primarily synthesizes dynamic medical digital twins for digital twins as global learning health disease preventive personalized medicine, including prediction, simulation, or intervention use.",medium
ALT-36f6d95f9f66,fresh_alternate_public_search,Digital Twins as the Implementation Layer of Precision Medicine in Pediatric Neurosurgery.,include,review,include_review,"This review primarily synthesizes dynamic medical digital twins for digital twins as implementation layer precision medicine pediatric neurosurgery, including prediction, simulation, or intervention use.",high
ALT-7e5a129e8907,fresh_alternate_public_search,Digital twins for noninvasively measuring predictive markers of right heart failure.,exclude,not_applicable,no_learned_dynamics,"The digital twins noninvasively measuring predictive markers right heart failure record describes a static, conceptual, or mechanistic twin without learned temporal transitions.",high
ALT-386154555f3d,fresh_alternate_public_search,Digital Twins for Personalized Medicine Require Epidemiological Data and Mathematical Modeling: Viewpoint.,exclude,not_applicable,review_not_primary,This review centers on digital twins personalized medicine require epidemiological data mathematical viewpoint rather than evaluated medical learned world-model dynamics as its primary subject.,high
ALT-5fbea853f1dc,fresh_alternate_public_search,"Digital Twins for Predictive, Preventive Personalized, and Participatory Treatment of Immune-Mediated Diseases.",include,review,include_review,"This review primarily synthesizes dynamic medical digital twins for digital twins predictive preventive personalized participatory treatment immune mediated diseases, including prediction, simulation, or intervention use.",medium
ALT-0c7ca3990ee0,fresh_alternate_public_search,"Digital Twins in Neurology Care: Evidence, Limitations, and a Path Forward.",include,review,include_review,"This review primarily synthesizes dynamic medical digital twins for digital twins neurology care evidence limitations path forward, including prediction, simulation, or intervention use.",medium
ALT-b5ebc3599d50,fresh_alternate_public_search,"Digital twins in precision pharmacotherapy: emerging applications, challenges, and future directions.",include,review,include_review,"This review primarily synthesizes dynamic medical digital twins for digital twins precision pharmacotherapy emerging applications challenges future directions, including prediction, simulation, or intervention use.",high
ALT-1d78c0c833ef,fresh_alternate_public_search,Digital twins in urology: a vision for the future of urological practice.,include,review,include_review,"This review primarily synthesizes dynamic medical digital twins for digital twins urology vision future urological practice, including prediction, simulation, or intervention use.",high
ALT-2ff62462ed4f,fresh_alternate_public_search,Digital Twins: From Personalised Medicine to Precision Public Health.,include,review,include_review,"This review primarily synthesizes dynamic medical digital twins for digital twins personalised medicine precision public health, including prediction, simulation, or intervention use.",medium
ALT-87894e1f4890,fresh_alternate_public_search,Digital twin–based healthcare facilities management,exclude,not_applicable,no_learned_dynamics,"The digital twin healthcare facilities management record describes a static, conceptual, or mechanistic twin without learned temporal transitions.",medium
ALT-70129090c630,fresh_alternate_public_search,Digital Twin–Based Trajectory Planning for Truss Robot,exclude,not_applicable,wrong_domain,"This record concerns digital twin trajectory planning truss robot, which is outside medical or biomedical systems.",high
ALT-6557539979ea,fresh_alternate_public_search,Digital-twin Healthcare: A Gateway to Future Medicine (Preprint),include,review,include_review,"This review primarily synthesizes dynamic medical digital twins for digital twin healthcare gateway future medicine, including prediction, simulation, or intervention use.",high
ALT-39272592d4d2,fresh_alternate_public_search,Discriminant Models for the Prediction of Viral Shedding Time and Disease Progression in COVID-19,exclude,not_applicable,no_learned_dynamics,The discriminant prediction viral shedding time disease progression covid 19 study is an ordinary prognostic or static prediction analysis without a learned rollout mechanism.,high
ALT-5cbe218e5e73,fresh_alternate_public_search,Disease aggressiveness signatures of amyotrophic lateral sclerosis in white matter tracts revealed by the D50 disease progression model.,exclude,not_applicable,no_learned_dynamics,The disease aggressiveness signatures amyotrophic lateral sclerosis white matter tracts revealed study is an ordinary prognostic or static prediction analysis without a learned rollout mechanism.,high
ALT-f58f7b29b390,fresh_alternate_public_search,Disease Modeling and External Model Evaluation Through Clinical Data Sharing Platform for HR+/HER2- Breast Cancer.,include,empirical,include_empirical,The disease external through clinical data sharing platform hr her2 breast study learns or calibrates temporal dynamics and directly evaluates intervention-conditioned rollouts or planning outcomes.,high
ALT-d4581ca965da,fresh_alternate_public_search,Disease Progression,exclude,not_applicable,no_future_or_action_evaluation,"The disease progression study analyzes or reconstructs dynamics but does not directly evaluate future states, actions, rollouts, or planning.",medium
ALT-669c531f3163,fresh_alternate_public_search,Disease progression and economic burden of duchenne muscular dystrophy: A retrospective study using Swedish register data.,exclude,not_applicable,no_learned_dynamics,The disease progression economic burden duchenne muscular dystrophy retrospective swedish register study is an ordinary prognostic or static prediction analysis without a learned rollout mechanism.,high
ALT-6be4d3e15162,fresh_alternate_public_search,Disease Progression in Multiple System Atrophy-Novel Modeling Framework and Predictive Factors.,exclude,not_applicable,no_future_or_action_evaluation,"The disease progression multiple system atrophy predictive factors study analyzes or reconstructs dynamics but does not directly evaluate future states, actions, rollouts, or planning.",high
ALT-a251c668e728,fresh_alternate_public_search,Disease progression joint model predicts time to type 1 diabetes onset: Optimizing future type 1 diabetes prevention studies.,exclude,not_applicable,no_learned_dynamics,The disease progression joint predicts time type 1 diabetes onset optimizing study is an ordinary prognostic or static prediction analysis without a learned rollout mechanism.,high
ALT-a10dc8453605,fresh_alternate_public_search,Disease progression model anchored around clinical diagnosis in longitudinal cohorts: example of Alzheimer's disease and related dementia.,exclude,not_applicable,no_learned_dynamics,The disease progression anchored around clinical diagnosis longitudinal cohorts example alzheimer study is an ordinary prognostic or static prediction analysis without a learned rollout mechanism.,high
ALT-0070420314dc,fresh_alternate_public_search,Disease progression model for TKV and eGFR prediction in patients with autosomal dominant polycystic kidney disease,exclude,not_applicable,no_future_or_action_evaluation,"The disease progression tkv egfr prediction patients autosomal dominant polycystic kidney study analyzes or reconstructs dynamics but does not directly evaluate future states, actions, rollouts, or planning.",medium
ALT-27974dd36c5b,fresh_alternate_public_search,Disease progression model of 4T1 metastatic breast cancer.,exclude,not_applicable,no_learned_dynamics,The disease progression 4t1 metastatic breast cancer study uses prescribed mechanistic or statistical dynamics rather than a learned transition mechanism.,high
ALT-b821fdc08a25,fresh_alternate_public_search,Disease progression model using the integrated Alzheimer's Disease Rating Scale.,exclude,not_applicable,no_future_or_action_evaluation,"The disease progression integrated alzheimer s disease rating scale study analyzes or reconstructs dynamics but does not directly evaluate future states, actions, rollouts, or planning.",high
ALT-e144f5f918d1,fresh_alternate_public_search,Disease Progression Modeling in Chronic Obstructive Pulmonary Disease.,exclude,not_applicable,no_learned_dynamics,The disease progression chronic obstructive pulmonary disease study is an ordinary prognostic or static prediction analysis without a learned rollout mechanism.,high
ALT-5ee6b7e705c7,fresh_alternate_public_search,Disease progression modeling of Alzheimer's disease according to education level.,exclude,not_applicable,no_future_or_action_evaluation,"The disease progression alzheimer s disease according education level study analyzes or reconstructs dynamics but does not directly evaluate future states, actions, rollouts, or planning.",high
ALT-babebd81ddbf,fresh_alternate_public_search,Disease progression modeling of Alzheimer's disease based on variational probability principal component analysis.,exclude,not_applicable,no_learned_dynamics,The disease progression alzheimer s disease variational probability principal component study is an ordinary prognostic or static prediction analysis without a learned rollout mechanism.,high
ALT-4cb6ed77418e,fresh_alternate_public_search,Disease Progression Modeling of Estimated Glomerular Filtration Rate (eGFR): A Pharmacometrics Approach.,exclude,not_applicable,no_future_or_action_evaluation,"The disease progression estimated glomerular filtration rate pharmacometrics study analyzes or reconstructs dynamics but does not directly evaluate future states, actions, rollouts, or planning.",high
ALT-cf5b60b5cbfd,fresh_alternate_public_search,Disease Progression Modeling of Stargardt’s disease,exclude,not_applicable,no_future_or_action_evaluation,"The disease progression stargardt s disease study analyzes or reconstructs dynamics but does not directly evaluate future states, actions, rollouts, or planning.",medium
ALT-fc159cc191d0,fresh_alternate_public_search,Disease progression modeling of the North Star Ambulatory Assessment for Duchenne Muscular Dystrophy.,exclude,not_applicable,no_future_or_action_evaluation,"The disease progression north star ambulatory assessment duchenne muscular dystrophy study analyzes or reconstructs dynamics but does not directly evaluate future states, actions, rollouts, or planning.",high
ALT-cfcca1fdb8d2,fresh_alternate_public_search,Disease progression modelling from preclinical Alzheimer's disease (AD) to AD dementia.,exclude,not_applicable,no_future_or_action_evaluation,"The disease progression preclinical alzheimer s disease ad dementia study analyzes or reconstructs dynamics but does not directly evaluate future states, actions, rollouts, or planning.",high
ALT-ac04fe88b4b0,fresh_alternate_public_search,Disease progression modelling reveals heterogeneity in trajectories of Lewy-type α-synuclein pathology.,exclude,not_applicable,no_learned_dynamics,The disease progression reveals heterogeneity trajectories lewy type synuclein pathology study is an ordinary prognostic or static prediction analysis without a learned rollout mechanism.,high
ALT-38a784f6d7ac,fresh_alternate_public_search,Disease progression simulation via generative AI: assessing the credibility of a conditional longitudinal autoencoder via a case study in Alzheimer’s Disease,uncertain,empirical,insufficient_abstract,"The disease progression simulation generative ai assessing credibility conditional longitudinal autoencoder title plausibly denotes learned medical dynamics, but the missing abstract does not establish direct future or action evaluation.",low
ALT-e0d99a20f7e0,fresh_alternate_public_search,Disease progression trajectory curves to estimate saved time in Alzheimer's disease trials.,exclude,not_applicable,no_future_or_action_evaluation,"The disease progression trajectory curves estimate saved time alzheimer s disease study analyzes or reconstructs dynamics but does not directly evaluate future states, actions, rollouts, or planning.",high
ALT-fb8a811f7db7,fresh_alternate_public_search,"Disease Progression, CTCAE",exclude,not_applicable,no_future_or_action_evaluation,"The disease progression ctcae study analyzes or reconstructs dynamics but does not directly evaluate future states, actions, rollouts, or planning.",medium
ALT-e5defd256b16,fresh_alternate_public_search,"Disease progression-associated alterations in fecal metabolites in SAMP1/YitFc mice, a Crohn’s disease model",exclude,not_applicable,no_future_or_action_evaluation,"The disease progression associated alterations fecal metabolites samp1 yitfc mice crohn study analyzes or reconstructs dynamics but does not directly evaluate future states, actions, rollouts, or planning.",medium
ALT-7680857026a9,fresh_alternate_public_search,Disease trajectory of SLE clinical endpoints and covariates affecting disease severity and probability of response: Analysis of pooled patient-level placebo (Standard-of-Care) data to enable model-informed drug development.,exclude,not_applicable,no_learned_dynamics,The disease trajectory sle clinical endpoints covariates affecting disease severity probability study is an ordinary prognostic or static prediction analysis without a learned rollout mechanism.,high
ALT-16bd6036719f,fresh_alternate_public_search,Distributed Assessment of Virtual Insulin-Pump Settings Using SmartCGMS and DMMS.R for Diabetes Treatment.,exclude,not_applicable,no_future_or_action_evaluation,"The distributed assessment virtual insulin pump settings smartcgms dmms r diabetes study analyzes or reconstructs dynamics but does not directly evaluate future states, actions, rollouts, or planning.",high
ALT-99200f8d2285,fresh_alternate_public_search,Distributed encoding of action-mediated outcome drives consistent population dynamics during goal-directed reaching,exclude,not_applicable,no_future_or_action_evaluation,"The distributed encoding action mediated outcome drives consistent population dynamics during study analyzes or reconstructs dynamics but does not directly evaluate future states, actions, rollouts, or planning.",high
ALT-d7f5daff27f0,fresh_alternate_public_search,DITTO: A Visual Digital Twin for Interventions and Temporal Treatment Outcomes in Head and Neck Cancer.,include,empirical,include_empirical,The ditto visual digital twin interventions temporal treatment outcomes head neck study learns or calibrates temporal dynamics and directly evaluates intervention-conditioned rollouts or planning outcomes.,high
ALT-ebc915f6d99b,fresh_alternate_public_search,Does simulation-based training in medical education need additional stressors? An experimental study.,exclude,not_applicable,no_learned_dynamics,"The does simulation training medical education need additional stressors experimental study evaluates education, training, or simulator hardware rather than learned patient dynamics.",high
ALT-3e2a48c32adf,fresh_alternate_public_search,Donanemab exposure and efficacy relationship using modeling in Alzheimer's disease.,exclude,not_applicable,no_learned_dynamics,The donanemab exposure efficacy relationship alzheimer s disease study uses prescribed mechanistic or statistical dynamics rather than a learned transition mechanism.,high
ALT-e19978d9745b,fresh_alternate_public_search,Donanemab exposure-response in early symptomatic Alzheimer's disease.,exclude,not_applicable,no_learned_dynamics,The donanemab exposure response early symptomatic alzheimer s disease study uses prescribed mechanistic or statistical dynamics rather than a learned transition mechanism.,high
ALT-15a94c564418,fresh_alternate_public_search,Donanemab in early symptomatic Alzheimer's disease: results from the TRAILBLAZER-ALZ 2 long-term extension.,exclude,not_applicable,no_future_or_action_evaluation,"The donanemab early symptomatic alzheimer s disease results trailblazer alz 2 study analyzes or reconstructs dynamics but does not directly evaluate future states, actions, rollouts, or planning.",high
ALT-8bfcf4f360b4,fresh_alternate_public_search,Donanemab treatment effect by baseline tau burden and disease severity: Observations from the TRAILBLAZER-ALZ 2 trial.,exclude,not_applicable,no_learned_dynamics,The donanemab treatment effect by baseline tau burden disease severity observations study is an ordinary prognostic or static prediction analysis without a learned rollout mechanism.,high
ALT-910fb2801ddf,fresh_alternate_public_search,Dose-Exposure-Response Analysis of the Nonsteroidal Mineralocorticoid Receptor Antagonist Finerenone on UACR and eGFR: An Analysis from FIDELIO-DKD.,exclude,not_applicable,no_learned_dynamics,The dose exposure response nonsteroidal mineralocorticoid receptor antagonist finerenone uacr egfr study uses prescribed mechanistic or statistical dynamics rather than a learned transition mechanism.,high
ALT-604c0bbcab23,fresh_alternate_public_search,DreamerNav: learning-based autonomous navigation in dynamic indoor environments using world models.,exclude,not_applicable,no_learned_dynamics,"The dreamernav learning autonomous navigation dynamic indoor environments world study evaluates education, training, or simulator hardware rather than learned patient dynamics.",high
ALT-436d568a61b6,fresh_alternate_public_search,"Drug Development Digital Twins for Drug Discovery, Testing and Repurposing: A Schema for Requirements and Development.",include,review,include_review,"This review primarily synthesizes dynamic medical digital twins for drug digital twins drug discovery testing repurposing schema requirements, including prediction, simulation, or intervention use.",medium
ALT-178beedf541b,fresh_alternate_public_search,Dynamic Causal Modelling of Hierarchical Planning.,exclude,not_applicable,no_future_or_action_evaluation,"The dynamic causal hierarchical planning study analyzes or reconstructs dynamics but does not directly evaluate future states, actions, rollouts, or planning.",high
ALT-4d8c92d03168,fresh_alternate_public_search,DYNAMIC CLASSIFICATION OF LATENT DISEASE PROGRESSION WITH AUXILIARY SURROGATE LABELS.,exclude,not_applicable,no_learned_dynamics,The dynamic classification latent disease progression auxiliary surrogate labels study is an ordinary prognostic or static prediction analysis without a learned rollout mechanism.,high
ALT-dcd256359fb5,fresh_alternate_public_search,Dynamic community detection using class preserving time series generation with Fourier Markov diffusion.,exclude,not_applicable,no_future_or_action_evaluation,"The dynamic community detection class preserving time series generation fourier markov study analyzes or reconstructs dynamics but does not directly evaluate future states, actions, rollouts, or planning.",high
ALT-d05d00460781,fresh_alternate_public_search,Dynamic estimation of auditory temporal response functions via state-space models with Gaussian mixture process noise.,exclude,not_applicable,no_future_or_action_evaluation,"The dynamic estimation auditory temporal response functions state space gaussian mixture study analyzes or reconstructs dynamics but does not directly evaluate future states, actions, rollouts, or planning.",high
ALT-ecad8101d8c0,fresh_alternate_public_search,Dynamic expression of smRNA from fecal exosome in disease progression of an inflammatory bowel disorder mouse model,exclude,not_applicable,no_learned_dynamics,The dynamic expression smrna fecal exosome disease progression inflammatory bowel disorder study is an ordinary prognostic or static prediction analysis without a learned rollout mechanism.,high
ALT-8561e3239a61,fresh_alternate_public_search,Dynamic Simulation and Effect Evaluation of Urban Planning Intervention from the Perspective of Digital Twin,exclude,not_applicable,wrong_domain,"This record concerns dynamic simulation effect urban planning intervention perspective digital twin, which is outside medical or biomedical systems.",high
ALT-9d5e60cdde57,fresh_alternate_public_search,Dynamical,exclude,not_applicable,no_learned_dynamics,The dynamical study uses prescribed mechanistic or statistical dynamics rather than a learned transition mechanism.,high
ALT-5d7bcd783a74,fresh_alternate_public_search,Dynamical modeling of nonlinear latent factors in multiscale neural activity with real-time inference.,exclude,not_applicable,no_future_or_action_evaluation,"The dynamical nonlinear latent factors multiscale neural activity real time inference study analyzes or reconstructs dynamics but does not directly evaluate future states, actions, rollouts, or planning.",high
ALT-ef648520992a,fresh_alternate_public_search,Dynamics of Cortical Degeneration Over a Decade in Huntington's Disease.,exclude,not_applicable,no_learned_dynamics,The dynamics cortical degeneration over decade huntington s disease study is an ordinary prognostic or static prediction analysis without a learned rollout mechanism.,high
ALT-04ca018a0616,fresh_alternate_public_search,Dynamics of severity-associated immune remodeling by granulocytes and macrophages in acute lung injury.,exclude,not_applicable,no_learned_dynamics,The dynamics severity associated immune remodeling by granulocytes macrophages acute lung study is an ordinary prognostic or static prediction analysis without a learned rollout mechanism.,high
ALT-f1b67f20d399,fresh_alternate_public_search,Dysfunction of the episodic memory network in the Alzheimer's disease cascade.,exclude,not_applicable,no_learned_dynamics,The dysfunction episodic memory network alzheimer s disease cascade study is an ordinary prognostic or static prediction analysis without a learned rollout mechanism.,high
ALT-98a17785484e,fresh_alternate_public_search,e-Health Strategy for Surgical Prioritization: A Methodology Based on Digital Twins and Reinforcement Learning,exclude,not_applicable,no_future_or_action_evaluation,"The e health strategy surgical prioritization methodology digital twins reinforcement learning study analyzes or reconstructs dynamics but does not directly evaluate future states, actions, rollouts, or planning.",high
ALT-bbe79ce97ff1,fresh_alternate_public_search,ECG Patient Simulator Based on Mathematical Models.,exclude,not_applicable,no_learned_dynamics,The ecg patient simulator mathematical study uses prescribed mechanistic or statistical dynamics rather than a learned transition mechanism.,high
ALT-8348abecf634,fresh_alternate_public_search,Economic burden of carbapenem-resistant Klebsiella pneumoniae infections in Chinese hospitals: A 2019 analysis.,exclude,not_applicable,no_learned_dynamics,The economic burden carbapenem resistant klebsiella pneumoniae infections chinese hospitals 2019 study is an ordinary prognostic or static prediction analysis without a learned rollout mechanism.,high
ALT-531d7f078a79,fresh_alternate_public_search,EczemaPred: A computational framework for personalised prediction of eczema severity dynamics.,include,empirical,include_empirical,The eczemapred computational personalised prediction eczema severity dynamics study learns or calibrates temporal dynamics and directly evaluates intervention-conditioned rollouts or planning outcomes.,high
ALT-5da29b0ea727,fresh_alternate_public_search,Editorial: The future of oncology: digital twins and precision cancer care.,exclude,not_applicable,no_primary_empirical_evaluation,"The editorial future oncology digital twins precision cancer care record is editorial, corrective, conceptual, or consensus-based and lacks a primary learned-dynamics evaluation.",medium
ALT-56a416619a72,fresh_alternate_public_search,Editorial: The spatial-temporal dynamics of host-pathogen interaction during inflammatory disease,exclude,not_applicable,no_primary_empirical_evaluation,"The editorial spatial temporal dynamics host pathogen interaction during inflammatory disease record is editorial, corrective, conceptual, or consensus-based and lacks a primary learned-dynamics evaluation.",medium
ALT-95ce497fab31,fresh_alternate_public_search,EE221 ECONOMIC IMPACT OF AN AI-ENABLED DIGITAL TWIN INTERVENTION IN TYPE 2 DIABETES,exclude,not_applicable,no_learned_dynamics,"The ee221 economic impact ai enabled digital twin intervention type 2 record describes a static, conceptual, or mechanistic twin without learned temporal transitions.",medium
ALT-dc0141f7a8be,fresh_alternate_public_search,Effect of a Structured Nursing Lifestyle Intervention on Preventing Disease Progression in Patients with Metabolic-Associated Liver Disease,exclude,not_applicable,no_future_or_action_evaluation,"The effect structured nursing lifestyle intervention preventing disease progression patients metabolic study analyzes or reconstructs dynamics but does not directly evaluate future states, actions, rollouts, or planning.",medium
ALT-aad0d5ccc114,fresh_alternate_public_search,Effect of Anti-VEGF Therapy on the Disease Progression of Neovascular Age-Related Macular Degeneration: A Systematic Review and Model-Based Meta-Analysis.,exclude,not_applicable,no_primary_empirical_evaluation,"The effect anti vegf therapy disease progression neovascular age related macular record is editorial, corrective, conceptual, or consensus-based and lacks a primary learned-dynamics evaluation.",high
ALT-0fa57689da33,fresh_alternate_public_search,Effect of antisiphon devices on ventriculoperitoneal shunt drainage dynamics in growing children.,exclude,not_applicable,no_future_or_action_evaluation,"The effect antisiphon devices ventriculoperitoneal shunt drainage dynamics growing children study analyzes or reconstructs dynamics but does not directly evaluate future states, actions, rollouts, or planning.",high
ALT-1129f28df65c,fresh_alternate_public_search,Effect of benchtop compared to simulated clinical light-curing on microhardness of a bulk-fill restoration using budget and multiple-emission-peak LED lights.,exclude,not_applicable,no_future_or_action_evaluation,"The effect benchtop compared simulated clinical light curing microhardness bulk fill study analyzes or reconstructs dynamics but does not directly evaluate future states, actions, rollouts, or planning.",high
ALT-09e89e649378,fresh_alternate_public_search,Effect of high-fidelity human patient simulator manikins combined with standardized patient simulation scenario on clinical thinking in pediatric nursing education.,exclude,not_applicable,no_learned_dynamics,"The effect high fidelity human patient simulator manikins combined standardized patient study evaluates education, training, or simulator hardware rather than learned patient dynamics.",high
ALT-3654b706d894,fresh_alternate_public_search,Effectiveness of a Diet Exercise Educational Program on Patient's Knowledge to Prevent Coronary Artery Disease Progression After Percutaneous Coronary Intervention,exclude,not_applicable,no_future_or_action_evaluation,"The effectiveness diet exercise educational program patient s knowledge prevent coronary study analyzes or reconstructs dynamics but does not directly evaluate future states, actions, rollouts, or planning.",high
ALT-15e558e7e82b,fresh_alternate_public_search,Effectiveness of a Positive Psychological Intervention Based on the Perma Model on Fear of Disease Progression in Parents of Children with Acute Leukemia,exclude,not_applicable,no_future_or_action_evaluation,"The effectiveness positive psychological intervention perma fear disease progression parents children study analyzes or reconstructs dynamics but does not directly evaluate future states, actions, rollouts, or planning.",medium
ALT-9907e0930d67,fresh_alternate_public_search,Effectiveness of Using a Patient Simulator with Real-Time Feedback to Improve Light-Curing Skills of Dental Students,exclude,not_applicable,no_learned_dynamics,"The effectiveness patient simulator real time feedback improve light curing skills study evaluates education, training, or simulator hardware rather than learned patient dynamics.",high
ALT-a4cd28587fe4,fresh_alternate_public_search,Effectiveness of Using an Instructional Video in Teaching Light-Curing Technique.,exclude,not_applicable,no_learned_dynamics,"The effectiveness instructional video teaching light curing technique study evaluates education, training, or simulator hardware rather than learned patient dynamics.",high
ALT-ca3ab12c42b7,fresh_alternate_public_search,Effects and cost of different strategies to eliminate hepatitis C virus transmission in Pakistan: a modelling analysis.,exclude,not_applicable,review_not_primary,This review centers on effects cost different strategies eliminate hepatitis c virus transmission pakistan rather than evaluated medical learned world-model dynamics as its primary subject.,high
ALT-57ced4070d51,fresh_alternate_public_search,"Effects of S-PBL in Maternity Nursing Clinical Practicum on Learning Attitude, Metacognition, and Critical Thinking in Nursing Students: A Quasi-Experimental Design.",exclude,not_applicable,no_learned_dynamics,"The effects s pbl maternity nursing clinical practicum learning attitude metacognition study evaluates education, training, or simulator hardware rather than learned patient dynamics.",high
ALT-bb37d4f42bc8,fresh_alternate_public_search,Efficiency of multivariate tests in trials in progressive supranuclear palsy.,exclude,not_applicable,no_future_or_action_evaluation,"The efficiency multivariate tests trials progressive supranuclear palsy study analyzes or reconstructs dynamics but does not directly evaluate future states, actions, rollouts, or planning.",high
ALT-401242fda21a,fresh_alternate_public_search,Efficient Bayesian functional principal component analysis of irregularly-observed multivariate curves.,exclude,not_applicable,no_learned_dynamics,The efficient bayesian functional principal component irregularly observed multivariate curves study is an ordinary prognostic or static prediction analysis without a learned rollout mechanism.,high
ALT-520bc71b45a5,fresh_alternate_public_search,Electrodermal activity patient simulator.,exclude,not_applicable,no_future_or_action_evaluation,"The electrodermal activity patient simulator study analyzes or reconstructs dynamics but does not directly evaluate future states, actions, rollouts, or planning.",high
ALT-366d67a8a39e,fresh_alternate_public_search,eLife Assessment: Drosophila melanogaster model of RVCL-S demonstrates age dependent disease progression,exclude,not_applicable,no_future_or_action_evaluation,"The elife assessment drosophila melanogaster rvcl s demonstrates age dependent disease study analyzes or reconstructs dynamics but does not directly evaluate future states, actions, rollouts, or planning.",medium
ALT-657ac09c32a4,fresh_alternate_public_search,eLife assessment: Fine-tuning spatial-temporal dynamics and surface receptor expression support plasma cell-intrinsic longevity,exclude,not_applicable,no_future_or_action_evaluation,"The elife assessment fine tuning spatial temporal dynamics surface receptor expression study analyzes or reconstructs dynamics but does not directly evaluate future states, actions, rollouts, or planning.",medium
ALT-b6781f48a1e1,fresh_alternate_public_search,Elucidating Development Trajectories of Brain Functional Abnormalities in Major Depressive Disorder Utilizing a Data-Driven Disease Progression Model.,exclude,not_applicable,no_future_or_action_evaluation,"The elucidating trajectories brain functional abnormalities major depressive disorder utilizing data study analyzes or reconstructs dynamics but does not directly evaluate future states, actions, rollouts, or planning.",high
ALT-9745fd5210e1,fresh_alternate_public_search,Employment of color Doppler echocardiographic video clips in a cardiac auscultation class with a cardiology patient simulator: discrepancy between students' satisfaction and learning.,exclude,not_applicable,no_learned_dynamics,"The employment color doppler echocardiographic video clips cardiac auscultation class cardiology study evaluates education, training, or simulator hardware rather than learned patient dynamics.",high
ALT-5b6b08a4db5f,fresh_alternate_public_search,Empowering Clinical Development With Disease Progression Modeling: Recommendations From the Clinical Trials Transformation Initiative.,exclude,not_applicable,no_learned_dynamics,The empowering clinical disease progression recommendations clinical trials transformation initiative study uses prescribed mechanistic or statistical dynamics rather than a learned transition mechanism.,high
ALT-e8873df34251,fresh_alternate_public_search,Enhancing Anesthesia Education and Clinical Practice: A Comprehensive Review of GASMAN Simulation Software.,exclude,not_applicable,review_not_primary,This review centers on enhancing anesthesia education clinical practice comprehensive review gasman simulation software rather than evaluated medical learned world-model dynamics as its primary subject.,high
ALT-9651c2fee9ac,fresh_alternate_public_search,Enhancing Human-Robot Collaboration Through Proactive Hand Trajectory Forecasting and Optimized Task Sequencing,exclude,not_applicable,wrong_domain,"This record concerns enhancing human robot collaboration through proactive hand trajectory forecasting optimized, which is outside medical or biomedical systems.",high
ALT-c313a79512e4,fresh_alternate_public_search,Enhancing Light-curing Competence: A Study of Radiant Exposure and Training Outcomes Among Dental Students.,exclude,not_applicable,no_learned_dynamics,"The enhancing light curing competence radiant exposure training outcomes among dental study evaluates education, training, or simulator hardware rather than learned patient dynamics.",high
ALT-42000fd55d82,fresh_alternate_public_search,Environment-Constrained Human Trajectory Forecasting under Dynamic Crowd Behavior,exclude,not_applicable,review_not_primary,This review centers on environment constrained human trajectory forecasting under dynamic crowd behavior rather than evaluated medical learned world-model dynamics as its primary subject.,high
ALT-d072df0cadc3,fresh_alternate_public_search,"Environmental Hepatotoxicity: A Continuous Pathological Progression Model, Mechanisms, and Stage‐Oriented Intervention Strategies",exclude,not_applicable,review_not_primary,This review centers on environmental hepatotoxicity continuous pathological progression mechanisms stage oriented intervention strategies rather than evaluated medical learned world-model dynamics as its primary subject.,high
ALT-94143c30b88f,fresh_alternate_public_search,Epidemic graph diagrams as analytics for epidemic control in the data-rich era.,exclude,not_applicable,review_not_primary,This review centers on epidemic graph diagrams as analytics epidemic control data rich era rather than evaluated medical learned world-model dynamics as its primary subject.,high
ALT-daca74f7c431,fresh_alternate_public_search,"Erotic cue exposure increases physiological arousal, biases choices toward immediate rewards, and attenuates model-based reinforcement learning.",exclude,not_applicable,no_future_or_action_evaluation,"The erotic cue exposure increases physiological arousal biases choices immediate rewards study analyzes or reconstructs dynamics but does not directly evaluate future states, actions, rollouts, or planning.",high
ALT-3620e85be32e,fresh_alternate_public_search,"Erotic cue exposure increases physiological arousal, biases choices towards immediate rewards and attenuates model-based reinforcement learning",exclude,not_applicable,no_future_or_action_evaluation,"The erotic cue exposure increases physiological arousal biases choices immediate rewards study analyzes or reconstructs dynamics but does not directly evaluate future states, actions, rollouts, or planning.",high
ALT-d2ba4b594a71,fresh_alternate_public_search,Erratum to the Physical-Virtual Patient Simulator: A Physical Human Form With Virtual Appearance and Behavior.,exclude,not_applicable,no_primary_empirical_evaluation,"The erratum physical virtual patient simulator physical human form virtual appearance record is editorial, corrective, conceptual, or consensus-based and lacks a primary learned-dynamics evaluation.",medium
ALT-018a607f2a47,fresh_alternate_public_search,Error Propagation in the Simulation of Atherosclerotic Plaque Growth and the Prediction of Atherosclerotic Disease Progression.,exclude,not_applicable,no_learned_dynamics,The error propagation simulation atherosclerotic plaque growth prediction atherosclerotic disease progression study is an ordinary prognostic or static prediction analysis without a learned rollout mechanism.,high
ALT-f67460592c0c,fresh_alternate_public_search,Establishment of a Biomarker-Directed Clinical Endpoint Model for Early-Stage Parkinson's Disease Patients.,exclude,not_applicable,no_learned_dynamics,The establishment biomarker directed clinical endpoint early stage parkinson s disease study is an ordinary prognostic or static prediction analysis without a learned rollout mechanism.,high
ALT-5429fc1f871b,fresh_alternate_public_search,Estimand Endpoints for Longitudinal Measures of Continuous Disease Progression with an Alzheimer's Disease Example.,exclude,not_applicable,no_future_or_action_evaluation,"The estimand endpoints longitudinal measures continuous disease progression alzheimer s disease study analyzes or reconstructs dynamics but does not directly evaluate future states, actions, rollouts, or planning.",high
ALT-54661692d9b4,fresh_alternate_public_search,Estimated Disease Progression Trajectory of White Matter Disruption in Unilateral Temporal Lobe Epilepsy: A Data-Driven Machine Learning Approach.,exclude,not_applicable,no_learned_dynamics,The estimated disease progression trajectory white matter disruption unilateral temporal lobe study is an ordinary prognostic or static prediction analysis without a learned rollout mechanism.,high
ALT-c05f4a690e7e,fresh_alternate_public_search,Estimating Dementia Onset: AT(N) Profiles and Predictive Modeling in Mild Cognitive Impairment Patients.,exclude,not_applicable,no_learned_dynamics,"The estimating dementia onset at profiles predictive mild cognitive impairment patients study evaluates education, training, or simulator hardware rather than learned patient dynamics.",high
ALT-2b3b424dd4df,fresh_alternate_public_search,"Estimating the Allocation of the Economic Value Generated by Utilization of All-Oral Direct-Acting Antivirals for Hepatitis C in the United States, 2015 to 2019.",exclude,not_applicable,no_future_or_action_evaluation,"The estimating allocation economic value generated by utilization all oral direct study analyzes or reconstructs dynamics but does not directly evaluate future states, actions, rollouts, or planning.",high
ALT-a423e5d240d3,fresh_alternate_public_search,"Estimating the Health and Economic Impact of Improved Management in Prevalent Chronic Obstructive Pulmonary Disease Populations in England, Germany, Canada, and Japan: A Modelling Study.",exclude,not_applicable,review_not_primary,This review centers on estimating health economic impact improved management prevalent chronic obstructive pulmonary rather than evaluated medical learned world-model dynamics as its primary subject.,high
ALT-609982ef4785,fresh_alternate_public_search,"Estimating the impact of a police education program on hepatitis C virus transmission and disease burden among people who inject drugs in Tijuana, Mexico: A dynamic modeling analysis.",exclude,not_applicable,no_learned_dynamics,"The estimating impact police education program hepatitis c virus transmission disease study evaluates education, training, or simulator hardware rather than learned patient dynamics.",high
ALT-ffdd45ace1ed,fresh_alternate_public_search,Estimating the time course of biomarker changes in Alzheimer's disease.,exclude,not_applicable,no_learned_dynamics,The estimating time course biomarker changes alzheimer s disease study is an ordinary prognostic or static prediction analysis without a learned rollout mechanism.,high
ALT-50e3af48c66f,fresh_alternate_public_search,Estimation of COVID-19 Period Prevalence and the Undiagnosed Population in Canadian Provinces: Model-Based Analysis.,exclude,not_applicable,no_future_or_action_evaluation,"The estimation covid 19 period prevalence undiagnosed population canadian provinces study analyzes or reconstructs dynamics but does not directly evaluate future states, actions, rollouts, or planning.",high
ALT-0f102e22ac13,fresh_alternate_public_search,Evaluate the impact of the virtual patient simulator on medical students’ clinical reasoning skills through a script concordance test.,exclude,not_applicable,no_learned_dynamics,"The evaluate impact virtual patient simulator medical students clinical reasoning skills study evaluates education, training, or simulator hardware rather than learned patient dynamics.",medium
ALT-ecc575738097,fresh_alternate_public_search,Evaluating the cost-effectiveness of a pre-exposure prophylaxis program for HIV prevention for men who have sex with men in Japan.,exclude,not_applicable,no_learned_dynamics,The evaluating cost effectiveness pre exposure prophylaxis program hiv prevention men study uses prescribed mechanistic or statistical dynamics rather than a learned transition mechanism.,high
ALT-92e42f965d0f,fresh_alternate_public_search,Evaluating the cost-effectiveness of hepatitis B vaccination strategies in high-impact settings for adults.,exclude,not_applicable,no_learned_dynamics,The evaluating cost effectiveness hepatitis b vaccination strategies high impact settings study uses prescribed mechanistic or statistical dynamics rather than a learned transition mechanism.,high
ALT-879d0ae311a1,fresh_alternate_public_search,Evaluating the educational impact of an AI-Powered Totipotent Interactive Patient Simulator (SimPatient),exclude,not_applicable,no_learned_dynamics,"The evaluating educational impact ai powered totipotent interactive patient simulator study evaluates education, training, or simulator hardware rather than learned patient dynamics.",high
ALT-18cf635a675b,fresh_alternate_public_search,Evaluating the effectiveness of integrated care in targeted therapy for patients with chronic lymphocytic leukemia.,exclude,not_applicable,no_learned_dynamics,The evaluating effectiveness integrated care targeted therapy patients chronic lymphocytic leukemia study is an ordinary prognostic or static prediction analysis without a learned rollout mechanism.,high
ALT-5743a573cf72,fresh_alternate_public_search,Evaluating the impact of motion artifact on noninvasive blood pressure devices.,exclude,not_applicable,no_primary_empirical_evaluation,"The evaluating impact motion artifact noninvasive blood pressure devices record is editorial, corrective, conceptual, or consensus-based and lacks a primary learned-dynamics evaluation.",high
ALT-3ed8f504dbc0,fresh_alternate_public_search,Evaluating the role of alpha cell dysregulation in the progression to type 2 diabetes using mathematical simulations.,exclude,not_applicable,review_not_primary,This review centers on evaluating alpha cell dysregulation progression type 2 diabetes mathematical simulations rather than evaluated medical learned world-model dynamics as its primary subject.,high
ALT-df425dedaab6,fresh_alternate_public_search,Evaluation of a Novel Simulation Curriculum With the Segmented Model in Pediatric Cardiovascular Education.,exclude,not_applicable,review_not_primary,This review centers on simulation curriculum segmented pediatric cardiovascular education rather than evaluated medical learned world-model dynamics as its primary subject.,high
ALT-3299ce09d878,fresh_alternate_public_search,Evaluation of the Efficiency and Safety of a Safe Label System: A Prospective Simulation Study.,exclude,not_applicable,no_learned_dynamics,The efficiency safety safe label system prospective simulation study is an ordinary prognostic or static prediction analysis without a learned rollout mechanism.,high
ALT-dfb6c1fac2f0,fresh_alternate_public_search,Evaluation of the star family doctors training program: an observational cohort study of a novel continuing medical education program for general practitioners within a compact medical consortium: a quantitative analysis.,exclude,not_applicable,review_not_primary,This review centers on star family doctors training program observational cohort continuing medical education rather than evaluated medical learned world-model dynamics as its primary subject.,high
ALT-cf36b0e5e2d3,fresh_alternate_public_search,Event-based modeling in temporal lobe epilepsy demonstrates progressive atrophy from cross-sectional data.,exclude,not_applicable,no_learned_dynamics,The event temporal lobe epilepsy demonstrates progressive atrophy cross sectional data study is an ordinary prognostic or static prediction analysis without a learned rollout mechanism.,high
ALT-0a4145eb1c64,fresh_alternate_public_search,Experience of simulation practice using a high-fidelity patient simulator and standardized patients of nursing students,exclude,not_applicable,no_learned_dynamics,"The experience simulation practice high fidelity patient simulator standardized patients nursing study evaluates education, training, or simulator hardware rather than learned patient dynamics.",medium
ALT-eb082d40a803,fresh_alternate_public_search,Experiences of Medical Students and Evaluators on Utilizing Simulators in Objective Structured Clinical Exam: A Qualitative Study.,exclude,not_applicable,review_not_primary,This review centers on experiences medical students evaluators utilizing simulators objective structured clinical exam rather than evaluated medical learned world-model dynamics as its primary subject.,high
ALT-c29193e5b89d,fresh_alternate_public_search,Explainable deep learning for disease activity prediction in chronic inflammatory joint diseases.,exclude,not_applicable,no_future_or_action_evaluation,"The explainable deep learning disease activity prediction chronic inflammatory joint diseases study analyzes or reconstructs dynamics but does not directly evaluate future states, actions, rollouts, or planning.",high
ALT-961d4aba3ddb,fresh_alternate_public_search,Exploration of cardiopulmonary resuscitation teamwork training for maternal cardiac arrest using the SimMan intelligent simulation platform: A simulation teaching study.,exclude,not_applicable,review_not_primary,This review centers on exploration cardiopulmonary resuscitation teamwork training maternal cardiac arrest simman intelligent rather than evaluated medical learned world-model dynamics as its primary subject.,high
ALT-a87ebbf52bad,fresh_alternate_public_search,Exploring Attribute-Based Facial Synthesis with Generative Adversarial Networks for Enhanced Patient Simulator Systems,exclude,not_applicable,no_future_or_action_evaluation,"The exploring attribute facial synthesis generative adversarial networks enhanced patient simulator study analyzes or reconstructs dynamics but does not directly evaluate future states, actions, rollouts, or planning.",medium
ALT-75c423c80690,fresh_alternate_public_search,Exploring the suitability of piecewise-linear dynamical system models for cognitive neural dynamics.,exclude,not_applicable,no_future_or_action_evaluation,"The exploring suitability piecewise linear dynamical system cognitive neural dynamics study analyzes or reconstructs dynamics but does not directly evaluate future states, actions, rollouts, or planning.",high
ALT-a4326268a2b5,fresh_alternate_public_search,Exposure-efficacy analyses of nintedanib in patients with chronic fibrosing interstitial lung disease.,exclude,not_applicable,no_learned_dynamics,The exposure efficacy analyses nintedanib patients chronic fibrosing interstitial lung disease study is an ordinary prognostic or static prediction analysis without a learned rollout mechanism.,high
ALT-a076d5d1e620,fresh_alternate_public_search,Exposure-Efficacy Meta-Model of Nintedanib in Adult Patients With Chronic Fibrosing Interstitial Lung Diseases.,exclude,not_applicable,no_future_or_action_evaluation,"The exposure efficacy meta nintedanib adult patients chronic fibrosing interstitial lung study analyzes or reconstructs dynamics but does not directly evaluate future states, actions, rollouts, or planning.",high
ALT-ebdcf228ee52,fresh_alternate_public_search,Exposure-Response and Clinical Outcome Modeling of Inhaled Budesonide/Formoterol Combination in Asthma Patients.,exclude,not_applicable,no_learned_dynamics,The exposure response clinical outcome inhaled budesonide formoterol combination asthma patients study uses prescribed mechanistic or statistical dynamics rather than a learned transition mechanism.,high
ALT-27768d84fbdd,fresh_alternate_public_search,Exposure-safety Markov modeling of ocular adverse events in patient populations treated with tisotumab vedotin.,exclude,not_applicable,review_not_primary,This review centers on exposure safety markov ocular adverse events patient populations treated tisotumab rather than evaluated medical learned world-model dynamics as its primary subject.,high
ALT-39f9fbdf72ad,fresh_alternate_public_search,Extracting Preserved Neural Latent Dynamics Across Tasks using Convolutional Transformer-based Variational Autoendecoder.,exclude,not_applicable,no_learned_dynamics,"The extracting preserved neural latent dynamics across tasks convolutional transformer variational study evaluates education, training, or simulator hardware rather than learned patient dynamics.",high
ALT-50a1e081f433,fresh_alternate_public_search,Eye-Tracking-Based Analysis of Situational Awareness of Nurses.,exclude,not_applicable,no_learned_dynamics,"The eye tracking situational awareness nurses study evaluates education, training, or simulator hardware rather than learned patient dynamics.",high
ALT-151554683963,fresh_alternate_public_search,"Facial Expression Modeling and Synthesis for Patient Simulator Systems: Past, Present, and Future",exclude,not_applicable,wrong_domain,"This record concerns facial expression synthesis patient simulator systems past present future, which is outside medical or biomedical systems.",high
ALT-af3b74dea2e4,fresh_alternate_public_search,Facilitating safe discharge through predicting disease progression in moderate Covid-19: development and validation of a prediction model in resource-limited settings,exclude,not_applicable,no_learned_dynamics,The facilitating safe discharge through predicting disease progression moderate covid 19 study is an ordinary prognostic or static prediction analysis without a learned rollout mechanism.,medium
ALT-4172811b0dbf,fresh_alternate_public_search,Faculty Opinions recommendation of Genetic deficiency of complement component 3 does not alter disease progression in a mouse model of huntington's disease.,exclude,not_applicable,no_primary_empirical_evaluation,"The faculty opinions recommendation genetic deficiency complement component 3 does not record is editorial, corrective, conceptual, or consensus-based and lacks a primary learned-dynamics evaluation.",medium
ALT-3c3f85c72fc7,fresh_alternate_public_search,Faculty Opinions recommendation of Mutant huntingtin reduction in astrocytes slows disease progression in the BACHD conditional Huntington's disease mouse model.,exclude,not_applicable,no_primary_empirical_evaluation,"The faculty opinions recommendation mutant huntingtin reduction astrocytes slows disease progression record is editorial, corrective, conceptual, or consensus-based and lacks a primary learned-dynamics evaluation.",medium
ALT-8f3d488d7c69,fresh_alternate_public_search,Faculty Opinions recommendation of Revealing spatio-temporal dynamics with long-term trypanosomatid live-cell imaging.,exclude,not_applicable,no_primary_empirical_evaluation,"The faculty opinions recommendation revealing spatio temporal dynamics long term trypanosomatid record is editorial, corrective, conceptual, or consensus-based and lacks a primary learned-dynamics evaluation.",medium
ALT-a34805bc05f7,fresh_alternate_public_search,Fast-acting insulin aspart (Fiasp®) improves glycemic outcomes when used with MiniMed,exclude,not_applicable,no_primary_empirical_evaluation,"The fast acting insulin aspart improves glycemic outcomes when used minimed record is editorial, corrective, conceptual, or consensus-based and lacks a primary learned-dynamics evaluation.",high
ALT-6f4e907e78ac,fresh_alternate_public_search,Fatigue detection and optimisation method for human–robot collaborative assembly based on digital twin,exclude,not_applicable,no_learned_dynamics,"The fatigue detection optimisation method human robot collaborative assembly digital twin record describes a static, conceptual, or mechanistic twin without learned temporal transitions.",medium
ALT-eaa2bfef6e39,fresh_alternate_public_search,Feasibility and effectiveness of cardiac auscultation training with a cardiology patient simulator for first-year medical students.,exclude,not_applicable,no_learned_dynamics,"The feasibility effectiveness cardiac auscultation training cardiology patient simulator first year study evaluates education, training, or simulator hardware rather than learned patient dynamics.",high
ALT-1e997ea9e68d,fresh_alternate_public_search,Features that Influence Fast Disease Progression in Behavioral Variant Frontotemporal Dementia,exclude,not_applicable,no_future_or_action_evaluation,"The features that influence fast disease progression behavioral variant frontotemporal dementia study analyzes or reconstructs dynamics but does not directly evaluate future states, actions, rollouts, or planning.",medium
ALT-811a88f5424a,fresh_alternate_public_search,Federated TinyML and digital twin framework for secure and resilient IoMT-based ICU monitoring.,exclude,not_applicable,review_not_primary,This review centers on federated tinyml digital twin secure resilient iomt icu monitoring rather than evaluated medical learned world-model dynamics as its primary subject.,high
ALT-ba03c9107843,fresh_alternate_public_search,Fictive Learning in Model-based Reinforcement Learning by Generalized Reward Prediction Errors,exclude,not_applicable,no_future_or_action_evaluation,"The fictive learning reinforcement learning by generalized reward prediction errors study analyzes or reconstructs dynamics but does not directly evaluate future states, actions, rollouts, or planning.",high
ALT-fe12ee0f525c,fresh_alternate_public_search,Fine-tuning spatial-temporal dynamics and surface receptor expression support plasma cell-intrinsic longevity,exclude,not_applicable,no_future_or_action_evaluation,"The fine tuning spatial temporal dynamics surface receptor expression support plasma study analyzes or reconstructs dynamics but does not directly evaluate future states, actions, rollouts, or planning.",high
ALT-5244cc8095bd,fresh_alternate_public_search,First Experience With Using a Simulator in Teaching Physiology of the Cardiovascular System.,exclude,not_applicable,no_learned_dynamics,"The first experience simulator teaching physiology cardiovascular system study evaluates education, training, or simulator hardware rather than learned patient dynamics.",high
ALT-48d786c52a2b,fresh_alternate_public_search,Foot digital twin and in silico clinical applications,uncertain,review,insufficient_abstract,"The foot digital twin silico clinical applications title plausibly denotes a medical world-model review, but the missing abstract does not establish its primary scope.",low
ALT-0cdd85000e2e,fresh_alternate_public_search,Forecasting Alzheimer’s Disease Progression via Identity-preserved Denoising Diffusion Generative Adversarial Network,include,empirical,include_empirical,The forecasting alzheimer s disease progression identity preserved denoising diffusion generative study learns or calibrates temporal dynamics and directly evaluates held-out future states or multi-step forecasts.,high
ALT-1f8852f05ce9,fresh_alternate_public_search,Forecasting individual progression trajectories in Huntington disease enables more powered clinical trials.,exclude,not_applicable,no_learned_dynamics,The forecasting individual progression trajectories huntington disease enables more powered clinical study is an ordinary prognostic or static prediction analysis without a learned rollout mechanism.,high
ALT-f31edb288d07,fresh_alternate_public_search,Forum on immune digital twins: a meeting report.,exclude,not_applicable,review_not_primary,This review centers on forum immune digital twins meeting report rather than evaluated medical learned world-model dynamics as its primary subject.,high
ALT-c2595dfe6458,fresh_alternate_public_search,"Fostering Undergraduate Medicine, Nursing, and Pharmacy Students' Readiness for Interprofessional Learning Using High Fidelity Simulation.",exclude,not_applicable,no_learned_dynamics,"The fostering undergraduate medicine nursing pharmacy students readiness interprofessional learning high study evaluates education, training, or simulator hardware rather than learned patient dynamics.",high
ALT-df67bd5a7c1f,fresh_alternate_public_search,Foundation models in omics research: a comprehensive survey.,exclude,not_applicable,review_not_primary,This review centers on foundation omics research comprehensive survey rather than evaluated medical learned world-model dynamics as its primary subject.,high
ALT-d0134a879a2c,fresh_alternate_public_search,From digital twins to clinically trustworthy twins: a clinical-claim-based validation framework for personalized digital health.,include,review,include_review,"This review primarily synthesizes dynamic medical digital twins for digital twins clinically trustworthy twins clinical claim validation personalized digital, including prediction, simulation, or intervention use.",medium
ALT-07eab1d34392,fresh_alternate_public_search,From disease progression to healthcare demand: A temporal model for epidemic cost and insurance projection,exclude,not_applicable,no_learned_dynamics,The disease progression healthcare demand temporal epidemic cost insurance projection study is an ordinary prognostic or static prediction analysis without a learned rollout mechanism.,high
ALT-5f0ef8cf9ed7,fresh_alternate_public_search,From genes to trajectories: mapping genetic influences on Huntington's disease progression.,exclude,not_applicable,no_future_or_action_evaluation,"The genes trajectories mapping genetic influences huntington s disease progression study analyzes or reconstructs dynamics but does not directly evaluate future states, actions, rollouts, or planning.",high
ALT-c68a299766e5,fresh_alternate_public_search,From intravascular imaging to adaptive vascular care: intelligent photonics and digital twins in panvascular disease.,exclude,not_applicable,review_not_primary,This review centers on intravascular imaging adaptive vascular care intelligent photonics digital twins panvascular rather than evaluated medical learned world-model dynamics as its primary subject.,high
ALT-4dc856a87102,fresh_alternate_public_search,From mechanistic models to artificial intelligence: exploring the potential of digital twins in geriatric oncology.,include,review,include_review,"This review primarily synthesizes dynamic medical digital twins for mechanistic artificial intelligence exploring potential digital twins geriatric oncology, including prediction, simulation, or intervention use.",medium
ALT-5358455df8a0,fresh_alternate_public_search,From Monitor to Autonomous Manager,exclude,not_applicable,wrong_domain,"This record concerns monitor autonomous manager, which is outside medical or biomedical systems.",high
ALT-88c653f749f2,fresh_alternate_public_search,From Realism to Learner Engagement: Rethinking Fidelity in Simulation-Based Education.,exclude,not_applicable,review_not_primary,This review centers on realism learner engagement rethinking fidelity simulation education rather than evaluated medical learned world-model dynamics as its primary subject.,high
ALT-2dc2cb28426f,fresh_alternate_public_search,From serological surveys to disease burden: a modelling pipeline for Chagas disease.,exclude,not_applicable,review_not_primary,This review centers on serological surveys disease burden pipeline chagas disease rather than evaluated medical learned world-model dynamics as its primary subject.,high
ALT-a031eedceed1,fresh_alternate_public_search,From Sound Abduction to Governed Intervention: A Closed-Loop Architecture for Medical Digital Twins in Multiple Sclerosis Care,exclude,not_applicable,review_not_primary,This review centers on sound abduction governed intervention closed loop architecture medical digital twins rather than evaluated medical learned world-model dynamics as its primary subject.,high
ALT-f7ef75a1f217,fresh_alternate_public_search,From virtual to reality: innovative practices of digital twins in tumor therapy.,include,review,include_review,"This review primarily synthesizes dynamic medical digital twins for virtual reality innovative practices digital twins tumor therapy, including prediction, simulation, or intervention use.",medium
ALT-ae68eb54e309,fresh_alternate_public_search,Frontoparietal network activity during model-based reinforcement learning updates is reduced among adolescents with severe sexual abuse.,exclude,not_applicable,no_learned_dynamics,The frontoparietal network activity during reinforcement learning updates is reduced among record does not describe a learned temporal or action-conditioned medical dynamics model.,high
ALT-04d5c0ebe6f3,fresh_alternate_public_search,Gambling Environment Exposure Increases Temporal Discounting but Improves Model-Based Control in Regular Slot-Machine Gamblers.,exclude,not_applicable,no_learned_dynamics,The gambling environment exposure increases temporal discounting but improves control regular study is an ordinary prognostic or static prediction analysis without a learned rollout mechanism.,high
ALT-737788a217c0,fresh_alternate_public_search,"Gaussian process linking functions for mind, brain, and behavior.",exclude,not_applicable,no_learned_dynamics,The gaussian process linking functions mind brain behavior study uses prescribed mechanistic or statistical dynamics rather than a learned transition mechanism.,high
ALT-af439b143cbc,fresh_alternate_public_search,GeneCytNet: an interpretable deep learning framework for rheumatoid arthritis classification and,exclude,not_applicable,no_learned_dynamics,The genecytnet interpretable deep learning rheumatoid arthritis classification study is an ordinary prognostic or static prediction analysis without a learned rollout mechanism.,high
ALT-056bf65776d0,fresh_alternate_public_search,Generating whole-brain neural activity and behavior through unified latent dynamics,include,empirical,include_empirical,The generating whole brain neural activity behavior through unified latent dynamics study learns or calibrates temporal dynamics and directly evaluates intervention-conditioned rollouts or planning outcomes.,high
ALT-d95710ea0760,fresh_alternate_public_search,"Generative ""Medical Time Travel"" Simulators for Disease Progression Forecasting",uncertain,empirical,insufficient_abstract,"The generative medical time travel simulators disease progression forecasting title plausibly denotes learned medical dynamics, but the missing abstract does not establish direct future or action evaluation.",low
ALT-865a7d2dad0f,fresh_alternate_public_search,Generative Adversarial Networks in Brain Imaging: A Narrative Review.,exclude,not_applicable,review_not_primary,This review centers on generative adversarial networks brain imaging narrative review rather than evaluated medical learned world-model dynamics as its primary subject.,high
ALT-e89a02bb5f94,fresh_alternate_public_search,Generative AI as a transformational logic for cognitive neuroscience.,exclude,not_applicable,no_future_or_action_evaluation,"The generative ai as transformational logic cognitive neuroscience study analyzes or reconstructs dynamics but does not directly evaluate future states, actions, rollouts, or planning.",high
ALT-1b5dc1365909,fresh_alternate_public_search,Generative atlasing in universal gene expression space defines cell types and microenvironment spectra during disease progression,exclude,not_applicable,no_future_or_action_evaluation,"The generative atlasing universal gene expression space defines cell types microenvironment study analyzes or reconstructs dynamics but does not directly evaluate future states, actions, rollouts, or planning.",high
ALT-49858f3d90ed,fresh_alternate_public_search,Generative modeling of clinical time series via latent stochastic differential equations.,include,empirical,include_empirical,The generative clinical time series latent stochastic differential equations study learns or calibrates temporal dynamics and directly evaluates intervention-conditioned rollouts or planning outcomes.,high
ALT-e36be08e8db3,fresh_alternate_public_search,Generative morphodynamic forecasting enables robust zero-shot volumetric medical segmentation.,include,empirical,include_empirical,The generative morphodynamic forecasting enables robust zero shot volumetric medical segmentation study learns or calibrates temporal dynamics and directly evaluates intervention-conditioned rollouts or planning outcomes.,high
ALT-cf3e7ea336cb,fresh_alternate_public_search,Genetic Algorithm-Based Trajectory Optimization for Digital Twin Robots,exclude,not_applicable,wrong_domain,"This record concerns genetic algorithm trajectory optimization digital twin robots, which is outside medical or biomedical systems.",high
ALT-48cdaa08f5c9,fresh_alternate_public_search,Genome-wide Analysis of Motor Progression in Parkinson Disease.,exclude,not_applicable,review_not_primary,This review centers on genome wide motor progression parkinson disease rather than evaluated medical learned world-model dynamics as its primary subject.,high
ALT-0b099473166d,fresh_alternate_public_search,Graph Representation Forecasting of Patient's Medical Conditions: Toward a Digital Twin.,include,empirical,include_empirical,The graph representation forecasting patient s medical conditions digital twin study learns or calibrates temporal dynamics and directly evaluates intervention-conditioned rollouts or planning outcomes.,high
ALT-1a4671bd7258,fresh_alternate_public_search,Graph representation forecasting of patient’s medical conditions: towards a digital twin,include,empirical,include_empirical,The graph representation forecasting patient s medical conditions digital twin study learns or calibrates temporal dynamics and directly evaluates intervention-conditioned rollouts or planning outcomes.,high
ALT-46fd7430b78a,fresh_alternate_public_search,Graph-Enhanced Management-Context-Aware Multi-Step Forecasting of Hourly Sensor-Derived Physiological and Behavioral Indicators in Hu Sheep,exclude,not_applicable,no_future_or_action_evaluation,"The graph enhanced management context aware multi step forecasting hourly sensor study analyzes or reconstructs dynamics but does not directly evaluate future states, actions, rollouts, or planning.",high
ALT-026f27757855,fresh_alternate_public_search,Graphicalized vision-language modeling for comprehensive lung nodule analysis and risk stratification.,exclude,not_applicable,no_learned_dynamics,The graphicalized vision language comprehensive lung nodule risk stratification study is an ordinary prognostic or static prediction analysis without a learned rollout mechanism.,high
ALT-98ab17bf337e,fresh_alternate_public_search,Ground-JEPA: Learning Physically Grounded Latent World Models for Zero-Shot Dynamics Generalization of Legged Robots,exclude,not_applicable,wrong_domain,"This record concerns ground jepa learning physically grounded latent world zero shot dynamics, which is outside medical or biomedical systems.",high
ALT-15cd2d278855,fresh_alternate_public_search,Handling Comparison between a Human and a Patient Simulator for Nursing Care Related Physical Human-robot Interaction,exclude,not_applicable,wrong_domain,"This record concerns handling comparison between human patient simulator nursing care related physical, which is outside medical or biomedical systems.",high
ALT-f7c03f16c952,fresh_alternate_public_search,Healthcare cyberspace: medical cyber physical system in digital twin,exclude,not_applicable,no_learned_dynamics,"The healthcare cyberspace medical cyber physical system digital twin record describes a static, conceptual, or mechanistic twin without learned temporal transitions.",medium
ALT-1f1e3d4bfc67,fresh_alternate_public_search,Heart Digital Twins Predict Features of Invasive Reentrant Circuits and Ablation Lesions in Scar-Dependent Ventricular Tachycardia.,exclude,not_applicable,no_primary_empirical_evaluation,"The heart digital twins predict features invasive reentrant circuits ablation lesions record is editorial, corrective, conceptual, or consensus-based and lacks a primary learned-dynamics evaluation.",high
ALT-686f5b19d4cd,fresh_alternate_public_search,Hepatitis C screening in Lithuania: first-year results and scenarios for achieving WHO elimination targets.,exclude,not_applicable,no_future_or_action_evaluation,"The hepatitis c screening lithuania first year results scenarios achieving who study analyzes or reconstructs dynamics but does not directly evaluate future states, actions, rollouts, or planning.",high
ALT-45ea5921be00,fresh_alternate_public_search,Heterogeneity in Preclinical Alzheimer’s Disease Trial Cohort Identified by Image-based Data-Driven Disease Progression Modelling,exclude,not_applicable,no_future_or_action_evaluation,"The heterogeneity preclinical alzheimer s disease trial cohort identified by image study analyzes or reconstructs dynamics but does not directly evaluate future states, actions, rollouts, or planning.",high
ALT-77e8f9271a36,fresh_alternate_public_search,Hierarchical Bayesian modelling of disease progression to inform clinical trial design in centronuclear myopathy.,exclude,not_applicable,no_future_or_action_evaluation,"The hierarchical bayesian disease progression inform clinical trial design centronuclear myopathy study analyzes or reconstructs dynamics but does not directly evaluate future states, actions, rollouts, or planning.",high
ALT-08d3d401d3c2,fresh_alternate_public_search,High-dimensional neuronal activity from low-dimensional latent dynamics: a solvable model,exclude,not_applicable,no_future_or_action_evaluation,"The high dimensional neuronal activity low dimensional latent dynamics solvable study analyzes or reconstructs dynamics but does not directly evaluate future states, actions, rollouts, or planning.",high
ALT-40d308c363fa,fresh_alternate_public_search,High-fidelity simulation and virtual reality: an evaluation of medical students' experiences.,exclude,not_applicable,no_learned_dynamics,"The high fidelity simulation virtual reality medical students experiences study evaluates education, training, or simulator hardware rather than learned patient dynamics.",high
ALT-dc9dc43cedb5,fresh_alternate_public_search,High-Fidelity Simulation Improves Long-Term Knowledge of Clinical Swallow Evaluation.,exclude,not_applicable,no_learned_dynamics,"The high fidelity simulation improves long term knowledge clinical swallow study evaluates education, training, or simulator hardware rather than learned patient dynamics.",high
ALT-2581e79133b4,fresh_alternate_public_search,Homebound by COVID19: the benefits and consequences of non-pharmaceutical intervention strategies.,exclude,not_applicable,no_future_or_action_evaluation,"The homebound by covid19 benefits consequences non pharmaceutical intervention strategies study analyzes or reconstructs dynamics but does not directly evaluate future states, actions, rollouts, or planning.",high
ALT-f4055f1f7062,fresh_alternate_public_search,Homogeneous Transformation Matrix Based Neural Network for Model Based Reinforcement Learning on Robot Manipulator,exclude,not_applicable,wrong_domain,"This record concerns homogeneous transformation matrix neural network reinforcement learning robot manipulator, which is outside medical or biomedical systems.",high
ALT-11ca23d625dd,fresh_alternate_public_search,How to improve statistical power in a trial with SCA2 patients using natural history data.,exclude,not_applicable,no_future_or_action_evaluation,"The how improve statistical power trial sca2 patients natural history data study analyzes or reconstructs dynamics but does not directly evaluate future states, actions, rollouts, or planning.",high
ALT-1b13efd72b37,fresh_alternate_public_search,How to Probe Dynamics of Brain Function: A Narrative Review.,exclude,not_applicable,review_not_primary,This review centers on how probe dynamics brain function narrative review rather than evaluated medical learned world-model dynamics as its primary subject.,high
ALT-d527b2b5e8f4,fresh_alternate_public_search,Human Digital Twin for Personalized Elderly Type 2 Diabetes Management.,exclude,not_applicable,review_not_primary,This review centers on human digital twin personalized elderly type 2 diabetes management rather than evaluated medical learned world-model dynamics as its primary subject.,high
ALT-925f8474c37b,fresh_alternate_public_search,Human Patient Simulator Simulation,exclude,not_applicable,no_future_or_action_evaluation,"The human patient simulator simulation study analyzes or reconstructs dynamics but does not directly evaluate future states, actions, rollouts, or planning.",medium
ALT-cf089f5a91f0,fresh_alternate_public_search,Hybrid deep learning-mechanistic modeling of cellular dynamics from a spatiotemporal single-cell atlas.,include,empirical,include_empirical,The hybrid deep learning mechanistic cellular dynamics spatiotemporal single cell atlas study learns or calibrates temporal dynamics and directly evaluates intervention-conditioned rollouts or planning outcomes.,high
ALT-9de7a99d4bd5,fresh_alternate_public_search,Hyperspectral imaging analysis for early detection of tomato bacterial leaf spot disease.,exclude,not_applicable,wrong_domain,"This record concerns hyperspectral imaging early detection tomato bacterial leaf spot disease, which is outside medical or biomedical systems.",high
ALT-3ab5d5dbce77,fresh_alternate_public_search,IDDF2023-ABS-0192 Multi-omics landscape of disease progression characterized by an interpretable multimodal model vec3d,exclude,not_applicable,no_future_or_action_evaluation,"The iddf2023 abs 0192 multi omics landscape disease progression characterized by study analyzes or reconstructs dynamics but does not directly evaluate future states, actions, rollouts, or planning.",medium
ALT-ace6023fb2ac,fresh_alternate_public_search,IDDF2026-ABS-0436 Structured lifestyle intervention reduces early non-alcoholic fatty liver disease progression,exclude,not_applicable,no_future_or_action_evaluation,"The iddf2026 abs 0436 structured lifestyle intervention reduces early non alcoholic study analyzes or reconstructs dynamics but does not directly evaluate future states, actions, rollouts, or planning.",medium
ALT-975cceb155c5,fresh_alternate_public_search,Identifiability-Guided Assessment of Digital Twins in Alzheimer's Disease Clinical Research and Care.,exclude,not_applicable,no_learned_dynamics,"The identifiability guided assessment digital twins alzheimer s disease clinical research record describes a static, conceptual, or mechanistic twin without learned temporal transitions.",high
ALT-43a1e660b540,fresh_alternate_public_search,Identification of a conserved sequence of disease progression in Idiopathic Pulmonary Fibrosis.,exclude,not_applicable,no_future_or_action_evaluation,"The identification conserved sequence disease progression idiopathic pulmonary fibrosis study analyzes or reconstructs dynamics but does not directly evaluate future states, actions, rollouts, or planning.",high
ALT-a3f91721b5ec,fresh_alternate_public_search,"Identification of Novel Genetic Variants and Food Intake Factors Associated with Type 2 Diabetes in South Korean Adults, Using an Illness-Death Model.",exclude,not_applicable,no_learned_dynamics,The identification genetic variants food intake factors associated type 2 diabetes study is an ordinary prognostic or static prediction analysis without a learned rollout mechanism.,high
ALT-e78308f33533,fresh_alternate_public_search,Identification of Patient Clusters with Distinct Disease Progression Patterns Utilizing a Nationwide Finnish Population with Type 2 Diabetes.,exclude,not_applicable,no_learned_dynamics,The identification patient clusters distinct disease progression patterns utilizing nationwide finnish study is an ordinary prognostic or static prediction analysis without a learned rollout mechanism.,high
ALT-d4b19e45be46,fresh_alternate_public_search,Identification of undiagnosed atrial fibrillation using a machine learning risk prediction algorithm and diagnostic testing (PULsE-AI) in primary care: cost-effectiveness of a screening strategy evaluated in a randomized controlled trial in England.,exclude,not_applicable,no_learned_dynamics,The identification undiagnosed atrial fibrillation machine learning risk prediction algorithm diagnostic study uses prescribed mechanistic or statistical dynamics rather than a learned transition mechanism.,high
ALT-431f97fa6f8e,fresh_alternate_public_search,Identifying the regional substrates predictive of Alzheimer’s disease progression through a convolutional neural network model and occlusion,exclude,not_applicable,no_learned_dynamics,The identifying regional substrates predictive alzheimer s disease progression through convolutional study is an ordinary prognostic or static prediction analysis without a learned rollout mechanism.,high
ALT-dbd32ff69f87,fresh_alternate_public_search,Idiopathic pulmonary fibrosis therapy development: a clinical pharmacology perspective.,exclude,not_applicable,review_not_primary,This review centers on idiopathic pulmonary fibrosis therapy clinical pharmacology perspective rather than evaluated medical learned world-model dynamics as its primary subject.,high
ALT-392f9f81771f,fresh_alternate_public_search,Immune signatures of CD4 and CD68 predicts disease progression in cutaneous T cell lymphoma.,exclude,not_applicable,no_learned_dynamics,The immune signatures cd4 cd68 predicts disease progression cutaneous t cell study is an ordinary prognostic or static prediction analysis without a learned rollout mechanism.,high
ALT-47c1801d13d3,fresh_alternate_public_search,Impact of abdominal adipose tissue segmentation on radiomics-based prognostic evaluation using CT enterography in Crohn's disease.,exclude,not_applicable,no_learned_dynamics,The impact abdominal adipose tissue segmentation radiomics prognostic ct enterography crohn study is an ordinary prognostic or static prediction analysis without a learned rollout mechanism.,high
ALT-6a10e87861d3,fresh_alternate_public_search,"Impact of Latent Reservoirs, Latent Infection Delays, and Treatments on HIV Dynamics",exclude,not_applicable,no_future_or_action_evaluation,"The impact latent reservoirs latent infection delays treatments hiv dynamics study analyzes or reconstructs dynamics but does not directly evaluate future states, actions, rollouts, or planning.",high
ALT-c6d112c9b297,fresh_alternate_public_search,Impact of Personal Protective Equipment on the Performance of Emergency Pediatric Tasks.,exclude,not_applicable,no_future_or_action_evaluation,"The impact personal protective equipment performance emergency pediatric tasks study analyzes or reconstructs dynamics but does not directly evaluate future states, actions, rollouts, or planning.",high
ALT-9869fc34bea6,fresh_alternate_public_search,Implementation of a high fidelity simulation based training program for physicians of children requiring long term invasive home ventilation: a study by ISPAT team.,exclude,not_applicable,no_learned_dynamics,"The implementation high fidelity simulation training program physicians children requiring long study evaluates education, training, or simulator hardware rather than learned patient dynamics.",high
ALT-2ba28da816c7,fresh_alternate_public_search,Implementation of hybrid simulation training to promote collective and self-efficacy in medical students: a two-pronged approach.,exclude,not_applicable,no_learned_dynamics,"The implementation hybrid simulation training promote collective self efficacy medical students study evaluates education, training, or simulator hardware rather than learned patient dynamics.",high
ALT-33c4be7c0920,fresh_alternate_public_search,In Situ Simulation for Ventilator Management in Emergency Medicine.,exclude,not_applicable,no_learned_dynamics,"The situ simulation ventilator management emergency medicine study evaluates education, training, or simulator hardware rather than learned patient dynamics.",high
ALT-fdd9bf608834,fresh_alternate_public_search,Inefficient autophagosome formation limits the temporal dynamics of OPTN-mediated mitophagy in neurons,exclude,not_applicable,no_future_or_action_evaluation,"The inefficient autophagosome formation limits temporal dynamics optn mediated mitophagy neurons study analyzes or reconstructs dynamics but does not directly evaluate future states, actions, rollouts, or planning.",high
ALT-ff4061259605,fresh_alternate_public_search,Inference of Disease Burden for Chronic Kidney Disease Screening Intervention Based on a Micro-Simulation Model,exclude,not_applicable,no_learned_dynamics,The inference disease burden chronic kidney disease screening intervention micro simulation study uses prescribed mechanistic or statistical dynamics rather than a learned transition mechanism.,high
ALT-ad2c2c11044d,fresh_alternate_public_search,Inferring Trajectories of Psychotic Disorders Using Dynamic Causal Modeling.,exclude,not_applicable,review_not_primary,This review centers on inferring trajectories psychotic disorders dynamic causal rather than evaluated medical learned world-model dynamics as its primary subject.,high
ALT-9d1913e3630a,fresh_alternate_public_search,Inflammatory Flux and Disease Progression in Hidradenitis Suppurativa: A Multi-Compartment Deterministic Model Simulating Lifestyle and Pharmaceutical Interventions in In Silico Cohorts,exclude,not_applicable,review_not_primary,This review centers on inflammatory flux disease progression hidradenitis suppurativa multi compartment deterministic simulating rather than evaluated medical learned world-model dynamics as its primary subject.,high
ALT-dd6aa2dbdab6,fresh_alternate_public_search,Influence of Layer Thickness and Shade on the Transmission of Light through Contemporary Resin Composites.,exclude,not_applicable,no_future_or_action_evaluation,"The influence layer thickness shade transmission light through contemporary resin composites study analyzes or reconstructs dynamics but does not directly evaluate future states, actions, rollouts, or planning.",high
ALT-ce8e478cffeb,fresh_alternate_public_search,Influence of Treatment Effect Modifiers in Fabry Disease: A Systematic Literature Review.,exclude,not_applicable,review_not_primary,This review centers on influence treatment effect modifiers fabry disease systematic literature review rather than evaluated medical learned world-model dynamics as its primary subject.,high
ALT-23dc62f381e9,fresh_alternate_public_search,"Information, Not AI Model Sophistication, Limits Resolution of Disease Progression in COPDGene",exclude,not_applicable,no_future_or_action_evaluation,"The information not ai sophistication limits resolution disease progression copdgene study analyzes or reconstructs dynamics but does not directly evaluate future states, actions, rollouts, or planning.",high
ALT-480db8223160,fresh_alternate_public_search,"Innovating medical education: Development of an affordable, 3‐D printed knot‐tying simulator",exclude,not_applicable,review_not_primary,This review centers on innovating medical education affordable 3 d printed knot tying simulator rather than evaluated medical learned world-model dynamics as its primary subject.,high
ALT-3362baf3dfa8,fresh_alternate_public_search,Innovative Left Ventricular Assist Device in High-fidelity Patient Simulator.,exclude,not_applicable,no_future_or_action_evaluation,"The innovative left ventricular assist device high fidelity patient simulator study analyzes or reconstructs dynamics but does not directly evaluate future states, actions, rollouts, or planning.",high
ALT-9122657be6ed,fresh_alternate_public_search,Insights into Disease Progression of Translational Preclinical Rat Model of Interstitial Pulmonary Fibrosis through Endpoint Analysis,exclude,not_applicable,no_learned_dynamics,The insights into disease progression translational preclinical rat interstitial pulmonary fibrosis study is an ordinary prognostic or static prediction analysis without a learned rollout mechanism.,high
ALT-d3993e000d34,fresh_alternate_public_search,Integrated Longitudinal Population Dose-Hemoglobin Response of Daprodustat Following Dose Titration in Patients With Anemia in Chronic Kidney Disease.,exclude,not_applicable,no_learned_dynamics,The integrated longitudinal population dose hemoglobin response daprodustat following dose titration study uses prescribed mechanistic or statistical dynamics rather than a learned transition mechanism.,high
ALT-f4f203cfae4a,fresh_alternate_public_search,"Integrated Trajectory Planning for Robotic Manipulators via Binocular Optimization, Structural Dynamics and Digital Twin Monitoring",exclude,not_applicable,wrong_domain,"This record concerns integrated trajectory planning robotic manipulators binocular optimization structural dynamics digital, which is outside medical or biomedical systems.",high
ALT-ee4f79e3bb68,fresh_alternate_public_search,Integrating Dynamical Systems Modeling with Spatiotemporal scRNA-Seq Data Analysis.,exclude,not_applicable,review_not_primary,This review centers on integrating dynamical systems spatiotemporal scrna seq data rather than evaluated medical learned world-model dynamics as its primary subject.,high
ALT-80e8b45510b3,fresh_alternate_public_search,Integration of Digital Twin Technology in Orthodontics: A Scoping Review.,exclude,not_applicable,review_not_primary,This review centers on integration digital twin technology orthodontics scoping review rather than evaluated medical learned world-model dynamics as its primary subject.,high
ALT-440f12a2daf9,fresh_alternate_public_search,Intelligent digital twin reference architecture models for medical and healthcare industry,exclude,not_applicable,no_learned_dynamics,"The intelligent digital twin reference architecture medical healthcare industry record describes a static, conceptual, or mechanistic twin without learned temporal transitions.",medium
ALT-21d66f3f3ce3,fresh_alternate_public_search,Intelligent virtual case learning system based on real medical records and natural language processing.,exclude,not_applicable,no_learned_dynamics,"The intelligent virtual case learning system real medical records natural language study evaluates education, training, or simulator hardware rather than learned patient dynamics.",high
ALT-f3beb2aaaf7b,fresh_alternate_public_search,International Delphi consensus on acute kidney injury: Foundations for AI-driven digital twin development in critical care nephrology.,exclude,not_applicable,no_primary_empirical_evaluation,"The international delphi consensus acute kidney injury foundations ai driven digital record is editorial, corrective, conceptual, or consensus-based and lacks a primary learned-dynamics evaluation.",high
ALT-4870df4fd48b,fresh_alternate_public_search,Interpolation of Latent Dynamics for Surgical Action Recognition Using Gaussian Processes,exclude,not_applicable,no_future_or_action_evaluation,"The interpolation latent dynamics surgical action recognition gaussian processes study analyzes or reconstructs dynamics but does not directly evaluate future states, actions, rollouts, or planning.",medium
ALT-8e4690fb56cd,fresh_alternate_public_search,Interpretable learning of temporal cellular dynamics from single-cell data.,exclude,not_applicable,no_learned_dynamics,The interpretable learning temporal cellular dynamics single cell data study uses prescribed mechanistic or statistical dynamics rather than a learned transition mechanism.,high
ALT-3535aa02c4f1,fresh_alternate_public_search,Inter‐cohort staging efficacy of gaussian process progression model for Alzheimer’s disease,exclude,not_applicable,no_learned_dynamics,The inter cohort staging efficacy gaussian process progression alzheimer s disease study is an ordinary prognostic or static prediction analysis without a learned rollout mechanism.,high
ALT-6b7467bd30eb,fresh_alternate_public_search,Is San Diego California on Track to Reach HCV Elimination? A Modeling Analysis of Combination Prevention Strategies.,exclude,not_applicable,no_future_or_action_evaluation,"The is san diego california track reach hcv elimination combination prevention study analyzes or reconstructs dynamics but does not directly evaluate future states, actions, rollouts, or planning.",high
ALT-ca0de840242f,fresh_alternate_public_search,JAK2 V617F as a Marker for Long-Term Disease Progression and Mortality in Polycythemia Vera and its Role in Economic Modeling.,exclude,not_applicable,no_learned_dynamics,The jak2 v617f as marker long term disease progression mortality polycythemia study uses prescribed mechanistic or statistical dynamics rather than a learned transition mechanism.,high
ALT-528007e98cf3,fresh_alternate_public_search,Job role and stress influence student movement during postpartum haemorrhage simulation: an exploratory study.,exclude,not_applicable,no_learned_dynamics,"The job stress influence student movement during postpartum haemorrhage simulation exploratory study evaluates education, training, or simulator hardware rather than learned patient dynamics.",high
ALT-283f49a5dd7d,fresh_alternate_public_search,Joint Bayesian Hidden Markov Model With Subject-Specific Transitions for Wearable Sensor Data.,exclude,not_applicable,no_learned_dynamics,The joint bayesian hidden markov subject specific transitions wearable sensor data study is an ordinary prognostic or static prediction analysis without a learned rollout mechanism.,high
ALT-b724ec3dd757,fresh_alternate_public_search,Joint modeling of multistate survival processes with informative examination scheme: application to progressions in diabetes.,exclude,not_applicable,no_future_or_action_evaluation,"The joint multistate survival processes informative examination scheme application progressions diabetes study analyzes or reconstructs dynamics but does not directly evaluate future states, actions, rollouts, or planning.",high
ALT-6a64d732fb1e,fresh_alternate_public_search,Koopman-based linearization of preparatory EEG dynamics in Parkinson's disease during galvanic vestibular stimulation.,include,empirical,include_empirical,The koopman linearization preparatory eeg dynamics parkinson s disease during galvanic study learns or calibrates temporal dynamics and directly evaluates intervention-conditioned rollouts or planning outcomes.,high
ALT-e2f8771453bd,fresh_alternate_public_search,Landscape analysis for a neonatal disease progression model of bronchopulmonary dysplasia: Leveraging clinical trial experience and real-world data.,exclude,not_applicable,no_future_or_action_evaluation,"The landscape neonatal disease progression bronchopulmonary dysplasia leveraging clinical trial experience study analyzes or reconstructs dynamics but does not directly evaluate future states, actions, rollouts, or planning.",high
ALT-98dcceeee9f7,fresh_alternate_public_search,Large Language Model-Based Patient Simulation to Foster Communication Skills in Health Care Professionals: User-Centered Development and Usability Study.,exclude,not_applicable,no_learned_dynamics,"The large language patient simulation foster communication skills health care professionals study evaluates education, training, or simulator hardware rather than learned patient dynamics.",high
ALT-8ead226bc8ef,fresh_alternate_public_search,Large-scale screening of clinical assessments to distinguish between states in the Integrated HD Progression Model (IHDPM).,exclude,not_applicable,no_future_or_action_evaluation,"The large scale screening clinical assessments distinguish between states integrated hd study analyzes or reconstructs dynamics but does not directly evaluate future states, actions, rollouts, or planning.",high
ALT-2184850f7d5f,fresh_alternate_public_search,Laryngeal Mask Airway (LMA) Placement in a Neonatal Patient Simulator Using a Non-Inflatable Supraglottic Airway (SGA).,exclude,not_applicable,no_learned_dynamics,"The laryngeal mask airway placement neonatal patient simulator non inflatable supraglottic study evaluates education, training, or simulator hardware rather than learned patient dynamics.",high
ALT-dfd9b06d931b,fresh_alternate_public_search,Latent dynamics of primary sensory cortical population activity is structured by fluctuations in the local field potential,exclude,not_applicable,no_future_or_action_evaluation,"The latent dynamics primary sensory cortical population activity is structured by study analyzes or reconstructs dynamics but does not directly evaluate future states, actions, rollouts, or planning.",high
ALT-1f046b738448,fresh_alternate_public_search,Latent dynamics of primary sensory cortical population activity structured by fluctuations in the local field potential.,exclude,not_applicable,no_future_or_action_evaluation,"The latent dynamics primary sensory cortical population activity structured by fluctuations study analyzes or reconstructs dynamics but does not directly evaluate future states, actions, rollouts, or planning.",high
ALT-1989194480f7,fresh_alternate_public_search,Latent process model of the 6-minute walk test in Duchenne muscular dystrophy : A Bayesian approach to quantifying rare disease progression.,exclude,not_applicable,no_future_or_action_evaluation,"The latent process 6 minute walk test duchenne muscular dystrophy bayesian study analyzes or reconstructs dynamics but does not directly evaluate future states, actions, rollouts, or planning.",high
ALT-e676081079ed,fresh_alternate_public_search,Learning Analytics Applied to Clinical Diagnostic Reasoning Using a Natural Language Processing-Based Virtual Patient Simulator: Case Study.,exclude,not_applicable,no_learned_dynamics,"The learning analytics applied clinical diagnostic reasoning natural language processing virtual study evaluates education, training, or simulator hardware rather than learned patient dynamics.",high
ALT-490a42ac494e,fresh_alternate_public_search,Learning Analytics Applied to Clinical Diagnostic Reasoning Using a Natural Language Processing–Based Virtual Patient Simulator: Case Study (Preprint),exclude,not_applicable,no_learned_dynamics,"The learning analytics applied clinical diagnostic reasoning natural language processing virtual study evaluates education, training, or simulator hardware rather than learned patient dynamics.",high
ALT-d03766bf85b3,fresh_alternate_public_search,Learning Covariate Relations in Disease Progression Models Using Symbolic Neural Networks.,exclude,not_applicable,no_future_or_action_evaluation,"The learning covariate relations disease progression symbolic neural networks study analyzes or reconstructs dynamics but does not directly evaluate future states, actions, rollouts, or planning.",high
ALT-f6257f59c326,fresh_alternate_public_search,Learning non-stationary Langevin dynamics from stochastic observations of latent trajectories.,exclude,not_applicable,no_future_or_action_evaluation,"The learning non stationary langevin dynamics stochastic observations latent trajectories study analyzes or reconstructs dynamics but does not directly evaluate future states, actions, rollouts, or planning.",high
ALT-ea4b3285b2fe,fresh_alternate_public_search,Learning Temporal Basis Vectors for Closed-Loop Neural Stimulation.,include,empirical,include_empirical,The learning temporal basis vectors closed loop neural stimulation study learns or calibrates temporal dynamics and directly evaluates intervention-conditioned rollouts or planning outcomes.,high
ALT-5f5834cd5c5b,fresh_alternate_public_search,Likelihood ratio test for the disease progression model to measure saved time in Alzheimer's disease.,exclude,not_applicable,no_future_or_action_evaluation,"The likelihood ratio test disease progression measure saved time alzheimer s study analyzes or reconstructs dynamics but does not directly evaluate future states, actions, rollouts, or planning.",high
ALT-792483034b08,fresh_alternate_public_search,LNODE: Uncovering the Latent Dynamics of A β in Alzheimer's Disease.,exclude,not_applicable,no_learned_dynamics,The lnode uncovering latent dynamics alzheimer s disease study uses prescribed mechanistic or statistical dynamics rather than a learned transition mechanism.,high
ALT-a09a6b292503,fresh_alternate_public_search,Longitudinal biomarker studies in human neuroimaging: capturing biological change of Alzheimer's pathology.,exclude,not_applicable,review_not_primary,This review centers on longitudinal biomarker studies human neuroimaging capturing biological change alzheimer s rather than evaluated medical learned world-model dynamics as its primary subject.,high
ALT-042c7ee71547,fresh_alternate_public_search,Longitudinal inference of multiscale markers in psychosis: from hippocampal centrality to functional outcome.,exclude,not_applicable,no_future_or_action_evaluation,"The longitudinal inference multiscale markers psychosis hippocampal centrality functional outcome study analyzes or reconstructs dynamics but does not directly evaluate future states, actions, rollouts, or planning.",high
ALT-7109e80d2138,fresh_alternate_public_search,Longitudinal Synthetic Data Generation by Artificial Intelligence to Accelerate Clinical and Translational Research in Breast Cancer.,include,empirical,include_empirical,The longitudinal synthetic data generation by artificial intelligence accelerate clinical translational study learns or calibrates temporal dynamics and directly evaluates intervention-conditioned rollouts or planning outcomes.,high
ALT-58185e7a97e5,fresh_alternate_public_search,Low-cost versus high-fidelity pediatric simulators for difficult airway management training: a randomized study in continuing medical education.,exclude,not_applicable,no_learned_dynamics,"The low cost versus high fidelity pediatric simulators difficult airway management study evaluates education, training, or simulator hardware rather than learned patient dynamics.",high
ALT-903e70873b57,fresh_alternate_public_search,"Low-cost, easy-to-build noninvasive pressure support ventilator for under-resourced regions: open source hardware description, performance and feasibility testing.",exclude,not_applicable,no_future_or_action_evaluation,"The low cost easy build noninvasive pressure support ventilator under resourced study analyzes or reconstructs dynamics but does not directly evaluate future states, actions, rollouts, or planning.",high
ALT-fc9804580758,fresh_alternate_public_search,Lymphopenia in Hodgkin Lymphoma is the consequence the disease progression or the cause of the disease progression?,exclude,not_applicable,review_not_primary,This review centers on lymphopenia hodgkin lymphoma is consequence disease progression or cause disease rather than evaluated medical learned world-model dynamics as its primary subject.,high
ALT-6d7bbcf0ab21,fresh_alternate_public_search,Machine learning-enhanced screening funnel for clinical trials in Alzheimer's disease.,exclude,not_applicable,no_future_or_action_evaluation,"The machine learning enhanced screening funnel clinical trials alzheimer s disease study analyzes or reconstructs dynamics but does not directly evaluate future states, actions, rollouts, or planning.",high
ALT-d6abe9c98cda,fresh_alternate_public_search,Mapping the future of medicine through digital twins.,include,review,include_review,"This review primarily synthesizes dynamic medical digital twins for mapping future medicine through digital twins, including prediction, simulation, or intervention use.",medium
ALT-7ad381486cb2,fresh_alternate_public_search,Mathematical investigation into the role of macrophage heterogeneity on the temporal and spatio-temporal dynamics of non-small cell lung cancers,exclude,not_applicable,review_not_primary,This review centers on mathematical investigation into macrophage heterogeneity temporal spatio temporal dynamics non rather than evaluated medical learned world-model dynamics as its primary subject.,medium
ALT-ef5bb8f00b70,fresh_alternate_public_search,Mathematical Model of Disease Progression and Application of Machine Learning Algorithms for Predicting Disease Stages,exclude,not_applicable,no_learned_dynamics,The mathematical disease progression application machine learning algorithms predicting disease stages study uses prescribed mechanistic or statistical dynamics rather than a learned transition mechanism.,high
ALT-0afa1999dd23,fresh_alternate_public_search,Mathematical Model of Two-Dimensional Disease Progression and Categorization of Underlying Vector Fields with Machine Learning,exclude,not_applicable,no_learned_dynamics,The mathematical two dimensional disease progression categorization underlying vector fields machine study uses prescribed mechanistic or statistical dynamics rather than a learned transition mechanism.,high
ALT-e928d3e6cc41,fresh_alternate_public_search,Maximizing Knowledge Extraction From Patient-Reported Outcome Data Using Exposure-Outcome Item Response Modeling Approach: Understanding Efavirenz-Induced Central Nervous System Toxicity.,exclude,not_applicable,no_future_or_action_evaluation,"The maximizing knowledge extraction patient reported outcome data exposure outcome item study analyzes or reconstructs dynamics but does not directly evaluate future states, actions, rollouts, or planning.",high
ALT-7b68d1e8a846,fresh_alternate_public_search,Med-MuZero: A Model-Based Reinforcement Learning Approach for High-Accuracy Medical Image Diagnosis,exclude,not_applicable,no_learned_dynamics,The med muzero reinforcement learning high accuracy medical image diagnosis study is an ordinary prognostic or static prediction analysis without a learned rollout mechanism.,medium
ALT-6d957ad1c16c,fresh_alternate_public_search,Med-Real2Sim: Non-Invasive Medical Digital Twins using Physics-Informed Self-Supervised Learning and Virtual Patient Breathing Simulator using VR,uncertain,empirical,insufficient_abstract,"The med real2sim non invasive medical digital twins physics informed self title plausibly denotes learned medical dynamics, but the missing abstract does not establish direct future or action evaluation.",low
ALT-467729658e57,fresh_alternate_public_search,Medical digital twin insights: Enhancing cancer treatment through generative modeling.,include,review,include_review,"This review primarily synthesizes dynamic medical digital twins for medical digital twin insights enhancing cancer treatment through generative, including prediction, simulation, or intervention use.",medium
ALT-5b1df9382774,fresh_alternate_public_search,Medical Digital Twin Technology for Interoperability: Challenges and Opportunities.,exclude,not_applicable,no_primary_empirical_evaluation,"The medical digital twin technology interoperability challenges opportunities record is editorial, corrective, conceptual, or consensus-based and lacks a primary learned-dynamics evaluation.",high
ALT-a864b2e17b7a,fresh_alternate_public_search,Medical Digital Twin: A Review on Technical Principles and Clinical Applications.,include,review,include_review,"This review primarily synthesizes dynamic medical digital twins for medical digital twin review technical principles clinical applications, including prediction, simulation, or intervention use.",high
ALT-e1af18d97abc,fresh_alternate_public_search,Medical digital twins: enabling precision medicine and medical artificial intelligence.,include,review,include_review,"This review primarily synthesizes dynamic medical digital twins for medical digital twins enabling precision medicine medical artificial intelligence, including prediction, simulation, or intervention use.",medium
ALT-cd2afb021c2e,fresh_alternate_public_search,Medical Healthcare Digital Twin Reference Platform,exclude,not_applicable,no_learned_dynamics,"The medical healthcare digital twin reference platform record describes a static, conceptual, or mechanistic twin without learned temporal transitions.",medium
ALT-e81d9308267a,fresh_alternate_public_search,Medical sensor network and machine learning-enabled digital twins for diagnostic and therapeutic purposes,exclude,not_applicable,no_learned_dynamics,"The medical sensor network machine learning enabled digital twins diagnostic therapeutic record describes a static, conceptual, or mechanistic twin without learned temporal transitions.",medium
ALT-146d1ae29548,fresh_alternate_public_search,Medical students’ learning experiences using a virtual patient simulator,exclude,not_applicable,review_not_primary,This review centers on medical students learning experiences virtual patient simulator rather than evaluated medical learned world-model dynamics as its primary subject.,high
ALT-f89f346fed32,fresh_alternate_public_search,MeDiTwin: A Platform for a Secure Medical Digital Twin for Data Sharing and Analysis,exclude,not_applicable,no_learned_dynamics,"The meditwin platform secure medical digital twin data sharing record describes a static, conceptual, or mechanistic twin without learned temporal transitions.",medium
ALT-f18019790089,fresh_alternate_public_search,Metaheuristic Optimization of Insulin Infusion Protocols Using Historical Data with Validation Using a Patient Simulator,exclude,not_applicable,no_primary_empirical_evaluation,"The metaheuristic optimization insulin infusion protocols historical data validation patient simulator record is editorial, corrective, conceptual, or consensus-based and lacks a primary learned-dynamics evaluation.",high
ALT-8ba24309a321,fresh_alternate_public_search,Metaverse and Healthcare: Machine Learning-Enabled Digital Twins of Cancer.,exclude,not_applicable,no_learned_dynamics,The metaverse healthcare machine learning enabled digital twins cancer study is an ordinary prognostic or static prediction analysis without a learned rollout mechanism.,high
ALT-f54f836740db,fresh_alternate_public_search,Methods of multi-indication meta-analysis for health technology assessment: A simulation study.,exclude,not_applicable,no_learned_dynamics,The methods multi indication meta health technology assessment simulation study uses prescribed mechanistic or statistical dynamics rather than a learned transition mechanism.,high
ALT-b84af39c016f,fresh_alternate_public_search,Microglia measured by TSPO PET are associated with Alzheimer's disease pathology and mediate key steps in a disease progression model.,exclude,not_applicable,review_not_primary,This review centers on microglia measured by tspo pet are associated alzheimer s disease rather than evaluated medical learned world-model dynamics as its primary subject.,high
ALT-118fa8b2d039,fresh_alternate_public_search,Midbody proteins display distinct temporal dynamics during cytokinesis,exclude,not_applicable,no_future_or_action_evaluation,"The midbody proteins display distinct temporal dynamics during cytokinesis study analyzes or reconstructs dynamics but does not directly evaluate future states, actions, rollouts, or planning.",high
ALT-d6b848e7b0a6,fresh_alternate_public_search,Minimizing contamination in the use of personal protective equipment: Simulation results through tracking contamination and enhanced protocols.,exclude,not_applicable,no_primary_empirical_evaluation,"The minimizing contamination personal protective equipment simulation results through tracking contamination record is editorial, corrective, conceptual, or consensus-based and lacks a primary learned-dynamics evaluation.",high
ALT-d77f8f8fc7e9,fresh_alternate_public_search,Mixed-methods education of mechanical ventilation for residents in the era of the COVID-19 pandemic: Preliminary interventional study.,exclude,not_applicable,no_learned_dynamics,"The mixed methods education mechanical ventilation residents era covid 19 pandemic study evaluates education, training, or simulator hardware rather than learned patient dynamics.",high
ALT-661282bf2203,fresh_alternate_public_search,Mixture Disease Progression Model to Predict and Cluster the Long-Term Trajectory of Cognitive Decline in Alzheimer's Disease.,exclude,not_applicable,no_learned_dynamics,The mixture disease progression predict cluster long term trajectory cognitive decline study is an ordinary prognostic or static prediction analysis without a learned rollout mechanism.,high
ALT-0c64fd7a0821,fresh_alternate_public_search,MODEL BASED REINFORCEMENT LEARNING FOR ADAPTIVE CONTROL IN SMART ROBOTICS,exclude,not_applicable,review_not_primary,This review centers on reinforcement learning adaptive control smart robotics rather than evaluated medical learned world-model dynamics as its primary subject.,high
ALT-5ca460d9ad34,fresh_alternate_public_search,Model-based meta-analysis of individual International Prostate Symptom Score trajectories in patients with benign prostatic hyperplasia with moderate or severe symptoms.,exclude,not_applicable,no_future_or_action_evaluation,"The meta individual international prostate symptom score trajectories patients benign prostatic study analyzes or reconstructs dynamics but does not directly evaluate future states, actions, rollouts, or planning.",high
ALT-40ddf0978e0b,fresh_alternate_public_search,"Model-based Prediction of the Long-term Glucose-Lowering Effects of Ipragliflozin, a Selective Sodium-Glucose Cotransporter 2 (SGLT2) Inhibitor, in Patients with Type 2 Diabetes Mellitus.",exclude,not_applicable,no_learned_dynamics,The prediction long term glucose lowering effects ipragliflozin selective sodium glucose study uses prescribed mechanistic or statistical dynamics rather than a learned transition mechanism.,high
ALT-de4e4abe7798,fresh_alternate_public_search,Model-Based Reinforcement Learning For Robot Control,exclude,not_applicable,wrong_domain,"This record concerns reinforcement learning robot control, which is outside medical or biomedical systems.",high
ALT-a443c916104d,fresh_alternate_public_search,Model-Based Reinforcement Learning Inspired by Augmented PD for Robotic Control,exclude,not_applicable,no_learned_dynamics,The reinforcement learning inspired by augmented pd robotic control record does not describe a learned temporal or action-conditioned medical dynamics model.,medium
ALT-52e63b9c5989,fresh_alternate_public_search,Model-Informed Approaches for Pediatric Type 2 Diabetes Evidence Generation: Insights from a Model-Based Longitudinal HbA1c Meta-Analysis from EMA Marketing Authorization Applications.,exclude,not_applicable,review_not_primary,This review centers on informed approaches pediatric type 2 diabetes evidence generation insights longitudinal rather than evaluated medical learned world-model dynamics as its primary subject.,high
ALT-654a209caf98,fresh_alternate_public_search,Model-informed Clinical Trial Design for Autosomal Dominant Tubulointerstitial Kidney Disease: Integrating Disease Progression and Trial Simulation,uncertain,empirical,insufficient_abstract,"The informed clinical trial design autosomal dominant tubulointerstitial kidney disease integrating title plausibly denotes learned medical dynamics, but the missing abstract does not establish direct future or action evaluation.",low
ALT-8c1a16eec40b,fresh_alternate_public_search,Model-Informed Decision Making from Drug Discovery to Reimbursement: A Roadmap for Clinical Pharmacology in Value-Based Healthcare.,exclude,not_applicable,review_not_primary,This review centers on informed decision making drug discovery reimbursement roadmap clinical pharmacology value rather than evaluated medical learned world-model dynamics as its primary subject.,high
ALT-d6b871b84199,fresh_alternate_public_search,Modeling Alzheimer's Disease Biomarkers' Trajectory in the Absence of a Gold Standard Using a Bayesian Approach.,exclude,not_applicable,review_not_primary,This review centers on alzheimer s disease biomarkers trajectory absence gold standard bayesian rather than evaluated medical learned world-model dynamics as its primary subject.,high
ALT-98bf80bad9a2,fresh_alternate_public_search,Modeling Alzheimer's disease progression utilizing clinical trial and ADNI data to predict longitudinal trajectory of CDR-SB.,exclude,not_applicable,no_learned_dynamics,The alzheimer s disease progression utilizing clinical trial adni data predict study is an ordinary prognostic or static prediction analysis without a learned rollout mechanism.,high
ALT-70ad50f2107d,fresh_alternate_public_search,Modeling Amyotrophic Lateral Sclerosis Progression: Logic in the Logit.,exclude,not_applicable,no_future_or_action_evaluation,"The amyotrophic lateral sclerosis progression logic logit study analyzes or reconstructs dynamics but does not directly evaluate future states, actions, rollouts, or planning.",high
ALT-95bfe14c6a9e,fresh_alternate_public_search,"Modeling and Remodeling the Cell: How Digital Twins and HCMV Can Elucidate the Complex Interactions of Viral Latency, Epigenetic Regulation, and Immune Responses.",include,review,include_review,"This review primarily synthesizes dynamic medical digital twins for remodeling cell how digital twins hcmv can elucidate complex interactions, including prediction, simulation, or intervention use.",high
ALT-03ace2710f2a,fresh_alternate_public_search,Modeling Diabetic Retinopathy Progression as Continuous-Time Latent Dynamics: Prototype Evidence from Irregular Longitudinal OCT,exclude,not_applicable,no_learned_dynamics,The diabetic retinopathy progression as continuous time latent dynamics prototype evidence study is an ordinary prognostic or static prediction analysis without a learned rollout mechanism.,high
ALT-99e986b2180b,fresh_alternate_public_search,Modeling Disability-Adjusted Life-Years for Policy and Decision Analysis.,exclude,not_applicable,no_learned_dynamics,The disability adjusted life years policy decision study uses prescribed mechanistic or statistical dynamics rather than a learned transition mechanism.,high
ALT-d53f6878448a,fresh_alternate_public_search,Modeling disease progression and treatment pathways for depression jointly using agent based modeling and system dynamics.,exclude,not_applicable,no_learned_dynamics,The disease progression treatment pathways depression jointly agent system dynamics study uses prescribed mechanistic or statistical dynamics rather than a learned transition mechanism.,high
ALT-8a99daff4bf9,fresh_alternate_public_search,Modeling Disease Progression Trajectories from Longitudinal Observational Data.,exclude,not_applicable,no_future_or_action_evaluation,"The disease progression trajectories longitudinal observational data study analyzes or reconstructs dynamics but does not directly evaluate future states, actions, rollouts, or planning.",high
ALT-bf194e895160,fresh_alternate_public_search,Modeling Disease Progression with Generative Time Series Models: A New Approach to Complex Disease Trajectories,uncertain,empirical,insufficient_abstract,"The disease progression generative time series complex disease trajectories title plausibly denotes learned medical dynamics, but the missing abstract does not establish direct future or action evaluation.",low
ALT-4118a283b2ab,fresh_alternate_public_search,Modeling drug retention as memory effects in obese patients using fractional and augmented models.,exclude,not_applicable,no_primary_empirical_evaluation,"The drug retention as memory effects obese patients fractional augmented record is editorial, corrective, conceptual, or consensus-based and lacks a primary learned-dynamics evaluation.",high
ALT-c7bb818e3db6,fresh_alternate_public_search,Modeling human disease: a mouse model of acute kidney injury to chronic kidney disease progression after cardiac arrest,exclude,not_applicable,no_future_or_action_evaluation,"The human disease mouse acute kidney injury chronic kidney disease progression study analyzes or reconstructs dynamics but does not directly evaluate future states, actions, rollouts, or planning.",medium
ALT-d23a481163da,fresh_alternate_public_search,Modeling Huntington’s disease progression utilizing the Huntington’s disease integrated staging system,exclude,not_applicable,no_future_or_action_evaluation,"The huntington s disease progression utilizing huntington s disease integrated staging study analyzes or reconstructs dynamics but does not directly evaluate future states, actions, rollouts, or planning.",medium
ALT-9b9996b82504,fresh_alternate_public_search,Modeling Liver Fibrosis Progression in Patients With Viral Hepatitis Using the Machine Learning Tool Subtype and Stage Inference (SuStaIn).,exclude,not_applicable,no_learned_dynamics,The liver fibrosis progression patients viral hepatitis machine learning tool subtype study is an ordinary prognostic or static prediction analysis without a learned rollout mechanism.,high
ALT-48f2148b8918,fresh_alternate_public_search,Modeling neural coding in the auditory midbrain with high resolution and accuracy,exclude,not_applicable,no_future_or_action_evaluation,"The neural coding auditory midbrain high resolution accuracy study analyzes or reconstructs dynamics but does not directly evaluate future states, actions, rollouts, or planning.",high
ALT-19a255ae7e4a,fresh_alternate_public_search,Modeling robust COVID-19 intensive care unit occupancy thresholds for imposing mitigation to prevent exceeding capacities.,exclude,not_applicable,no_learned_dynamics,The robust covid 19 intensive care unit occupancy thresholds imposing mitigation study uses prescribed mechanistic or statistical dynamics rather than a learned transition mechanism.,high
ALT-163ef53dbd65,fresh_alternate_public_search,Modelling disease course in amyotrophic lateral Sclerosis: pseudo-longitudinal insights from cross-sectional health-related quality of life data.,exclude,not_applicable,no_future_or_action_evaluation,"The disease course amyotrophic lateral sclerosis pseudo longitudinal insights cross sectional study analyzes or reconstructs dynamics but does not directly evaluate future states, actions, rollouts, or planning.",high
ALT-73726e04516a,fresh_alternate_public_search,Modelling NAFLD disease burden in four Asian regions-2019-2030.,exclude,not_applicable,no_future_or_action_evaluation,"The nafld disease burden four asian regions 2019 2030 study analyzes or reconstructs dynamics but does not directly evaluate future states, actions, rollouts, or planning.",high
ALT-21155df63ca2,fresh_alternate_public_search,Modelling neural coding in the auditory midbrain with high resolution and accuracy.,exclude,not_applicable,no_future_or_action_evaluation,"The neural coding auditory midbrain high resolution accuracy study analyzes or reconstructs dynamics but does not directly evaluate future states, actions, rollouts, or planning.",high
ALT-6c1b2a68cda0,fresh_alternate_public_search,Modernizing a Classic: An Artificial Intelligence–Powered Patient Simulator in Athletic Training Education,exclude,not_applicable,no_learned_dynamics,"The modernizing classic artificial intelligence powered patient simulator athletic training education study evaluates education, training, or simulator hardware rather than learned patient dynamics.",high
ALT-30d568cab800,fresh_alternate_public_search,Modulation of the cytoskeleton for cancer therapy.,exclude,not_applicable,no_learned_dynamics,The modulation cytoskeleton cancer therapy study is an ordinary prognostic or static prediction analysis without a learned rollout mechanism.,high
ALT-eb50e06fc0c7,fresh_alternate_public_search,Monitoring Structural Health Using Digital Twin,exclude,not_applicable,wrong_domain,"This record concerns monitoring structural health digital twin, which is outside medical or biomedical systems.",high
ALT-f0fdc7edaced,fresh_alternate_public_search,Monoclonal antibodies and aptamers: The future therapeutics for Alzheimer's disease.,exclude,not_applicable,review_not_primary,This review centers on monoclonal antibodies aptamers future therapeutics alzheimer s disease rather than evaluated medical learned world-model dynamics as its primary subject.,high
ALT-ee7f568aa545,fresh_alternate_public_search,Motor Progression in Early-Stage Parkinson's Disease: A Clinical Prediction Model and the Role of Cerebrospinal Fluid Biomarkers.,exclude,not_applicable,review_not_primary,This review centers on motor progression early stage parkinson s disease clinical prediction cerebrospinal rather than evaluated medical learned world-model dynamics as its primary subject.,high
ALT-e0fc4e44685e,fresh_alternate_public_search,Motor unit number index (MUNIX) in the D50 disease progression model reflects disease accumulation independently of disease aggressiveness in ALS.,exclude,not_applicable,no_future_or_action_evaluation,"The motor unit number index d50 disease progression reflects disease accumulation study analyzes or reconstructs dynamics but does not directly evaluate future states, actions, rollouts, or planning.",high
ALT-06c8d697042b,fresh_alternate_public_search,Motor unit number index (MUNIX) loss of 50% occurs in half the time of 50% functional loss according to the D50 disease progression model of ALS.,exclude,not_applicable,no_future_or_action_evaluation,"The motor unit number index loss 50 occurs half time 50 study analyzes or reconstructs dynamics but does not directly evaluate future states, actions, rollouts, or planning.",high
ALT-ebd92b552247,fresh_alternate_public_search,MP39-06 PREDICTORS OF RAPID DISEASE PROGRESSION FROM INITIAL DIAGNOSIS OF ERECTILE DYSFUNCTION TO SURGICAL INTERVENTION,exclude,not_applicable,no_learned_dynamics,The mp39 06 predictors rapid disease progression initial diagnosis erectile dysfunction study is an ordinary prognostic or static prediction analysis without a learned rollout mechanism.,medium
ALT-772584a789d2,fresh_alternate_public_search,Multi-Objective Model-based Reinforcement Learning for Infectious Disease Control,include,empirical,include_empirical,The multi objective reinforcement learning infectious disease control study learns or calibrates temporal dynamics and directly evaluates intervention-conditioned rollouts or planning outcomes.,high
ALT-65f39e17534b,fresh_alternate_public_search,Multi-scale machine learning model predicts muscle and functional disease progression.,exclude,not_applicable,no_learned_dynamics,"The multi scale machine learning predicts muscle functional disease progression study evaluates education, training, or simulator hardware rather than learned patient dynamics.",high
ALT-2a711063e190,fresh_alternate_public_search,Multicenter Survival Analysis and Application of an Olfactory Neuroblastoma Staging Modification Incorporating Hyams Grade.,exclude,not_applicable,no_learned_dynamics,The multicenter survival application olfactory neuroblastoma staging modification incorporating hyams grade study is an ordinary prognostic or static prediction analysis without a learned rollout mechanism.,high
ALT-86b936d2e69e,fresh_alternate_public_search,Multifunctional Nano-Contrast Agent Carriers: From Traditional Platforms to Next-Generation Theranostic Applications in Molecular Imaging.,exclude,not_applicable,review_not_primary,This review centers on multifunctional nano contrast agent carriers traditional platforms next generation theranostic rather than evaluated medical learned world-model dynamics as its primary subject.,high
ALT-2eefec198c09,fresh_alternate_public_search,Multiple sclerosis as an asynchronous neuroinflammatory system.,exclude,not_applicable,no_learned_dynamics,The multiple sclerosis as asynchronous neuroinflammatory system study is an ordinary prognostic or static prediction analysis without a learned rollout mechanism.,high
ALT-87a660788a1b,fresh_alternate_public_search,Multiscale mathematical model-informed reinforcement learning optimizes combination treatment scheduling in glioblastoma evolution.,include,empirical,include_empirical,The multiscale mathematical informed reinforcement learning optimizes combination treatment scheduling glioblastoma study learns or calibrates temporal dynamics and directly evaluates intervention-conditioned rollouts or planning outcomes.,high
ALT-39da47e849b2,fresh_alternate_public_search,"Multiscale model of primary motor cortex circuits predicts in vivo cell-type-specific, behavioral state-dependent dynamics.",exclude,not_applicable,no_learned_dynamics,The multiscale primary motor cortex circuits predicts vivo cell type specific study is an ordinary prognostic or static prediction analysis without a learned rollout mechanism.,high
ALT-39db18f484f3,fresh_alternate_public_search,Multistable bimodal perceptual coding within the ventral premotor cortex.,exclude,not_applicable,no_future_or_action_evaluation,"The multistable bimodal perceptual coding within ventral premotor cortex study analyzes or reconstructs dynamics but does not directly evaluate future states, actions, rollouts, or planning.",high
ALT-cd685692660b,fresh_alternate_public_search,Multivariate disease progression modeling with longitudinal ordinal data.,exclude,not_applicable,no_learned_dynamics,The multivariate disease progression longitudinal ordinal data study is an ordinary prognostic or static prediction analysis without a learned rollout mechanism.,high
ALT-30486cae5a85,fresh_alternate_public_search,Mutual Adaptation and Influence: Survey of Latent Dynamics Models in Human-Robot Interaction,exclude,not_applicable,wrong_domain,"This record concerns mutual adaptation influence survey latent dynamics human robot interaction, which is outside medical or biomedical systems.",high
ALT-c8668820c69c,fresh_alternate_public_search,Myo-ODE: continuous-time trajectory reconstruction and risk prediction of high myopia via neural ordinary differential equations.,exclude,not_applicable,no_learned_dynamics,The myo ode continuous time trajectory reconstruction risk prediction high myopia study uses prescribed mechanistic or statistical dynamics rather than a learned transition mechanism.,high
ALT-62fea0c2bd49,fresh_alternate_public_search,"Natural History and Real-World Data in Rare Diseases: Applications, Limitations, and Future Perspectives.",exclude,not_applicable,review_not_primary,This review centers on natural history real world data rare diseases applications limitations future rather than evaluated medical learned world-model dynamics as its primary subject.,high
ALT-91b1a484f748,fresh_alternate_public_search,Natural history of progressive vision loss in Bietti crystalline dystrophy: a model-based meta-analysis.,exclude,not_applicable,no_future_or_action_evaluation,"The natural history progressive vision loss bietti crystalline dystrophy meta study analyzes or reconstructs dynamics but does not directly evaluate future states, actions, rollouts, or planning.",high
ALT-6accf7c50924,fresh_alternate_public_search,Natural history study and statistical modeling of disease progression in a preclinical model of myotubular myopathy.,exclude,not_applicable,no_future_or_action_evaluation,"The natural history statistical disease progression preclinical myotubular myopathy study analyzes or reconstructs dynamics but does not directly evaluate future states, actions, rollouts, or planning.",high
ALT-595a5409884a,fresh_alternate_public_search,NEUBOrg: artificially induced pluripotent stem cell-derived brain organoid to model and study genetics of Alzheimer’s disease progression.,exclude,not_applicable,no_learned_dynamics,The neuborg artificially induced pluripotent stem cell derived brain organoid genetics study is an ordinary prognostic or static prediction analysis without a learned rollout mechanism.,high
ALT-e85714508cea,fresh_alternate_public_search,Neural basis of concurrent deliberation toward a choice and confidence judgment.,exclude,not_applicable,no_future_or_action_evaluation,"The neural basis concurrent deliberation choice confidence judgment study analyzes or reconstructs dynamics but does not directly evaluate future states, actions, rollouts, or planning.",high
ALT-d8e480ba88f8,fresh_alternate_public_search,Neural Network Model for Predicting Progression of Disease,exclude,not_applicable,no_learned_dynamics,The neural network predicting progression disease study is an ordinary prognostic or static prediction analysis without a learned rollout mechanism.,high
ALT-a5b2a549c79e,fresh_alternate_public_search,Neurobiologically realistic neural network enables cross-scale modeling of neural dynamics.,include,empirical,include_empirical,The neurobiologically realistic neural network enables cross scale neural dynamics study learns or calibrates temporal dynamics and directly evaluates intervention-conditioned rollouts or planning outcomes.,high
ALT-4f0dc103a540,fresh_alternate_public_search,Neurophysiological trajectories in Alzheimer's disease progression.,exclude,not_applicable,no_future_or_action_evaluation,"The neurophysiological trajectories alzheimer s disease progression study analyzes or reconstructs dynamics but does not directly evaluate future states, actions, rollouts, or planning.",high
ALT-253a3f97dbe5,fresh_alternate_public_search,New classification for advanced breast cancer patients experiencing disease progression during salvage treatment: a single-center retrospective cohort study.,exclude,not_applicable,no_learned_dynamics,The classification advanced breast cancer patients experiencing disease progression during salvage study is an ordinary prognostic or static prediction analysis without a learned rollout mechanism.,high
ALT-3a4c65a5156f,fresh_alternate_public_search,New insights into spatio-temporal dynamics of mesenchymal progenitor cell ingress during peri-implant wound healing: Provided by intravital imaging,exclude,not_applicable,no_future_or_action_evaluation,"The insights into spatio temporal dynamics mesenchymal progenitor cell ingress during study analyzes or reconstructs dynamics but does not directly evaluate future states, actions, rollouts, or planning.",medium
ALT-577309fbf719,fresh_alternate_public_search,New IPECAD open-source model framework for the health technology assessment of early Alzheimer’s disease treatment: development and use cases,exclude,not_applicable,no_future_or_action_evaluation,"The ipecad open source health technology assessment early alzheimer s disease study analyzes or reconstructs dynamics but does not directly evaluate future states, actions, rollouts, or planning.",high
ALT-e32f66429421,fresh_alternate_public_search,New PK/PD model directly links diabetes drug dose to blood glucose level for personalized care.,exclude,not_applicable,no_learned_dynamics,The pk pd directly links diabetes drug dose blood glucose level study uses prescribed mechanistic or statistical dynamics rather than a learned transition mechanism.,high
ALT-9df76980b1db,fresh_alternate_public_search,Novel data-driven subtypes and stages of brain atrophy in the ALS-FTD spectrum.,exclude,not_applicable,no_future_or_action_evaluation,"The data driven subtypes stages brain atrophy als ftd spectrum study analyzes or reconstructs dynamics but does not directly evaluate future states, actions, rollouts, or planning.",high
ALT-07829259dc20,fresh_alternate_public_search,Novel multi-cluster workflow system to support real-time HPC-enabled epidemic science: Investigating the impact of vaccine acceptance on COVID-19 spread.,exclude,not_applicable,no_learned_dynamics,"The multi cluster workflow system support real time hpc enabled epidemic record describes a static, conceptual, or mechanistic twin without learned temporal transitions.",high
ALT-16549d8f8005,fresh_alternate_public_search,Novel non-linear models for clinical trial analysis with longitudinal data: A tutorial using SAS for both frequentist and Bayesian methods.,exclude,not_applicable,no_learned_dynamics,The non linear clinical trial longitudinal data tutorial sas both frequentist study is an ordinary prognostic or static prediction analysis without a learned rollout mechanism.,high
ALT-6920e7874f73,fresh_alternate_public_search,NSF DARE-transforming modeling in neurorehabilitation: perspectives and opportunities from US funding agencies.,exclude,not_applicable,review_not_primary,This review centers on nsf dare transforming neurorehabilitation perspectives opportunities us funding agencies rather than evaluated medical learned world-model dynamics as its primary subject.,high
ALT-89c318355037,fresh_alternate_public_search,Numerical study of spatial and temporal dynamics of integrin clustering during early cell adhesion,exclude,not_applicable,no_future_or_action_evaluation,"The numerical spatial temporal dynamics integrin clustering during early cell adhesion study analyzes or reconstructs dynamics but does not directly evaluate future states, actions, rollouts, or planning.",high
ALT-ae6a889ecec3,fresh_alternate_public_search,Operations (Management) Warp Speed: Parsimonious Design for Rapid Deployment of Hospital Prediction and Decision Support Framework during a Pandemic,exclude,not_applicable,no_learned_dynamics,The operations warp speed parsimonious design rapid deployment hospital prediction decision study uses prescribed mechanistic or statistical dynamics rather than a learned transition mechanism.,high
ALT-e09335683ce3,fresh_alternate_public_search,Optical compression of multimodal clinical data into a unified visual memory for generative trajectory forecasting,include,empirical,include_empirical,The optical compression multimodal clinical data into unified visual memory generative study learns or calibrates temporal dynamics and directly evaluates held-out future states or multi-step forecasts.,high
ALT-c0b7789845a6,fresh_alternate_public_search,Optimal control of agent-based models via surrogate modeling.,exclude,not_applicable,no_learned_dynamics,"The optimal control agent surrogate record describes a static, conceptual, or mechanistic twin without learned temporal transitions.",high
ALT-b062a5a9fbf8,fresh_alternate_public_search,Optimized glycemic control of type 2 diabetes with reinforcement learning: a proof-of-concept trial.,include,empirical,include_empirical,The optimized glycemic control type 2 diabetes reinforcement learning proof concept study learns or calibrates temporal dynamics and directly evaluates intervention-conditioned rollouts or planning outcomes.,high
ALT-50dd7ca42806,fresh_alternate_public_search,Optimizing diagnostic algorithms to advance Hepatitis C elimination in Italy: A cost effectiveness evaluation.,exclude,not_applicable,review_not_primary,This review centers on optimizing diagnostic algorithms advance hepatitis c elimination italy cost effectiveness rather than evaluated medical learned world-model dynamics as its primary subject.,high
ALT-37d02c6c439a,fresh_alternate_public_search,Orai1 calcium channel inhibition prevents progression of chronic pancreatitis.,exclude,not_applicable,no_future_or_action_evaluation,"The orai1 calcium channel inhibition prevents progression chronic pancreatitis study analyzes or reconstructs dynamics but does not directly evaluate future states, actions, rollouts, or planning.",high
ALT-33f73024e834,fresh_alternate_public_search,Orchestrating Precision in Alzheimer's Disease Progression Forecasting,exclude,not_applicable,no_learned_dynamics,The orchestrating precision alzheimer s disease progression forecasting study is an ordinary prognostic or static prediction analysis without a learned rollout mechanism.,high
ALT-b434663d4dfb,fresh_alternate_public_search,"Ordinal SuStaIn: Subtype and Stage Inference for Clinical Scores, Visual Ratings, and Other Ordinal Data.",exclude,not_applicable,no_learned_dynamics,The ordinal sustain subtype stage inference clinical scores visual ratings other study is an ordinary prognostic or static prediction analysis without a learned rollout mechanism.,high
ALT-4b7d37193372,fresh_alternate_public_search,Oscillating latent dynamics in robot systems during walking and reaching.,exclude,not_applicable,wrong_domain,"This record concerns oscillating latent dynamics robot systems during walking reaching, which is outside medical or biomedical systems.",high
ALT-d6ac75259f6b,fresh_alternate_public_search,osr1 couples intermediate mesoderm cell fate with temporal dynamics of vessel progenitor cell differentiation,exclude,not_applicable,review_not_primary,This review centers on osr1 couples intermediate mesoderm cell fate temporal dynamics vessel progenitor rather than evaluated medical learned world-model dynamics as its primary subject.,high
ALT-96dec8675f01,fresh_alternate_public_search,Ovarian Hyperstimulation Syndrome: A Simulation Case for Emergency Medicine Residents.,exclude,not_applicable,wrong_domain,"This record concerns ovarian hyperstimulation syndrome simulation case emergency medicine residents, which is outside medical or biomedical systems.",high
ALT-3b1ea6e0fb8b,fresh_alternate_public_search,Overcoming the Challenges in the Development and Implementation of Artificial Intelligence in Radiology: A Comprehensive Review of Solutions Beyond Supervised Learning.,exclude,not_applicable,review_not_primary,This review centers on overcoming challenges implementation artificial intelligence radiology comprehensive review solutions beyond rather than evaluated medical learned world-model dynamics as its primary subject.,high
ALT-3f71243c1849,fresh_alternate_public_search,P78 Progression to decompensation or hepatocellular carcinoma and risk factors for mortality and disease progression in individuals with early-stage liver disease,exclude,not_applicable,no_future_or_action_evaluation,"The p78 progression decompensation or hepatocellular carcinoma risk factors mortality disease study analyzes or reconstructs dynamics but does not directly evaluate future states, actions, rollouts, or planning.",medium
ALT-c4ba2a43324b,fresh_alternate_public_search,PAD-S/CSA as a candidate shared representation layer for computational psychotherapy: minimal architecture and a staged validation roadmap.,exclude,not_applicable,no_primary_empirical_evaluation,"The pad s csa as candidate shared representation layer computational psychotherapy record is editorial, corrective, conceptual, or consensus-based and lacks a primary learned-dynamics evaluation.",high
ALT-ffa943add08e,fresh_alternate_public_search,Paracetamol Concentrations and Time-Course of Ductus Arteriosus Diameter in Extremely Preterm Neonates: A Population Pharmacokinetic-Pharmacodynamic Analysis.,exclude,not_applicable,no_learned_dynamics,The paracetamol concentrations time course ductus arteriosus diameter extremely preterm neonates study uses prescribed mechanistic or statistical dynamics rather than a learned transition mechanism.,high
ALT-8421c1da4a70,fresh_alternate_public_search,Parallel inference of hierarchical latent dynamics in two-photon calcium imaging of neuronal populations,exclude,not_applicable,no_future_or_action_evaluation,"The parallel inference hierarchical latent dynamics two photon calcium imaging neuronal study analyzes or reconstructs dynamics but does not directly evaluate future states, actions, rollouts, or planning.",high
ALT-66e595aae4e6,fresh_alternate_public_search,Parsimonious EBM: generalising the event-based model of disease progression for simultaneous events,exclude,not_applicable,no_learned_dynamics,The parsimonious ebm generalising event disease progression simultaneous events study is an ordinary prognostic or static prediction analysis without a learned rollout mechanism.,high
ALT-23f67b6e2f8e,fresh_alternate_public_search,"Patient-specific digital twins in aortic disease: integrating computational hemodynamics, immune profiling, and precision endovascular strategy.",include,review,include_review,"This review primarily synthesizes dynamic medical digital twins for patient specific digital twins aortic disease integrating computational hemodynamics immune, including prediction, simulation, or intervention use.",high
ALT-a367196497f1,fresh_alternate_public_search,Patterns of grey and white matter changes differ between bulbar and limb onset amyotrophic lateral sclerosis.,exclude,not_applicable,no_learned_dynamics,The patterns grey white matter changes differ between bulbar limb onset study is an ordinary prognostic or static prediction analysis without a learned rollout mechanism.,high
ALT-fbcefa84d51e,fresh_alternate_public_search,Perceiving latent dynamics: Innate and coachable visual estimation of limb damping,exclude,not_applicable,no_learned_dynamics,"The perceiving latent dynamics innate coachable visual estimation limb damping study evaluates education, training, or simulator hardware rather than learned patient dynamics.",high
ALT-a878d512f6ca,fresh_alternate_public_search,Perioperative crisis resource management simulation training in anaesthesia.,exclude,not_applicable,review_not_primary,This review centers on perioperative crisis resource management simulation training anaesthesia rather than evaluated medical learned world-model dynamics as its primary subject.,high
ALT-9944b3605899,fresh_alternate_public_search,"Personalised digital twin models for Trypanosoma cruzi : improving prognosis, therapy, and long-term complications",uncertain,empirical,insufficient_abstract,"The personalised digital twin trypanosoma cruzi improving prognosis therapy long term title plausibly denotes learned medical dynamics, but the missing abstract does not establish direct future or action evaluation.",low
ALT-65e33104f45e,fresh_alternate_public_search,Personalized Computational Causal Modeling of the Alzheimer Disease Biomarker Cascade.,exclude,not_applicable,no_learned_dynamics,"The personalized computational causal alzheimer disease biomarker cascade study evaluates education, training, or simulator hardware rather than learned patient dynamics.",high
ALT-bf936bea3ffc,fresh_alternate_public_search,Personalized Input-Output Hidden Markov Models for Disease Progression Modeling,include,empirical,include_empirical,The personalized input output hidden markov disease progression study learns or calibrates temporal dynamics and directly evaluates temporal rollouts or simulated trajectories.,high
ALT-5fad97611707,fresh_alternate_public_search,Personalized modeling of Alzheimer's disease progression estimates neurodegeneration severity from EEG recordings.,exclude,not_applicable,no_learned_dynamics,The personalized alzheimer s disease progression estimates neurodegeneration severity eeg recordings study is an ordinary prognostic or static prediction analysis without a learned rollout mechanism.,high
ALT-f16d5e94655e,fresh_alternate_public_search,Personalizing computational models to construct medical digital twins.,exclude,not_applicable,no_learned_dynamics,"The personalizing computational construct medical digital twins record describes a static, conceptual, or mechanistic twin without learned temporal transitions.",high
ALT-199629a53d99,fresh_alternate_public_search,Personalizing Maintenance Rituximab in Follicular Lymphoma: A Machine Learning Framework for Risk-Benefit Optimization.,exclude,not_applicable,no_learned_dynamics,The personalizing maintenance rituximab follicular lymphoma machine learning risk benefit optimization study is an ordinary prognostic or static prediction analysis without a learned rollout mechanism.,high
ALT-99a57a14d7a4,fresh_alternate_public_search,Pharmacokinetic/pharmacodynamic analysis of geographic atrophy lesion area in patients receiving pegcetacoplan treatment or sham.,exclude,not_applicable,no_learned_dynamics,The pharmacokinetic pharmacodynamic geographic atrophy lesion area patients receiving pegcetacoplan treatment study uses prescribed mechanistic or statistical dynamics rather than a learned transition mechanism.,high
ALT-1b90d57cf2fc,fresh_alternate_public_search,"Pharmacokinetic/Pharmacodynamic Evaluation of a New Purine-2,6-Dione Derivative in Rodents with Experimental Autoimmune Diseases.",exclude,not_applicable,no_learned_dynamics,The pharmacokinetic pharmacodynamic purine 2 6 dione derivative rodents experimental autoimmune study uses prescribed mechanistic or statistical dynamics rather than a learned transition mechanism.,high
ALT-3376b201d0b6,fresh_alternate_public_search,Phosphorylated neurofilament heavy chain (pNfH) concentration in cerebrospinal fluid predicts overall disease aggressiveness (D50) in amyotrophic lateral sclerosis.,exclude,not_applicable,review_not_primary,This review centers on phosphorylated neurofilament heavy chain concentration cerebrospinal fluid predicts overall disease rather than evaluated medical learned world-model dynamics as its primary subject.,high
ALT-27ebc919390e,fresh_alternate_public_search,Physics-Anchored Dual Network for Conditional SOFC Health-Indicator Trajectory Forecasting Under Variable-Load Operation,exclude,not_applicable,no_future_or_action_evaluation,"The physics anchored dual network conditional sofc health indicator trajectory forecasting study analyzes or reconstructs dynamics but does not directly evaluate future states, actions, rollouts, or planning.",high
ALT-37f1332e4dac,fresh_alternate_public_search,Physiologic Indirect Response Modeling to Describe Buprenorphine Pharmacodynamics in Newborns Treated for Neonatal Opioid Withdrawal Syndrome.,exclude,not_applicable,no_learned_dynamics,The physiologic indirect response describe buprenorphine pharmacodynamics newborns treated neonatal opioid study uses prescribed mechanistic or statistical dynamics rather than a learned transition mechanism.,high
ALT-4641ca006956,fresh_alternate_public_search,Physiological Vital Time Series Forecasting using Fractional Calculus and Deep Neural Network,include,empirical,include_empirical,The physiological vital time series forecasting fractional calculus deep neural network study learns or calibrates temporal dynamics and directly evaluates held-out future states or multi-step forecasts.,high
ALT-e55bda8afb75,fresh_alternate_public_search,Physiology-based patient simulator for blood pressure meter testing,exclude,not_applicable,no_future_or_action_evaluation,"The physiology patient simulator blood pressure meter testing study analyzes or reconstructs dynamics but does not directly evaluate future states, actions, rollouts, or planning.",medium
ALT-e1f3bd53960a,fresh_alternate_public_search,PINN-EM: Physics-Guided Disease Progression Model of Geographic Atrophy.,include,empirical,include_empirical,The pinn em physics guided disease progression geographic atrophy study learns or calibrates temporal dynamics and directly evaluates temporal rollouts or simulated trajectories.,high
ALT-13c5f505972f,fresh_alternate_public_search,PK/PD modeling of the effect of Escitalopram combined with Docetaxel in the treatment of breast cancer with depression in mice.,exclude,not_applicable,no_learned_dynamics,The pk pd effect escitalopram combined docetaxel treatment breast cancer depression study uses prescribed mechanistic or statistical dynamics rather than a learned transition mechanism.,high
ALT-df0287acaeb6,fresh_alternate_public_search,PK/PD Modeling of the PDE7 Inhibitor-GRMS-55 in a Mouse Model of Autoimmune Hepatitis.,exclude,not_applicable,no_learned_dynamics,The pk pd pde7 inhibitor grms 55 mouse autoimmune hepatitis study uses prescribed mechanistic or statistical dynamics rather than a learned transition mechanism.,high
ALT-478185186cd3,fresh_alternate_public_search,Plasma Amino Acid Signatures Associated with Disease Progression and Hypertension in Autosomal Dominant Polycystic Kidney Disease: A Targeted Metabolomics and Machine Learning Approach.,exclude,not_applicable,no_learned_dynamics,The plasma amino acid signatures associated disease progression hypertension autosomal dominant study is an ordinary prognostic or static prediction analysis without a learned rollout mechanism.,high
ALT-de03063c3f55,fresh_alternate_public_search,Plasma cardiac troponin T complements neurofilament light chain by reflecting disease phase and phenotypic variation in amyotrophic lateral sclerosis.,exclude,not_applicable,no_learned_dynamics,The plasma cardiac troponin t complements neurofilament light chain by reflecting study is an ordinary prognostic or static prediction analysis without a learned rollout mechanism.,high
ALT-da13a87912fa,fresh_alternate_public_search,Playing the pipes: acoustic sensing and machine learning for performance feedback during endotracheal intubation simulation.,exclude,not_applicable,no_learned_dynamics,"The playing pipes acoustic sensing machine learning performance feedback during endotracheal study evaluates education, training, or simulator hardware rather than learned patient dynamics.",high
ALT-907a7c0c1482,fresh_alternate_public_search,"Plexin-B3 Regulates Cellular Motility, Invasiveness, and Metastasis in Pancreatic Cancer.",exclude,not_applicable,review_not_primary,This review centers on plexin b3 regulates cellular motility invasiveness metastasis pancreatic cancer rather than evaluated medical learned world-model dynamics as its primary subject.,high
ALT-2d2c5b3d767f,fresh_alternate_public_search,Point-of-Care Ultrasound Pulse Checks During Cardiopulmonary Resuscitation on a Patient Simulator (PUPRAS).,exclude,not_applicable,no_future_or_action_evaluation,"The point care ultrasound pulse checks during cardiopulmonary resuscitation patient simulator study analyzes or reconstructs dynamics but does not directly evaluate future states, actions, rollouts, or planning.",high
ALT-074a4fac09dc,fresh_alternate_public_search,Population longitudinal analysis of Gait Profile Score and North Star Ambulatory Assessment in children with Duchenne muscular dystrophy.,exclude,not_applicable,no_future_or_action_evaluation,"The population longitudinal gait profile score north star ambulatory assessment children study analyzes or reconstructs dynamics but does not directly evaluate future states, actions, rollouts, or planning.",high
ALT-e2f6bdf7619e,fresh_alternate_public_search,Population pharmacokinetic-pharmacodynamic modeling of acetaminophen in preterm neonates with hemodynamically significant patent ductus arteriosus.,exclude,not_applicable,no_learned_dynamics,The population pharmacokinetic pharmacodynamic acetaminophen preterm neonates hemodynamically significant patent ductus study uses prescribed mechanistic or statistical dynamics rather than a learned transition mechanism.,high
ALT-e317889f1771,fresh_alternate_public_search,Population pharmacokinetic-pharmacodynamic modeling of serum biomarkers as predictors of tumor dynamics following lenvatinib treatment in patients with radioiodine-refractory differentiated thyroid cancer (RR-DTC).,exclude,not_applicable,no_learned_dynamics,The population pharmacokinetic pharmacodynamic serum biomarkers as predictors tumor dynamics following study uses prescribed mechanistic or statistical dynamics rather than a learned transition mechanism.,high
ALT-bad670da34b0,fresh_alternate_public_search,Potential applications of digital twin in medical care,uncertain,review,insufficient_abstract,"The potential applications digital twin medical care title plausibly denotes a medical world-model review, but the missing abstract does not establish its primary scope.",low
ALT-8dac0de7b939,fresh_alternate_public_search,Potential of Interactive VR and Digital Twin for Drug Development and Clinical Trials,uncertain,review,insufficient_abstract,"The potential interactive vr digital twin drug clinical trials title plausibly denotes a medical world-model review, but the missing abstract does not establish its primary scope.",low
ALT-84c29870e141,fresh_alternate_public_search,Predicting Alzheimer’s Disease Progression Using a Regression-Based Survival Model with Longitudinal Data,exclude,not_applicable,no_future_or_action_evaluation,"The predicting alzheimer s disease progression regression survival longitudinal data study analyzes or reconstructs dynamics but does not directly evaluate future states, actions, rollouts, or planning.",medium
ALT-de9f081824cc,fresh_alternate_public_search,Predicting breast cancer treatment response and prognosis using AI-based image classification.,exclude,not_applicable,no_future_or_action_evaluation,"The predicting breast cancer treatment response prognosis ai image classification study analyzes or reconstructs dynamics but does not directly evaluate future states, actions, rollouts, or planning.",high
ALT-60423c69aca7,fresh_alternate_public_search,Predicting Cardiovascular Events with Time-Lagged Inflammatory Dynamics: Stochastic Delay Modeling.,exclude,not_applicable,review_not_primary,This review centers on predicting cardiovascular events time lagged inflammatory dynamics stochastic delay rather than evaluated medical learned world-model dynamics as its primary subject.,high
ALT-4ec8aacca130,fresh_alternate_public_search,Predicting diabetes mellitus metabolic goals and chronic complications transitions-analysis based on natural language processing and machine learning models.,exclude,not_applicable,no_learned_dynamics,The predicting diabetes mellitus metabolic goals chronic complications transitions natural language study is an ordinary prognostic or static prediction analysis without a learned rollout mechanism.,high
ALT-1db15c9cac24,fresh_alternate_public_search,Predicting Liver Disease Progression Using Timeseries Random Forest Modeling for Early Intervention and Risk Assessment,exclude,not_applicable,no_future_or_action_evaluation,"The predicting liver disease progression timeseries random forest early intervention risk study analyzes or reconstructs dynamics but does not directly evaluate future states, actions, rollouts, or planning.",medium
ALT-1313a93e320b,fresh_alternate_public_search,Predicting response and toxicity to immune checkpoint inhibitors in lung cancer using antibodies to frameshift neoantigens.,exclude,not_applicable,no_learned_dynamics,The predicting response toxicity immune checkpoint inhibitors lung cancer antibodies frameshift study is an ordinary prognostic or static prediction analysis without a learned rollout mechanism.,high
ALT-d5ae4af62ef6,fresh_alternate_public_search,"Predicting the effects of COVID-19 related interventions in urban settings by combining activity-based modelling, agent-based simulation, and mobile phone data",exclude,not_applicable,no_learned_dynamics,The predicting effects covid 19 related interventions urban settings by combining study uses prescribed mechanistic or statistical dynamics rather than a learned transition mechanism.,high
ALT-24dc56e950d5,fresh_alternate_public_search,Prediction Model for Disease Progression and Relevant Prognostic Factors in Hodgkin Patients: An Application of Frailty Multistate Model,exclude,not_applicable,no_learned_dynamics,The prediction disease progression relevant prognostic factors hodgkin patients application frailty study is an ordinary prognostic or static prediction analysis without a learned rollout mechanism.,high
ALT-3c2780d5948f,fresh_alternate_public_search,Prediction of Alzheimer's Disease Progression with Multi-Information Generative Adversarial Network,uncertain,empirical,insufficient_abstract,"The prediction alzheimer s disease progression multi information generative adversarial network title plausibly denotes learned medical dynamics, but the missing abstract does not establish direct future or action evaluation.",low
ALT-6f227576e837,fresh_alternate_public_search,Prediction of Covid-19 spreading and optimal coordination of counter-measures: From microscopic to macroscopic models to Pareto fronts.,exclude,not_applicable,no_future_or_action_evaluation,"The prediction covid 19 spreading optimal coordination counter measures microscopic macroscopic study analyzes or reconstructs dynamics but does not directly evaluate future states, actions, rollouts, or planning.",high
ALT-ab6014707f0f,fresh_alternate_public_search,Prediction of Disease Progression and Clinical Response in Systemic Sclerosis: Experience From a Proof-of-Concept Trial.,exclude,not_applicable,no_learned_dynamics,The prediction disease progression clinical response systemic sclerosis experience proof concept study uses prescribed mechanistic or statistical dynamics rather than a learned transition mechanism.,high
ALT-7fd0dbde7906,fresh_alternate_public_search,Predictive modeling of hemodynamics during viscerosensory neurostimulation via neural computation mechanism in the brainstem.,include,empirical,include_empirical,The predictive hemodynamics during viscerosensory neurostimulation neural computation mechanism brainstem study learns or calibrates temporal dynamics and directly evaluates intervention-conditioned rollouts or planning outcomes.,high
ALT-beaee41dbef2,fresh_alternate_public_search,Predictive processing as a scalable computational principle for embodied multitask intelligence.,exclude,not_applicable,wrong_domain,"This record concerns predictive processing as scalable computational principle embodied multitask intelligence, which is outside medical or biomedical systems.",high
ALT-f314a5851eba,fresh_alternate_public_search,Preserved neural dynamics across animals performing similar behaviour.,exclude,not_applicable,no_future_or_action_evaluation,"The preserved neural dynamics across animals performing similar behaviour study analyzes or reconstructs dynamics but does not directly evaluate future states, actions, rollouts, or planning.",high
ALT-b25630af541c,fresh_alternate_public_search,Preserved neural population dynamics across animals performing similar behaviour,exclude,not_applicable,no_future_or_action_evaluation,"The preserved neural population dynamics across animals performing similar behaviour study analyzes or reconstructs dynamics but does not directly evaluate future states, actions, rollouts, or planning.",high
ALT-9bb705a71626,fresh_alternate_public_search,Prevalence of Errors in Anaphylaxis in Kids (PEAK): A Multicenter Simulation-Based Study.,exclude,not_applicable,no_primary_empirical_evaluation,"The prevalence errors anaphylaxis kids multicenter simulation record is editorial, corrective, conceptual, or consensus-based and lacks a primary learned-dynamics evaluation.",high
ALT-bb4c93d199b3,fresh_alternate_public_search,Probabilistic Forecasting and Information-Theoretic Analysis of Multivariate fMRI Dynamics.,include,empirical,include_empirical,The probabilistic forecasting information theoretic multivariate fmri dynamics study learns or calibrates temporal dynamics and directly evaluates held-out future states or multi-step forecasts.,high
ALT-e8235c64cd25,fresh_alternate_public_search,Probabilistic forecasting of multiple air pollutants via latent dynamics modelling with deep learning,exclude,not_applicable,wrong_domain,"This record concerns probabilistic forecasting multiple air pollutants latent dynamics deep learning, which is outside medical or biomedical systems.",high
ALT-ed35b16d6ffd,fresh_alternate_public_search,Probiotics and Fecal Transplant: An Intervention in Delaying Chronic Kidney Disease Progression?,exclude,not_applicable,review_not_primary,This review centers on probiotics fecal transplant intervention delaying chronic kidney disease progression rather than evaluated medical learned world-model dynamics as its primary subject.,high
ALT-b05bf0c2312d,fresh_alternate_public_search,Process Safety Management in Oil and Gas Operating Units Through Digital Twin Platform: A Digital Approach for Safety Control and Process Intervention,exclude,not_applicable,wrong_domain,"This record concerns process safety management oil gas operating units through digital twin, which is outside medical or biomedical systems.",high
ALT-675be969ae1e,fresh_alternate_public_search,Prognostic Value of Serum Biomarkers in Patients with Idiopathic Pulmonary Fibrosis in Relation to Disease Progression.,exclude,not_applicable,no_learned_dynamics,The prognostic value serum biomarkers patients idiopathic pulmonary fibrosis relation disease study is an ordinary prognostic or static prediction analysis without a learned rollout mechanism.,high
ALT-ec57915adae4,fresh_alternate_public_search,Progression models for repeated measures: Estimating novel treatment effects in progressive diseases.,exclude,not_applicable,review_not_primary,This review centers on progression repeated measures estimating treatment effects progressive diseases rather than evaluated medical learned world-model dynamics as its primary subject.,high
ALT-419b49d11d04,fresh_alternate_public_search,"Progression of chronic kidney disease : risk factors, sex differences and intervention",exclude,not_applicable,no_learned_dynamics,The progression chronic kidney disease risk factors sex differences intervention study is an ordinary prognostic or static prediction analysis without a learned rollout mechanism.,high
ALT-3c5208bdbe14,fresh_alternate_public_search,Progression of type 1 diabetes from latency to symptomatic disease is predicted by distinct autoimmune trajectories.,exclude,not_applicable,no_future_or_action_evaluation,"The progression type 1 diabetes latency symptomatic disease is predicted by study analyzes or reconstructs dynamics but does not directly evaluate future states, actions, rollouts, or planning.",high
ALT-1b8650c705c3,fresh_alternate_public_search,Projection of budgetary savings to US state Medicaid programs from reduced nursing home use due to an Alzheimer's disease treatment.,exclude,not_applicable,review_not_primary,This review centers on projection budgetary savings us state medicaid programs reduced nursing home rather than evaluated medical learned world-model dynamics as its primary subject.,high
ALT-9c08d45604df,fresh_alternate_public_search,Proposal of a new evaluation grid and literature review of virtual patient simulator in medical school,exclude,not_applicable,no_primary_empirical_evaluation,"The proposal grid literature review virtual patient simulator medical school record is editorial, corrective, conceptual, or consensus-based and lacks a primary learned-dynamics evaluation.",medium
ALT-3286e831b8bc,fresh_alternate_public_search,Proposal of chest structure for pediatric patient simulator,exclude,not_applicable,no_primary_empirical_evaluation,"The proposal chest structure pediatric patient simulator record is editorial, corrective, conceptual, or consensus-based and lacks a primary learned-dynamics evaluation.",medium
ALT-529243133cee,fresh_alternate_public_search,Prospects of early therapeutic interventions for indolent adult T-cell leukemia/lymphoma based on the chronic lymphocytic leukemia progression model.,exclude,not_applicable,review_not_primary,This review centers on prospects early therapeutic interventions indolent adult t cell leukemia lymphoma rather than evaluated medical learned world-model dynamics as its primary subject.,high
ALT-2fccd6ec0a05,fresh_alternate_public_search,Psychometric evaluation of the Decision Support System (DSS) for municipal nurses encountering health deterioration among older adults.,exclude,not_applicable,no_future_or_action_evaluation,"The psychometric decision support system municipal nurses encountering health deterioration among study analyzes or reconstructs dynamics but does not directly evaluate future states, actions, rollouts, or planning.",high
ALT-b1b6617a294c,fresh_alternate_public_search,PTEBL Teaching Method Combined with Caesar (Trauma Patient Simulator) Versus Traditional Teaching Method in The Training of Outstanding Doctoral Candidates in STB Skills: A Randomized Controlled Trial,exclude,not_applicable,no_learned_dynamics,"The ptebl teaching method combined caesar versus traditional teaching method training study evaluates education, training, or simulator hardware rather than learned patient dynamics.",high
ALT-c37850dd14c4,fresh_alternate_public_search,pySuStaIn: a Python implementation of the Subtype and Stage Inference algorithm.,exclude,not_applicable,no_learned_dynamics,The pysustain python implementation subtype stage inference algorithm study is an ordinary prognostic or static prediction analysis without a learned rollout mechanism.,high
ALT-9723533408ea,fresh_alternate_public_search,Quality Comparison of the Manual Chest Compression and the Mechanical Chest Compression During Difficult Transport Conditions.,exclude,not_applicable,no_future_or_action_evaluation,"The quality comparison manual chest compression mechanical chest compression during difficult study analyzes or reconstructs dynamics but does not directly evaluate future states, actions, rollouts, or planning.",high
ALT-88d04c6b7e75,fresh_alternate_public_search,Quantification of amyotrophic lateral sclerosis (ALS) disease accumulation with T1-weighted high-resolution magnetic resonance imaging: validation in an independent cohort.,exclude,not_applicable,no_learned_dynamics,The quantification amyotrophic lateral sclerosis disease accumulation t1 weighted high resolution study is an ordinary prognostic or static prediction analysis without a learned rollout mechanism.,high
ALT-227569762192,fresh_alternate_public_search,Quantifying clinical and genetic factors influencing rate and severity of autosomal dominant tubulointerstitial kidney disease progression.,exclude,not_applicable,no_learned_dynamics,The quantifying clinical genetic factors influencing rate severity autosomal dominant tubulointerstitial study is an ordinary prognostic or static prediction analysis without a learned rollout mechanism.,high
ALT-daa53240ed85,fresh_alternate_public_search,Quantifying Genetic and Environmental Factors Accounting for Multistage Progression of Precancerous Lesions and Oral Cancer: Applications to Risk-Guided Prevention.,exclude,not_applicable,no_future_or_action_evaluation,"The quantifying genetic environmental factors accounting multistage progression precancerous lesions oral study analyzes or reconstructs dynamics but does not directly evaluate future states, actions, rollouts, or planning.",high
ALT-8c0d38af637d,fresh_alternate_public_search,Quantifying Uncertainty in Alzheimer’s Disease Progression Modelling: A Variational Disease Progression Score Framework,exclude,not_applicable,no_learned_dynamics,The quantifying uncertainty alzheimer s disease progression variational disease progression score study is an ordinary prognostic or static prediction analysis without a learned rollout mechanism.,high
ALT-92267f696276,fresh_alternate_public_search,Quantitative Approaches to Accelerate MASH Drug Discovery and Development.,exclude,not_applicable,review_not_primary,This review centers on quantitative approaches accelerate mash drug discovery rather than evaluated medical learned world-model dynamics as its primary subject.,high
ALT-1b4d9022936f,fresh_alternate_public_search,Quantitative Assessment of Viral Dispersion Associated with Respiratory Support Devices in a Simulated Critical Care Environment.,exclude,not_applicable,no_learned_dynamics,The quantitative assessment viral dispersion associated respiratory support devices simulated critical study is an ordinary prognostic or static prediction analysis without a learned rollout mechanism.,high
ALT-ca8c7adfc7a7,fresh_alternate_public_search,Quantitative Comparisons of Progressive Supranuclear Palsy Rating Scale Versions Using Item Response Theory.,exclude,not_applicable,no_future_or_action_evaluation,"The quantitative comparisons progressive supranuclear palsy rating scale versions item response study analyzes or reconstructs dynamics but does not directly evaluate future states, actions, rollouts, or planning.",high
ALT-1b1f1fd7517e,fresh_alternate_public_search,Randomised comparison of Enk™ and Manujet™ for emergency tracheal oxygenation with a high-fidelity full-scale simulation.,exclude,not_applicable,no_learned_dynamics,"The randomised comparison enk manujet emergency tracheal oxygenation high fidelity full study evaluates education, training, or simulator hardware rather than learned patient dynamics.",high
ALT-8a9a0b1b426c,fresh_alternate_public_search,Real-Time Feedback of the Applied Light-Curing Technique and Its Impact on Degree of Conversion of Composite Restorations-A Study with Undergraduate Dental Students.,exclude,not_applicable,no_learned_dynamics,"The real time feedback applied light curing technique its impact degree study evaluates education, training, or simulator hardware rather than learned patient dynamics.",high
ALT-eaaa12c55ace,fresh_alternate_public_search,Real-Time Forecasting of a Fire-Extinguishing Agent Jet Trajectory from a Robotic Fire Monitor Under Disturbances,exclude,not_applicable,wrong_domain,"This record concerns real time forecasting fire extinguishing agent jet trajectory robotic fire, which is outside medical or biomedical systems.",high
ALT-50c7ad532b29,fresh_alternate_public_search,Real-time On-device Inference for ECG Classification of Ventricular Dysfunction.,exclude,not_applicable,no_learned_dynamics,The real time device inference ecg classification ventricular dysfunction study is an ordinary prognostic or static prediction analysis without a learned rollout mechanism.,high
ALT-d9a2d6958eb5,fresh_alternate_public_search,Real-to-Sim Calibration and Cross-Domain Trajectory Validation of a Low-Cost Multi-Sensor UGV Digital Twin,exclude,not_applicable,wrong_domain,"This record concerns real sim calibration cross domain trajectory validation low cost multi, which is outside medical or biomedical systems.",high
ALT-00fed7616795,fresh_alternate_public_search,Reconstructing disease dynamics for mechanistic insights and clinical benefit.,exclude,not_applicable,no_learned_dynamics,The reconstructing disease dynamics mechanistic insights clinical benefit study is an ordinary prognostic or static prediction analysis without a learned rollout mechanism.,high
ALT-407a92c0b3b4,fresh_alternate_public_search,Reflections on Confronting a Capacity Challenge With an AI-Powered Patient Simulator (SimPatient).,exclude,not_applicable,no_primary_empirical_evaluation,"The reflections confronting capacity challenge ai powered patient simulator record is editorial, corrective, conceptual, or consensus-based and lacks a primary learned-dynamics evaluation.",medium
ALT-ad87339be1f6,fresh_alternate_public_search,Regional interneuron transcriptional changes reveal pathologic markers of disease progression in a mouse model of Alzheimer’s disease,exclude,not_applicable,no_future_or_action_evaluation,"The regional interneuron transcriptional changes reveal pathologic markers disease progression mouse study analyzes or reconstructs dynamics but does not directly evaluate future states, actions, rollouts, or planning.",high
ALT-74664d6817be,fresh_alternate_public_search,RELA is sufficient to mediate interleukin-1 repression of androgen receptor expression and activity in an LNCaP disease progression model.,exclude,not_applicable,no_future_or_action_evaluation,"The rela is sufficient mediate interleukin 1 repression androgen receptor expression study analyzes or reconstructs dynamics but does not directly evaluate future states, actions, rollouts, or planning.",high
ALT-b3ff291fa09a,fresh_alternate_public_search,Resonant hierarchies: a multiscale framework for oscillatory dynamics in the brain.,exclude,not_applicable,review_not_primary,This review centers on resonant hierarchies multiscale oscillatory dynamics brain rather than evaluated medical learned world-model dynamics as its primary subject.,high
ALT-e8f3d5486043,fresh_alternate_public_search,Revealing spatio-temporal dynamics with long-term trypanosomatid live-cell imaging,exclude,not_applicable,no_future_or_action_evaluation,"The revealing spatio temporal dynamics long term trypanosomatid live cell imaging study analyzes or reconstructs dynamics but does not directly evaluate future states, actions, rollouts, or planning.",high
ALT-4f9e04ebc02c,fresh_alternate_public_search,Revealing the Timeline of Structural MRI Changes in Premanifest to Manifest Huntington Disease.,exclude,not_applicable,no_learned_dynamics,The revealing timeline structural mri changes premanifest manifest huntington disease study is an ordinary prognostic or static prediction analysis without a learned rollout mechanism.,high
ALT-2ac1d8a71470,fresh_alternate_public_search,"Review for ""Interferon‐gamma contributes to disease progression in the Ndufs4 (−/−) model of Leigh syndrome""",exclude,not_applicable,review_not_primary,This review centers on review interferon gamma contributes disease progression ndufs4 leigh syndrome rather than evaluated medical learned world-model dynamics as its primary subject.,medium
ALT-ff36a8b1ca8f,fresh_alternate_public_search,"Review for ""Telomere length and oxidative stress variations in a murine model of Alzheimer’s disease progression""",exclude,not_applicable,review_not_primary,This review centers on review telomere length oxidative stress variations murine alzheimer s disease rather than evaluated medical learned world-model dynamics as its primary subject.,medium
ALT-bd6c384d73bd,fresh_alternate_public_search,Reviewer #1 (Public review): Drosophila melanogaster model of RVCL-S demonstrates age dependent disease progression,exclude,not_applicable,no_primary_empirical_evaluation,"The reviewer 1 drosophila melanogaster rvcl s demonstrates age dependent disease record is editorial, corrective, conceptual, or consensus-based and lacks a primary learned-dynamics evaluation.",medium
ALT-aef802334ef7,fresh_alternate_public_search,Reviewer #1 (Public Review): Fine-tuning spatial-temporal dynamics and surface receptor expression support plasma cell-intrinsic longevity,exclude,not_applicable,no_primary_empirical_evaluation,"The reviewer 1 fine tuning spatial temporal dynamics surface receptor expression record is editorial, corrective, conceptual, or consensus-based and lacks a primary learned-dynamics evaluation.",medium
ALT-3d9c45836d04,fresh_alternate_public_search,Reviewer #2 (Public review): Drosophila melanogaster model of RVCL-S demonstrates age dependent disease progression,exclude,not_applicable,no_primary_empirical_evaluation,"The reviewer 2 drosophila melanogaster rvcl s demonstrates age dependent disease record is editorial, corrective, conceptual, or consensus-based and lacks a primary learned-dynamics evaluation.",medium
ALT-14a912d540cb,fresh_alternate_public_search,Reviewer #2 (Public Review): Fine-tuning spatial-temporal dynamics and surface receptor expression support plasma cell-intrinsic longevity,exclude,not_applicable,no_primary_empirical_evaluation,"The reviewer 2 fine tuning spatial temporal dynamics surface receptor expression record is editorial, corrective, conceptual, or consensus-based and lacks a primary learned-dynamics evaluation.",medium
ALT-8aab3faa0761,fresh_alternate_public_search,Reviewer #3 (Public Review): Fine-tuning spatial-temporal dynamics and surface receptor expression support plasma cell-intrinsic longevity,exclude,not_applicable,no_primary_empirical_evaluation,"The reviewer 3 fine tuning spatial temporal dynamics surface receptor expression record is editorial, corrective, conceptual, or consensus-based and lacks a primary learned-dynamics evaluation.",medium
ALT-e98674795932,fresh_alternate_public_search,Revolutionizing Industries with Digital Twin Technology,exclude,not_applicable,wrong_domain,"This record concerns revolutionizing industries digital twin technology, which is outside medical or biomedical systems.",high
ALT-3119fe7cbeb0,fresh_alternate_public_search,Rheumatic Digital Twin: Proposed Machine Learning-Based Multimodal Framework to Inform Clinical Decision-Making.,exclude,not_applicable,no_learned_dynamics,"The rheumatic digital twin proposed machine learning multimodal inform clinical decision record describes a static, conceptual, or mechanistic twin without learned temporal transitions.",high
ALT-86ecd04e07f7,fresh_alternate_public_search,Risk Factor Identification in Heterogeneous Disease Progression with L1-Regularized Multi-state Models.,exclude,not_applicable,no_future_or_action_evaluation,"The risk factor identification heterogeneous disease progression l1 regularized multi state study analyzes or reconstructs dynamics but does not directly evaluate future states, actions, rollouts, or planning.",high
ALT-84899ac869a7,fresh_alternate_public_search,Risk factors analysis and predictive model of degree I degenerative lumbar spondylolisthesis.,exclude,not_applicable,no_learned_dynamics,The risk factors predictive degree i degenerative lumbar spondylolisthesis study is an ordinary prognostic or static prediction analysis without a learned rollout mechanism.,high
ALT-e79a827bf920,fresh_alternate_public_search,Risk of Transmitting Coronavirus Disease 2019 During Nebulizer Treatment: A Systematic Review.,exclude,not_applicable,review_not_primary,This review centers on risk transmitting coronavirus disease 2019 during nebulizer treatment systematic review rather than evaluated medical learned world-model dynamics as its primary subject.,high
ALT-8e67f54c2346,fresh_alternate_public_search,Risk-Aware Model-Based Control.,exclude,not_applicable,no_learned_dynamics,"The risk aware control study evaluates education, training, or simulator hardware rather than learned patient dynamics.",high
ALT-e829cf5da20f,fresh_alternate_public_search,Robust multifocus deep neural network for progression prediction on patient trajectory data,exclude,not_applicable,no_future_or_action_evaluation,"The robust multifocus deep neural network progression prediction patient trajectory data study analyzes or reconstructs dynamics but does not directly evaluate future states, actions, rollouts, or planning.",high
ALT-0f23277c8ef6,fresh_alternate_public_search,Role of Digital Twin Technology in Medical Sector—Toward Ensuring Safe Healthcare,uncertain,review,insufficient_abstract,"The digital twin technology medical sector ensuring safe healthcare title plausibly denotes a medical world-model review, but the missing abstract does not establish its primary scope.",low
ALT-ed4567508737,fresh_alternate_public_search,Role of digital twins and blockchain for the internet of medical things,exclude,not_applicable,review_not_primary,This review centers on digital twins blockchain internet medical things rather than evaluated medical learned world-model dynamics as its primary subject.,medium
ALT-4300b7c38f29,fresh_alternate_public_search,Role of Disease Progression Models in Drug Development.,exclude,not_applicable,review_not_primary,This review centers on disease progression drug rather than evaluated medical learned world-model dynamics as its primary subject.,high
ALT-a5e6fa903faf,fresh_alternate_public_search,s-SuStaIn: Scaling subtype and stage inference via simultaneous clustering of subjects and biomarkers.,exclude,not_applicable,no_learned_dynamics,The s sustain scaling subtype stage inference simultaneous clustering subjects biomarkers study is an ordinary prognostic or static prediction analysis without a learned rollout mechanism.,high
ALT-3df7d77ceb74,fresh_alternate_public_search,Safety and efficacy of N-acetylmannosamine (ManNAc) in patients with GNE myopathy: an open-label phase 2 study.,exclude,not_applicable,no_future_or_action_evaluation,"The safety efficacy n acetylmannosamine patients gne myopathy open label phase study analyzes or reconstructs dynamics but does not directly evaluate future states, actions, rollouts, or planning.",high
ALT-422955863466,fresh_alternate_public_search,scMTG reconstructs single-cell temporal dynamics with Markov transition generators,include,empirical,include_empirical,The scmtg reconstructs single cell temporal dynamics markov transition generators study learns or calibrates temporal dynamics and directly evaluates temporal rollouts or simulated trajectories.,high
ALT-1b8f65376523,fresh_alternate_public_search,Scores of Health-Related Quality of Life Questionnaire Worsen Consistently in Patients of COPD: Estimating Disease Progression over 30 Years by SReFT with Individual Data Collected in SUMMIT Trial.,exclude,not_applicable,no_learned_dynamics,The scores health related quality life questionnaire worsen consistently patients copd study is an ordinary prognostic or static prediction analysis without a learned rollout mechanism.,high
ALT-7d5160667d81,fresh_alternate_public_search,ScPectral: Spectrally Clustering Hypergraph Representations of Transcription Networks to Identify Developmental Pathways,exclude,not_applicable,no_future_or_action_evaluation,"The scpectral spectrally clustering hypergraph representations transcription networks identify developmental pathways study analyzes or reconstructs dynamics but does not directly evaluate future states, actions, rollouts, or planning.",high
ALT-aa34aa08d135,fresh_alternate_public_search,Self-supervised reservoir computing with spatial-temporal encoding for identifying critical transitions.,exclude,not_applicable,no_future_or_action_evaluation,"The self supervised reservoir computing spatial temporal encoding identifying critical transitions study analyzes or reconstructs dynamics but does not directly evaluate future states, actions, rollouts, or planning.",high
ALT-6b9dc4598dd1,fresh_alternate_public_search,Sequences of cognitive decline in typical Alzheimer's disease and posterior cortical atrophy estimated using a novel event-based model of disease progression.,exclude,not_applicable,no_future_or_action_evaluation,"The sequences cognitive decline typical alzheimer s disease posterior cortical atrophy study analyzes or reconstructs dynamics but does not directly evaluate future states, actions, rollouts, or planning.",high
ALT-6c5d617c0a46,fresh_alternate_public_search,Setting the Next Vital Sign Observation Interval as a Learning Objective in Simulation-Based Nursing Education: A Prospective Exploratory Observational Study.,exclude,not_applicable,no_learned_dynamics,"The setting next vital sign observation interval as learning objective simulation study evaluates education, training, or simulator hardware rather than learned patient dynamics.",high
ALT-69e7818d31ce,fresh_alternate_public_search,Severity Assessment and Progression Prediction of COVID-19 Patients based on the LesionEncoder Framework and Chest CT,exclude,not_applicable,no_learned_dynamics,"The severity assessment progression prediction covid 19 patients lesionencoder chest ct study evaluates education, training, or simulator hardware rather than learned patient dynamics.",high
ALT-4ec47f2b9611,fresh_alternate_public_search,Sex-dependent immune activation shapes disease progression in a model of Parkinson’s disease,exclude,not_applicable,no_future_or_action_evaluation,"The sex dependent immune activation shapes disease progression parkinson s disease study analyzes or reconstructs dynamics but does not directly evaluate future states, actions, rollouts, or planning.",high
ALT-9d46cb259280,fresh_alternate_public_search,Shared latent representations of speech production for cross-patient speech decoding.,exclude,not_applicable,no_future_or_action_evaluation,"The shared latent representations speech production cross patient speech decoding study analyzes or reconstructs dynamics but does not directly evaluate future states, actions, rollouts, or planning.",high
ALT-f1825270f6ba,fresh_alternate_public_search,Should a medical digital twin be viewed as an extension of the patient's body?,exclude,not_applicable,no_primary_empirical_evaluation,"The should medical digital twin be viewed as extension patient s record is editorial, corrective, conceptual, or consensus-based and lacks a primary learned-dynamics evaluation.",medium
ALT-c71fc7548383,fresh_alternate_public_search,SimulAD: a dynamical model for personalized simulation and disease staging in Alzheimer's disease.,include,empirical,include_empirical,The simulad dynamical personalized simulation disease staging alzheimer s disease study learns or calibrates temporal dynamics and directly evaluates temporal rollouts or simulated trajectories.,high
ALT-830ec905b2d8,fresh_alternate_public_search,Simulated cardiopulmonary bypass: a high fidelity model for developing and accessing clinical perfusion skills.,exclude,not_applicable,review_not_primary,This review centers on simulated cardiopulmonary bypass high fidelity developing accessing clinical perfusion skills rather than evaluated medical learned world-model dynamics as its primary subject.,high
ALT-38709b40da3d,fresh_alternate_public_search,Simulating mandibular movements and articulator design.,exclude,not_applicable,no_future_or_action_evaluation,"The simulating mandibular movements articulator design study analyzes or reconstructs dynamics but does not directly evaluate future states, actions, rollouts, or planning.",high
ALT-497c77ec105e,fresh_alternate_public_search,Simulating the outcome of a clinical intervention from a data‐driven model of Alzheimer's disease progression,include,empirical,include_empirical,The simulating outcome clinical intervention data driven alzheimer s disease progression study learns or calibrates temporal dynamics and directly evaluates intervention-conditioned rollouts or planning outcomes.,high
ALT-b6f8ec5868d5,fresh_alternate_public_search,Simulating the outcome of amyloid treatments in Alzheimer's disease from imaging and clinical data.,include,empirical,include_empirical,The simulating outcome amyloid treatments alzheimer s disease imaging clinical data study learns or calibrates temporal dynamics and directly evaluates intervention-conditioned rollouts or planning outcomes.,high
ALT-5bec8ffd48d9,fresh_alternate_public_search,Simulation of long-term lecanemab treatment effect on Alzheimer's disease progression.,include,empirical,include_empirical,The simulation long term lecanemab treatment effect alzheimer s disease progression study learns or calibrates temporal dynamics and directly evaluates intervention-conditioned rollouts or planning outcomes.,high
ALT-6ef29c270060,fresh_alternate_public_search,Simulation of the COVID-19 epidemic on the social network of Slovenia: Estimating the intrinsic forecast uncertainty.,exclude,not_applicable,no_future_or_action_evaluation,"The simulation covid 19 epidemic social network slovenia estimating intrinsic forecast study analyzes or reconstructs dynamics but does not directly evaluate future states, actions, rollouts, or planning.",high
ALT-8ea9085176e4,fresh_alternate_public_search,Simulation of the COVID-19 pandemic on the social network of Slovenia: estimating the intrinsic forecast uncertainty,exclude,not_applicable,no_future_or_action_evaluation,"The simulation covid 19 pandemic social network slovenia estimating intrinsic forecast study analyzes or reconstructs dynamics but does not directly evaluate future states, actions, rollouts, or planning.",high
ALT-afc5b7064ab2,fresh_alternate_public_search,Simulation of the Progression of the COVID-19 Disease in Northwest Syria Using Basic and Adjusted SIR Model,exclude,not_applicable,review_not_primary,This review centers on simulation progression covid 19 disease northwest syria basic adjusted sir rather than evaluated medical learned world-model dynamics as its primary subject.,high
ALT-db2d75e89ea5,fresh_alternate_public_search,Simulation Training for Critical Care Airway Management: Assessing Translation to Clinical Practice Using a Small Video-Recording Device.,exclude,not_applicable,no_learned_dynamics,"The simulation training critical care airway management assessing translation clinical practice study evaluates education, training, or simulator hardware rather than learned patient dynamics.",high
ALT-ed87368a386c,fresh_alternate_public_search,Simulation-Based Inference for Whole-Brain Network Modeling of Epilepsy using Deep Neural Density Estimators,exclude,not_applicable,no_future_or_action_evaluation,"The simulation inference whole brain network epilepsy deep neural density estimators study analyzes or reconstructs dynamics but does not directly evaluate future states, actions, rollouts, or planning.",high
ALT-b04812bbe88c,fresh_alternate_public_search,Simulation-Based Learning Supported by Technology to Enhance Critical Thinking in Nursing Students: Scoping Review.,exclude,not_applicable,review_not_primary,This review centers on simulation learning supported by technology enhance critical thinking nursing students rather than evaluated medical learned world-model dynamics as its primary subject.,high
ALT-f67d88d2bf65,fresh_alternate_public_search,Simulation-guided auscultatory training before graduation is associated with better auscultatory skills in residents.,exclude,not_applicable,no_learned_dynamics,"The simulation guided auscultatory training before graduation is associated better auscultatory study evaluates education, training, or simulator hardware rather than learned patient dynamics.",high
ALT-493fbe024cd6,fresh_alternate_public_search,SimulatorOrchestrator: A 6G-Ready Simulator for the Cell-Free/Osmotic Infrastructure.,exclude,not_applicable,wrong_domain,"This record concerns simulatororchestrator 6g ready simulator cell free osmotic infrastructure, which is outside medical or biomedical systems.",high
ALT-b3fb96481531,fresh_alternate_public_search,Simultaneous modeling of Alzheimer's disease progression via multiple cognitive scales.,exclude,not_applicable,no_future_or_action_evaluation,"The simultaneous alzheimer s disease progression multiple cognitive scales study analyzes or reconstructs dynamics but does not directly evaluate future states, actions, rollouts, or planning.",high
ALT-656641ee746b,fresh_alternate_public_search,Single versus multiple inhaler triple therapy in COPD using data from the pragmatic INTREPID trial: cost-effectiveness analysis from the Chilean public healthcare system perspective.,exclude,not_applicable,review_not_primary,This review centers on single versus multiple inhaler triple therapy copd data pragmatic intrepid rather than evaluated medical learned world-model dynamics as its primary subject.,high
ALT-e0c22933c87e,fresh_alternate_public_search,Single-cell landscape of peripheral immune cells in MASLD/MASH.,exclude,not_applicable,no_learned_dynamics,The single cell landscape peripheral immune cells masld mash study is an ordinary prognostic or static prediction analysis without a learned rollout mechanism.,high
ALT-09762fa86025,fresh_alternate_public_search,Single-cell temporal dynamics reveals the relative contributions of transcription and degradation to cell-type specific gene expression in zebrafish embryos,exclude,not_applicable,no_future_or_action_evaluation,"The single cell temporal dynamics reveals relative contributions transcription degradation cell study analyzes or reconstructs dynamics but does not directly evaluate future states, actions, rollouts, or planning.",high
ALT-61ebf8536ff0,fresh_alternate_public_search,Single-cell transcriptomic reconstruction of the human hair cycle: Capturing the temporal dynamics of skin tissue remodeling,exclude,not_applicable,no_future_or_action_evaluation,"The single cell transcriptomic reconstruction human hair cycle capturing temporal dynamics study analyzes or reconstructs dynamics but does not directly evaluate future states, actions, rollouts, or planning.",medium
ALT-5c66a73509e3,fresh_alternate_public_search,Single-cell transcriptomics and machine-learning reveal M1 macrophage-driven progression from minimal change disease to focal segmental glomerulosclerosis.,exclude,not_applicable,no_learned_dynamics,The single cell transcriptomics machine learning reveal m1 macrophage driven progression study is an ordinary prognostic or static prediction analysis without a learned rollout mechanism.,high
ALT-308cceefee1b,fresh_alternate_public_search,Skill Retention of Light-Curing Technique Using Only Verbal Instructions versus Using an Instructional Video: A 2-Year Follow-Up Study of Dental Students.,exclude,not_applicable,no_learned_dynamics,"The skill retention light curing technique only verbal instructions versus instructional study evaluates education, training, or simulator hardware rather than learned patient dynamics.",high
ALT-f7ca98c6c8c8,fresh_alternate_public_search,Social and physiological stress elicit divergent psycho-physiological dynamics and motor cortex activation,exclude,not_applicable,no_future_or_action_evaluation,"The social physiological stress elicit divergent psycho physiological dynamics motor cortex study analyzes or reconstructs dynamics but does not directly evaluate future states, actions, rollouts, or planning.",high
ALT-fa04d0a484fa,fresh_alternate_public_search,SonquSim: Design and performance evaluation of an ECG and arrhythmia simulator for medical devices calibration.,exclude,not_applicable,no_future_or_action_evaluation,"The sonqusim design performance ecg arrhythmia simulator medical devices calibration study analyzes or reconstructs dynamics but does not directly evaluate future states, actions, rollouts, or planning.",high
ALT-5086af490476,fresh_alternate_public_search,Spatial and temporal dynamics of RhoA activities of single breast tumor cells in a 3D environment revealed by a machine learning-assisted FRET technique,exclude,not_applicable,no_future_or_action_evaluation,"The spatial temporal dynamics rhoa activities single breast tumor cells 3d study analyzes or reconstructs dynamics but does not directly evaluate future states, actions, rollouts, or planning.",medium
ALT-8b2aae1aab39,fresh_alternate_public_search,Spatial Distribution and Temporal Dynamics of Neomycin-Induced Neuromast Cell Damage and Regeneration in the Mexican tetra (Astyanax mexicanus),exclude,not_applicable,review_not_primary,This review centers on spatial distribution temporal dynamics neomycin induced neuromast cell damage regeneration rather than evaluated medical learned world-model dynamics as its primary subject.,high
ALT-302c56d0b0cc,fresh_alternate_public_search,Spatio-temporal dynamics of macroglial cell organisation and proximity to blood vessels during postnatal development,exclude,not_applicable,no_future_or_action_evaluation,"The spatio temporal dynamics macroglial cell organisation proximity blood vessels during study analyzes or reconstructs dynamics but does not directly evaluate future states, actions, rollouts, or planning.",high
ALT-fa8d24732eac,fresh_alternate_public_search,Spatio-temporal imaging of cell fate dynamics in single plant cells using luminescence microscope,exclude,not_applicable,wrong_domain,"This record concerns spatio temporal imaging cell fate dynamics single plant cells luminescence, which is outside medical or biomedical systems.",high
ALT-bc9ad932667c,fresh_alternate_public_search,Spatiotemporal dependency data imputation for long-term health monitoring of concrete arch bridges.,exclude,not_applicable,wrong_domain,"This record concerns spatiotemporal dependency data imputation long term health monitoring concrete arch, which is outside medical or biomedical systems.",high
ALT-1783d584697b,fresh_alternate_public_search,Spatio–Temporal Dynamics of Fertility in Nigeria: A Bayesian Poisson Analysis of DHS Birth Histories]{Spatio–Temporal Dynamics of Fertility in Nigeria: A Bayesian Poisson Analysis of DHS Birth Histories,exclude,not_applicable,wrong_domain,"This record concerns spatio temporal dynamics fertility nigeria bayesian poisson dhs birth histories, which is outside medical or biomedical systems.",high
ALT-c893b733526a,fresh_alternate_public_search,Stability preserving data-driven models with latent dynamics.,exclude,not_applicable,no_future_or_action_evaluation,"The stability preserving data driven latent dynamics study analyzes or reconstructs dynamics but does not directly evaluate future states, actions, rollouts, or planning.",high
ALT-426dbcc97789,fresh_alternate_public_search,Stabilizing brain-computer interfaces through alignment of latent dynamics.,exclude,not_applicable,no_future_or_action_evaluation,"The stabilizing brain computer interfaces through alignment latent dynamics study analyzes or reconstructs dynamics but does not directly evaluate future states, actions, rollouts, or planning.",high
ALT-479fdff73f24,fresh_alternate_public_search,Stabilizing the retromer complex rescues synaptic dysfunction and endosomal trafficking deficits in an Alzheimer's disease mouse model.,exclude,not_applicable,no_future_or_action_evaluation,"The stabilizing retromer complex rescues synaptic dysfunction endosomal trafficking deficits alzheimer study analyzes or reconstructs dynamics but does not directly evaluate future states, actions, rollouts, or planning.",high
ALT-78fb5608794f,fresh_alternate_public_search,Stage Progression Model for Soil-Borne Plant Disease in Oil Palm Plantation,exclude,not_applicable,wrong_domain,"This record concerns stage progression soil borne plant disease oil palm plantation, which is outside medical or biomedical systems.",high
ALT-0c7741dd1fee,fresh_alternate_public_search,Staging of Alzheimer's disease progression in Down syndrome using mixed clinical and plasma biomarker measures with machine learning.,exclude,not_applicable,no_learned_dynamics,The staging alzheimer s disease progression down syndrome mixed clinical plasma study is an ordinary prognostic or static prediction analysis without a learned rollout mechanism.,high
ALT-b020a43c545e,fresh_alternate_public_search,Standardized Data Structures in Rare Diseases: CDISC User Guides for Duchenne Muscular Dystrophy and Huntington's Disease.,exclude,not_applicable,review_not_primary,This review centers on standardized data structures rare diseases cdisc user guides duchenne muscular rather than evaluated medical learned world-model dynamics as its primary subject.,high
ALT-c13309fc7bb5,fresh_alternate_public_search,State and rate-of-change encoding in parallel mesoaccumbal dopamine pathways.,exclude,not_applicable,no_future_or_action_evaluation,"The state rate change encoding parallel mesoaccumbal dopamine pathways study analyzes or reconstructs dynamics but does not directly evaluate future states, actions, rollouts, or planning.",high
ALT-641cf1f34b31,fresh_alternate_public_search,Statistical Disease Progression Modeling in Alzheimer Disease.,exclude,not_applicable,no_learned_dynamics,The statistical disease progression alzheimer disease study is an ordinary prognostic or static prediction analysis without a learned rollout mechanism.,high
ALT-0b1972f481cb,fresh_alternate_public_search,Statistical models for Alzheimer's disease clinical trials: Lessons learned from the DIAN-TU Platform Trial.,exclude,not_applicable,no_future_or_action_evaluation,"The statistical alzheimer s disease clinical trials lessons learned dian tu study analyzes or reconstructs dynamics but does not directly evaluate future states, actions, rollouts, or planning.",high
ALT-767398f9ed16,fresh_alternate_public_search,Stem cell derived exosomes: Emerging cell-free therapeutics for neurodegenerative disorders,exclude,not_applicable,review_not_primary,This review centers on stem cell derived exosomes emerging cell free therapeutics neurodegenerative disorders rather than evaluated medical learned world-model dynamics as its primary subject.,high
ALT-b4f2dff07082,fresh_alternate_public_search,Stepwise Disease Progression Model of Subsolid Lung Adenocarcinoma with Cystic Airspaces.,exclude,not_applicable,review_not_primary,This review centers on stepwise disease progression subsolid lung adenocarcinoma cystic airspaces rather than evaluated medical learned world-model dynamics as its primary subject.,high
ALT-f073ea4329c2,fresh_alternate_public_search,Stochastic model of Alzheimer’s Disease progression using two-state Markov chains,exclude,not_applicable,no_learned_dynamics,The stochastic alzheimer s disease progression two state markov chains study uses prescribed mechanistic or statistical dynamics rather than a learned transition mechanism.,high
ALT-848855f024bb,fresh_alternate_public_search,Stratifying risk of Alzheimer's disease in healthy middle-aged individuals with machine learning.,exclude,not_applicable,no_learned_dynamics,The stratifying risk alzheimer s disease healthy middle aged individuals machine study is an ordinary prognostic or static prediction analysis without a learned rollout mechanism.,high
ALT-1319f2526241,fresh_alternate_public_search,"Studies of Evaluation Methods for Resistance to Fusarium Wilt Race 4 ( Fusarium oxysporum f. sp. vasinfectum ) in Cotton: Effects of Cultivar, Planting Date, and Inoculum Density on Disease Progression.",exclude,not_applicable,wrong_domain,"This record concerns studies methods resistance fusarium wilt race 4 cotton effects cultivar, which is outside medical or biomedical systems.",high
ALT-0b67a66cd7ad,fresh_alternate_public_search,Sublethal Enteroviral Infection Exacerbates Disease Progression in an ALS Mouse Model,exclude,not_applicable,no_learned_dynamics,The sublethal enteroviral infection exacerbates disease progression als mouse study is an ordinary prognostic or static prediction analysis without a learned rollout mechanism.,high
ALT-a6a8cdeb33d6,fresh_alternate_public_search,SurgiBot: Large Language Model-Based Patient Simulator for Surgical Informed Consent Training.,exclude,not_applicable,no_learned_dynamics,"The surgibot large language patient simulator surgical informed consent training study evaluates education, training, or simulator hardware rather than learned patient dynamics.",high
ALT-f4f9d23282a9,fresh_alternate_public_search,Surrogate modeling and control of medical digital twins.,include,empirical,include_empirical,The surrogate control medical digital twins study learns or calibrates temporal dynamics and directly evaluates intervention-conditioned rollouts or planning outcomes.,high
ALT-06581a01b90d,fresh_alternate_public_search,Survival and prognostic factors of early-stage non-small cell lung cancer in Central and Eastern Europe: A prospective cohort study.,exclude,not_applicable,no_learned_dynamics,The survival prognostic factors early stage non small cell lung cancer study is an ordinary prognostic or static prediction analysis without a learned rollout mechanism.,high
ALT-5f1d86d59f81,fresh_alternate_public_search,Synthetic Observational Health Data with GANs: from slow adoption to a boom in medical research and ultimately digital twins?,exclude,not_applicable,review_not_primary,This review centers on synthetic observational health data gans slow adoption boom medical research rather than evaluated medical learned world-model dynamics as its primary subject.,high
ALT-4bdbc1bf35c8,fresh_alternate_public_search,Systemic fragility in European total intravenous anesthesia delivery and opportunities for resilient real-time decision support.,exclude,not_applicable,review_not_primary,This review centers on systemic fragility european total intravenous anesthesia delivery opportunities resilient real rather than evaluated medical learned world-model dynamics as its primary subject.,high
ALT-3c2cbb0deba1,fresh_alternate_public_search,T1-weighted MRI texture analysis in amyotrophic lateral sclerosis patients stratified by the D50 progression model.,exclude,not_applicable,no_learned_dynamics,The t1 weighted mri texture amyotrophic lateral sclerosis patients stratified by study is an ordinary prognostic or static prediction analysis without a learned rollout mechanism.,high
ALT-4b48906033b9,fresh_alternate_public_search,Taking an embodied avatar’s perspective modulates the temporal dynamics of vicarious pain and pleasure: a virtual reality and EEG study,exclude,not_applicable,review_not_primary,This review centers on taking embodied avatar s perspective modulates temporal dynamics vicarious pain rather than evaluated medical learned world-model dynamics as its primary subject.,high
ALT-229f48d0c029,fresh_alternate_public_search,Taking the perspective of an embodied avatar modulates the temporal dynamics of vicarious pain and pleasure: a combined Immersive Virtual Reality and EEG study,exclude,not_applicable,review_not_primary,This review centers on taking perspective embodied avatar modulates temporal dynamics vicarious pain pleasure rather than evaluated medical learned world-model dynamics as its primary subject.,high
ALT-8d51cd058d63,fresh_alternate_public_search,Targeted Screening for Alzheimer's Disease Clinical Trials Using Data-Driven Disease Progression Models.,exclude,not_applicable,no_future_or_action_evaluation,"The targeted screening alzheimer s disease clinical trials data driven disease study analyzes or reconstructs dynamics but does not directly evaluate future states, actions, rollouts, or planning.",high
ALT-cb0060da8252,fresh_alternate_public_search,Targeting amyloid β in Alzheimer's disease: Meta-analysis of low-dose solanezumab in Alzheimer's disease with mild dementia studies.,exclude,not_applicable,no_future_or_action_evaluation,"The targeting amyloid alzheimer s disease meta low dose solanezumab alzheimer study analyzes or reconstructs dynamics but does not directly evaluate future states, actions, rollouts, or planning.",high
ALT-dafc9912505c,fresh_alternate_public_search,Teaching Cardiac Auscultation: Effectiveness of Virtual Simulation-Based Training on Improving Cardiac Auscultatory Skills in Post-graduate Trainees in the COVID-19 Era.,exclude,not_applicable,review_not_primary,This review centers on teaching cardiac auscultation effectiveness virtual simulation training improving cardiac auscultatory rather than evaluated medical learned world-model dynamics as its primary subject.,high
ALT-f3264d47b23d,fresh_alternate_public_search,TedSim: temporal dynamics simulation of single cell RNA-sequencing data and cell division history,exclude,not_applicable,no_future_or_action_evaluation,"The tedsim temporal dynamics simulation single cell rna sequencing data cell study analyzes or reconstructs dynamics but does not directly evaluate future states, actions, rollouts, or planning.",high
ALT-30767a1df12d,fresh_alternate_public_search,Temporal and Spatial Dynamics of Enteric Glial Cell Involvement in Parkinson’s Disease: A Literature Review,exclude,not_applicable,review_not_primary,This review centers on temporal spatial dynamics enteric glial cell involvement parkinson s disease rather than evaluated medical learned world-model dynamics as its primary subject.,high
ALT-07c15c06a322,fresh_alternate_public_search,Temporal dynamics and composition of ocular surface microbiota in C57BL/6J mice: uncovering a 12h ultradian rhythm,exclude,not_applicable,no_learned_dynamics,The temporal dynamics composition ocular surface microbiota c57bl 6j mice uncovering study is an ordinary prognostic or static prediction analysis without a learned rollout mechanism.,high
ALT-22d295242583,fresh_alternate_public_search,Temporal Dynamics and Efficacy of CAR-T Cell Therapy in B-ALL with Extramedullary Cutaneous Involvement: A Case Report and Discussion,exclude,not_applicable,no_future_or_action_evaluation,"The temporal dynamics efficacy car t cell therapy b all extramedullary study analyzes or reconstructs dynamics but does not directly evaluate future states, actions, rollouts, or planning.",medium
ALT-8d6520f0fd75,fresh_alternate_public_search,Temporal dynamics and genomic programming of plasma cell fates,exclude,not_applicable,no_future_or_action_evaluation,"The temporal dynamics genomic programming plasma cell fates study analyzes or reconstructs dynamics but does not directly evaluate future states, actions, rollouts, or planning.",high
ALT-0471110a0f3c,fresh_alternate_public_search,Temporal Dynamics and Heterogeneity of Cell Populations during Skeletal Muscle Regeneration,exclude,not_applicable,no_future_or_action_evaluation,"The temporal dynamics heterogeneity cell populations during skeletal muscle regeneration study analyzes or reconstructs dynamics but does not directly evaluate future states, actions, rollouts, or planning.",medium
ALT-c2d64de0af72,fresh_alternate_public_search,Temporal dynamics clustering for analyzing cell behavior in mobile networks,exclude,not_applicable,no_future_or_action_evaluation,"The temporal dynamics clustering analyzing cell behavior mobile networks study analyzes or reconstructs dynamics but does not directly evaluate future states, actions, rollouts, or planning.",medium
ALT-c84edbd37560,fresh_alternate_public_search,Temporal dynamics improves machine learning-based prediction of cell state from quantitative phase imaging,exclude,not_applicable,no_learned_dynamics,The temporal dynamics improves machine learning prediction cell state quantitative phase study is an ordinary prognostic or static prediction analysis without a learned rollout mechanism.,high
ALT-ae1f8bc480f3,fresh_alternate_public_search,Temporal Dynamics of Azot Expression Following Traumatic Brain Injury,exclude,not_applicable,review_not_primary,This review centers on temporal dynamics azot expression following traumatic brain injury rather than evaluated medical learned world-model dynamics as its primary subject.,high
ALT-79bcb28a9696,fresh_alternate_public_search,Temporal dynamics of full-body ownership and vicarious touch sensations as inferred from embodying a virtual avatar,exclude,not_applicable,review_not_primary,This review centers on temporal dynamics full body ownership vicarious touch sensations as inferred rather than evaluated medical learned world-model dynamics as its primary subject.,high
ALT-c72277eb46e8,fresh_alternate_public_search,Temporal dynamics of gene and protein signatures following volumetric muscle loss,exclude,not_applicable,no_learned_dynamics,The temporal dynamics gene protein signatures following volumetric muscle loss study is an ordinary prognostic or static prediction analysis without a learned rollout mechanism.,high
ALT-71fea6c78b9e,fresh_alternate_public_search,Temporal Dynamics of HCMV Gene Expression in Lytic and Latent Infections,exclude,not_applicable,no_learned_dynamics,The temporal dynamics hcmv gene expression lytic latent infections study is an ordinary prognostic or static prediction analysis without a learned rollout mechanism.,high
ALT-e99e6ecac70c,fresh_alternate_public_search,Temporal dynamics of immune cell transcriptomics in brain metastasis progression influenced by gut microbiome dysbiosis,exclude,not_applicable,no_future_or_action_evaluation,"The temporal dynamics immune cell transcriptomics brain metastasis progression influenced by study analyzes or reconstructs dynamics but does not directly evaluate future states, actions, rollouts, or planning.",medium
ALT-413eab7a97ce,fresh_alternate_public_search,Temporal dynamics of immune-stromal cell interactions in fracture healing,exclude,not_applicable,review_not_primary,This review centers on temporal dynamics immune stromal cell interactions fracture healing rather than evaluated medical learned world-model dynamics as its primary subject.,high
ALT-77abc5858ed8,fresh_alternate_public_search,Temporal Dynamics of Kidney Mitochondrial Dysfunction in Type 2 Diabetes: Analysis of the Goto-Kakizaki Model,exclude,not_applicable,no_future_or_action_evaluation,"The temporal dynamics kidney mitochondrial dysfunction type 2 diabetes goto kakizaki study analyzes or reconstructs dynamics but does not directly evaluate future states, actions, rollouts, or planning.",high
ALT-b45da6a119da,fresh_alternate_public_search,Temporal Dynamics of Latent Fingerprint Microbiomes: A First Step to Decoding Crime Evidence,exclude,not_applicable,no_learned_dynamics,The temporal dynamics latent fingerprint microbiomes first step decoding crime evidence study is an ordinary prognostic or static prediction analysis without a learned rollout mechanism.,high
ALT-bdf6750a1bd0,fresh_alternate_public_search,Temporal dynamics of mesenchymal stem cell administration influence immune modulation in a 4T1 breast cancer model,exclude,not_applicable,no_learned_dynamics,The temporal dynamics mesenchymal stem cell administration influence immune modulation 4t1 study is an ordinary prognostic or static prediction analysis without a learned rollout mechanism.,high
ALT-6eb5750be15e,fresh_alternate_public_search,Temporal dynamics of persistent germinal centers and memory B cell differentiation following respiratory virus infection,exclude,not_applicable,no_future_or_action_evaluation,"The temporal dynamics persistent germinal centers memory b cell differentiation following study analyzes or reconstructs dynamics but does not directly evaluate future states, actions, rollouts, or planning.",medium
ALT-88f799ccd9ba,fresh_alternate_public_search,Temporal dynamics of PM2.5 induced cell death: Emphasizing inflammation as key mediator in the late stages of prolonged myocardial toxicity,exclude,not_applicable,no_future_or_action_evaluation,"The temporal dynamics pm2 5 induced cell death emphasizing inflammation as study analyzes or reconstructs dynamics but does not directly evaluate future states, actions, rollouts, or planning.",medium
ALT-92800e398c6a,fresh_alternate_public_search,Temporal dynamics of Purkinje cell-intrinsic excitability governs cerebellar systems consolidation,exclude,not_applicable,no_future_or_action_evaluation,"The temporal dynamics purkinje cell intrinsic excitability governs cerebellar systems consolidation study analyzes or reconstructs dynamics but does not directly evaluate future states, actions, rollouts, or planning.",medium
ALT-82b364ff2423,fresh_alternate_public_search,Temporal Dynamics of Recovery Latency Reveal Early Warning Signals of Loss of Physiological Resilience: A Multi-Dataset Analysis,exclude,not_applicable,no_learned_dynamics,"The temporal dynamics recovery latency reveal early warning signals loss physiological study evaluates education, training, or simulator hardware rather than learned patient dynamics.",high
ALT-16ad37162664,fresh_alternate_public_search,"Temporal Dynamics of Reward Dysfunction in Psychiatric Disorders: Memory-Derived Value, Incentive Salience, Hedonic Impact, and Value Updating.",exclude,not_applicable,no_future_or_action_evaluation,"The temporal dynamics reward dysfunction psychiatric disorders memory derived value incentive study analyzes or reconstructs dynamics but does not directly evaluate future states, actions, rollouts, or planning.",high
ALT-01db79a987c7,fresh_alternate_public_search,Temporal dynamics of shared leadership,exclude,not_applicable,wrong_domain,"This record concerns temporal dynamics shared leadership, which is outside medical or biomedical systems.",high
ALT-236b943358d5,fresh_alternate_public_search,TEMPORAL DYNAMICS OF T-CELL EXHAUSTION AND CYTOKINES IN CD19 CAR T-CELL RECIPIENTS,exclude,not_applicable,no_future_or_action_evaluation,"The temporal dynamics t cell exhaustion cytokines cd19 car t cell study analyzes or reconstructs dynamics but does not directly evaluate future states, actions, rollouts, or planning.",medium
ALT-df952ada0824,fresh_alternate_public_search,Temporal dynamics of thermal warming in brown trout hepatocyte spheroids: ultrastructural and immunocytochemical evidence of cellular remodelling,exclude,not_applicable,no_future_or_action_evaluation,"The temporal dynamics thermal warming brown trout hepatocyte spheroids ultrastructural immunocytochemical study analyzes or reconstructs dynamics but does not directly evaluate future states, actions, rollouts, or planning.",high
ALT-d40b4e1ce8cd,fresh_alternate_public_search,Temporal dynamics of TNF-mediated changes in hematopoietic stem cell function and recovery,exclude,not_applicable,no_future_or_action_evaluation,"The temporal dynamics tnf mediated changes hematopoietic stem cell function recovery study analyzes or reconstructs dynamics but does not directly evaluate future states, actions, rollouts, or planning.",medium
ALT-9bc886f405cd,fresh_alternate_public_search,Temporal Dynamics of TNF-α Expression and Cell Viability in LPS-Stimulated Peripheral Blood Mononuclear Cells,exclude,not_applicable,no_future_or_action_evaluation,"The temporal dynamics tnf expression cell viability lps stimulated peripheral blood study analyzes or reconstructs dynamics but does not directly evaluate future states, actions, rollouts, or planning.",high
ALT-b3e7bbcf7025,fresh_alternate_public_search,Temporal Generative Models for Longitudinal Study of Disease Progression Patterns,uncertain,empirical,insufficient_abstract,"The temporal generative longitudinal disease progression patterns title plausibly denotes learned medical dynamics, but the missing abstract does not establish direct future or action evaluation.",low
ALT-6dd7b171b472,fresh_alternate_public_search,Temporal order of clinical and biomarker changes in familial frontotemporal dementia.,exclude,not_applicable,no_learned_dynamics,The temporal order clinical biomarker changes familial frontotemporal dementia study is an ordinary prognostic or static prediction analysis without a learned rollout mechanism.,high
ALT-ec108de2f906,fresh_alternate_public_search,Temporal Progression Patterns of Brain Atrophy in Corticobasal Syndrome and Progressive Supranuclear Palsy Revealed by Subtype and Stage Inference (SuStaIn).,exclude,not_applicable,no_learned_dynamics,The temporal progression patterns brain atrophy corticobasal syndrome progressive supranuclear palsy study is an ordinary prognostic or static prediction analysis without a learned rollout mechanism.,high
ALT-64aae92a49ec,fresh_alternate_public_search,Ten years countdown to hepatitis C elimination in Belgium: a mathematical modeling approach.,exclude,not_applicable,no_learned_dynamics,The ten years countdown hepatitis c elimination belgium mathematical study uses prescribed mechanistic or statistical dynamics rather than a learned transition mechanism.,high
ALT-25b709ffc363,fresh_alternate_public_search,Tensor Network Architectures for Clinical Digital Twin Simulation,exclude,not_applicable,wrong_domain,"This record concerns tensor network architectures clinical digital twin simulation, which is outside medical or biomedical systems.",high
ALT-d22cc0d27aaa,fresh_alternate_public_search,"Testing whether the progression of Alzheimer's disease change with the year of publication, additional design and geographical area: a modeling analysis of literature aggregate data",exclude,not_applicable,no_future_or_action_evaluation,"The testing whether progression alzheimer s disease change year publication additional study analyzes or reconstructs dynamics but does not directly evaluate future states, actions, rollouts, or planning.",high
ALT-4f8041c2f983,fresh_alternate_public_search,"Testing whether the progression of Alzheimer's disease changes with the year of publication, additional design, and geographical area: a modeling analysis of literature aggregate data.",exclude,not_applicable,no_future_or_action_evaluation,"The testing whether progression alzheimer s disease changes year publication additional study analyzes or reconstructs dynamics but does not directly evaluate future states, actions, rollouts, or planning.",high
ALT-0c4c70a8e30e,fresh_alternate_public_search,Thalamic regulation of reinforcement learning strategies across prefrontal-striatal networks.,exclude,not_applicable,no_learned_dynamics,The thalamic regulation reinforcement learning strategies across prefrontal striatal networks record does not describe a learned temporal or action-conditioned medical dynamics model.,high
ALT-c305ae70d11c,fresh_alternate_public_search,The 3D printed teeth models intended for hands-on practice in conservative dentistry.,exclude,not_applicable,no_learned_dynamics,"The 3d printed teeth intended hands practice conservative dentistry study evaluates education, training, or simulator hardware rather than learned patient dynamics.",high
ALT-f6accee856e7,fresh_alternate_public_search,The Ability of Dental Practitioners to Light-Cure Simulated Restorations.,exclude,not_applicable,no_future_or_action_evaluation,"The ability dental practitioners light cure simulated restorations study analyzes or reconstructs dynamics but does not directly evaluate future states, actions, rollouts, or planning.",high
ALT-0b65b4a158e3,fresh_alternate_public_search,The Association and Predictive Value of Nutritional and Inflammatory Biomarkers in Advanced Non-Small Cell Lung Cancer Response to Immune Checkpoint Inhibitors.,exclude,not_applicable,no_learned_dynamics,The association predictive value nutritional inflammatory biomarkers advanced non small cell study is an ordinary prognostic or static prediction analysis without a learned rollout mechanism.,high
ALT-cc1c1352d964,fresh_alternate_public_search,The Coupled Stochastic Dynamical System: A Generative Model for Simulating and Forecasting Youth Mental Health Trajectories,include,empirical,include_empirical,The coupled stochastic dynamical system generative simulating forecasting youth mental health study learns or calibrates temporal dynamics and directly evaluates intervention-conditioned rollouts or planning outcomes.,high
ALT-31d4e87c1069,fresh_alternate_public_search,The CT-based attenuation index of peri-bowel adipose tissue can predict disease progression in inflammatory bowel disease patients.,exclude,not_applicable,no_learned_dynamics,The ct attenuation index peri bowel adipose tissue can predict disease study is an ordinary prognostic or static prediction analysis without a learned rollout mechanism.,high
ALT-5f947e82f1fa,fresh_alternate_public_search,The dawn of a new era: can machine learning and large language models reshape QSP modeling?,exclude,not_applicable,review_not_primary,This review centers on dawn era can machine learning large language reshape qsp rather than evaluated medical learned world-model dynamics as its primary subject.,high
ALT-e69f20c32436,fresh_alternate_public_search,The Effect of a Targeted Educational Intervention on Light-Curing Confidence and Skills in Multidisciplinary Dental Training.,exclude,not_applicable,review_not_primary,This review centers on effect targeted educational intervention light curing confidence skills multidisciplinary dental rather than evaluated medical learned world-model dynamics as its primary subject.,high
ALT-3d451e61c7b3,fresh_alternate_public_search,The Effect of Mixed Natural Sounds on Stress Recovery: Insights into Physiological Benefits and Temporal Dynamics,exclude,not_applicable,no_future_or_action_evaluation,"The effect mixed natural sounds stress recovery insights into physiological benefits study analyzes or reconstructs dynamics but does not directly evaluate future states, actions, rollouts, or planning.",high
ALT-8e8fce0ca194,fresh_alternate_public_search,The Effect of Simulation Method on Nursing Students' Burn Patient Care Planning: A Randomized Controlled Trial.,exclude,not_applicable,no_learned_dynamics,"The effect simulation method nursing students burn patient care planning randomized study evaluates education, training, or simulator hardware rather than learned patient dynamics.",high
ALT-3942d7ba0ec1,fresh_alternate_public_search,"The effect of simulator-assisted application on anxiety, satisfaction, and self-confidence level of students taking internal medicine nursing course: a randomized controlled and experimental trial.",exclude,not_applicable,no_learned_dynamics,"The effect simulator assisted application anxiety satisfaction self confidence level students study evaluates education, training, or simulator hardware rather than learned patient dynamics.",high
ALT-bf13cfbd6e89,fresh_alternate_public_search,The effects of PERMA model-based positive psychological intervention on fear of disease progression and subjective well-being in patients after coronary artery bypass grafting: a retrospective cohort study,exclude,not_applicable,no_primary_empirical_evaluation,"The effects perma positive psychological intervention fear disease progression subjective well record is editorial, corrective, conceptual, or consensus-based and lacks a primary learned-dynamics evaluation.",high
ALT-67acfccd7966,fresh_alternate_public_search,"The Era of Preemptive Medicine: Developing Medical Digital Twins through Omics, IoT, and AI Integration.",include,review,include_review,"This review primarily synthesizes dynamic medical digital twins for era preemptive medicine developing medical digital twins through omics iot, including prediction, simulation, or intervention use.",high
ALT-0d3929173f60,fresh_alternate_public_search,The future of rare disease drug development: the rare disease cures accelerator data analytics platform (RDCA-DAP).,exclude,not_applicable,no_future_or_action_evaluation,"The future rare disease drug rare disease cures accelerator data analytics study analyzes or reconstructs dynamics but does not directly evaluate future states, actions, rollouts, or planning.",high
ALT-7c4163baed82,fresh_alternate_public_search,The How When Why of High Fidelity Simulation,exclude,not_applicable,no_learned_dynamics,"The how when why high fidelity simulation study evaluates education, training, or simulator hardware rather than learned patient dynamics.",high
ALT-14426d6bd4c7,fresh_alternate_public_search,The Impact of Short-Format Training on Light Curing Technique in Dental Students and Dental Team Members.,exclude,not_applicable,no_learned_dynamics,"The impact short format training light curing technique dental students dental study evaluates education, training, or simulator hardware rather than learned patient dynamics.",high
ALT-a0f5e91d06d7,fresh_alternate_public_search,The impact of small-group virtual patient simulator training on perceptions of individual learning process and curricular integration: a multicentre cohort study of nursing and medical students.,exclude,not_applicable,review_not_primary,This review centers on impact small group virtual patient simulator training perceptions individual learning rather than evaluated medical learned world-model dynamics as its primary subject.,high
ALT-81e8bf8d2c1c,fresh_alternate_public_search,The Kidney–Gut Axis as a Novel Target for Nutritional Intervention to Counteract Chronic Kidney Disease Progression,exclude,not_applicable,review_not_primary,This review centers on kidney gut axis as target nutritional intervention counteract chronic kidney rather than evaluated medical learned world-model dynamics as its primary subject.,high
ALT-9efc6651ddc1,fresh_alternate_public_search,"The long-term clinical and economic benefits of treating advanced COPD patients with single-inhaler triple therapy in Quebec, Canada - The IMPACT trial.",exclude,not_applicable,review_not_primary,This review centers on long term clinical economic benefits treating advanced copd patients single rather than evaluated medical learned world-model dynamics as its primary subject.,high
ALT-0fb0a31f220e,fresh_alternate_public_search,The mouse brain after foot-shock in 4D: temporal dynamics at a single-cell resolution,exclude,not_applicable,no_future_or_action_evaluation,"The mouse brain after foot shock 4d temporal dynamics at single study analyzes or reconstructs dynamics but does not directly evaluate future states, actions, rollouts, or planning.",high
ALT-d397870e2c39,fresh_alternate_public_search,The mRNA content of plasma extracellular vesicles provides a window into the brain during cerebral malaria disease progression,exclude,not_applicable,no_learned_dynamics,The mrna content plasma extracellular vesicles provides window into brain during study is an ordinary prognostic or static prediction analysis without a learned rollout mechanism.,high
ALT-a4562c97a521,fresh_alternate_public_search,The neural architecture of theory-based reinforcement learning.,exclude,not_applicable,no_learned_dynamics,The neural architecture theory reinforcement learning record does not describe a learned temporal or action-conditioned medical dynamics model.,high
ALT-f8fd029fa321,fresh_alternate_public_search,The Physical-Virtual Patient Simulator: A Physical Human Form With Virtual Appearance and Behavior.,exclude,not_applicable,review_not_primary,This review centers on physical virtual patient simulator physical human form virtual appearance behavior rather than evaluated medical learned world-model dynamics as its primary subject.,high
ALT-75ede1e4486d,fresh_alternate_public_search,The Potential of Digital Twins for Pediatric Rare Diseases.,include,review,include_review,"This review primarily synthesizes dynamic medical digital twins for potential digital twins pediatric rare diseases, including prediction, simulation, or intervention use.",medium
ALT-1147abbfb227,fresh_alternate_public_search,The Potential of Disease Progression Modeling to Advance Clinical Development and Decision Making.,exclude,not_applicable,review_not_primary,This review centers on potential disease progression advance clinical decision making rather than evaluated medical learned world-model dynamics as its primary subject.,high
ALT-4f99c12aeb83,fresh_alternate_public_search,The potential of Real-Time rendered-volume 3D Imaging in immersive virtual-reality (VR) for surgical planning in infants with congenital thoracic malformation (CTM).,exclude,not_applicable,review_not_primary,This review centers on potential real time rendered volume 3d imaging immersive virtual reality rather than evaluated medical learned world-model dynamics as its primary subject.,high
ALT-0fdbd7fc2fe3,fresh_alternate_public_search,The potential of the Medical Digital Twin in diabetes management: a review.,include,review,include_review,"This review primarily synthesizes dynamic medical digital twins for potential medical digital twin diabetes management review, including prediction, simulation, or intervention use.",high
ALT-926a106c1bbc,fresh_alternate_public_search,The Role of Biomarkers in Alzheimer's Disease Progression,exclude,not_applicable,review_not_primary,This review centers on biomarkers alzheimer s disease progression rather than evaluated medical learned world-model dynamics as its primary subject.,high
ALT-2897d8cffade,fresh_alternate_public_search,The Temporal Dynamics of Social Interaction,exclude,not_applicable,review_not_primary,This review centers on temporal dynamics social interaction rather than evaluated medical learned world-model dynamics as its primary subject.,high
ALT-d1bf68fc91e6,fresh_alternate_public_search,The temporal event-based model: Learning event timelines in progressive diseases.,exclude,not_applicable,no_learned_dynamics,The temporal event learning event timelines progressive diseases study is an ordinary prognostic or static prediction analysis without a learned rollout mechanism.,high
ALT-454546bf44e4,fresh_alternate_public_search,The Use of Computed Tomography Densitometry for the Assessment of Emphysema in Clinical Trials: A Position Paper from the Fleischner Society.,exclude,not_applicable,review_not_primary,This review centers on computed tomography densitometry assessment emphysema clinical trials position paper fleischner rather than evaluated medical learned world-model dynamics as its primary subject.,high
ALT-08d421f04c03,fresh_alternate_public_search,The utility of phonocardiograms in real-time remote cardiac auscultation using an internet-connected electronic stethoscope: Open-label randomized controlled pilot trial.,exclude,not_applicable,no_learned_dynamics,"The utility phonocardiograms real time remote cardiac auscultation internet connected electronic study evaluates education, training, or simulator hardware rather than learned patient dynamics.",high
ALT-14c7ddae0dbe,fresh_alternate_public_search,The Utility of Real-Time Remote Auscultation Using a Bluetooth-Connected Electronic Stethoscope: Open-Label Randomized Controlled Pilot Trial.,exclude,not_applicable,no_learned_dynamics,The utility real time remote auscultation bluetooth connected electronic stethoscope open study is an ordinary prognostic or static prediction analysis without a learned rollout mechanism.,high
ALT-4e7f7bf92591,fresh_alternate_public_search,The Virtual Patient Simulator: Using Hemodynamics and the Cardioenergetic Profile to Optimize Heart Failure Care.,uncertain,empirical,insufficient_abstract,"The virtual patient simulator hemodynamics cardioenergetic profile optimize heart failure care title plausibly denotes learned medical dynamics, but the missing abstract does not establish direct future or action evaluation.",low
ALT-e1dca65a5446,fresh_alternate_public_search,The Wound Environment Agent-based Model (WEABM): a digital twin platform for characterization and complex therapeutic discovery for volumetric muscle loss.,exclude,not_applicable,no_learned_dynamics,The wound environment agent digital twin platform characterization complex therapeutic discovery study uses prescribed mechanistic or statistical dynamics rather than a learned transition mechanism.,high
ALT-1f85482c8cf4,fresh_alternate_public_search,Thermodynamic scaling of canine aging and reversible clock deceleration by a reverse transcriptase inhibitor,exclude,not_applicable,no_future_or_action_evaluation,"The thermodynamic scaling canine aging reversible clock deceleration by reverse transcriptase study analyzes or reconstructs dynamics but does not directly evaluate future states, actions, rollouts, or planning.",high
ALT-39182b61ac7f,fresh_alternate_public_search,Time-dependent LSTM for Survival Prediction and Patient Subtyping in Kidney Disease Trajectory,exclude,not_applicable,review_not_primary,This review centers on time dependent lstm survival prediction patient subtyping kidney disease trajectory rather than evaluated medical learned world-model dynamics as its primary subject.,high
ALT-6ad4a34904af,fresh_alternate_public_search,Time-Varying Autoregressive Models: A Novel Approach Using Physics-Informed Neural Networks.,exclude,not_applicable,no_future_or_action_evaluation,"The time varying autoregressive physics informed neural networks study analyzes or reconstructs dynamics but does not directly evaluate future states, actions, rollouts, or planning.",high
ALT-5f934d617217,fresh_alternate_public_search,Tips for Conducting Telesimulation-Based Medical Education.,exclude,not_applicable,no_learned_dynamics,"The tips conducting telesimulation medical education study evaluates education, training, or simulator hardware rather than learned patient dynamics.",high
ALT-b8526efc9bdf,fresh_alternate_public_search,TOP-310 Genetic determinants of disease progression in metabolic dysfunction-associated liver disease patients unresponsive to lifestyle intervention: implications for personalized medicine,exclude,not_applicable,no_future_or_action_evaluation,"The top 310 genetic determinants disease progression metabolic dysfunction associated liver study analyzes or reconstructs dynamics but does not directly evaluate future states, actions, rollouts, or planning.",medium
ALT-963035b784d0,fresh_alternate_public_search,"Toward Clinical Digital Twins: A Three-Dimensional Framework for Knowledge Extraction, Pathway Modeling, and Visualization Using MIMIC-IV Data.",exclude,not_applicable,review_not_primary,This review centers on clinical digital twins three dimensional knowledge extraction pathway visualization mimic rather than evaluated medical learned world-model dynamics as its primary subject.,high
ALT-7371d6ebce00,fresh_alternate_public_search,Toward mechanistic medical digital twins: some use cases in immunology.,include,review,include_review,"This review primarily synthesizes dynamic medical digital twins for mechanistic medical digital twins some cases immunology, including prediction, simulation, or intervention use.",medium
ALT-d81426ebf4f9,fresh_alternate_public_search,"Towards a multi-organ, multi-omics medical digital twin.",uncertain,review,insufficient_abstract,"The multi organ multi omics medical digital twin title plausibly denotes a medical world-model review, but the missing abstract does not establish its primary scope.",low
ALT-93e4c18ce5af,fresh_alternate_public_search,Towards AI-based precision rehabilitation via contextual model-based reinforcement learning.,include,empirical,include_empirical,The ai precision rehabilitation contextual reinforcement learning study learns or calibrates temporal dynamics and directly evaluates intervention-conditioned rollouts or planning outcomes.,high
ALT-009a6e0f911b,fresh_alternate_public_search,Towards Causality-Aware Inferring: A Sequential Discriminative Approach for Medical Diagnosis.,exclude,not_applicable,no_learned_dynamics,"The causality aware inferring sequential discriminative medical diagnosis study evaluates education, training, or simulator hardware rather than learned patient dynamics.",high
ALT-440981ea22b0,fresh_alternate_public_search,Towards Maps of Disease Progression: Biomedical Large Language Model Latent Spaces For Representing Disease Phenotypes And Pseudotime,exclude,not_applicable,review_not_primary,This review centers on maps disease progression biomedical large language latent spaces representing disease rather than evaluated medical learned world-model dynamics as its primary subject.,high
ALT-447e58938817,fresh_alternate_public_search,Towards realistic simulation of disease progression in the visual cortex with CNNs.,exclude,not_applicable,no_learned_dynamics,"The realistic simulation disease progression visual cortex cnns study evaluates education, training, or simulator hardware rather than learned patient dynamics.",high
ALT-b7c0d7f87b02,fresh_alternate_public_search,Tracking cell-type-specific temporal dynamics in human and mouse brains,exclude,not_applicable,no_future_or_action_evaluation,"The tracking cell type specific temporal dynamics human mouse brains study analyzes or reconstructs dynamics but does not directly evaluate future states, actions, rollouts, or planning.",medium
ALT-761478c72a57,fresh_alternate_public_search,Training and experience effect on light-curing efficiency by dental practitioners.,exclude,not_applicable,no_learned_dynamics,"The training experience effect light curing efficiency by dental practitioners study evaluates education, training, or simulator hardware rather than learned patient dynamics.",high
ALT-7a4e7d9c8802,fresh_alternate_public_search,Trajectory forecasting lifts the femtosecond ceiling in molecular simulation,exclude,not_applicable,wrong_domain,"This record concerns trajectory forecasting lifts femtosecond ceiling molecular simulation, which is outside medical or biomedical systems.",high
ALT-be22996da27a,fresh_alternate_public_search,Trajectory Forecasting Using Graph Convolutional Neural Networks Based on Prior Awareness and Information Fusion,exclude,not_applicable,wrong_domain,"This record concerns trajectory forecasting graph convolutional neural networks prior awareness information fusion, which is outside medical or biomedical systems.",high
ALT-9a3bec48d0d5,fresh_alternate_public_search,Trajectory Landscapes for Therapeutic Strategy Design in Agent-Based Tumor Microenvironment Models.,exclude,not_applicable,no_learned_dynamics,The trajectory landscapes therapeutic strategy design agent tumor microenvironment study uses prescribed mechanistic or statistical dynamics rather than a learned transition mechanism.,high
ALT-9acd679f0d6c,fresh_alternate_public_search,Trajectory Planning for a Spraying Robotic Arm Using a Digital Twin and an Improved SAC Algorithm,exclude,not_applicable,wrong_domain,"This record concerns trajectory planning spraying robotic arm digital twin improved sac algorithm, which is outside medical or biomedical systems.",high
ALT-24ef1f37c4e8,fresh_alternate_public_search,Trajectory-Based Integration of Biomarker Dynamics and Clinical Features for Prognostic Prediction in Hepatocellular Carcinoma: A Retrospective Cohort Study.,exclude,not_applicable,no_learned_dynamics,The trajectory integration biomarker dynamics clinical features prognostic prediction hepatocellular carcinoma study is an ordinary prognostic or static prediction analysis without a learned rollout mechanism.,high
ALT-c251a5b5ea2c,fresh_alternate_public_search,Trauma surgical simulation: discussing the replacement of live animals used as human patient simulators.,exclude,not_applicable,review_not_primary,This review centers on trauma surgical simulation discussing replacement live animals used as human rather than evaluated medical learned world-model dynamics as its primary subject.,high
ALT-cb711f02e823,fresh_alternate_public_search,Treatment and therapy with digital twin technology,uncertain,review,insufficient_abstract,"The treatment therapy digital twin technology title plausibly denotes a medical world-model review, but the missing abstract does not establish its primary scope.",low
ALT-224ed7c19944,fresh_alternate_public_search,Treatment pathways and disease journeys differ before and after introduction of novel agents in newly diagnosed multiple myeloma in Taiwan.,exclude,not_applicable,no_future_or_action_evaluation,"The treatment pathways disease journeys differ before after introduction agents newly study analyzes or reconstructs dynamics but does not directly evaluate future states, actions, rollouts, or planning.",high
ALT-583fc9ec93cb,fresh_alternate_public_search,Triage of Amyotrophic Lateral Sclerosis Patients during the COVID-19 Pandemic: An Application of the D50 Model.,exclude,not_applicable,no_future_or_action_evaluation,"The triage amyotrophic lateral sclerosis patients during covid 19 pandemic application study analyzes or reconstructs dynamics but does not directly evaluate future states, actions, rollouts, or planning.",high
ALT-909d5dc2fbca,fresh_alternate_public_search,Troponin T and Neurofilament Light Chain Levels as Complementary Biomarkers of Disease Accumulation and Aggressiveness in Amyotrophic Lateral Sclerosis.,exclude,not_applicable,no_learned_dynamics,The troponin t neurofilament light chain levels as complementary biomarkers disease study is an ordinary prognostic or static prediction analysis without a learned rollout mechanism.,high
ALT-96b19f8d66a6,fresh_alternate_public_search,TWIN: Personalized Clinical Trial Digital Twin Generation,uncertain,empirical,insufficient_abstract,"The twin personalized clinical trial digital twin generation title plausibly denotes learned medical dynamics, but the missing abstract does not establish direct future or action evaluation.",low
ALT-550ec3b393c1,fresh_alternate_public_search,Two Different Antibody-Dependent Enhancement (ADE) Risks for SARS-CoV-2 Antibodies.,exclude,not_applicable,no_learned_dynamics,The two different antibody dependent enhancement risks sars cov 2 antibodies study is an ordinary prognostic or static prediction analysis without a learned rollout mechanism.,high
ALT-1e2eaf2e9a6d,fresh_alternate_public_search,Two-Electrode ECG for Ambulatory Monitoring with Minimal Hardware Complexity.,exclude,not_applicable,no_future_or_action_evaluation,"The two electrode ecg ambulatory monitoring minimal hardware complexity study analyzes or reconstructs dynamics but does not directly evaluate future states, actions, rollouts, or planning.",high
ALT-2e0b832a46b2,fresh_alternate_public_search,Type 1 diabetes prevention clinical trial simulator: Case reports of model-informed drug development tool.,exclude,not_applicable,no_learned_dynamics,The type 1 diabetes prevention clinical trial simulator case reports informed study is an ordinary prognostic or static prediction analysis without a learned rollout mechanism.,high
ALT-26faebfc85db,fresh_alternate_public_search,Uncertainty-Aware Robot Control via Model-Based Reinforcement Learning,exclude,not_applicable,wrong_domain,"This record concerns uncertainty aware robot control reinforcement learning, which is outside medical or biomedical systems.",high
ALT-1782a7a229cc,fresh_alternate_public_search,Understanding Brain Functional Dynamics Through Neural Koopman Operator With Control Mechanism.,exclude,not_applicable,review_not_primary,This review centers on understanding brain functional dynamics through neural koopman operator control mechanism rather than evaluated medical learned world-model dynamics as its primary subject.,high
ALT-2f7908313bdc,fresh_alternate_public_search,Understanding the Natural History of Chronic Hepatitis D: Proposal of a Model for Cost-Effectiveness Studies.,exclude,not_applicable,no_primary_empirical_evaluation,"The understanding natural history chronic hepatitis d proposal cost effectiveness studies record is editorial, corrective, conceptual, or consensus-based and lacks a primary learned-dynamics evaluation.",high
ALT-2e1e66068727,fresh_alternate_public_search,Unlocking the Mysteries of Rare Disease Drug Development: A Beginner's Guide for Clinical Pharmacologists.,exclude,not_applicable,review_not_primary,This review centers on unlocking mysteries rare disease drug beginner s guide clinical pharmacologists rather than evaluated medical learned world-model dynamics as its primary subject.,high
ALT-8acbe9c44566,fresh_alternate_public_search,Unsupervised machine learning identifies predictive progression markers of IPF.,exclude,not_applicable,no_learned_dynamics,The unsupervised machine learning identifies predictive progression markers ipf study is an ordinary prognostic or static prediction analysis without a learned rollout mechanism.,high
ALT-788d1921ad71,fresh_alternate_public_search,Use of a hidden Markov model for interpretation of serial cow milk paratuberculosis antibody enzyme-linked immunosorbent assay results adjusted for milk yield and quality.,exclude,not_applicable,no_learned_dynamics,The hidden markov interpretation serial cow milk paratuberculosis antibody enzyme linked study is an ordinary prognostic or static prediction analysis without a learned rollout mechanism.,high
ALT-183a62d7e480,fresh_alternate_public_search,Use of a human patient simulator for apnea studies: a preliminary in vitro trial.,exclude,not_applicable,review_not_primary,This review centers on human patient simulator apnea studies preliminary vitro trial rather than evaluated medical learned world-model dynamics as its primary subject.,high
ALT-96aebd0f20b4,fresh_alternate_public_search,Use of Real-World Evidence to Drive Drug Development Strategy and Inform Clinical Trial Design.,exclude,not_applicable,review_not_primary,This review centers on real world evidence drive drug strategy inform clinical trial design rather than evaluated medical learned world-model dynamics as its primary subject.,high
ALT-df57815eb7b3,fresh_alternate_public_search,Using a Caenorhabditis elegans Parkinson’s Disease Model to Assess Disease Progression and Therapy Efficiency,exclude,not_applicable,no_future_or_action_evaluation,"The caenorhabditis elegans parkinson s disease assess disease progression therapy efficiency study analyzes or reconstructs dynamics but does not directly evaluate future states, actions, rollouts, or planning.",high
ALT-dcb2580cae0b,fresh_alternate_public_search,Using an optimized generative model to infer the progression of complications in type 2 diabetes patients.,include,empirical,include_empirical,The optimized generative infer progression complications type 2 diabetes patients study learns or calibrates temporal dynamics and directly evaluates temporal rollouts or simulated trajectories.,high
ALT-aaa323830616,fresh_alternate_public_search,Using artificial intelligence and radiomics to analyze imaging features of neurodegenerative diseases.,exclude,not_applicable,no_learned_dynamics,The artificial intelligence radiomics analyze imaging features neurodegenerative diseases study is an ordinary prognostic or static prediction analysis without a learned rollout mechanism.,high
ALT-87377213f8c2,fresh_alternate_public_search,Using Constrained-Disorder Principle-Based Systems to Improve the Performance of Digital Twins in Biological Systems.,include,review,include_review,"This review primarily synthesizes dynamic medical digital twins for constrained disorder principle systems improve performance digital twins biological systems, including prediction, simulation, or intervention use.",high
ALT-62d0861ada9c,fresh_alternate_public_search,Using medical claims database to develop a population disease progression model for leuprorelin-treated subjects with hormone-sensitive prostate cancer.,exclude,not_applicable,no_learned_dynamics,The medical claims database develop population disease progression leuprorelin treated subjects study is an ordinary prognostic or static prediction analysis without a learned rollout mechanism.,high
ALT-52a988a8bb56,fresh_alternate_public_search,"Using mobile phone data for epidemiological simulations of lockdowns: government interventions, behavioral changes, and resulting changes of reinfections",exclude,not_applicable,no_future_or_action_evaluation,"The mobile phone data epidemiological simulations lockdowns government interventions behavioral changes study analyzes or reconstructs dynamics but does not directly evaluate future states, actions, rollouts, or planning.",high
ALT-4fb3b959c6f4,fresh_alternate_public_search,Using subject‐specific disease progression as an estimation of the disease time to model longitudinal neurodegeneration in AD,exclude,not_applicable,no_learned_dynamics,The subject specific disease progression as estimation disease time longitudinal neurodegeneration study is an ordinary prognostic or static prediction analysis without a learned rollout mechanism.,high
ALT-43b2bbc48902,fresh_alternate_public_search,"Using the Non-Adoption, Abandonment, Scale-Up, Spread, and Sustainability (NASSS) Framework to Identify Barriers and Facilitators for the Implementation of Digital Twins in Cardiovascular Medicine.",include,review,include_review,"This review primarily synthesizes dynamic medical digital twins for non adoption abandonment scale up spread sustainability identify barriers facilitators, including prediction, simulation, or intervention use.",medium
ALT-1c61095bff41,fresh_alternate_public_search,Validating medical digital twins for clinical decision support: beyond predictive accuracy.,include,review,include_review,"This review primarily synthesizes dynamic medical digital twins for validating medical digital twins clinical decision support beyond predictive accuracy, including prediction, simulation, or intervention use.",medium
ALT-3bc80f90189d,fresh_alternate_public_search,Validation and Implementation of a Moderate Mitral Regurgitation Disease Progression Model,exclude,not_applicable,no_future_or_action_evaluation,"The validation implementation moderate mitral regurgitation disease progression study analyzes or reconstructs dynamics but does not directly evaluate future states, actions, rollouts, or planning.",medium
ALT-216c096cd086,fresh_alternate_public_search,Validation of 3D printed MAYO tubes and stethoscope in simulated medical environment - Tools fabricated with additive manufacturing for emergency care.,exclude,not_applicable,wrong_domain,"This record concerns validation 3d printed mayo tubes stethoscope simulated medical environment tools, which is outside medical or biomedical systems.",high
ALT-244423327929,fresh_alternate_public_search,Validation of an Instrument for Real-Time Assessment of Neonatal Intubation Skills: A Randomized Controlled Simulation Study.,exclude,not_applicable,no_learned_dynamics,"The validation instrument real time assessment neonatal intubation skills randomized controlled study evaluates education, training, or simulator hardware rather than learned patient dynamics.",high
ALT-e03d55ceafa7,fresh_alternate_public_search,Validation of the Klinrisk chronic kidney disease progression model in the FIDELITY population.,exclude,not_applicable,no_learned_dynamics,The validation klinrisk chronic kidney disease progression fidelity population study is an ordinary prognostic or static prediction analysis without a learned rollout mechanism.,high
ALT-e7da0f0e449a,fresh_alternate_public_search,VAPOR: A variational autoencoder with transport operators to disentangle cellular gene expression dynamics of co-occurring biological processes in time and space,exclude,not_applicable,no_learned_dynamics,The vapor variational autoencoder transport operators disentangle cellular gene expression dynamics study uses prescribed mechanistic or statistical dynamics rather than a learned transition mechanism.,high
ALT-d053973ac131,fresh_alternate_public_search,Virtual imaging trials in medicine: A brief takeaway of the lessons from the first international summit.,exclude,not_applicable,review_not_primary,This review centers on virtual imaging trials medicine brief takeaway lessons first international summit rather than evaluated medical learned world-model dynamics as its primary subject.,high
ALT-12d3eb901e91,fresh_alternate_public_search,Virtual Patient Simulator for Skill Training in Dentistry and Investigation of its Effectiveness,exclude,not_applicable,no_learned_dynamics,"The virtual patient simulator skill training dentistry investigation its effectiveness study evaluates education, training, or simulator hardware rather than learned patient dynamics.",medium
ALT-8566de07d275,fresh_alternate_public_search,Virtual reality for healthcare: A scoping review of commercially available applications for head-mounted displays.,exclude,not_applicable,review_not_primary,This review centers on virtual reality healthcare scoping review commercially available applications head mounted rather than evaluated medical learned world-model dynamics as its primary subject.,high
ALT-6e99905186c6,fresh_alternate_public_search,Virtual reality-augmented differentiable simulations for digital twin applications in surgical planning.,exclude,not_applicable,no_learned_dynamics,"The virtual reality augmented differentiable simulations digital twin applications surgical planning record describes a static, conceptual, or mechanistic twin without learned temporal transitions.",high
ALT-fa38bb8e3b1b,fresh_alternate_public_search,Vitamins: a nutritional intervention to modulate the Alzheimer’s disease progression,exclude,not_applicable,no_future_or_action_evaluation,"The vitamins nutritional intervention modulate alzheimer s disease progression study analyzes or reconstructs dynamics but does not directly evaluate future states, actions, rollouts, or planning.",medium
ALT-789dc069150d,fresh_alternate_public_search,Web-Based AI-Driven Virtual Patient Simulator Versus Actor-Based Simulation for Teaching Consultation Skills: Multicenter Randomized Crossover Study.,exclude,not_applicable,review_not_primary,This review centers on web ai driven virtual patient simulator versus actor simulation teaching rather than evaluated medical learned world-model dynamics as its primary subject.,high
ALT-131654074895,fresh_alternate_public_search,Weighted Randomn Forest Model for Significant Feature and Disease Progression Prediction,exclude,not_applicable,review_not_primary,This review centers on weighted randomn forest significant feature disease progression prediction rather than evaluated medical learned world-model dynamics as its primary subject.,high
ALT-fb40938d62b9,fresh_alternate_public_search,What's next? Forecasting scientific research trends.,exclude,not_applicable,wrong_domain,"This record concerns what s next forecasting scientific research trends, which is outside medical or biomedical systems.",high
ALT-f7384363921e,fresh_alternate_public_search,Whole brain generative model identifies neurotransmitter alterations underlying Alzheimer's disease progression,exclude,not_applicable,no_future_or_action_evaluation,"The whole brain generative identifies neurotransmitter alterations underlying alzheimer s disease study analyzes or reconstructs dynamics but does not directly evaluate future states, actions, rollouts, or planning.",high
ALT-5dc52895a3b1,fresh_alternate_public_search,Whole Genome Sequencing-based digital twin as a clinical decision support system: in-born disease risks and pharmacogenomics with Large Language Model,exclude,not_applicable,no_learned_dynamics,"The whole genome sequencing digital twin as clinical decision support system record describes a static, conceptual, or mechanistic twin without learned temporal transitions.",medium
ALT-397e5a31b0bc,fresh_alternate_public_search,Whole-heart electromechanical simulations using Latent Neural Ordinary Differential Equations.,include,empirical,include_empirical,The whole heart electromechanical simulations latent neural ordinary differential equations study learns or calibrates temporal dynamics and directly evaluates temporal rollouts or simulated trajectories.,high
ALT-3923af46a03f,fresh_alternate_public_search,"Will Artificial Intelligence Be ""Better"" Than Humans in the Management of Syncope?",exclude,not_applicable,no_learned_dynamics,"The will artificial intelligence be better than humans management syncope study evaluates education, training, or simulator hardware rather than learned patient dynamics.",high
ALT-ecdb1256f275,fresh_alternate_public_search,Withaferin A Induces Heat Shock Response and Ameliorates Disease Progression in a Mouse Model of Huntington’s Disease,exclude,not_applicable,review_not_primary,This review centers on withaferin induces heat shock response ameliorates disease progression mouse huntington rather than evaluated medical learned world-model dynamics as its primary subject.,high
ALT-7b0d94aa558a,fresh_alternate_public_search,WITHDRAWN: A Hybrid Deep Learning Framework to Predict Alzheimer’s Disease Progression Using Generative Adversarial Networks and Deep Convolutional Neural Networks,exclude,not_applicable,no_primary_empirical_evaluation,"The withdrawn hybrid deep learning predict alzheimer s disease progression generative record is editorial, corrective, conceptual, or consensus-based and lacks a primary learned-dynamics evaluation.",high
ALT-c1e79e4c3b59,fresh_alternate_public_search,Wnt5a and Notum influence the temporal dynamics of cartilaginous mesenchymal condensations in developing trachea,exclude,not_applicable,no_future_or_action_evaluation,"The wnt5a notum influence temporal dynamics cartilaginous mesenchymal condensations developing trachea study analyzes or reconstructs dynamics but does not directly evaluate future states, actions, rollouts, or planning.",high
ALT-d884b0039ea7,fresh_alternate_public_search,Zucker Diabetic-Sprague Dawley (ZDSD) rat: Type 2 diabetes translational research model.,exclude,not_applicable,review_not_primary,This review centers on zucker diabetic sprague dawley rat type 2 diabetes translational research rather than evaluated medical learned world-model dynamics as its primary subject.,high
AUD-fee4df5f894b,primary_search_alternate_filter,A Definition and Roadmap for World Models,exclude,not_applicable,review_not_primary,This review centers on definition roadmap world rather than evaluated medical learned world-model dynamics as its primary subject.,high
AUD-97627d3f131b,primary_search_alternate_filter,A Discussion of Building a Smart SHM Platform for Long-Span Bridge Monitoring.,exclude,not_applicable,wrong_domain,"This record concerns discussion building smart shm platform long span bridge monitoring, which is outside medical or biomedical systems.",high
AUD-135313be3540,primary_search_alternate_filter,A General Technique for Real-Time Robotic Simulation in Manufacturing System,exclude,not_applicable,wrong_domain,"This record concerns general technique real time robotic simulation manufacturing system, which is outside medical or biomedical systems.",high
AUD-f0edffe9525d,primary_search_alternate_filter,A maladaptive feedback mechanism between the extracellular matrix and cytoskeleton contributes to hypertrophic cardiomyopathy pathophysiology.,exclude,not_applicable,review_not_primary,This review centers on maladaptive feedback mechanism between extracellular matrix cytoskeleton contributes hypertrophic cardiomyopathy rather than evaluated medical learned world-model dynamics as its primary subject.,high
AUD-b0da08d3d97c,primary_search_alternate_filter,A rapidly changing understanding of COPD: World COPD Day from the COPD Foundation,exclude,not_applicable,no_future_or_action_evaluation,"The rapidly changing understanding copd world copd day copd foundation study analyzes or reconstructs dynamics but does not directly evaluate future states, actions, rollouts, or planning.",high
AUD-7ece4f9d3f4f,primary_search_alternate_filter,Advances in generative biology and bio-inspired artificial intelligence,exclude,not_applicable,review_not_primary,This review centers on advances generative biology bio inspired artificial intelligence rather than evaluated medical learned world-model dynamics as its primary subject.,high
AUD-e6bbe8cc0227,primary_search_alternate_filter,"AI and Machine Learning Terminology in Medicine, Psychology, and Social Sciences: Tutorial and Practical Recommendations.",exclude,not_applicable,review_not_primary,This review centers on ai machine learning terminology medicine psychology social sciences tutorial practical rather than evaluated medical learned world-model dynamics as its primary subject.,high
AUD-69d00dbc80ec,primary_search_alternate_filter,AI-powered programmable virtual humans toward human physiologically-based drug discovery.,exclude,not_applicable,review_not_primary,This review centers on ai powered programmable virtual humans human physiologically drug discovery rather than evaluated medical learned world-model dynamics as its primary subject.,high
AUD-3fb40fcbf790,primary_search_alternate_filter,"AI‐Driven Revolution of Medical Robotics Across Surgical Innovation, Rehabilitation Intelligence, and Multimodal Healthcare Delivery",exclude,not_applicable,wrong_domain,"This record concerns ai driven revolution medical robotics across surgical innovation rehabilitation intelligence, which is outside medical or biomedical systems.",high
AUD-10820ef6273a,primary_search_alternate_filter,An optimal deep learning model for the scoring of radiographic damage in patients with ankylosing spondylitis.,exclude,not_applicable,review_not_primary,This review centers on optimal deep learning scoring radiographic damage patients ankylosing spondylitis rather than evaluated medical learned world-model dynamics as its primary subject.,high
AUD-c2e5cb2774c7,primary_search_alternate_filter,Analysis of thioredoxin 1 levels in a mouse model of unilateral renal ischemia-reperfusion injury,exclude,not_applicable,review_not_primary,This review centers on thioredoxin 1 levels mouse unilateral renal ischemia reperfusion injury rather than evaluated medical learned world-model dynamics as its primary subject.,high
AUD-e9c761f60985,primary_search_alternate_filter,Approach Towards the Development of Digital Twin for Structural Health Monitoring of Civil Infrastructure: A Comprehensive Review.,exclude,not_applicable,wrong_domain,"This record concerns digital twin structural health monitoring civil infrastructure comprehensive review, which is outside medical or biomedical systems.",high
AUD-0b8b1442deed,primary_search_alternate_filter,Artificial Intelligence in Physical Therapy and Rehabilitation,exclude,not_applicable,review_not_primary,This review centers on artificial intelligence physical therapy rehabilitation rather than evaluated medical learned world-model dynamics as its primary subject.,high
AUD-08f59142a2db,primary_search_alternate_filter,Blood Flow Restriction Exercise Training in Chronic Obstructive Pulmonary Disease,exclude,not_applicable,no_primary_empirical_evaluation,"The blood flow restriction exercise training chronic obstructive pulmonary disease record is editorial, corrective, conceptual, or consensus-based and lacks a primary learned-dynamics evaluation.",high
AUD-41629af260f1,primary_search_alternate_filter,Building Predictive Models for Clinical Care—Where to Build and What to Predict?,exclude,not_applicable,no_learned_dynamics,The building predictive clinical care where build what predict study is an ordinary prognostic or static prediction analysis without a learned rollout mechanism.,high
AUD-9d6f07506042,primary_search_alternate_filter,Can digital twin technology revolutionize public health emergency management? Insights from the PPRR framework.,exclude,not_applicable,wrong_domain,"This record concerns can digital twin technology revolutionize public health emergency management insights, which is outside medical or biomedical systems.",high
AUD-6f40540d5fb2,primary_search_alternate_filter,Causal Digital Twins for Precision Medicine: Integrating Multi-Omics and Wearable Data for Intervention Planning,include,review,include_review,"This review primarily synthesizes dynamic medical digital twins for causal digital twins precision medicine integrating multi omics wearable data, including prediction, simulation, or intervention use.",medium
AUD-35ea1704d692,primary_search_alternate_filter,Chronic diarrhoea in a human immunodeficiency virus/acquired immunodeficiency syndrome patient: A case report,exclude,not_applicable,no_learned_dynamics,The chronic diarrhoea human immunodeficiency virus acquired immunodeficiency syndrome patient case study is an ordinary prognostic or static prediction analysis without a learned rollout mechanism.,high
AUD-ed4fde5f4149,primary_search_alternate_filter,Chronobiology of Cancers in the Liver and Gut.,exclude,not_applicable,review_not_primary,This review centers on chronobiology cancers liver gut rather than evaluated medical learned world-model dynamics as its primary subject.,high
AUD-49e3a7b5463b,primary_search_alternate_filter,Computational Psychiatry Needs Time and Context,exclude,not_applicable,review_not_primary,This review centers on computational psychiatry needs time context rather than evaluated medical learned world-model dynamics as its primary subject.,high
AUD-dd2ec6e71b32,primary_search_alternate_filter,Decoding temporal heterogeneity in NSCLC through machine learning and prognostic model construction,exclude,not_applicable,no_learned_dynamics,The decoding temporal heterogeneity nsclc through machine learning prognostic construction study is an ordinary prognostic or static prediction analysis without a learned rollout mechanism.,high
AUD-d908cff89e6b,primary_search_alternate_filter,Deep Active Inference Agents for Delayed and Long-Horizon Environments,exclude,not_applicable,no_future_or_action_evaluation,"The deep active inference agents delayed long horizon environments study analyzes or reconstructs dynamics but does not directly evaluate future states, actions, rollouts, or planning.",high
AUD-eb75e7258782,primary_search_alternate_filter,Deep Generative Model of Macrophage Immune Response for Hepato-intestinal Tumor Therapy Optimization.,include,empirical,include_empirical,The deep generative macrophage immune response hepato intestinal tumor therapy optimization study learns or calibrates temporal dynamics and directly evaluates intervention-conditioned rollouts or planning outcomes.,high
AUD-6234b47b0b46,primary_search_alternate_filter,Designing a Cyber-Physical System for Ambient Assisted Living: A Use-Case Analysis for Social Robot Navigation in Caregiving Centers.,exclude,not_applicable,no_learned_dynamics,"The designing cyber physical system ambient assisted living case social robot record describes a static, conceptual, or mechanistic twin without learned temporal transitions.",high
AUD-1a76e219c91c,primary_search_alternate_filter,Developing a mathematical model for early detection of viral hepatitis induced liver dysfunction,exclude,not_applicable,review_not_primary,This review centers on developing mathematical early detection viral hepatitis induced liver dysfunction rather than evaluated medical learned world-model dynamics as its primary subject.,high
AUD-d0fc7d6926e6,primary_search_alternate_filter,Developing a multi-domain EHR foundation model for predicting Hepatitis B liver disease: a clinical perspective,exclude,not_applicable,review_not_primary,This review centers on developing multi domain ehr foundation predicting hepatitis b liver disease rather than evaluated medical learned world-model dynamics as its primary subject.,high
AUD-f7965c643bd3,primary_search_alternate_filter,Development of a Pedicle Screw Fixation Simulation Model for Surgical Training Using a 3-Dimensional Printer,exclude,not_applicable,no_learned_dynamics,"The pedicle screw fixation simulation surgical training 3 dimensional printer study evaluates education, training, or simulator hardware rather than learned patient dynamics.",medium
AUD-aadeae1dcc0d,primary_search_alternate_filter,Development of a quantitative systems pharmacology model of chronic kidney disease: metabolic bone disorder,exclude,not_applicable,no_learned_dynamics,The quantitative systems pharmacology chronic kidney disease metabolic bone disorder study is an ordinary prognostic or static prediction analysis without a learned rollout mechanism.,high
AUD-e9882983c3eb,primary_search_alternate_filter,Digital Twin for a Multifunctional Technology of Flexible Assembly on a Mechatronics Line with Integrated Robotic Systems and Mobile Visual Sensor-Challenges towards Industry 5.0.,exclude,not_applicable,wrong_domain,"This record concerns digital twin multifunctional technology flexible assembly mechatronics line integrated robotic, which is outside medical or biomedical systems.",high
AUD-6c0866a27898,primary_search_alternate_filter,Digital Twins for Predictive Modelling of Thrombosis and Stroke Risk: Current Approaches and Future Directions,include,review,include_review,"This review primarily synthesizes dynamic medical digital twins for digital twins predictive thrombosis stroke risk current approaches future directions, including prediction, simulation, or intervention use.",medium
AUD-e0f9f05b48b1,primary_search_alternate_filter,Dynamic Topological Friction: A Non-Equilibrium Information-Geometric Framework for Conscious Phase Transitions,exclude,not_applicable,no_future_or_action_evaluation,"The dynamic topological friction non equilibrium information geometric conscious phase transitions study analyzes or reconstructs dynamics but does not directly evaluate future states, actions, rollouts, or planning.",high
AUD-db35d86b146c,primary_search_alternate_filter,Epicardial adipose tissue in diabetic myocardial disorder: Role of echocardiography,exclude,not_applicable,review_not_primary,This review centers on epicardial adipose tissue diabetic myocardial disorder echocardiography rather than evaluated medical learned world-model dynamics as its primary subject.,high
AUD-962f209328ed,primary_search_alternate_filter,From genotypes to organisms: State-of-the-art and perspectives of a cornerstone in evolutionary dynamics,exclude,not_applicable,review_not_primary,This review centers on genotypes organisms state art perspectives cornerstone evolutionary dynamics rather than evaluated medical learned world-model dynamics as its primary subject.,high
AUD-d2218e49b937,primary_search_alternate_filter,From Google Gemini to OpenAI Q* (Q-Star): A Survey of Reshaping the Generative Artificial Intelligence (AI) Research Landscape,exclude,not_applicable,review_not_primary,This review centers on google gemini openai q survey reshaping generative artificial intelligence research rather than evaluated medical learned world-model dynamics as its primary subject.,high
AUD-601e3252c4f9,primary_search_alternate_filter,HTA190 Discrete Event Simulation Model for Real-World Restricted Treatment Policies in End-Stage Heart Failure,exclude,not_applicable,no_future_or_action_evaluation,"The hta190 discrete event simulation real world restricted treatment policies end study analyzes or reconstructs dynamics but does not directly evaluate future states, actions, rollouts, or planning.",medium
AUD-7c0d189c2e44,primary_search_alternate_filter,Human leukocyte antigen variants and clinical features of primary biliary cholangitis: Cumulative contributions,exclude,not_applicable,review_not_primary,This review centers on human leukocyte antigen variants clinical features primary biliary cholangitis cumulative rather than evaluated medical learned world-model dynamics as its primary subject.,high
AUD-a11162202ab9,primary_search_alternate_filter,Immediate visual reproduction negatively correlates with brain entropy of parahippocampal gyrus and inferior occipital gyrus in bipolar II disorder adolescents.,exclude,not_applicable,review_not_primary,This review centers on immediate visual reproduction negatively correlates brain entropy parahippocampal gyrus inferior rather than evaluated medical learned world-model dynamics as its primary subject.,high
AUD-7971e7a6b120,primary_search_alternate_filter,Improving the Performance of Autonomous Driving through Deep Reinforcement Learning,exclude,not_applicable,wrong_domain,"This record concerns improving performance autonomous driving through deep reinforcement learning, which is outside medical or biomedical systems.",high
AUD-7b680c396592,primary_search_alternate_filter,Individual hearts: computational models for improved management of cardiovascular disease,exclude,not_applicable,review_not_primary,This review centers on individual hearts computational improved management cardiovascular disease rather than evaluated medical learned world-model dynamics as its primary subject.,high
AUD-1591cd857d17,primary_search_alternate_filter,Individualized Physiology-Based Digital Twin Model for Sports Performance Prediction : A Reinterpretation of the Margaria-Morton Model,exclude,not_applicable,no_learned_dynamics,"The individualized physiology digital twin sports performance prediction reinterpretation margaria morton record describes a static, conceptual, or mechanistic twin without learned temporal transitions.",high
AUD-6716482362c4,primary_search_alternate_filter,"Integrating Artificial Intelligence into Mechatronics: A Comprehensive Study of Its Influence on System Performance, Autonomy, and Manufacturing Efficiency",exclude,not_applicable,wrong_domain,"This record concerns integrating artificial intelligence into mechatronics comprehensive its influence system performance, which is outside medical or biomedical systems.",high
AUD-86d2d2060a4a,primary_search_alternate_filter,KineBench: Benchmarking Embodied World Models via IDM-Free Kinematic Grounding,exclude,not_applicable,review_not_primary,This review centers on kinebench benchmarking embodied world idm free kinematic grounding rather than evaluated medical learned world-model dynamics as its primary subject.,high
AUD-e10a37df841a,primary_search_alternate_filter,Large-Scale Comparative Analysis of Canine and Human Osteosarcomas Uncovers Conserved Clinically Relevant Tumor Microenvironment Subtypes.,exclude,not_applicable,review_not_primary,This review centers on large scale comparative canine human osteosarcomas uncovers conserved clinically relevant rather than evaluated medical learned world-model dynamics as its primary subject.,high
AUD-8e4abe6a61da,primary_search_alternate_filter,Latent Prediction-Based Generative Semantic Communication for Video Transmission in Wireless Networks,exclude,not_applicable,wrong_domain,"This record concerns latent prediction generative semantic communication video transmission wireless networks, which is outside medical or biomedical systems.",high
AUD-7b1f166eaae1,primary_search_alternate_filter,Low salivary uric acid levels and periodontitis: New insights and implications for clinical practice,exclude,not_applicable,no_learned_dynamics,The low salivary uric acid levels periodontitis insights implications clinical practice study is an ordinary prognostic or static prediction analysis without a learned rollout mechanism.,high
AUD-734a4064c920,primary_search_alternate_filter,LSWM: A Long-Short History World Model for Bipedal Locomotion via Reinforcement Learning.,exclude,not_applicable,wrong_domain,"This record concerns lswm long short history world bipedal locomotion reinforcement learning, which is outside medical or biomedical systems.",high
AUD-d39c6645bf1f,primary_search_alternate_filter,Machine learning approach to dynamic risk modeling of mortality in COVID-19: a UK Biobank study.,exclude,not_applicable,no_learned_dynamics,The machine learning dynamic risk mortality covid 19 uk biobank study is an ordinary prognostic or static prediction analysis without a learned rollout mechanism.,high
AUD-10923e125048,primary_search_alternate_filter,Machine Learning for Parkinson’s Disease Progression Prediction Using Gait Data and Neuroimaging Features,exclude,not_applicable,no_learned_dynamics,The machine learning parkinson s disease progression prediction gait data neuroimaging study is an ordinary prognostic or static prediction analysis without a learned rollout mechanism.,high
AUD-97b2cd15a0ed,primary_search_alternate_filter,Medication adherence and persistence of psoriatic arthritis patients treated with biological therapy in a specialty pharmacy in Brazil: a prospective observational study,exclude,not_applicable,no_learned_dynamics,The medication adherence persistence psoriatic arthritis patients treated biological therapy specialty study is an ordinary prognostic or static prediction analysis without a learned rollout mechanism.,high
AUD-17a4bbe85559,primary_search_alternate_filter,Mining the gaps: Deciphering Alzheimer's biology through AI-driven reconciliation.,exclude,not_applicable,no_learned_dynamics,"The mining gaps deciphering alzheimer s biology through ai driven reconciliation record describes a static, conceptual, or mechanistic twin without learned temporal transitions.",high
AUD-b3a12cf8d2f0,primary_search_alternate_filter,Modular Framework for Responsive and Explainable Robotic Assistance with Intention Prediction Using Human-Centric Digital Twins.,exclude,not_applicable,wrong_domain,"This record concerns modular responsive explainable robotic assistance intention prediction human centric digital, which is outside medical or biomedical systems.",high
AUD-7f7efa223cac,primary_search_alternate_filter,Multimodal Ontology: Semantic Substrate for Human Digital Twins in AI-Driven Metaverse Telerehabilitation and Immersive Medical Education,exclude,not_applicable,review_not_primary,This review centers on multimodal ontology semantic substrate human digital twins ai driven metaverse rather than evaluated medical learned world-model dynamics as its primary subject.,high
AUD-c19a93a3130a,primary_search_alternate_filter,Natural disease progression and novel survival prediction model for hepatocellular carcinoma with spinal metastases: a 10-year single-center study,exclude,not_applicable,no_learned_dynamics,The natural disease progression survival prediction hepatocellular carcinoma spinal metastases 10 study is an ordinary prognostic or static prediction analysis without a learned rollout mechanism.,high
AUD-287f54e4d6a0,primary_search_alternate_filter,"Novel Simulation Model with Pulsatile Flow System for Microvascular Training, Research, and Improving Patient Surgical Outcomes",exclude,not_applicable,no_learned_dynamics,"The simulation pulsatile flow system microvascular training research improving patient surgical study evaluates education, training, or simulator hardware rather than learned patient dynamics.",medium
AUD-cfea5920d713,primary_search_alternate_filter,On-treatment risk model for predicting treatment response in advanced renal cell carcinoma,exclude,not_applicable,no_future_or_action_evaluation,"The treatment risk predicting treatment response advanced renal cell carcinoma study analyzes or reconstructs dynamics but does not directly evaluate future states, actions, rollouts, or planning.",high
AUD-d5aa0fec108f,primary_search_alternate_filter,P535 Optimising vedolizumab in treatment sequences for Crohn’s disease: Results from a simulation model using real-world evidence,exclude,not_applicable,no_future_or_action_evaluation,"The p535 optimising vedolizumab treatment sequences crohn s disease results simulation study analyzes or reconstructs dynamics but does not directly evaluate future states, actions, rollouts, or planning.",high
AUD-47f28c79cf7b,primary_search_alternate_filter,Primary health care capacity assessment in Qatar: the primary health care progression model as an assessment method,exclude,not_applicable,no_future_or_action_evaluation,"The primary health care capacity assessment qatar primary health care progression study analyzes or reconstructs dynamics but does not directly evaluate future states, actions, rollouts, or planning.",high
AUD-760388792f90,primary_search_alternate_filter,Projected clinical and economic benefits of improved patent foramen ovale testing among cryptogenic stroke patients in the United States,exclude,not_applicable,review_not_primary,This review centers on projected clinical economic benefits improved patent foramen ovale testing among rather than evaluated medical learned world-model dynamics as its primary subject.,high
AUD-5950024abe49,primary_search_alternate_filter,ProTerrain: Probabilistic Physics-Informed Rough Terrain World Modeling,exclude,not_applicable,wrong_domain,"This record concerns proterrain probabilistic physics informed rough terrain world, which is outside medical or biomedical systems.",high
AUD-a956f62c779d,primary_search_alternate_filter,Pumping the brakes on RNA velocity by understanding and interpreting RNA velocity estimates.,exclude,not_applicable,no_future_or_action_evaluation,"The pumping brakes rna velocity by understanding interpreting rna velocity estimates study analyzes or reconstructs dynamics but does not directly evaluate future states, actions, rollouts, or planning.",high
AUD-34c57e938c37,primary_search_alternate_filter,Quantum–AI Digital Twins for Healthy Longevity in Climate-Vulnerable Cities,exclude,not_applicable,no_primary_empirical_evaluation,"The quantum ai digital twins healthy longevity climate vulnerable cities record is editorial, corrective, conceptual, or consensus-based and lacks a primary learned-dynamics evaluation.",high
AUD-09638b64ac10,primary_search_alternate_filter,Quo vadis Pantanal? Expected precipitation extremes and drought dynamics from changing sea surface temperature.,exclude,not_applicable,wrong_domain,"This record concerns quo vadis pantanal expected precipitation extremes drought dynamics changing sea, which is outside medical or biomedical systems.",high
AUD-cebc37d0a917,primary_search_alternate_filter,Re-exploration of prognosis in type B thymomas: establishment of a predictive nomogram model,exclude,not_applicable,no_learned_dynamics,The re exploration prognosis type b thymomas establishment predictive nomogram study is an ordinary prognostic or static prediction analysis without a learned rollout mechanism.,high
AUD-d0bdf093dd92,primary_search_alternate_filter,"Real-world clinical outcomes in patients receiving cyclin-dependent kinase 4/6 inhibitors (iCDK 4/6) for hormone receptor-positive, human epidermal growth factor receptor 2-negative (HR+/HER2-) metastatic breast cancer in Mexico.",exclude,not_applicable,review_not_primary,This review centers on real world clinical outcomes patients receiving cyclin dependent kinase 4 rather than evaluated medical learned world-model dynamics as its primary subject.,high
AUD-3cda34f20ecd,primary_search_alternate_filter,Renal Single-Nucleus Transcriptomic of a New Model of Cardiovascular-Kidney-Metabolic (CKM) Syndrome in Aging Swine,exclude,not_applicable,no_future_or_action_evaluation,"The renal single nucleus transcriptomic cardiovascular kidney metabolic syndrome aging swine study analyzes or reconstructs dynamics but does not directly evaluate future states, actions, rollouts, or planning.",high
AUD-0e98d39976b9,primary_search_alternate_filter,Research on Parameter Compensation Method and Control Strategy of Mobile Robot Dynamics Model Based on Digital Twin.,exclude,not_applicable,wrong_domain,"This record concerns research parameter compensation method control strategy mobile robot dynamics digital, which is outside medical or biomedical systems.",high
AUD-db99fe296284,primary_search_alternate_filter,Research on the Digital Twin System of Welding Robots Driven by Data.,exclude,not_applicable,wrong_domain,"This record concerns research digital twin system welding robots driven by data, which is outside medical or biomedical systems.",high
AUD-0b45268b56da,primary_search_alternate_filter,Robust disease prognosis via diagnostic knowledge preservation: A sequential learning approach.,exclude,not_applicable,no_learned_dynamics,"The robust disease prognosis diagnostic knowledge preservation sequential learning study evaluates education, training, or simulator hardware rather than learned patient dynamics.",high
AUD-f7558177f29c,primary_search_alternate_filter,Safely learning Intensive Care Unit management by using a Management Flight Simulator,exclude,not_applicable,no_learned_dynamics,"The safely learning intensive care unit management by management flight simulator study evaluates education, training, or simulator hardware rather than learned patient dynamics.",high
AUD-125436842379,primary_search_alternate_filter,Self-adapting Robotic Agents through Online Continual Reinforcement Learning with World Model Feedback,exclude,not_applicable,no_learned_dynamics,"The self adapting robotic agents through online continual reinforcement learning world study evaluates education, training, or simulator hardware rather than learned patient dynamics.",high
AUD-a83188ef00c4,primary_search_alternate_filter,Shaping the future of cancer screening with artificial intelligence-empowered multi-cancer early detection,exclude,not_applicable,no_learned_dynamics,The shaping future cancer screening artificial intelligence empowered multi cancer early study is an ordinary prognostic or static prediction analysis without a learned rollout mechanism.,high
AUD-d138615ebc97,primary_search_alternate_filter,Surgical SAM 2: Real-time Segment Anything in Surgical Video by Efficient Frame Pruning,exclude,not_applicable,no_learned_dynamics,The surgical sam 2 real time segment anything surgical video by study is an ordinary prognostic or static prediction analysis without a learned rollout mechanism.,high
AUD-ac6c3c891115,primary_search_alternate_filter,Synaptopodin deficiency exacerbates kidney disease in a mouse model of Alport syndrome,exclude,not_applicable,no_future_or_action_evaluation,"The synaptopodin deficiency exacerbates kidney disease mouse alport syndrome study analyzes or reconstructs dynamics but does not directly evaluate future states, actions, rollouts, or planning.",high
AUD-7f06de254050,primary_search_alternate_filter,Temporal dynamics of trauma memory persistence.,exclude,not_applicable,no_learned_dynamics,The temporal dynamics trauma memory persistence study is an ordinary prognostic or static prediction analysis without a learned rollout mechanism.,high
AUD-1270138e35e6,primary_search_alternate_filter,Temporal lobe epilepsy as a model of accelerated brain aging: Roles of biological aging markers and microRNA dysregulation,exclude,not_applicable,review_not_primary,This review centers on temporal lobe epilepsy as accelerated brain aging roles biological aging rather than evaluated medical learned world-model dynamics as its primary subject.,high
AUD-1b31de697fdd,primary_search_alternate_filter,The Interplay Between Circadian Clocks and the Tumour Microenvironment in Breast Cancer.,exclude,not_applicable,review_not_primary,This review centers on interplay between circadian clocks tumour microenvironment breast cancer rather than evaluated medical learned world-model dynamics as its primary subject.,high
AUD-cad5c10e75e8,primary_search_alternate_filter,The Natural History of Bone Stress Injuries in Athletes: From Inception to Resolution.,exclude,not_applicable,review_not_primary,This review centers on natural history bone stress injuries athletes inception resolution rather than evaluated medical learned world-model dynamics as its primary subject.,high
AUD-f96e07909222,primary_search_alternate_filter,Tofacitinib Citrate in a Murine Model of Systemic Lupus Erythematosus,exclude,not_applicable,no_primary_empirical_evaluation,"The tofacitinib citrate murine systemic lupus erythematosus record is editorial, corrective, conceptual, or consensus-based and lacks a primary learned-dynamics evaluation.",high
AUD-587e7bcc7c77,primary_search_alternate_filter,Toward Intelligent AIoT: A Comprehensive Survey on Digital Twin and Multimodal Generative AI Integration,exclude,not_applicable,wrong_domain,"This record concerns intelligent aiot comprehensive survey digital twin multimodal generative ai integration, which is outside medical or biomedical systems.",high
AUD-9eb473dfa795,primary_search_alternate_filter,TWIN-GPT: Digital Twins for Clinical Trials via Large Language Model,exclude,not_applicable,no_learned_dynamics,"The twin gpt digital twins clinical trials large language record describes a static, conceptual, or mechanistic twin without learned temporal transitions.",high
AUD-7a836e155c9c,primary_search_alternate_filter,Verification and validation of an automated robot inspection cell for automotive body-in-white: a use case for the VALU3S ECSEL project.,exclude,not_applicable,wrong_domain,"This record concerns verification validation automated robot inspection cell automotive body white case, which is outside medical or biomedical systems.",high
AUD-1bda35795e22,primary_search_alternate_filter,Virtual soccer champions,exclude,not_applicable,wrong_domain,"This record concerns virtual soccer champions, which is outside medical or biomedical systems.",high
AUD-c5dd350b0579,primary_search_alternate_filter,"Vision–language–action models for hri/hrc/hrt: a taxonomy, simulation-centric gaps, and research directions",exclude,not_applicable,no_primary_empirical_evaluation,"The vision language action hri hrc hrt taxonomy simulation centric gaps record is editorial, corrective, conceptual, or consensus-based and lacks a primary learned-dynamics evaluation.",high
AUD-3dfe2dd9fb12,primary_search_alternate_filter,Who Are the `Silent Spreaders'?: Contact Tracing in Spatio-Temporal Memory Models,exclude,not_applicable,wrong_domain,"This record concerns who are silent spreaders contact tracing spatio temporal memory, which is outside medical or biomedical systems.",high
AUD-598ee162edd1,primary_search_alternate_filter,WITHDRAWN: Understanding of Comorbidities Using Modeling Techniques on EHR,exclude,not_applicable,no_primary_empirical_evaluation,"The withdrawn understanding comorbidities techniques ehr record is editorial, corrective, conceptual, or consensus-based and lacks a primary learned-dynamics evaluation.",high
AUD-b2434ae358b4,primary_search_alternate_filter,X-ray fluoroscopy guided localization and steering of miniature robots using virtual reality enhancement.,exclude,not_applicable,wrong_domain,"This record concerns x ray fluoroscopy guided localization steering miniature robots virtual reality, which is outside medical or biomedical systems.",high
