evaluation,split,model,seed,horizon_hours,metric,value
zero_shot,internal_test,grud,20260912,1,patient_nmae,0.35054337499831656
zero_shot,internal_test,grud,20260912,1,patient_crps,0.26264079077657243
zero_shot,internal_test,grud,20260912,1,coverage_90,0.8608650050461293
zero_shot,internal_test,grud,20260912,1,coverage_error_90,0.03913499495387074
zero_shot,internal_test,grud,20260912,1,mean_interval_width_scaled,1.3663839926436603
zero_shot,internal_test,grud,20260912,1,patient_nll,0.6514644278418315
zero_shot,internal_test,grud,20260912,1,mask_brier,0.07679668575924205
zero_shot,internal_test,grud,20260912,3,patient_nmae,0.41210816805288175
zero_shot,internal_test,grud,20260912,3,patient_crps,0.3058338576485548
zero_shot,internal_test,grud,20260912,3,coverage_90,0.8506963890347897
zero_shot,internal_test,grud,20260912,3,coverage_error_90,0.0493036109652103
zero_shot,internal_test,grud,20260912,3,mean_interval_width_scaled,1.5496131345461046
zero_shot,internal_test,grud,20260912,3,patient_nll,0.8312267082613324
zero_shot,internal_test,grud,20260912,3,mask_brier,0.07747638717444211
zero_shot,internal_test,grud,20260912,6,patient_nmae,0.4520064820892951
zero_shot,internal_test,grud,20260912,6,patient_crps,0.3341453607290525
zero_shot,internal_test,grud,20260912,6,coverage_90,0.8449602066085982
zero_shot,internal_test,grud,20260912,6,coverage_error_90,0.05503979339140186
zero_shot,internal_test,grud,20260912,6,mean_interval_width_scaled,1.6971498901129218
zero_shot,internal_test,grud,20260912,6,patient_nll,0.9705821840913078
zero_shot,internal_test,grud,20260912,6,mask_brier,0.07500940569009312
zero_shot,internal_test,grud,20260912,12,patient_nmae,0.49489168785374416
zero_shot,internal_test,grud,20260912,12,patient_crps,0.3625607553852253
zero_shot,internal_test,grud,20260912,12,coverage_90,0.8440896557806503
zero_shot,internal_test,grud,20260912,12,coverage_error_90,0.055910344219349706
zero_shot,internal_test,grud,20260912,12,mean_interval_width_scaled,1.8382804504936079
zero_shot,internal_test,grud,20260912,12,patient_nll,1.0427104233652162
zero_shot,internal_test,grud,20260912,12,mask_brier,0.07314122357780299
zero_shot,internal_test,grud,20260912,24,patient_nmae,0.538230947015283
zero_shot,internal_test,grud,20260912,24,patient_crps,0.39506083447838863
zero_shot,internal_test,grud,20260912,24,coverage_90,0.8458050388745478
zero_shot,internal_test,grud,20260912,24,coverage_error_90,0.05419496112545219
zero_shot,internal_test,grud,20260912,24,mean_interval_width_scaled,1.9971436738248451
zero_shot,internal_test,grud,20260912,24,patient_nll,1.1321421669749063
zero_shot,internal_test,grud,20260912,24,mask_brier,0.07463752234039087
zero_shot,external_test,grud,20260912,1,patient_nmae,0.376249849403773
zero_shot,external_test,grud,20260912,1,patient_crps,0.2827254223080289
zero_shot,external_test,grud,20260912,1,coverage_90,0.850015227565011
zero_shot,external_test,grud,20260912,1,coverage_error_90,0.049984772434989
zero_shot,external_test,grud,20260912,1,mean_interval_width_scaled,1.4174319914678948
zero_shot,external_test,grud,20260912,1,patient_nll,0.7912304911567942
zero_shot,external_test,grud,20260912,1,mask_brier,0.06400282892466967
zero_shot,external_test,grud,20260912,3,patient_nmae,0.4363625925787457
zero_shot,external_test,grud,20260912,3,patient_crps,0.3248741818875145
zero_shot,external_test,grud,20260912,3,coverage_90,0.8397035150008635
zero_shot,external_test,grud,20260912,3,coverage_error_90,0.060296484999136535
zero_shot,external_test,grud,20260912,3,mean_interval_width_scaled,1.5958839417976065
zero_shot,external_test,grud,20260912,3,patient_nll,0.9260846620526281
zero_shot,external_test,grud,20260912,3,mask_brier,0.06117873968681557
zero_shot,external_test,grud,20260912,6,patient_nmae,0.4834918198569465
zero_shot,external_test,grud,20260912,6,patient_crps,0.35880865810856566
zero_shot,external_test,grud,20260912,6,coverage_90,0.8328847270531285
zero_shot,external_test,grud,20260912,6,coverage_error_90,0.06711527294687147
zero_shot,external_test,grud,20260912,6,mean_interval_width_scaled,1.7370805377160483
zero_shot,external_test,grud,20260912,6,patient_nll,1.0497645142515752
zero_shot,external_test,grud,20260912,6,mask_brier,0.062423368452853824
zero_shot,external_test,grud,20260912,12,patient_nmae,0.521417743089026
zero_shot,external_test,grud,20260912,12,patient_crps,0.38578565432517153
zero_shot,external_test,grud,20260912,12,coverage_90,0.8366571445089368
zero_shot,external_test,grud,20260912,12,coverage_error_90,0.06334285549106322
zero_shot,external_test,grud,20260912,12,mean_interval_width_scaled,1.8803746375235775
zero_shot,external_test,grud,20260912,12,patient_nll,1.124976579187793
zero_shot,external_test,grud,20260912,12,mask_brier,0.06246144555024613
zero_shot,external_test,grud,20260912,24,patient_nmae,0.5606425324652764
zero_shot,external_test,grud,20260912,24,patient_crps,0.41386965764150874
zero_shot,external_test,grud,20260912,24,coverage_90,0.8412525122127538
zero_shot,external_test,grud,20260912,24,coverage_error_90,0.058747487787246255
zero_shot,external_test,grud,20260912,24,mean_interval_width_scaled,2.03831836852285
zero_shot,external_test,grud,20260912,24,patient_nll,1.2006367818263646
zero_shot,external_test,grud,20260912,24,mask_brier,0.065945324851284
recalibrated,external_test,grud,20260912,1,patient_nmae,0.37624984956289065
recalibrated,external_test,grud,20260912,1,patient_crps,0.2880569510796271
recalibrated,external_test,grud,20260912,1,coverage_90,0.8987365559845181
recalibrated,external_test,grud,20260912,1,coverage_error_90,0.0012634440154819515
recalibrated,external_test,grud,20260912,1,mean_interval_width_scaled,1.6969099556964184
recalibrated,external_test,grud,20260912,1,patient_nll,0.7616932782940293
recalibrated,external_test,grud,20260912,1,mask_brier,0.06400282892466967
recalibrated,external_test,grud,20260912,3,patient_nmae,0.43636259228544677
recalibrated,external_test,grud,20260912,3,patient_crps,0.3285949294650864
recalibrated,external_test,grud,20260912,3,coverage_90,0.8846759398522229
recalibrated,external_test,grud,20260912,3,coverage_error_90,0.015324060147777097
recalibrated,external_test,grud,20260912,3,mean_interval_width_scaled,1.8538238644906275
recalibrated,external_test,grud,20260912,3,patient_nll,0.8991289335452396
recalibrated,external_test,grud,20260912,3,mask_brier,0.06117873968681557
recalibrated,external_test,grud,20260912,6,patient_nmae,0.4834918199554325
recalibrated,external_test,grud,20260912,6,patient_crps,0.36522304626670277
recalibrated,external_test,grud,20260912,6,coverage_90,0.8974728695358235
recalibrated,external_test,grud,20260912,6,coverage_error_90,0.002527130464176519
recalibrated,external_test,grud,20260912,6,mean_interval_width_scaled,2.1545586601053515
recalibrated,external_test,grud,20260912,6,patient_nll,1.0161544567184668
recalibrated,external_test,grud,20260912,6,mask_brier,0.062423368452853824
recalibrated,external_test,grud,20260912,12,patient_nmae,0.5214177432427437
recalibrated,external_test,grud,20260912,12,patient_crps,0.39017789679782866
recalibrated,external_test,grud,20260912,12,coverage_90,0.8871951760598354
recalibrated,external_test,grud,20260912,12,coverage_error_90,0.012804823940164578
recalibrated,external_test,grud,20260912,12,mean_interval_width_scaled,2.2129109733772268
recalibrated,external_test,grud,20260912,12,patient_nll,1.0941523974926382
recalibrated,external_test,grud,20260912,12,mask_brier,0.06246144555024613
recalibrated,external_test,grud,20260912,24,patient_nmae,0.5606425324304202
recalibrated,external_test,grud,20260912,24,patient_crps,0.4174596362372863
recalibrated,external_test,grud,20260912,24,coverage_90,0.8825083432327495
recalibrated,external_test,grud,20260912,24,coverage_error_90,0.017491656767250507
recalibrated,external_test,grud,20260912,24,mean_interval_width_scaled,2.3264626777563775
recalibrated,external_test,grud,20260912,24,patient_nll,1.17371216993391
recalibrated,external_test,grud,20260912,24,mask_brier,0.065945324851284
zero_shot,internal_test,grud,20260913,1,patient_nmae,0.3522925891956311
zero_shot,internal_test,grud,20260913,1,patient_crps,0.264625768121274
zero_shot,internal_test,grud,20260913,1,coverage_90,0.8644015233313391
zero_shot,internal_test,grud,20260913,1,coverage_error_90,0.035598476668660894
zero_shot,internal_test,grud,20260913,1,mean_interval_width_scaled,1.4008594178781846
zero_shot,internal_test,grud,20260913,1,patient_nll,0.6491930776523308
zero_shot,internal_test,grud,20260913,1,mask_brier,0.07681946312690897
zero_shot,internal_test,grud,20260913,3,patient_nmae,0.4126510378868283
zero_shot,internal_test,grud,20260913,3,patient_crps,0.3059889488478569
zero_shot,internal_test,grud,20260913,3,coverage_90,0.8593850014440183
zero_shot,internal_test,grud,20260913,3,coverage_error_90,0.04061499855598172
zero_shot,internal_test,grud,20260913,3,mean_interval_width_scaled,1.5866009989418952
zero_shot,internal_test,grud,20260913,3,patient_nll,0.8215029211551346
zero_shot,internal_test,grud,20260913,3,mask_brier,0.07718675367237937
zero_shot,internal_test,grud,20260913,6,patient_nmae,0.4567337183282192
zero_shot,internal_test,grud,20260913,6,patient_crps,0.33693802163548275
zero_shot,internal_test,grud,20260913,6,coverage_90,0.8519881983314785
zero_shot,internal_test,grud,20260913,6,coverage_error_90,0.04801180166852148
zero_shot,internal_test,grud,20260913,6,mean_interval_width_scaled,1.7262071201444744
zero_shot,internal_test,grud,20260913,6,patient_nll,0.944926180923017
zero_shot,internal_test,grud,20260913,6,mask_brier,0.0747336421320748
zero_shot,internal_test,grud,20260913,12,patient_nmae,0.4978970859310514
zero_shot,internal_test,grud,20260913,12,patient_crps,0.36496060114474854
zero_shot,internal_test,grud,20260913,12,coverage_90,0.8500405652182877
zero_shot,internal_test,grud,20260913,12,coverage_error_90,0.049959434781712275
zero_shot,internal_test,grud,20260913,12,mean_interval_width_scaled,1.8877556814407082
zero_shot,internal_test,grud,20260913,12,patient_nll,1.020851264965412
zero_shot,internal_test,grud,20260913,12,mask_brier,0.07300594699829135
zero_shot,internal_test,grud,20260913,24,patient_nmae,0.5461261807515035
zero_shot,internal_test,grud,20260913,24,patient_crps,0.3992140437803555
zero_shot,internal_test,grud,20260913,24,coverage_90,0.8532416505135598
zero_shot,internal_test,grud,20260913,24,coverage_error_90,0.0467583494864402
zero_shot,internal_test,grud,20260913,24,mean_interval_width_scaled,2.045661984145201
zero_shot,internal_test,grud,20260913,24,patient_nll,1.1288114111426153
zero_shot,internal_test,grud,20260913,24,mask_brier,0.07474053553614002
zero_shot,external_test,grud,20260913,1,patient_nmae,0.3780703711241874
zero_shot,external_test,grud,20260913,1,patient_crps,0.2845556668004876
zero_shot,external_test,grud,20260913,1,coverage_90,0.8643158877796997
zero_shot,external_test,grud,20260913,1,coverage_error_90,0.035684112220300324
zero_shot,external_test,grud,20260913,1,mean_interval_width_scaled,1.4814858611681476
zero_shot,external_test,grud,20260913,1,patient_nll,0.8072967061870353
zero_shot,external_test,grud,20260913,1,mask_brier,0.06225253020795044
zero_shot,external_test,grud,20260913,3,patient_nmae,0.4374314980750521
zero_shot,external_test,grud,20260913,3,patient_crps,0.32602656618549614
zero_shot,external_test,grud,20260913,3,coverage_90,0.856294770428159
zero_shot,external_test,grud,20260913,3,coverage_error_90,0.043705229571840976
zero_shot,external_test,grud,20260913,3,mean_interval_width_scaled,1.6675258572546008
zero_shot,external_test,grud,20260913,3,patient_nll,0.9112816023071432
zero_shot,external_test,grud,20260913,3,mask_brier,0.05871222397886926
zero_shot,external_test,grud,20260913,6,patient_nmae,0.4834406935830656
zero_shot,external_test,grud,20260913,6,patient_crps,0.3583170529235477
zero_shot,external_test,grud,20260913,6,coverage_90,0.8505598303287287
zero_shot,external_test,grud,20260913,6,coverage_error_90,0.049440169671271295
zero_shot,external_test,grud,20260913,6,mean_interval_width_scaled,1.821848177030019
zero_shot,external_test,grud,20260913,6,patient_nll,1.023678886163078
zero_shot,external_test,grud,20260913,6,mask_brier,0.059265925815294815
zero_shot,external_test,grud,20260913,12,patient_nmae,0.5217840792252291
zero_shot,external_test,grud,20260913,12,patient_crps,0.38537195638321053
zero_shot,external_test,grud,20260913,12,coverage_90,0.8531693315672471
zero_shot,external_test,grud,20260913,12,coverage_error_90,0.046830668432752964
zero_shot,external_test,grud,20260913,12,mean_interval_width_scaled,1.9701363849300382
zero_shot,external_test,grud,20260913,12,patient_nll,1.1009807249814374
zero_shot,external_test,grud,20260913,12,mask_brier,0.05893757250653095
zero_shot,external_test,grud,20260913,24,patient_nmae,0.5624462118682542
zero_shot,external_test,grud,20260913,24,patient_crps,0.415022382243589
zero_shot,external_test,grud,20260913,24,coverage_90,0.8525142283203064
zero_shot,external_test,grud,20260913,24,coverage_error_90,0.04748577167969359
zero_shot,external_test,grud,20260913,24,mean_interval_width_scaled,2.1094077173084926
zero_shot,external_test,grud,20260913,24,patient_nll,1.1883810023455492
zero_shot,external_test,grud,20260913,24,mask_brier,0.06335464248015858
recalibrated,external_test,grud,20260913,1,patient_nmae,0.37807037099482205
recalibrated,external_test,grud,20260913,1,patient_crps,0.28894539071148406
recalibrated,external_test,grud,20260913,1,coverage_90,0.9007130770526559
recalibrated,external_test,grud,20260913,1,coverage_error_90,0.0007130770526558861
recalibrated,external_test,grud,20260913,1,mean_interval_width_scaled,1.6979640370285256
recalibrated,external_test,grud,20260913,1,patient_nll,0.7861476649987256
recalibrated,external_test,grud,20260913,1,mask_brier,0.06225253020795044
recalibrated,external_test,grud,20260913,3,patient_nmae,0.43743149831632955
recalibrated,external_test,grud,20260913,3,patient_crps,0.32826793000462473
recalibrated,external_test,grud,20260913,3,coverage_90,0.8802401551385761
recalibrated,external_test,grud,20260913,3,coverage_error_90,0.019759844861423903
recalibrated,external_test,grud,20260913,3,mean_interval_width_scaled,1.8146133210878017
recalibrated,external_test,grud,20260913,3,patient_nll,0.8992062541340006
recalibrated,external_test,grud,20260913,3,mask_brier,0.05871222397886926
recalibrated,external_test,grud,20260913,6,patient_nmae,0.4834406936410381
recalibrated,external_test,grud,20260913,6,patient_crps,0.3624107077232286
recalibrated,external_test,grud,20260913,6,coverage_90,0.8907643137872321
recalibrated,external_test,grud,20260913,6,coverage_error_90,0.009235686212767935
recalibrated,external_test,grud,20260913,6,mean_interval_width_scaled,2.0839993842817495
recalibrated,external_test,grud,20260913,6,patient_nll,1.008427430630545
recalibrated,external_test,grud,20260913,6,mask_brier,0.059265925815294815
recalibrated,external_test,grud,20260913,12,patient_nmae,0.5217840799200922
recalibrated,external_test,grud,20260913,12,patient_crps,0.3886007201731008
recalibrated,external_test,grud,20260913,12,coverage_90,0.8862875154549628
recalibrated,external_test,grud,20260913,12,coverage_error_90,0.013712484545037262
recalibrated,external_test,grud,20260913,12,mean_interval_width_scaled,2.1933020402992627
recalibrated,external_test,grud,20260913,12,patient_nll,1.0877923754296766
recalibrated,external_test,grud,20260913,12,mask_brier,0.05893757250653095
recalibrated,external_test,grud,20260913,24,patient_nmae,0.5624462120413832
recalibrated,external_test,grud,20260913,24,patient_crps,0.41853365979143203
recalibrated,external_test,grud,20260913,24,coverage_90,0.8862571168147706
recalibrated,external_test,grud,20260913,24,coverage_error_90,0.013742883185229426
recalibrated,external_test,grud,20260913,24,mean_interval_width_scaled,2.359531946031413
recalibrated,external_test,grud,20260913,24,patient_nll,1.172599321255572
recalibrated,external_test,grud,20260913,24,mask_brier,0.06335464248015858
zero_shot,internal_test,grud,20260914,1,patient_nmae,0.35216892263315974
zero_shot,internal_test,grud,20260914,1,patient_crps,0.26479775062255073
zero_shot,internal_test,grud,20260914,1,coverage_90,0.8697203027798476
zero_shot,internal_test,grud,20260914,1,coverage_error_90,0.030279697220152446
zero_shot,internal_test,grud,20260914,1,mean_interval_width_scaled,1.4175601947334127
zero_shot,internal_test,grud,20260914,1,patient_nll,0.6402471451872825
zero_shot,internal_test,grud,20260914,1,mask_brier,0.07663398054533468
zero_shot,internal_test,grud,20260914,3,patient_nmae,0.412199215585776
zero_shot,internal_test,grud,20260914,3,patient_crps,0.30686189122671187
zero_shot,internal_test,grud,20260914,3,coverage_90,0.8595525474584228
zero_shot,internal_test,grud,20260914,3,coverage_error_90,0.04044745254157722
zero_shot,internal_test,grud,20260914,3,mean_interval_width_scaled,1.5978621700725077
zero_shot,internal_test,grud,20260914,3,patient_nll,0.8243807648620187
zero_shot,internal_test,grud,20260914,3,mask_brier,0.0771398711750808
zero_shot,internal_test,grud,20260914,6,patient_nmae,0.4535752973971002
zero_shot,internal_test,grud,20260914,6,patient_crps,0.3352967668090684
zero_shot,internal_test,grud,20260914,6,coverage_90,0.8536107180630377
zero_shot,internal_test,grud,20260914,6,coverage_error_90,0.046389281936962345
zero_shot,internal_test,grud,20260914,6,mean_interval_width_scaled,1.7282075105648795
zero_shot,internal_test,grud,20260914,6,patient_nll,0.9443946289296796
zero_shot,internal_test,grud,20260914,6,mask_brier,0.07461489375527053
zero_shot,internal_test,grud,20260914,12,patient_nmae,0.4992676275286896
zero_shot,internal_test,grud,20260914,12,patient_crps,0.365949674252068
zero_shot,internal_test,grud,20260914,12,coverage_90,0.8469733857744373
zero_shot,internal_test,grud,20260914,12,coverage_error_90,0.05302661422556276
zero_shot,internal_test,grud,20260914,12,mean_interval_width_scaled,1.8699167246105133
zero_shot,internal_test,grud,20260914,12,patient_nll,1.0370273587856524
zero_shot,internal_test,grud,20260914,12,mask_brier,0.07276680769523156
zero_shot,internal_test,grud,20260914,24,patient_nmae,0.5481575957860583
zero_shot,internal_test,grud,20260914,24,patient_crps,0.40103430207777696
zero_shot,internal_test,grud,20260914,24,coverage_90,0.8435889053075025
zero_shot,internal_test,grud,20260914,24,coverage_error_90,0.0564110946924975
zero_shot,internal_test,grud,20260914,24,mean_interval_width_scaled,2.0129857776884847
zero_shot,internal_test,grud,20260914,24,patient_nll,1.1596625966534586
zero_shot,internal_test,grud,20260914,24,mask_brier,0.07425433044016078
zero_shot,external_test,grud,20260914,1,patient_nmae,0.37698672620017126
zero_shot,external_test,grud,20260914,1,patient_crps,0.2837777880487245
zero_shot,external_test,grud,20260914,1,coverage_90,0.8610791998129335
zero_shot,external_test,grud,20260914,1,coverage_error_90,0.03892080018706656
zero_shot,external_test,grud,20260914,1,mean_interval_width_scaled,1.468008279885636
zero_shot,external_test,grud,20260914,1,patient_nll,0.8128895811893221
zero_shot,external_test,grud,20260914,1,mask_brier,0.06338768078127022
zero_shot,external_test,grud,20260914,3,patient_nmae,0.43597354339631755
zero_shot,external_test,grud,20260914,3,patient_crps,0.32489394140075833
zero_shot,external_test,grud,20260914,3,coverage_90,0.8537445074155533
zero_shot,external_test,grud,20260914,3,coverage_error_90,0.04625549258444672
zero_shot,external_test,grud,20260914,3,mean_interval_width_scaled,1.6502404519884584
zero_shot,external_test,grud,20260914,3,patient_nll,0.9072801079099108
zero_shot,external_test,grud,20260914,3,mask_brier,0.06047569339262788
zero_shot,external_test,grud,20260914,6,patient_nmae,0.4819988613928114
zero_shot,external_test,grud,20260914,6,patient_crps,0.35748385518720804
zero_shot,external_test,grud,20260914,6,coverage_90,0.8457986369521476
zero_shot,external_test,grud,20260914,6,coverage_error_90,0.05420136304785239
zero_shot,external_test,grud,20260914,6,mean_interval_width_scaled,1.7874465343997554
zero_shot,external_test,grud,20260914,6,patient_nll,1.0267775256288842
zero_shot,external_test,grud,20260914,6,mask_brier,0.061480238198321276
zero_shot,external_test,grud,20260914,12,patient_nmae,0.5197925520773483
zero_shot,external_test,grud,20260914,12,patient_crps,0.38362070761199424
zero_shot,external_test,grud,20260914,12,coverage_90,0.846212087104838
zero_shot,external_test,grud,20260914,12,coverage_error_90,0.05378791289516205
zero_shot,external_test,grud,20260914,12,mean_interval_width_scaled,1.9238653349506736
zero_shot,external_test,grud,20260914,12,patient_nll,1.1085797635850974
zero_shot,external_test,grud,20260914,12,mask_brier,0.061442995692068264
zero_shot,external_test,grud,20260914,24,patient_nmae,0.5563406045879643
zero_shot,external_test,grud,20260914,24,patient_crps,0.40948229757764254
zero_shot,external_test,grud,20260914,24,coverage_90,0.8477544857327846
zero_shot,external_test,grud,20260914,24,coverage_error_90,0.052245514267215465
zero_shot,external_test,grud,20260914,24,mean_interval_width_scaled,2.055041914461151
zero_shot,external_test,grud,20260914,24,patient_nll,1.1728165350968343
zero_shot,external_test,grud,20260914,24,mask_brier,0.06512483990771613
recalibrated,external_test,grud,20260914,1,patient_nmae,0.3769867258814907
recalibrated,external_test,grud,20260914,1,patient_crps,0.28802659183827545
recalibrated,external_test,grud,20260914,1,coverage_90,0.8970613521056667
recalibrated,external_test,grud,20260914,1,coverage_error_90,0.0029386478943332905
recalibrated,external_test,grud,20260914,1,mean_interval_width_scaled,1.6821380280295555
recalibrated,external_test,grud,20260914,1,patient_nll,0.7880072596935012
recalibrated,external_test,grud,20260914,1,mask_brier,0.06338768078127022
recalibrated,external_test,grud,20260914,3,patient_nmae,0.43597354293040386
recalibrated,external_test,grud,20260914,3,patient_crps,0.32753778796677424
recalibrated,external_test,grud,20260914,3,coverage_90,0.8834720644974018
recalibrated,external_test,grud,20260914,3,coverage_error_90,0.016527935502598234
recalibrated,external_test,grud,20260914,3,mean_interval_width_scaled,1.8250670933095363
recalibrated,external_test,grud,20260914,3,patient_nll,0.8935047087111586
recalibrated,external_test,grud,20260914,3,mask_brier,0.06047569339262788
recalibrated,external_test,grud,20260914,6,patient_nmae,0.48199886170676065
recalibrated,external_test,grud,20260914,6,patient_crps,0.3616832413568067
recalibrated,external_test,grud,20260914,6,coverage_90,0.8897213465346979
recalibrated,external_test,grud,20260914,6,coverage_error_90,0.010278653465302101
recalibrated,external_test,grud,20260914,6,mean_interval_width_scaled,2.0676815558850703
recalibrated,external_test,grud,20260914,6,patient_nll,1.0066127402383767
recalibrated,external_test,grud,20260914,6,mask_brier,0.061480238198321276
recalibrated,external_test,grud,20260914,12,patient_nmae,0.5197925517479932
recalibrated,external_test,grud,20260914,12,patient_crps,0.3867799524418981
recalibrated,external_test,grud,20260914,12,coverage_90,0.8836179679945255
recalibrated,external_test,grud,20260914,12,coverage_error_90,0.0163820320054745
recalibrated,external_test,grud,20260914,12,mean_interval_width_scaled,2.168522536936691
recalibrated,external_test,grud,20260914,12,patient_nll,1.0886126864374712
recalibrated,external_test,grud,20260914,12,mask_brier,0.061442995692068264
recalibrated,external_test,grud,20260914,24,patient_nmae,0.5563406048696
recalibrated,external_test,grud,20260914,24,patient_crps,0.41297047386565133
recalibrated,external_test,grud,20260914,24,coverage_90,0.8865973718298354
recalibrated,external_test,grud,20260914,24,coverage_error_90,0.013402628170164577
recalibrated,external_test,grud,20260914,24,mean_interval_width_scaled,2.325036183496425
recalibrated,external_test,grud,20260914,24,patient_nll,1.1545976643928144
recalibrated,external_test,grud,20260914,24,mask_brier,0.06512483990771613
zero_shot,internal_test,grud,20260915,1,patient_nmae,0.35175554417962945
zero_shot,internal_test,grud,20260915,1,patient_crps,0.2642748696439383
zero_shot,internal_test,grud,20260915,1,coverage_90,0.8626437801956565
zero_shot,internal_test,grud,20260915,1,coverage_error_90,0.03735621980434356
zero_shot,internal_test,grud,20260915,1,mean_interval_width_scaled,1.383434783868909
zero_shot,internal_test,grud,20260915,1,patient_nll,0.6412138099949637
zero_shot,internal_test,grud,20260915,1,mask_brier,0.07654761091228572
zero_shot,internal_test,grud,20260915,3,patient_nmae,0.412955789704769
zero_shot,internal_test,grud,20260915,3,patient_crps,0.30630931063380473
zero_shot,internal_test,grud,20260915,3,coverage_90,0.8503231614393187
zero_shot,internal_test,grud,20260915,3,coverage_error_90,0.04967683856068128
zero_shot,internal_test,grud,20260915,3,mean_interval_width_scaled,1.5638411283942912
zero_shot,internal_test,grud,20260915,3,patient_nll,0.8286839648397563
zero_shot,internal_test,grud,20260915,3,mask_brier,0.07716695829754582
zero_shot,internal_test,grud,20260915,6,patient_nmae,0.4550251522588667
zero_shot,internal_test,grud,20260915,6,patient_crps,0.33603781373418473
zero_shot,internal_test,grud,20260915,6,coverage_90,0.849280139909991
zero_shot,internal_test,grud,20260915,6,coverage_error_90,0.05071986009000906
zero_shot,internal_test,grud,20260915,6,mean_interval_width_scaled,1.7051401045308245
zero_shot,internal_test,grud,20260915,6,patient_nll,0.955614478774068
zero_shot,internal_test,grud,20260915,6,mask_brier,0.07473353551902873
zero_shot,internal_test,grud,20260915,12,patient_nmae,0.49782016513032723
zero_shot,internal_test,grud,20260915,12,patient_crps,0.3636816902849812
zero_shot,internal_test,grud,20260915,12,coverage_90,0.8450036674417283
zero_shot,internal_test,grud,20260915,12,coverage_error_90,0.05499633255827174
zero_shot,internal_test,grud,20260915,12,mean_interval_width_scaled,1.8422077923834221
zero_shot,internal_test,grud,20260915,12,patient_nll,1.0196285703341934
zero_shot,internal_test,grud,20260915,12,mask_brier,0.07305726540245579
zero_shot,internal_test,grud,20260915,24,patient_nmae,0.545661769373193
zero_shot,internal_test,grud,20260915,24,patient_crps,0.3989919844074387
zero_shot,internal_test,grud,20260915,24,coverage_90,0.8401818082634408
zero_shot,internal_test,grud,20260915,24,coverage_error_90,0.05981819173655922
zero_shot,internal_test,grud,20260915,24,mean_interval_width_scaled,1.9921719725822433
zero_shot,internal_test,grud,20260915,24,patient_nll,1.1310518407953183
zero_shot,internal_test,grud,20260915,24,mask_brier,0.07447994353203417
zero_shot,external_test,grud,20260915,1,patient_nmae,0.37800821663165707
zero_shot,external_test,grud,20260915,1,patient_crps,0.2839191247987397
zero_shot,external_test,grud,20260915,1,coverage_90,0.8545211407785517
zero_shot,external_test,grud,20260915,1,coverage_error_90,0.04547885922144834
zero_shot,external_test,grud,20260915,1,mean_interval_width_scaled,1.4515567424240412
zero_shot,external_test,grud,20260915,1,patient_nll,0.7945534808154768
zero_shot,external_test,grud,20260915,1,mask_brier,0.0634435654252445
zero_shot,external_test,grud,20260915,3,patient_nmae,0.4379761920083461
zero_shot,external_test,grud,20260915,3,patient_crps,0.32512347000952646
zero_shot,external_test,grud,20260915,3,coverage_90,0.8464943765809323
zero_shot,external_test,grud,20260915,3,coverage_error_90,0.05350562341906773
zero_shot,external_test,grud,20260915,3,mean_interval_width_scaled,1.6247488794266232
zero_shot,external_test,grud,20260915,3,patient_nll,0.9166297568581381
zero_shot,external_test,grud,20260915,3,mask_brier,0.06103187665873477
zero_shot,external_test,grud,20260915,6,patient_nmae,0.48446110213505555
zero_shot,external_test,grud,20260915,6,patient_crps,0.3577853377366035
zero_shot,external_test,grud,20260915,6,coverage_90,0.8378244886640348
zero_shot,external_test,grud,20260915,6,coverage_error_90,0.06217551133596522
zero_shot,external_test,grud,20260915,6,mean_interval_width_scaled,1.7583270902601926
zero_shot,external_test,grud,20260915,6,patient_nll,1.0291442544627405
zero_shot,external_test,grud,20260915,6,mask_brier,0.06304320400702376
zero_shot,external_test,grud,20260915,12,patient_nmae,0.5234771296969704
zero_shot,external_test,grud,20260915,12,patient_crps,0.38537096328342874
zero_shot,external_test,grud,20260915,12,coverage_90,0.8370830482743614
zero_shot,external_test,grud,20260915,12,coverage_error_90,0.0629169517256386
zero_shot,external_test,grud,20260915,12,mean_interval_width_scaled,1.8954440295222796
zero_shot,external_test,grud,20260915,12,patient_nll,1.1036535599764483
zero_shot,external_test,grud,20260915,12,mask_brier,0.06441513477707764
zero_shot,external_test,grud,20260915,24,patient_nmae,0.5642600744053163
zero_shot,external_test,grud,20260915,24,patient_crps,0.4150387336839621
zero_shot,external_test,grud,20260915,24,coverage_90,0.8395757128510976
zero_shot,external_test,grud,20260915,24,coverage_error_90,0.06042428714890247
zero_shot,external_test,grud,20260915,24,mean_interval_width_scaled,2.050549815568825
zero_shot,external_test,grud,20260915,24,patient_nll,1.1865519227977614
zero_shot,external_test,grud,20260915,24,mask_brier,0.06981834930542122
recalibrated,external_test,grud,20260915,1,patient_nmae,0.37800821611336577
recalibrated,external_test,grud,20260915,1,patient_crps,0.2885196980024774
recalibrated,external_test,grud,20260915,1,coverage_90,0.8963539746046322
recalibrated,external_test,grud,20260915,1,coverage_error_90,0.0036460253953678468
recalibrated,external_test,grud,20260915,1,mean_interval_width_scaled,1.6891940364009075
recalibrated,external_test,grud,20260915,1,patient_nll,0.7699042741145891
recalibrated,external_test,grud,20260915,1,mask_brier,0.0634435654252445
recalibrated,external_test,grud,20260915,3,patient_nmae,0.4379761922288337
recalibrated,external_test,grud,20260915,3,patient_crps,0.32783218753101995
recalibrated,external_test,grud,20260915,3,coverage_90,0.8807481300754632
recalibrated,external_test,grud,20260915,3,coverage_error_90,0.01925186992453687
recalibrated,external_test,grud,20260915,3,mean_interval_width_scaled,1.821887252472785
recalibrated,external_test,grud,20260915,3,patient_nll,0.8964516334160432
recalibrated,external_test,grud,20260915,3,mask_brier,0.06103187665873477
recalibrated,external_test,grud,20260915,6,patient_nmae,0.48446110174906687
recalibrated,external_test,grud,20260915,6,patient_crps,0.36137631447418495
recalibrated,external_test,grud,20260915,6,coverage_90,0.8840698636896249
recalibrated,external_test,grud,20260915,6,coverage_error_90,0.015930136310375098
recalibrated,external_test,grud,20260915,6,mean_interval_width_scaled,2.0387968252780335
recalibrated,external_test,grud,20260915,6,patient_nll,1.002876800537191
recalibrated,external_test,grud,20260915,6,mask_brier,0.06304320400702376
recalibrated,external_test,grud,20260915,12,patient_nmae,0.5234771297863248
recalibrated,external_test,grud,20260915,12,patient_crps,0.3885630835220069
recalibrated,external_test,grud,20260915,12,coverage_90,0.8803199371321091
recalibrated,external_test,grud,20260915,12,coverage_error_90,0.019680062867890924
recalibrated,external_test,grud,20260915,12,mean_interval_width_scaled,2.1700806974831743
recalibrated,external_test,grud,20260915,12,patient_nll,1.0802219450326513
recalibrated,external_test,grud,20260915,12,mask_brier,0.06441513477707764
recalibrated,external_test,grud,20260915,24,patient_nmae,0.5642600747524824
recalibrated,external_test,grud,20260915,24,patient_crps,0.4176599556026097
recalibrated,external_test,grud,20260915,24,coverage_90,0.8763965985664265
recalibrated,external_test,grud,20260915,24,coverage_error_90,0.023603401433573534
recalibrated,external_test,grud,20260915,24,mean_interval_width_scaled,2.293319955051526
recalibrated,external_test,grud,20260915,24,patient_nll,1.1648384005020191
recalibrated,external_test,grud,20260915,24,mask_brier,0.06981834930542122
zero_shot,internal_test,grud,20260916,1,patient_nmae,0.351502920251713
zero_shot,internal_test,grud,20260916,1,patient_crps,0.2634521471563489
zero_shot,internal_test,grud,20260916,1,coverage_90,0.8580850335338372
zero_shot,internal_test,grud,20260916,1,coverage_error_90,0.04191496646616277
zero_shot,internal_test,grud,20260916,1,mean_interval_width_scaled,1.3599064001332193
zero_shot,internal_test,grud,20260916,1,patient_nll,0.6524306967221273
zero_shot,internal_test,grud,20260916,1,mask_brier,0.07646053457138693
zero_shot,internal_test,grud,20260916,3,patient_nmae,0.4115486693255626
zero_shot,internal_test,grud,20260916,3,patient_crps,0.30676047555706476
zero_shot,internal_test,grud,20260916,3,coverage_90,0.8438631690873238
zero_shot,internal_test,grud,20260916,3,coverage_error_90,0.05613683091267618
zero_shot,internal_test,grud,20260916,3,mean_interval_width_scaled,1.534628862050578
zero_shot,internal_test,grud,20260916,3,patient_nll,0.8398960868425277
zero_shot,internal_test,grud,20260916,3,mask_brier,0.0770841813265207
zero_shot,internal_test,grud,20260916,6,patient_nmae,0.45385932883158464
zero_shot,internal_test,grud,20260916,6,patient_crps,0.3347292614320118
zero_shot,internal_test,grud,20260916,6,coverage_90,0.8376672742930873
zero_shot,internal_test,grud,20260916,6,coverage_error_90,0.06233272570691273
zero_shot,internal_test,grud,20260916,6,mean_interval_width_scaled,1.653322618822201
zero_shot,internal_test,grud,20260916,6,patient_nll,0.9609936249275447
zero_shot,internal_test,grud,20260916,6,mask_brier,0.07450526240072414
zero_shot,internal_test,grud,20260916,12,patient_nmae,0.495679071471324
zero_shot,internal_test,grud,20260916,12,patient_crps,0.36336468677475203
zero_shot,internal_test,grud,20260916,12,coverage_90,0.8339546406362714
zero_shot,internal_test,grud,20260916,12,coverage_error_90,0.06604535936372857
zero_shot,internal_test,grud,20260916,12,mean_interval_width_scaled,1.791762384853695
zero_shot,internal_test,grud,20260916,12,patient_nll,1.0338376254591293
zero_shot,internal_test,grud,20260916,12,mask_brier,0.07280094768576952
zero_shot,internal_test,grud,20260916,24,patient_nmae,0.5392865778434943
zero_shot,internal_test,grud,20260916,24,patient_crps,0.39478555242153063
zero_shot,internal_test,grud,20260916,24,coverage_90,0.835425558581285
zero_shot,internal_test,grud,20260916,24,coverage_error_90,0.06457444141871505
zero_shot,internal_test,grud,20260916,24,mean_interval_width_scaled,1.9425186615865102
zero_shot,internal_test,grud,20260916,24,patient_nll,1.1358100701997134
zero_shot,internal_test,grud,20260916,24,mask_brier,0.07417684828872936
zero_shot,external_test,grud,20260916,1,patient_nmae,0.37583533812971287
zero_shot,external_test,grud,20260916,1,patient_crps,0.2821935146704652
zero_shot,external_test,grud,20260916,1,coverage_90,0.8501610731959164
zero_shot,external_test,grud,20260916,1,coverage_error_90,0.04983892680408364
zero_shot,external_test,grud,20260916,1,mean_interval_width_scaled,1.4153593317102773
zero_shot,external_test,grud,20260916,1,patient_nll,0.8011424768552763
zero_shot,external_test,grud,20260916,1,mask_brier,0.06324627631974611
zero_shot,external_test,grud,20260916,3,patient_nmae,0.43594784735228
zero_shot,external_test,grud,20260916,3,patient_crps,0.3241132210618891
zero_shot,external_test,grud,20260916,3,coverage_90,0.8433128176680483
zero_shot,external_test,grud,20260916,3,coverage_error_90,0.05668718233195169
zero_shot,external_test,grud,20260916,3,mean_interval_width_scaled,1.5984343279119717
zero_shot,external_test,grud,20260916,3,patient_nll,0.921693615937919
zero_shot,external_test,grud,20260916,3,mask_brier,0.05987545360818022
zero_shot,external_test,grud,20260916,6,patient_nmae,0.4814560483082449
zero_shot,external_test,grud,20260916,6,patient_crps,0.356720335179048
zero_shot,external_test,grud,20260916,6,coverage_90,0.8366808688569171
zero_shot,external_test,grud,20260916,6,coverage_error_90,0.06331913114308296
zero_shot,external_test,grud,20260916,6,mean_interval_width_scaled,1.738750206959132
zero_shot,external_test,grud,20260916,6,patient_nll,1.0366123647406225
zero_shot,external_test,grud,20260916,6,mask_brier,0.060822520266714926
zero_shot,external_test,grud,20260916,12,patient_nmae,0.521345261103269
zero_shot,external_test,grud,20260916,12,patient_crps,0.38468591525361023
zero_shot,external_test,grud,20260916,12,coverage_90,0.8377324701338588
zero_shot,external_test,grud,20260916,12,coverage_error_90,0.06226752986614126
zero_shot,external_test,grud,20260916,12,mean_interval_width_scaled,1.8881279833275317
zero_shot,external_test,grud,20260916,12,patient_nll,1.1119544812065558
zero_shot,external_test,grud,20260916,12,mask_brier,0.061141392781966786
zero_shot,external_test,grud,20260916,24,patient_nmae,0.5599782691194269
zero_shot,external_test,grud,20260916,24,patient_crps,0.4126805783979355
zero_shot,external_test,grud,20260916,24,coverage_90,0.8416147486455459
zero_shot,external_test,grud,20260916,24,coverage_error_90,0.05838525135445416
zero_shot,external_test,grud,20260916,24,mean_interval_width_scaled,2.029864498106113
zero_shot,external_test,grud,20260916,24,patient_nll,1.1948451984606125
zero_shot,external_test,grud,20260916,24,mask_brier,0.06551030389438743
recalibrated,external_test,grud,20260916,1,patient_nmae,0.37583533797308705
recalibrated,external_test,grud,20260916,1,patient_crps,0.28920436072907707
recalibrated,external_test,grud,20260916,1,coverage_90,0.9079517964607787
recalibrated,external_test,grud,20260916,1,coverage_error_90,0.007951796460778704
recalibrated,external_test,grud,20260916,1,mean_interval_width_scaled,1.758081097744714
recalibrated,external_test,grud,20260916,1,patient_nll,0.7714236859516195
recalibrated,external_test,grud,20260916,1,mask_brier,0.06324627631974611
recalibrated,external_test,grud,20260916,3,patient_nmae,0.4359478476123775
recalibrated,external_test,grud,20260916,3,patient_crps,0.32700658269785265
recalibrated,external_test,grud,20260916,3,coverage_90,0.8800888886306454
recalibrated,external_test,grud,20260916,3,coverage_error_90,0.01991111136935464
recalibrated,external_test,grud,20260916,3,mean_interval_width_scaled,1.8119310337540246
recalibrated,external_test,grud,20260916,3,patient_nll,0.8974929364227893
recalibrated,external_test,grud,20260916,3,mask_brier,0.05987545360818022
recalibrated,external_test,grud,20260916,6,patient_nmae,0.4814560484970058
recalibrated,external_test,grud,20260916,6,patient_crps,0.3604010141953019
recalibrated,external_test,grud,20260916,6,coverage_90,0.8832553392836267
recalibrated,external_test,grud,20260916,6,coverage_error_90,0.016744660716373372
recalibrated,external_test,grud,20260916,6,mean_interval_width_scaled,2.0213435881272224
recalibrated,external_test,grud,20260916,6,patient_nll,1.0066054964076336
recalibrated,external_test,grud,20260916,6,mask_brier,0.060822520266714926
recalibrated,external_test,grud,20260916,12,patient_nmae,0.521345260987547
recalibrated,external_test,grud,20260916,12,patient_crps,0.3882040025259223
recalibrated,external_test,grud,20260916,12,coverage_90,0.8831281305427744
recalibrated,external_test,grud,20260916,12,coverage_error_90,0.01687186945722563
recalibrated,external_test,grud,20260916,12,mean_interval_width_scaled,2.1747098675190366
recalibrated,external_test,grud,20260916,12,patient_nll,1.0863752441878105
recalibrated,external_test,grud,20260916,12,mask_brier,0.061141392781966786
recalibrated,external_test,grud,20260916,24,patient_nmae,0.5599782691469278
recalibrated,external_test,grud,20260916,24,patient_crps,0.41590236979855955
recalibrated,external_test,grud,20260916,24,coverage_90,0.8824206744287334
recalibrated,external_test,grud,20260916,24,coverage_error_90,0.017579325571266624
recalibrated,external_test,grud,20260916,24,mean_interval_width_scaled,2.3048016716967306
recalibrated,external_test,grud,20260916,24,patient_nll,1.169115898886927
recalibrated,external_test,grud,20260916,24,mask_brier,0.06551030389438743
zero_shot,internal_test,transformer,20260912,1,patient_nmae,0.3498277480196991
zero_shot,internal_test,transformer,20260912,1,patient_crps,0.261744844728876
zero_shot,internal_test,transformer,20260912,1,coverage_90,0.8573150310793065
zero_shot,internal_test,transformer,20260912,1,coverage_error_90,0.04268496892069351
zero_shot,internal_test,transformer,20260912,1,mean_interval_width_scaled,1.3579786821234079
zero_shot,internal_test,transformer,20260912,1,patient_nll,0.641328099086064
zero_shot,internal_test,transformer,20260912,1,mask_brier,0.0755942964315256
zero_shot,internal_test,transformer,20260912,3,patient_nmae,0.4130939711615237
zero_shot,internal_test,transformer,20260912,3,patient_crps,0.30658015034533637
zero_shot,internal_test,transformer,20260912,3,coverage_90,0.8606512425387989
zero_shot,internal_test,transformer,20260912,3,coverage_error_90,0.039348757461201145
zero_shot,internal_test,transformer,20260912,3,mean_interval_width_scaled,1.6120628780979698
zero_shot,internal_test,transformer,20260912,3,patient_nll,0.8157801754333338
zero_shot,internal_test,transformer,20260912,3,mask_brier,0.07686456025624967
zero_shot,internal_test,transformer,20260912,6,patient_nmae,0.4537603677636063
zero_shot,internal_test,transformer,20260912,6,patient_crps,0.3350754912196438
zero_shot,internal_test,transformer,20260912,6,coverage_90,0.8532247742150549
zero_shot,internal_test,transformer,20260912,6,coverage_error_90,0.046775225784945085
zero_shot,internal_test,transformer,20260912,6,mean_interval_width_scaled,1.7598979248272546
zero_shot,internal_test,transformer,20260912,6,patient_nll,0.9856944355227176
zero_shot,internal_test,transformer,20260912,6,mask_brier,0.07389543552635845
zero_shot,internal_test,transformer,20260912,12,patient_nmae,0.49395030440921156
zero_shot,internal_test,transformer,20260912,12,patient_crps,0.3626936225282411
zero_shot,internal_test,transformer,20260912,12,coverage_90,0.8523928450289783
zero_shot,internal_test,transformer,20260912,12,coverage_error_90,0.04760715497102175
zero_shot,internal_test,transformer,20260912,12,mean_interval_width_scaled,1.9245182330027115
zero_shot,internal_test,transformer,20260912,12,patient_nll,1.05774157285259
zero_shot,internal_test,transformer,20260912,12,mask_brier,0.07226844776803333
zero_shot,internal_test,transformer,20260912,24,patient_nmae,0.5385638526514265
zero_shot,internal_test,transformer,20260912,24,patient_crps,0.3970937804288539
zero_shot,internal_test,transformer,20260912,24,coverage_90,0.8580935970665668
zero_shot,internal_test,transformer,20260912,24,coverage_error_90,0.04190640293343317
zero_shot,internal_test,transformer,20260912,24,mean_interval_width_scaled,2.118404405844528
zero_shot,internal_test,transformer,20260912,24,patient_nll,1.1489498747899045
zero_shot,internal_test,transformer,20260912,24,mask_brier,0.0741472659861772
zero_shot,external_test,transformer,20260912,1,patient_nmae,0.3762525925625389
zero_shot,external_test,transformer,20260912,1,patient_crps,0.2823163314454869
zero_shot,external_test,transformer,20260912,1,coverage_90,0.8523514649782657
zero_shot,external_test,transformer,20260912,1,coverage_error_90,0.04764853502173427
zero_shot,external_test,transformer,20260912,1,mean_interval_width_scaled,1.4279966221330804
zero_shot,external_test,transformer,20260912,1,patient_nll,0.778961904019264
zero_shot,external_test,transformer,20260912,1,mask_brier,0.0624071682227344
zero_shot,external_test,transformer,20260912,3,patient_nmae,0.4372051729206471
zero_shot,external_test,transformer,20260912,3,patient_crps,0.324749218858843
zero_shot,external_test,transformer,20260912,3,coverage_90,0.8592219671933655
zero_shot,external_test,transformer,20260912,3,coverage_error_90,0.0407780328066345
zero_shot,external_test,transformer,20260912,3,mean_interval_width_scaled,1.7044740885499237
zero_shot,external_test,transformer,20260912,3,patient_nll,0.8965752090506226
zero_shot,external_test,transformer,20260912,3,mask_brier,0.05899737917992638
zero_shot,external_test,transformer,20260912,6,patient_nmae,0.4817000228598004
zero_shot,external_test,transformer,20260912,6,patient_crps,0.35638171926413165
zero_shot,external_test,transformer,20260912,6,coverage_90,0.8537338323722451
zero_shot,external_test,transformer,20260912,6,coverage_error_90,0.04626616762775493
zero_shot,external_test,transformer,20260912,6,mean_interval_width_scaled,1.8688398546650997
zero_shot,external_test,transformer,20260912,6,patient_nll,1.013456522591885
zero_shot,external_test,transformer,20260912,6,mask_brier,0.05995820868455803
zero_shot,external_test,transformer,20260912,12,patient_nmae,0.5186350327786623
zero_shot,external_test,transformer,20260912,12,patient_crps,0.38316956976068206
zero_shot,external_test,transformer,20260912,12,coverage_90,0.863260737758559
zero_shot,external_test,transformer,20260912,12,coverage_error_90,0.03673926224144097
zero_shot,external_test,transformer,20260912,12,mean_interval_width_scaled,2.0637662811344573
zero_shot,external_test,transformer,20260912,12,patient_nll,1.0887041786108411
zero_shot,external_test,transformer,20260912,12,mask_brier,0.06179497627809259
zero_shot,external_test,transformer,20260912,24,patient_nmae,0.5566634202937727
zero_shot,external_test,transformer,20260912,24,patient_crps,0.41226389877431674
zero_shot,external_test,transformer,20260912,24,coverage_90,0.8704092600421854
zero_shot,external_test,transformer,20260912,24,coverage_error_90,0.029590739957814582
zero_shot,external_test,transformer,20260912,24,mean_interval_width_scaled,2.2750763796656233
zero_shot,external_test,transformer,20260912,24,patient_nll,1.1842723000783848
zero_shot,external_test,transformer,20260912,24,mask_brier,0.06856043082124254
recalibrated,external_test,transformer,20260912,1,patient_nmae,0.3762525927301835
recalibrated,external_test,transformer,20260912,1,patient_crps,0.2876714917897731
recalibrated,external_test,transformer,20260912,1,coverage_90,0.8993098489891905
recalibrated,external_test,transformer,20260912,1,coverage_error_90,0.0006901510108094921
recalibrated,external_test,transformer,20260912,1,mean_interval_width_scaled,1.7022550898005429
recalibrated,external_test,transformer,20260912,1,patient_nll,0.7514398173559961
recalibrated,external_test,transformer,20260912,1,mask_brier,0.0624071682227344
recalibrated,external_test,transformer,20260912,3,patient_nmae,0.43720517335556924
recalibrated,external_test,transformer,20260912,3,patient_crps,0.32687319510671925
recalibrated,external_test,transformer,20260912,3,coverage_90,0.8814231006431448
recalibrated,external_test,transformer,20260912,3,coverage_error_90,0.018576899356855248
recalibrated,external_test,transformer,20260912,3,mean_interval_width_scaled,1.8413628179670267
recalibrated,external_test,transformer,20260912,3,patient_nll,0.8885873461552704
recalibrated,external_test,transformer,20260912,3,mask_brier,0.05899737917992638
recalibrated,external_test,transformer,20260912,6,patient_nmae,0.48170002260671074
recalibrated,external_test,transformer,20260912,6,patient_crps,0.36088906451859903
recalibrated,external_test,transformer,20260912,6,coverage_90,0.8936582763863935
recalibrated,external_test,transformer,20260912,6,coverage_error_90,0.00634172361360652
recalibrated,external_test,transformer,20260912,6,mean_interval_width_scaled,2.1398104582290847
recalibrated,external_test,transformer,20260912,6,patient_nll,1.0042841453260614
recalibrated,external_test,transformer,20260912,6,mask_brier,0.05995820868455803
recalibrated,external_test,transformer,20260912,12,patient_nmae,0.5186350329575298
recalibrated,external_test,transformer,20260912,12,patient_crps,0.3863653508101889
recalibrated,external_test,transformer,20260912,12,coverage_90,0.8893976924918794
recalibrated,external_test,transformer,20260912,12,coverage_error_90,0.010602307508120634
recalibrated,external_test,transformer,20260912,12,mean_interval_width_scaled,2.2589438782865283
recalibrated,external_test,transformer,20260912,12,patient_nll,1.0841919790177987
recalibrated,external_test,transformer,20260912,12,mask_brier,0.06179497627809259
recalibrated,external_test,transformer,20260912,24,patient_nmae,0.5566634203997427
recalibrated,external_test,transformer,20260912,24,patient_crps,0.413572386418861
recalibrated,external_test,transformer,20260912,24,coverage_90,0.880540629681884
recalibrated,external_test,transformer,20260912,24,coverage_error_90,0.019459370318116065
recalibrated,external_test,transformer,20260912,24,mean_interval_width_scaled,2.3566252281691207
recalibrated,external_test,transformer,20260912,24,patient_nll,1.1810953586373403
recalibrated,external_test,transformer,20260912,24,mask_brier,0.06856043082124254
zero_shot,internal_test,transformer,20260913,1,patient_nmae,0.3521791911847552
zero_shot,internal_test,transformer,20260913,1,patient_crps,0.2636635604836444
zero_shot,internal_test,transformer,20260913,1,coverage_90,0.8633570431966462
zero_shot,internal_test,transformer,20260913,1,coverage_error_90,0.03664295680335383
zero_shot,internal_test,transformer,20260913,1,mean_interval_width_scaled,1.3948267397886758
zero_shot,internal_test,transformer,20260913,1,patient_nll,0.6399783279458745
zero_shot,internal_test,transformer,20260913,1,mask_brier,0.07560348323487776
zero_shot,internal_test,transformer,20260913,3,patient_nmae,0.4166121483433858
zero_shot,internal_test,transformer,20260913,3,patient_crps,0.30845979490128406
zero_shot,internal_test,transformer,20260913,3,coverage_90,0.8702694780901613
zero_shot,internal_test,transformer,20260913,3,coverage_error_90,0.029730521909838714
zero_shot,internal_test,transformer,20260913,3,mean_interval_width_scaled,1.67037703256884
zero_shot,internal_test,transformer,20260913,3,patient_nll,0.8133221863235285
zero_shot,internal_test,transformer,20260913,3,mask_brier,0.07687606921616763
zero_shot,internal_test,transformer,20260913,6,patient_nmae,0.461262746815272
zero_shot,internal_test,transformer,20260913,6,patient_crps,0.33953317451398346
zero_shot,internal_test,transformer,20260913,6,coverage_90,0.8642103273800051
zero_shot,internal_test,transformer,20260913,6,coverage_error_90,0.03578967261999488
zero_shot,internal_test,transformer,20260913,6,mean_interval_width_scaled,1.8268171163963751
zero_shot,internal_test,transformer,20260913,6,patient_nll,0.9463623262382629
zero_shot,internal_test,transformer,20260913,6,mask_brier,0.07406542299703008
zero_shot,internal_test,transformer,20260913,12,patient_nmae,0.5020501997303319
zero_shot,internal_test,transformer,20260913,12,patient_crps,0.3673844127663444
zero_shot,internal_test,transformer,20260913,12,coverage_90,0.8638368954132953
zero_shot,internal_test,transformer,20260913,12,coverage_error_90,0.036163104586704686
zero_shot,internal_test,transformer,20260913,12,mean_interval_width_scaled,2.028439549017652
zero_shot,internal_test,transformer,20260913,12,patient_nll,1.0214821821099322
zero_shot,internal_test,transformer,20260913,12,mask_brier,0.07256424234360727
zero_shot,internal_test,transformer,20260913,24,patient_nmae,0.5489369554996034
zero_shot,internal_test,transformer,20260913,24,patient_crps,0.4027189583034055
zero_shot,internal_test,transformer,20260913,24,coverage_90,0.8703797010839593
zero_shot,internal_test,transformer,20260913,24,coverage_error_90,0.029620298916040677
zero_shot,internal_test,transformer,20260913,24,mean_interval_width_scaled,2.2435368816519237
zero_shot,internal_test,transformer,20260913,24,patient_nll,1.1416819097989617
zero_shot,internal_test,transformer,20260913,24,mask_brier,0.0744360451499362
zero_shot,external_test,transformer,20260913,1,patient_nmae,0.3786294081331854
zero_shot,external_test,transformer,20260913,1,patient_crps,0.2845963735406883
zero_shot,external_test,transformer,20260913,1,coverage_90,0.8627606489092551
zero_shot,external_test,transformer,20260913,1,coverage_error_90,0.03723935109074494
zero_shot,external_test,transformer,20260913,1,mean_interval_width_scaled,1.4835094414806038
zero_shot,external_test,transformer,20260913,1,patient_nll,0.7864535264636173
zero_shot,external_test,transformer,20260913,1,mask_brier,0.06331641086643765
zero_shot,external_test,transformer,20260913,3,patient_nmae,0.44164726807108323
zero_shot,external_test,transformer,20260913,3,patient_crps,0.32856160431011544
zero_shot,external_test,transformer,20260913,3,coverage_90,0.8738430499479526
zero_shot,external_test,transformer,20260913,3,coverage_error_90,0.026156950052047434
zero_shot,external_test,transformer,20260913,3,mean_interval_width_scaled,1.803531808054959
zero_shot,external_test,transformer,20260913,3,patient_nll,0.902184084623908
zero_shot,external_test,transformer,20260913,3,mask_brier,0.058897939323009435
zero_shot,external_test,transformer,20260913,6,patient_nmae,0.487355493209532
zero_shot,external_test,transformer,20260913,6,patient_crps,0.3608466401383401
zero_shot,external_test,transformer,20260913,6,coverage_90,0.8736095296711026
zero_shot,external_test,transformer,20260913,6,coverage_error_90,0.02639047032889741
zero_shot,external_test,transformer,20260913,6,mean_interval_width_scaled,2.010373942674606
zero_shot,external_test,transformer,20260913,6,patient_nll,1.0114620592092094
zero_shot,external_test,transformer,20260913,6,mask_brier,0.05946942304979534
zero_shot,external_test,transformer,20260913,12,patient_nmae,0.5273265003742187
zero_shot,external_test,transformer,20260913,12,patient_crps,0.38973992556424897
zero_shot,external_test,transformer,20260913,12,coverage_90,0.8840027553479599
zero_shot,external_test,transformer,20260913,12,coverage_error_90,0.01599724465204011
zero_shot,external_test,transformer,20260913,12,mean_interval_width_scaled,2.2590071751723872
zero_shot,external_test,transformer,20260913,12,patient_nll,1.0993425044124265
zero_shot,external_test,transformer,20260913,12,mask_brier,0.06153094563450335
zero_shot,external_test,transformer,20260913,24,patient_nmae,0.5696882785758006
zero_shot,external_test,transformer,20260913,24,patient_crps,0.4227618423106968
zero_shot,external_test,transformer,20260913,24,coverage_90,0.8903436129650332
zero_shot,external_test,transformer,20260913,24,coverage_error_90,0.009656387034966851
zero_shot,external_test,transformer,20260913,24,mean_interval_width_scaled,2.517881847868565
zero_shot,external_test,transformer,20260913,24,patient_nll,1.188220885531957
zero_shot,external_test,transformer,20260913,24,mask_brier,0.0700640309986913
recalibrated,external_test,transformer,20260913,1,patient_nmae,0.3786294081809304
recalibrated,external_test,transformer,20260913,1,patient_crps,0.28950957915879516
recalibrated,external_test,transformer,20260913,1,coverage_90,0.9015876371811599
recalibrated,external_test,transformer,20260913,1,coverage_error_90,0.00158763718115984
recalibrated,external_test,transformer,20260913,1,mean_interval_width_scaled,1.7196384492271377
recalibrated,external_test,transformer,20260913,1,patient_nll,0.767230359118406
recalibrated,external_test,transformer,20260913,1,mask_brier,0.06331641086643765
recalibrated,external_test,transformer,20260913,3,patient_nmae,0.4416472680412596
recalibrated,external_test,transformer,20260913,3,patient_crps,0.3292466154324688
recalibrated,external_test,transformer,20260913,3,coverage_90,0.8802956762232194
recalibrated,external_test,transformer,20260913,3,coverage_error_90,0.019704323776780663
recalibrated,external_test,transformer,20260913,3,mean_interval_width_scaled,1.8441706824821698
recalibrated,external_test,transformer,20260913,3,patient_nll,0.900762576758199
recalibrated,external_test,transformer,20260913,3,mask_brier,0.058897939323009435
recalibrated,external_test,transformer,20260913,6,patient_nmae,0.48735549384776966
recalibrated,external_test,transformer,20260913,6,patient_crps,0.3634081172740353
recalibrated,external_test,transformer,20260913,6,coverage_90,0.8926286016291434
recalibrated,external_test,transformer,20260913,6,coverage_error_90,0.007371398370856652
recalibrated,external_test,transformer,20260913,6,mean_interval_width_scaled,2.1514728881098297
recalibrated,external_test,transformer,20260913,6,patient_nll,1.011749113361533
recalibrated,external_test,transformer,20260913,6,mask_brier,0.05946942304979534
recalibrated,external_test,transformer,20260913,12,patient_nmae,0.5273265004021508
recalibrated,external_test,transformer,20260913,12,patient_crps,0.39060553091049705
recalibrated,external_test,transformer,20260913,12,coverage_90,0.8898499086194315
recalibrated,external_test,transformer,20260913,12,coverage_error_90,0.010150091380568549
recalibrated,external_test,transformer,20260913,12,mean_interval_width_scaled,2.30596138786954
recalibrated,external_test,transformer,20260913,12,patient_nll,1.0999775843280166
recalibrated,external_test,transformer,20260913,12,mask_brier,0.06153094563450335
recalibrated,external_test,transformer,20260913,24,patient_nmae,0.5696882785020309
recalibrated,external_test,transformer,20260913,24,patient_crps,0.4212586771359841
recalibrated,external_test,transformer,20260913,24,coverage_90,0.8818508108751987
recalibrated,external_test,transformer,20260913,24,coverage_error_90,0.018149189124801346
recalibrated,external_test,transformer,20260913,24,mean_interval_width_scaled,2.43748895810453
recalibrated,external_test,transformer,20260913,24,patient_nll,1.1871874124174242
recalibrated,external_test,transformer,20260913,24,mask_brier,0.0700640309986913
zero_shot,internal_test,transformer,20260914,1,patient_nmae,0.3516125177775115
zero_shot,internal_test,transformer,20260914,1,patient_crps,0.2637999022803648
zero_shot,internal_test,transformer,20260914,1,coverage_90,0.8664927609914481
zero_shot,internal_test,transformer,20260914,1,coverage_error_90,0.0335072390085519
zero_shot,internal_test,transformer,20260914,1,mean_interval_width_scaled,1.3972050791231083
zero_shot,internal_test,transformer,20260914,1,patient_nll,0.6277382987594436
zero_shot,internal_test,transformer,20260914,1,mask_brier,0.07551523073705335
zero_shot,internal_test,transformer,20260914,3,patient_nmae,0.4135400075504731
zero_shot,internal_test,transformer,20260914,3,patient_crps,0.30779331304542207
zero_shot,internal_test,transformer,20260914,3,coverage_90,0.8695278323826289
zero_shot,internal_test,transformer,20260914,3,coverage_error_90,0.03047216761737115
zero_shot,internal_test,transformer,20260914,3,mean_interval_width_scaled,1.6723027774094292
zero_shot,internal_test,transformer,20260914,3,patient_nll,0.8166438265605016
zero_shot,internal_test,transformer,20260914,3,mask_brier,0.07691029840900458
zero_shot,internal_test,transformer,20260914,6,patient_nmae,0.4545840895628961
zero_shot,internal_test,transformer,20260914,6,patient_crps,0.3359805435802917
zero_shot,internal_test,transformer,20260914,6,coverage_90,0.8604510710188829
zero_shot,internal_test,transformer,20260914,6,coverage_error_90,0.03954892898111717
zero_shot,internal_test,transformer,20260914,6,mean_interval_width_scaled,1.8157368412035104
zero_shot,internal_test,transformer,20260914,6,patient_nll,0.9370701737007029
zero_shot,internal_test,transformer,20260914,6,mask_brier,0.07412851734765903
zero_shot,internal_test,transformer,20260914,12,patient_nmae,0.49518432953650626
zero_shot,internal_test,transformer,20260914,12,patient_crps,0.36391018704340095
zero_shot,internal_test,transformer,20260914,12,coverage_90,0.8639322343994859
zero_shot,internal_test,transformer,20260914,12,coverage_error_90,0.03606776560051417
zero_shot,internal_test,transformer,20260914,12,mean_interval_width_scaled,1.9916985454781515
zero_shot,internal_test,transformer,20260914,12,patient_nll,1.0310381199386935
zero_shot,internal_test,transformer,20260914,12,mask_brier,0.07254056103131742
zero_shot,internal_test,transformer,20260914,24,patient_nmae,0.5408343513710089
zero_shot,internal_test,transformer,20260914,24,patient_crps,0.3982917214845175
zero_shot,internal_test,transformer,20260914,24,coverage_90,0.8643014455567377
zero_shot,internal_test,transformer,20260914,24,coverage_error_90,0.03569855444326231
zero_shot,internal_test,transformer,20260914,24,mean_interval_width_scaled,2.16030086231776
zero_shot,internal_test,transformer,20260914,24,patient_nll,1.1204144840226213
zero_shot,internal_test,transformer,20260914,24,mask_brier,0.07431843153388427
zero_shot,external_test,transformer,20260914,1,patient_nmae,0.37693514351307705
zero_shot,external_test,transformer,20260914,1,patient_crps,0.28325124794363765
zero_shot,external_test,transformer,20260914,1,coverage_90,0.858849840242209
zero_shot,external_test,transformer,20260914,1,coverage_error_90,0.041150159757791016
zero_shot,external_test,transformer,20260914,1,mean_interval_width_scaled,1.4604644707855274
zero_shot,external_test,transformer,20260914,1,patient_nll,0.7755400114179277
zero_shot,external_test,transformer,20260914,1,mask_brier,0.06278431531144239
zero_shot,external_test,transformer,20260914,3,patient_nmae,0.43937496439679385
zero_shot,external_test,transformer,20260914,3,patient_crps,0.3273428156416516
zero_shot,external_test,transformer,20260914,3,coverage_90,0.8687382116352591
zero_shot,external_test,transformer,20260914,3,coverage_error_90,0.03126178836474092
zero_shot,external_test,transformer,20260914,3,mean_interval_width_scaled,1.7682994735122985
zero_shot,external_test,transformer,20260914,3,patient_nll,0.8930389117940881
zero_shot,external_test,transformer,20260914,3,mask_brier,0.06002358115944037
zero_shot,external_test,transformer,20260914,6,patient_nmae,0.48398148446567324
zero_shot,external_test,transformer,20260914,6,patient_crps,0.35922376354888663
zero_shot,external_test,transformer,20260914,6,coverage_90,0.8645625027226007
zero_shot,external_test,transformer,20260914,6,coverage_error_90,0.03543749727739931
zero_shot,external_test,transformer,20260914,6,mean_interval_width_scaled,1.9396767592469737
zero_shot,external_test,transformer,20260914,6,patient_nll,1.004221377950677
zero_shot,external_test,transformer,20260914,6,mask_brier,0.06169384410508508
zero_shot,external_test,transformer,20260914,12,patient_nmae,0.520621818800447
zero_shot,external_test,transformer,20260914,12,patient_crps,0.3856601394411074
zero_shot,external_test,transformer,20260914,12,coverage_90,0.8705252668570845
zero_shot,external_test,transformer,20260914,12,coverage_error_90,0.029474733142915488
zero_shot,external_test,transformer,20260914,12,mean_interval_width_scaled,2.1346585731034113
zero_shot,external_test,transformer,20260914,12,patient_nll,1.0928539840804148
zero_shot,external_test,transformer,20260914,12,mask_brier,0.0630947516958603
zero_shot,external_test,transformer,20260914,24,patient_nmae,0.5576373508729605
zero_shot,external_test,transformer,20260914,24,patient_crps,0.41412003093260646
zero_shot,external_test,transformer,20260914,24,coverage_90,0.8742296789053604
zero_shot,external_test,transformer,20260914,24,coverage_error_90,0.025770321094639614
zero_shot,external_test,transformer,20260914,24,mean_interval_width_scaled,2.3213910165853147
zero_shot,external_test,transformer,20260914,24,patient_nll,1.1751826818580735
zero_shot,external_test,transformer,20260914,24,mask_brier,0.06838359683483805
recalibrated,external_test,transformer,20260914,1,patient_nmae,0.37693514370098435
recalibrated,external_test,transformer,20260914,1,patient_crps,0.2881641086733599
recalibrated,external_test,transformer,20260914,1,coverage_90,0.9001635704980573
recalibrated,external_test,transformer,20260914,1,coverage_error_90,0.00016357049805726387
recalibrated,external_test,transformer,20260914,1,mean_interval_width_scaled,1.7038662753525362
recalibrated,external_test,transformer,20260914,1,patient_nll,0.7562499801607666
recalibrated,external_test,transformer,20260914,1,mask_brier,0.06278431531144239
recalibrated,external_test,transformer,20260914,3,patient_nmae,0.43937496459919884
recalibrated,external_test,transformer,20260914,3,patient_crps,0.32824082879689814
recalibrated,external_test,transformer,20260914,3,coverage_90,0.8780085476605201
recalibrated,external_test,transformer,20260914,3,coverage_error_90,0.021991452339479967
recalibrated,external_test,transformer,20260914,3,mean_interval_width_scaled,1.8238463582259286
recalibrated,external_test,transformer,20260914,3,patient_nll,0.8907390429290877
recalibrated,external_test,transformer,20260914,3,mask_brier,0.06002358115944037
recalibrated,external_test,transformer,20260914,6,patient_nmae,0.48398148463293106
recalibrated,external_test,transformer,20260914,6,patient_crps,0.3623479215708025
recalibrated,external_test,transformer,20260914,6,coverage_90,0.8898559836583468
recalibrated,external_test,transformer,20260914,6,coverage_error_90,0.010144016341653184
recalibrated,external_test,transformer,20260914,6,mean_interval_width_scaled,2.1197363798991096
recalibrated,external_test,transformer,20260914,6,patient_nll,1.001659659332954
recalibrated,external_test,transformer,20260914,6,mask_brier,0.06169384410508508
recalibrated,external_test,transformer,20260914,12,patient_nmae,0.5206218190659881
recalibrated,external_test,transformer,20260914,12,patient_crps,0.38789224160839875
recalibrated,external_test,transformer,20260914,12,coverage_90,0.8868207047236025
recalibrated,external_test,transformer,20260914,12,coverage_error_90,0.013179295276397496
recalibrated,external_test,transformer,20260914,12,mean_interval_width_scaled,2.2642485053744186
recalibrated,external_test,transformer,20260914,12,patient_nll,1.0909824982496306
recalibrated,external_test,transformer,20260914,12,mask_brier,0.0630947516958603
recalibrated,external_test,transformer,20260914,24,patient_nmae,0.5576373507753078
recalibrated,external_test,transformer,20260914,24,patient_crps,0.41513260482376746
recalibrated,external_test,transformer,20260914,24,coverage_90,0.8818569419098737
recalibrated,external_test,transformer,20260914,24,coverage_error_90,0.018143058090126285
recalibrated,external_test,transformer,20260914,24,mean_interval_width_scaled,2.381107985436863
recalibrated,external_test,transformer,20260914,24,patient_nll,1.1739461295609126
recalibrated,external_test,transformer,20260914,24,mask_brier,0.06838359683483805
zero_shot,internal_test,transformer,20260915,1,patient_nmae,0.3505814040429023
zero_shot,internal_test,transformer,20260915,1,patient_crps,0.26292609981214893
zero_shot,internal_test,transformer,20260915,1,coverage_90,0.8632385535584122
zero_shot,internal_test,transformer,20260915,1,coverage_error_90,0.03676144644158785
zero_shot,internal_test,transformer,20260915,1,mean_interval_width_scaled,1.3784175371568002
zero_shot,internal_test,transformer,20260915,1,patient_nll,0.6261461414190661
zero_shot,internal_test,transformer,20260915,1,mask_brier,0.07567544521960726
zero_shot,internal_test,transformer,20260915,3,patient_nmae,0.4134013416294754
zero_shot,internal_test,transformer,20260915,3,patient_crps,0.3071968028795465
zero_shot,internal_test,transformer,20260915,3,coverage_90,0.8664585762042388
zero_shot,internal_test,transformer,20260915,3,coverage_error_90,0.033541423795761194
zero_shot,internal_test,transformer,20260915,3,mean_interval_width_scaled,1.6447490427155897
zero_shot,internal_test,transformer,20260915,3,patient_nll,0.8137920081792515
zero_shot,internal_test,transformer,20260915,3,mask_brier,0.07690338790322072
zero_shot,internal_test,transformer,20260915,6,patient_nmae,0.4525592426530097
zero_shot,internal_test,transformer,20260915,6,patient_crps,0.3349174652251307
zero_shot,internal_test,transformer,20260915,6,coverage_90,0.865934264425392
zero_shot,internal_test,transformer,20260915,6,coverage_error_90,0.034065735574608014
zero_shot,internal_test,transformer,20260915,6,mean_interval_width_scaled,1.7956415199636095
zero_shot,internal_test,transformer,20260915,6,patient_nll,0.9684508120371782
zero_shot,internal_test,transformer,20260915,6,mask_brier,0.07416787611867498
zero_shot,internal_test,transformer,20260915,12,patient_nmae,0.4914559683572584
zero_shot,internal_test,transformer,20260915,12,patient_crps,0.36154881231377733
zero_shot,internal_test,transformer,20260915,12,coverage_90,0.8643297738156037
zero_shot,internal_test,transformer,20260915,12,coverage_error_90,0.0356702261843963
zero_shot,internal_test,transformer,20260915,12,mean_interval_width_scaled,1.9592903535110167
zero_shot,internal_test,transformer,20260915,12,patient_nll,1.0137980446445203
zero_shot,internal_test,transformer,20260915,12,mask_brier,0.07255249351167452
zero_shot,internal_test,transformer,20260915,24,patient_nmae,0.5372478922001905
zero_shot,internal_test,transformer,20260915,24,patient_crps,0.39725202176217855
zero_shot,internal_test,transformer,20260915,24,coverage_90,0.8596319417141705
zero_shot,internal_test,transformer,20260915,24,coverage_error_90,0.04036805828582957
zero_shot,internal_test,transformer,20260915,24,mean_interval_width_scaled,2.1169904360769194
zero_shot,internal_test,transformer,20260915,24,patient_nll,1.1315003771856906
zero_shot,internal_test,transformer,20260915,24,mask_brier,0.07425178925235787
zero_shot,external_test,transformer,20260915,1,patient_nmae,0.3778357423908766
zero_shot,external_test,transformer,20260915,1,patient_crps,0.2834748749947607
zero_shot,external_test,transformer,20260915,1,coverage_90,0.8556226076878769
zero_shot,external_test,transformer,20260915,1,coverage_error_90,0.04437739231212312
zero_shot,external_test,transformer,20260915,1,mean_interval_width_scaled,1.4472981405535703
zero_shot,external_test,transformer,20260915,1,patient_nll,0.7816772745848999
zero_shot,external_test,transformer,20260915,1,mask_brier,0.06276468629002101
zero_shot,external_test,transformer,20260915,3,patient_nmae,0.4392677052258919
zero_shot,external_test,transformer,20260915,3,patient_crps,0.3267141364850362
zero_shot,external_test,transformer,20260915,3,coverage_90,0.8653976848724794
zero_shot,external_test,transformer,20260915,3,coverage_error_90,0.034602315127520655
zero_shot,external_test,transformer,20260915,3,mean_interval_width_scaled,1.7405758640698055
zero_shot,external_test,transformer,20260915,3,patient_nll,0.900202111662311
zero_shot,external_test,transformer,20260915,3,mask_brier,0.06007116751878424
zero_shot,external_test,transformer,20260915,6,patient_nmae,0.4838251954167953
zero_shot,external_test,transformer,20260915,6,patient_crps,0.35863380835087333
zero_shot,external_test,transformer,20260915,6,coverage_90,0.8628421286154158
zero_shot,external_test,transformer,20260915,6,coverage_error_90,0.03715787138458426
zero_shot,external_test,transformer,20260915,6,mean_interval_width_scaled,1.9148252754550847
zero_shot,external_test,transformer,20260915,6,patient_nll,1.0073643663464573
zero_shot,external_test,transformer,20260915,6,mask_brier,0.06146495147248577
zero_shot,external_test,transformer,20260915,12,patient_nmae,0.5192763517887745
zero_shot,external_test,transformer,20260915,12,patient_crps,0.3855245349133043
zero_shot,external_test,transformer,20260915,12,coverage_90,0.8687141145402003
zero_shot,external_test,transformer,20260915,12,coverage_error_90,0.03128588545979971
zero_shot,external_test,transformer,20260915,12,mean_interval_width_scaled,2.1167253867157956
zero_shot,external_test,transformer,20260915,12,patient_nll,1.0879673821076676
zero_shot,external_test,transformer,20260915,12,mask_brier,0.06325684351458558
zero_shot,external_test,transformer,20260915,24,patient_nmae,0.5580518022823581
zero_shot,external_test,transformer,20260915,24,patient_crps,0.4156948445869098
zero_shot,external_test,transformer,20260915,24,coverage_90,0.8730846991367567
zero_shot,external_test,transformer,20260915,24,coverage_error_90,0.02691530086324334
zero_shot,external_test,transformer,20260915,24,mean_interval_width_scaled,2.309434289783528
zero_shot,external_test,transformer,20260915,24,patient_nll,1.1750848112858132
zero_shot,external_test,transformer,20260915,24,mask_brier,0.06984866851936292
recalibrated,external_test,transformer,20260915,1,patient_nmae,0.37783574228514555
recalibrated,external_test,transformer,20260915,1,patient_crps,0.2887628599953456
recalibrated,external_test,transformer,20260915,1,coverage_90,0.9012832910192946
recalibrated,external_test,transformer,20260915,1,coverage_error_90,0.0012832910192945857
recalibrated,external_test,transformer,20260915,1,mean_interval_width_scaled,1.7135689305804607
recalibrated,external_test,transformer,20260915,1,patient_nll,0.7589312103824832
recalibrated,external_test,transformer,20260915,1,mask_brier,0.06276468629002101
recalibrated,external_test,transformer,20260915,3,patient_nmae,0.4392677050585067
recalibrated,external_test,transformer,20260915,3,patient_crps,0.3281572984321024
recalibrated,external_test,transformer,20260915,3,coverage_90,0.8801020486542824
recalibrated,external_test,transformer,20260915,3,coverage_error_90,0.01989795134571759
recalibrated,external_test,transformer,20260915,3,mean_interval_width_scaled,1.832404711392077
recalibrated,external_test,transformer,20260915,3,patient_nll,0.8953300341553875
recalibrated,external_test,transformer,20260915,3,mask_brier,0.06007116751878424
recalibrated,external_test,transformer,20260915,6,patient_nmae,0.48382519547203157
recalibrated,external_test,transformer,20260915,6,patient_crps,0.36080935259062247
recalibrated,external_test,transformer,20260915,6,coverage_90,0.8828175390689014
recalibrated,external_test,transformer,20260915,6,coverage_error_90,0.017182460931098653
recalibrated,external_test,transformer,20260915,6,mean_interval_width_scaled,2.054772240461316
recalibrated,external_test,transformer,20260915,6,patient_nll,1.00196138180819
recalibrated,external_test,transformer,20260915,6,mask_brier,0.06146495147248577
recalibrated,external_test,transformer,20260915,12,patient_nmae,0.5192763517241253
recalibrated,external_test,transformer,20260915,12,patient_crps,0.3871242008013679
recalibrated,external_test,transformer,20260915,12,coverage_90,0.8815198275533258
recalibrated,external_test,transformer,20260915,12,coverage_error_90,0.018480172446674215
recalibrated,external_test,transformer,20260915,12,mean_interval_width_scaled,2.214188124658822
recalibrated,external_test,transformer,20260915,12,patient_nll,1.0856995423857956
recalibrated,external_test,transformer,20260915,12,mask_brier,0.06325684351458558
recalibrated,external_test,transformer,20260915,24,patient_nmae,0.5580518022314668
recalibrated,external_test,transformer,20260915,24,patient_crps,0.4164362189980062
recalibrated,external_test,transformer,20260915,24,coverage_90,0.878567562395155
recalibrated,external_test,transformer,20260915,24,coverage_error_90,0.021432437604845034
recalibrated,external_test,transformer,20260915,24,mean_interval_width_scaled,2.353710382656363
recalibrated,external_test,transformer,20260915,24,patient_nll,1.1738259954947543
recalibrated,external_test,transformer,20260915,24,mask_brier,0.06984866851936292
zero_shot,internal_test,transformer,20260916,1,patient_nmae,0.34851557230536234
zero_shot,internal_test,transformer,20260916,1,patient_crps,0.2610968700059655
zero_shot,internal_test,transformer,20260916,1,coverage_90,0.8476292278505212
zero_shot,internal_test,transformer,20260916,1,coverage_error_90,0.05237077214947883
zero_shot,internal_test,transformer,20260916,1,mean_interval_width_scaled,1.3156632923577736
zero_shot,internal_test,transformer,20260916,1,patient_nll,0.6428718065200092
zero_shot,internal_test,transformer,20260916,1,mask_brier,0.07524821286986381
zero_shot,internal_test,transformer,20260916,3,patient_nmae,0.4105909947501768
zero_shot,internal_test,transformer,20260916,3,patient_crps,0.30560576513574755
zero_shot,internal_test,transformer,20260916,3,coverage_90,0.8489547341070554
zero_shot,internal_test,transformer,20260916,3,coverage_error_90,0.05104526589294467
zero_shot,internal_test,transformer,20260916,3,mean_interval_width_scaled,1.5658116657084278
zero_shot,internal_test,transformer,20260916,3,patient_nll,0.8270013070321814
zero_shot,internal_test,transformer,20260916,3,mask_brier,0.07686704833968545
zero_shot,internal_test,transformer,20260916,6,patient_nmae,0.4532706700083992
zero_shot,internal_test,transformer,20260916,6,patient_crps,0.3341659282447906
zero_shot,internal_test,transformer,20260916,6,coverage_90,0.839347391989035
zero_shot,internal_test,transformer,20260916,6,coverage_error_90,0.06065260801096506
zero_shot,internal_test,transformer,20260916,6,mean_interval_width_scaled,1.6845365197021447
zero_shot,internal_test,transformer,20260916,6,patient_nll,0.9644414701041478
zero_shot,internal_test,transformer,20260916,6,mask_brier,0.07416437197530489
zero_shot,internal_test,transformer,20260916,12,patient_nmae,0.49265999989798576
zero_shot,internal_test,transformer,20260916,12,patient_crps,0.3617732444217818
zero_shot,internal_test,transformer,20260916,12,coverage_90,0.8361799555414693
zero_shot,internal_test,transformer,20260916,12,coverage_error_90,0.06382004445853073
zero_shot,internal_test,transformer,20260916,12,mean_interval_width_scaled,1.8399563870376456
zero_shot,internal_test,transformer,20260916,12,patient_nll,1.0247457412966519
zero_shot,internal_test,transformer,20260916,12,mask_brier,0.07272870755853168
zero_shot,internal_test,transformer,20260916,24,patient_nmae,0.5366902300558526
zero_shot,internal_test,transformer,20260916,24,patient_crps,0.39388255321568877
zero_shot,internal_test,transformer,20260916,24,coverage_90,0.8394666300013728
zero_shot,internal_test,transformer,20260916,24,coverage_error_90,0.06053336999862724
zero_shot,internal_test,transformer,20260916,24,mean_interval_width_scaled,1.9899755390109104
zero_shot,internal_test,transformer,20260916,24,patient_nll,1.1356912055542592
zero_shot,internal_test,transformer,20260916,24,mask_brier,0.07433045435115375
zero_shot,external_test,transformer,20260916,1,patient_nmae,0.3745293300704606
zero_shot,external_test,transformer,20260916,1,patient_crps,0.2805262879292579
zero_shot,external_test,transformer,20260916,1,coverage_90,0.8405295847085889
zero_shot,external_test,transformer,20260916,1,coverage_error_90,0.05947041529141117
zero_shot,external_test,transformer,20260916,1,mean_interval_width_scaled,1.3666338055045082
zero_shot,external_test,transformer,20260916,1,patient_nll,0.7917505798775886
zero_shot,external_test,transformer,20260916,1,mask_brier,0.06346717490340813
zero_shot,external_test,transformer,20260916,3,patient_nmae,0.4368195496153101
zero_shot,external_test,transformer,20260916,3,patient_crps,0.3239796754109696
zero_shot,external_test,transformer,20260916,3,coverage_90,0.8482339228569173
zero_shot,external_test,transformer,20260916,3,coverage_error_90,0.05176607714308268
zero_shot,external_test,transformer,20260916,3,mean_interval_width_scaled,1.6454871298423512
zero_shot,external_test,transformer,20260916,3,patient_nll,0.9048553409164377
zero_shot,external_test,transformer,20260916,3,mask_brier,0.06083670868579314
zero_shot,external_test,transformer,20260916,6,patient_nmae,0.48076910303825693
zero_shot,external_test,transformer,20260916,6,patient_crps,0.35520181204810763
zero_shot,external_test,transformer,20260916,6,coverage_90,0.8436084004890093
zero_shot,external_test,transformer,20260916,6,coverage_error_90,0.05639159951099071
zero_shot,external_test,transformer,20260916,6,mean_interval_width_scaled,1.799251125330193
zero_shot,external_test,transformer,20260916,6,patient_nll,1.02181739419723
zero_shot,external_test,transformer,20260916,6,mask_brier,0.062194091521001416
zero_shot,external_test,transformer,20260916,12,patient_nmae,0.517779334841175
zero_shot,external_test,transformer,20260916,12,patient_crps,0.38147646110804717
zero_shot,external_test,transformer,20260916,12,coverage_90,0.8501597498617285
zero_shot,external_test,transformer,20260916,12,coverage_error_90,0.049840250138271536
zero_shot,external_test,transformer,20260916,12,mean_interval_width_scaled,1.9860247751594453
zero_shot,external_test,transformer,20260916,12,patient_nll,1.094554663912879
zero_shot,external_test,transformer,20260916,12,mask_brier,0.06424789274358035
zero_shot,external_test,transformer,20260916,24,patient_nmae,0.5534502483930864
zero_shot,external_test,transformer,20260916,24,patient_crps,0.4085588092673036
zero_shot,external_test,transformer,20260916,24,coverage_90,0.8573476885008874
zero_shot,external_test,transformer,20260916,24,coverage_error_90,0.04265231149911264
zero_shot,external_test,transformer,20260916,24,mean_interval_width_scaled,2.172139653192228
zero_shot,external_test,transformer,20260916,24,patient_nll,1.177769101411788
zero_shot,external_test,transformer,20260916,24,mask_brier,0.07147733189824054
recalibrated,external_test,transformer,20260916,1,patient_nmae,0.3745293304576786
recalibrated,external_test,transformer,20260916,1,patient_crps,0.2876249615899497
recalibrated,external_test,transformer,20260916,1,coverage_90,0.906299536124898
recalibrated,external_test,transformer,20260916,1,coverage_error_90,0.006299536124897975
recalibrated,external_test,transformer,20260916,1,mean_interval_width_scaled,1.7410583004907794
recalibrated,external_test,transformer,20260916,1,patient_nll,0.751778007542441
recalibrated,external_test,transformer,20260916,1,mask_brier,0.06346717490340813
recalibrated,external_test,transformer,20260916,3,patient_nmae,0.43681954951819907
recalibrated,external_test,transformer,20260916,3,patient_crps,0.3263245763857359
recalibrated,external_test,transformer,20260916,3,coverage_90,0.8780811890251141
recalibrated,external_test,transformer,20260916,3,coverage_error_90,0.021918810974885905
recalibrated,external_test,transformer,20260916,3,mean_interval_width_scaled,1.8170536073271664
recalibrated,external_test,transformer,20260916,3,patient_nll,0.8895619375077054
recalibrated,external_test,transformer,20260916,3,mask_brier,0.06083670868579314
recalibrated,external_test,transformer,20260916,6,patient_nmae,0.4807691029120544
recalibrated,external_test,transformer,20260916,6,patient_crps,0.3586456298551943
recalibrated,external_test,transformer,20260916,6,coverage_90,0.8826456821997765
recalibrated,external_test,transformer,20260916,6,coverage_error_90,0.017354317800223562
recalibrated,external_test,transformer,20260916,6,mean_interval_width_scaled,2.0514847175107334
recalibrated,external_test,transformer,20260916,6,patient_nll,1.0020752416619372
recalibrated,external_test,transformer,20260916,6,mask_brier,0.062194091521001416
recalibrated,external_test,transformer,20260916,12,patient_nmae,0.5177793354344691
recalibrated,external_test,transformer,20260916,12,patient_crps,0.38507980051978274
recalibrated,external_test,transformer,20260916,12,coverage_90,0.8854437326541017
recalibrated,external_test,transformer,20260916,12,coverage_error_90,0.014556267345898322
recalibrated,external_test,transformer,20260916,12,mean_interval_width_scaled,2.2343666549465877
recalibrated,external_test,transformer,20260916,12,patient_nll,1.0822131965245863
recalibrated,external_test,transformer,20260916,12,mask_brier,0.06424789274358035
recalibrated,external_test,transformer,20260916,24,patient_nmae,0.5534502486112907
recalibrated,external_test,transformer,20260916,24,patient_crps,0.411508215327098
recalibrated,external_test,transformer,20260916,24,coverage_90,0.8839490716062425
recalibrated,external_test,transformer,20260916,24,coverage_error_90,0.016050928393757546
recalibrated,external_test,transformer,20260916,24,mean_interval_width_scaled,2.370145300055907
recalibrated,external_test,transformer,20260916,24,patient_nll,1.1676901135073572
recalibrated,external_test,transformer,20260916,24,mask_brier,0.07147733189824054
zero_shot,internal_test,rssm,20260912,1,patient_nmae,0.4809790249458675
zero_shot,internal_test,rssm,20260912,1,patient_crps,0.37267155263627605
zero_shot,internal_test,rssm,20260912,1,coverage_90,0.5866578203142896
zero_shot,internal_test,rssm,20260912,1,coverage_error_90,0.31334217968571043
zero_shot,internal_test,rssm,20260912,1,mean_interval_width_scaled,1.002519650362216
zero_shot,internal_test,rssm,20260912,1,patient_nll,2.0522219151145022
zero_shot,internal_test,rssm,20260912,1,mask_brier,0.09275877730668712
zero_shot,internal_test,rssm,20260912,3,patient_nmae,0.5305971028746476
zero_shot,internal_test,rssm,20260912,3,patient_crps,0.4147274863821738
zero_shot,internal_test,rssm,20260912,3,coverage_90,0.5481119983317615
zero_shot,internal_test,rssm,20260912,3,coverage_error_90,0.3518880016682385
zero_shot,internal_test,rssm,20260912,3,mean_interval_width_scaled,1.0151718154502791
zero_shot,internal_test,rssm,20260912,3,patient_nll,2.414799667411195
zero_shot,internal_test,rssm,20260912,3,mask_brier,0.08905744322115784
zero_shot,internal_test,rssm,20260912,6,patient_nmae,0.5596586482881943
zero_shot,internal_test,rssm,20260912,6,patient_crps,0.4400601849970249
zero_shot,internal_test,rssm,20260912,6,coverage_90,0.5250085115452766
zero_shot,internal_test,rssm,20260912,6,coverage_error_90,0.3749914884547234
zero_shot,internal_test,rssm,20260912,6,mean_interval_width_scaled,1.0205614156119993
zero_shot,internal_test,rssm,20260912,6,patient_nll,2.8079416709928133
zero_shot,internal_test,rssm,20260912,6,mask_brier,0.08423285116720663
zero_shot,internal_test,rssm,20260912,12,patient_nmae,0.5888923182585165
zero_shot,internal_test,rssm,20260912,12,patient_crps,0.46435350207637427
zero_shot,internal_test,rssm,20260912,12,coverage_90,0.5041595696069825
zero_shot,internal_test,rssm,20260912,12,coverage_error_90,0.39584043039301753
zero_shot,internal_test,rssm,20260912,12,mean_interval_width_scaled,1.0290157293482498
zero_shot,internal_test,rssm,20260912,12,patient_nll,2.9301635895668467
zero_shot,internal_test,rssm,20260912,12,mask_brier,0.07960464561856327
zero_shot,internal_test,rssm,20260912,24,patient_nmae,0.6152190176528975
zero_shot,internal_test,rssm,20260912,24,patient_crps,0.48768089941978027
zero_shot,internal_test,rssm,20260912,24,coverage_90,0.4984549686761719
zero_shot,internal_test,rssm,20260912,24,coverage_error_90,0.4015450313238281
zero_shot,internal_test,rssm,20260912,24,mean_interval_width_scaled,1.0426171211337014
zero_shot,internal_test,rssm,20260912,24,patient_nll,3.1889703378579064
zero_shot,internal_test,rssm,20260912,24,mask_brier,0.07878103634241214
zero_shot,external_test,rssm,20260912,1,patient_nmae,0.5064745840552397
zero_shot,external_test,rssm,20260912,1,patient_crps,0.39589107784005345
zero_shot,external_test,rssm,20260912,1,coverage_90,0.5546355619885017
zero_shot,external_test,rssm,20260912,1,coverage_error_90,0.3453644380114983
zero_shot,external_test,rssm,20260912,1,mean_interval_width_scaled,0.9591357698968072
zero_shot,external_test,rssm,20260912,1,patient_nll,2.4120722786945112
zero_shot,external_test,rssm,20260912,1,mask_brier,0.07219368080249952
zero_shot,external_test,rssm,20260912,3,patient_nmae,0.5538157735544204
zero_shot,external_test,rssm,20260912,3,patient_crps,0.43706168312658417
zero_shot,external_test,rssm,20260912,3,coverage_90,0.5183826111360026
zero_shot,external_test,rssm,20260912,3,coverage_error_90,0.38161738886399743
zero_shot,external_test,rssm,20260912,3,mean_interval_width_scaled,0.9733774813246676
zero_shot,external_test,rssm,20260912,3,patient_nll,2.751332831785272
zero_shot,external_test,rssm,20260912,3,mask_brier,0.06786144357887587
zero_shot,external_test,rssm,20260912,6,patient_nmae,0.5907242986871
zero_shot,external_test,rssm,20260912,6,patient_crps,0.4695556554558052
zero_shot,external_test,rssm,20260912,6,coverage_90,0.49944144447655825
zero_shot,external_test,rssm,20260912,6,coverage_error_90,0.4005585555234418
zero_shot,external_test,rssm,20260912,6,mean_interval_width_scaled,0.986318713707674
zero_shot,external_test,rssm,20260912,6,patient_nll,3.0971284910273185
zero_shot,external_test,rssm,20260912,6,mask_brier,0.06636681708306937
zero_shot,external_test,rssm,20260912,12,patient_nmae,0.6164592914671947
zero_shot,external_test,rssm,20260912,12,patient_crps,0.4920772929177891
zero_shot,external_test,rssm,20260912,12,coverage_90,0.48997293524275665
zero_shot,external_test,rssm,20260912,12,coverage_error_90,0.4100270647572434
zero_shot,external_test,rssm,20260912,12,mean_interval_width_scaled,1.0013648166255098
zero_shot,external_test,rssm,20260912,12,patient_nll,3.318723029499406
zero_shot,external_test,rssm,20260912,12,mask_brier,0.06512061852069147
zero_shot,external_test,rssm,20260912,24,patient_nmae,0.6437266358440143
zero_shot,external_test,rssm,20260912,24,patient_crps,0.5152662963782842
zero_shot,external_test,rssm,20260912,24,coverage_90,0.4846429269040763
zero_shot,external_test,rssm,20260912,24,coverage_error_90,0.41535707309592373
zero_shot,external_test,rssm,20260912,24,mean_interval_width_scaled,1.0262808369025347
zero_shot,external_test,rssm,20260912,24,patient_nll,3.6480146701297325
zero_shot,external_test,rssm,20260912,24,mask_brier,0.06805376466832488
recalibrated,external_test,rssm,20260912,1,patient_nmae,0.506474583959051
recalibrated,external_test,rssm,20260912,1,patient_crps,0.38502447130530953
recalibrated,external_test,rssm,20260912,1,coverage_90,0.8887012518941124
recalibrated,external_test,rssm,20260912,1,coverage_error_90,0.011298748105887602
recalibrated,external_test,rssm,20260912,1,mean_interval_width_scaled,2.2335230661864838
recalibrated,external_test,rssm,20260912,1,patient_nll,1.0701963030073682
recalibrated,external_test,rssm,20260912,1,mask_brier,0.07219368080249952
recalibrated,external_test,rssm,20260912,3,patient_nmae,0.5538157738254371
recalibrated,external_test,rssm,20260912,3,patient_crps,0.41651790809238276
recalibrated,external_test,rssm,20260912,3,coverage_90,0.872532512910892
recalibrated,external_test,rssm,20260912,3,coverage_error_90,0.027467487089108067
recalibrated,external_test,rssm,20260912,3,mean_interval_width_scaled,2.3015425138954795
recalibrated,external_test,rssm,20260912,3,patient_nll,1.148781736495114
recalibrated,external_test,rssm,20260912,3,mask_brier,0.06786144357887587
recalibrated,external_test,rssm,20260912,6,patient_nmae,0.5907242987332336
recalibrated,external_test,rssm,20260912,6,patient_crps,0.4451795089836391
recalibrated,external_test,rssm,20260912,6,coverage_90,0.8773873591428295
recalibrated,external_test,rssm,20260912,6,coverage_error_90,0.02261264085717052
recalibrated,external_test,rssm,20260912,6,mean_interval_width_scaled,2.5129243050278935
recalibrated,external_test,rssm,20260912,6,patient_nll,1.216654821343347
recalibrated,external_test,rssm,20260912,6,mask_brier,0.06636681708306937
recalibrated,external_test,rssm,20260912,12,patient_nmae,0.6164592913720108
recalibrated,external_test,rssm,20260912,12,patient_crps,0.4646724385129887
recalibrated,external_test,rssm,20260912,12,coverage_90,0.8743227224394533
recalibrated,external_test,rssm,20260912,12,coverage_error_90,0.02567727756054672
recalibrated,external_test,rssm,20260912,12,mean_interval_width_scaled,2.580520853416226
recalibrated,external_test,rssm,20260912,12,patient_nll,1.2672725202925834
recalibrated,external_test,rssm,20260912,12,mask_brier,0.06512061852069147
recalibrated,external_test,rssm,20260912,24,patient_nmae,0.6437266360060483
recalibrated,external_test,rssm,20260912,24,patient_crps,0.4854558494473652
recalibrated,external_test,rssm,20260912,24,coverage_90,0.8768927464107406
recalibrated,external_test,rssm,20260912,24,coverage_error_90,0.02310725358925947
recalibrated,external_test,rssm,20260912,24,mean_interval_width_scaled,2.7197732639861245
recalibrated,external_test,rssm,20260912,24,patient_nll,1.335892553488534
recalibrated,external_test,rssm,20260912,24,mask_brier,0.06805376466832488
zero_shot,internal_test,rssm,20260913,1,patient_nmae,0.4756059190056619
zero_shot,internal_test,rssm,20260913,1,patient_crps,0.36574993979144294
zero_shot,internal_test,rssm,20260913,1,coverage_90,0.6042474056224373
zero_shot,internal_test,rssm,20260913,1,coverage_error_90,0.29575259437756274
zero_shot,internal_test,rssm,20260913,1,mean_interval_width_scaled,1.0354745485976096
zero_shot,internal_test,rssm,20260913,1,patient_nll,1.8507698930781107
zero_shot,internal_test,rssm,20260913,1,mask_brier,0.09201899767375799
zero_shot,internal_test,rssm,20260913,3,patient_nmae,0.5323015510167298
zero_shot,internal_test,rssm,20260913,3,patient_crps,0.4139550217165569
zero_shot,internal_test,rssm,20260913,3,coverage_90,0.5575275199721363
zero_shot,internal_test,rssm,20260913,3,coverage_error_90,0.3424724800278637
zero_shot,internal_test,rssm,20260913,3,mean_interval_width_scaled,1.0495174433590893
zero_shot,internal_test,rssm,20260913,3,patient_nll,2.28464822139951
zero_shot,internal_test,rssm,20260913,3,mask_brier,0.08852487273040509
zero_shot,internal_test,rssm,20260913,6,patient_nmae,0.5661839975006044
zero_shot,internal_test,rssm,20260913,6,patient_crps,0.44398988006669704
zero_shot,internal_test,rssm,20260913,6,coverage_90,0.5287572561495364
zero_shot,internal_test,rssm,20260913,6,coverage_error_90,0.37124274385046363
zero_shot,internal_test,rssm,20260913,6,mean_interval_width_scaled,1.0564408290608
zero_shot,internal_test,rssm,20260913,6,patient_nll,2.678755782707468
zero_shot,internal_test,rssm,20260913,6,mask_brier,0.08383677015003516
zero_shot,internal_test,rssm,20260913,12,patient_nmae,0.5978898071915432
zero_shot,internal_test,rssm,20260913,12,patient_crps,0.4710059873164806
zero_shot,internal_test,rssm,20260913,12,coverage_90,0.504501290401735
zero_shot,internal_test,rssm,20260913,12,coverage_error_90,0.39549870959826505
zero_shot,internal_test,rssm,20260913,12,mean_interval_width_scaled,1.0543116996516788
zero_shot,internal_test,rssm,20260913,12,patient_nll,2.85837549519314
zero_shot,internal_test,rssm,20260913,12,mask_brier,0.07941977724440206
zero_shot,internal_test,rssm,20260913,24,patient_nmae,0.6231372142012186
zero_shot,internal_test,rssm,20260913,24,patient_crps,0.49401956191244034
zero_shot,internal_test,rssm,20260913,24,coverage_90,0.4969464808878249
zero_shot,internal_test,rssm,20260913,24,coverage_error_90,0.40305351911217513
zero_shot,internal_test,rssm,20260913,24,mean_interval_width_scaled,1.056172044455098
zero_shot,internal_test,rssm,20260913,24,patient_nll,3.1205416075566363
zero_shot,internal_test,rssm,20260913,24,mask_brier,0.07886151848829225
zero_shot,external_test,rssm,20260913,1,patient_nmae,0.492479262217285
zero_shot,external_test,rssm,20260913,1,patient_crps,0.38121781412063366
zero_shot,external_test,rssm,20260913,1,coverage_90,0.5855215134850448
zero_shot,external_test,rssm,20260913,1,coverage_error_90,0.31447848651495525
zero_shot,external_test,rssm,20260913,1,mean_interval_width_scaled,1.000949397305313
zero_shot,external_test,rssm,20260913,1,patient_nll,2.171246854540188
zero_shot,external_test,rssm,20260913,1,mask_brier,0.07135401753929083
zero_shot,external_test,rssm,20260913,3,patient_nmae,0.5478516878324591
zero_shot,external_test,rssm,20260913,3,patient_crps,0.42944705385146775
zero_shot,external_test,rssm,20260913,3,coverage_90,0.540714122599675
zero_shot,external_test,rssm,20260913,3,coverage_error_90,0.359285877400325
zero_shot,external_test,rssm,20260913,3,mean_interval_width_scaled,1.0178255322639074
zero_shot,external_test,rssm,20260913,3,patient_nll,2.5219726807391654
zero_shot,external_test,rssm,20260913,3,mask_brier,0.06697491230068534
zero_shot,external_test,rssm,20260913,6,patient_nmae,0.592134483651656
zero_shot,external_test,rssm,20260913,6,patient_crps,0.4683589768402866
zero_shot,external_test,rssm,20260913,6,coverage_90,0.511608957242946
zero_shot,external_test,rssm,20260913,6,coverage_error_90,0.38839104275705405
zero_shot,external_test,rssm,20260913,6,mean_interval_width_scaled,1.02785535805403
zero_shot,external_test,rssm,20260913,6,patient_nll,2.954712424098688
zero_shot,external_test,rssm,20260913,6,mask_brier,0.06541616389409699
zero_shot,external_test,rssm,20260913,12,patient_nmae,0.6232319274540873
zero_shot,external_test,rssm,20260913,12,patient_crps,0.49598156189316733
zero_shot,external_test,rssm,20260913,12,coverage_90,0.5016539369577618
zero_shot,external_test,rssm,20260913,12,coverage_error_90,0.3983460630422382
zero_shot,external_test,rssm,20260913,12,mean_interval_width_scaled,1.0406137572422112
zero_shot,external_test,rssm,20260913,12,patient_nll,3.211726822329968
zero_shot,external_test,rssm,20260913,12,mask_brier,0.06409915874342798
zero_shot,external_test,rssm,20260913,24,patient_nmae,0.6534830549903484
zero_shot,external_test,rssm,20260913,24,patient_crps,0.5227463840363176
zero_shot,external_test,rssm,20260913,24,coverage_90,0.4914471848427773
zero_shot,external_test,rssm,20260913,24,coverage_error_90,0.40855281515722275
zero_shot,external_test,rssm,20260913,24,mean_interval_width_scaled,1.0498207908595507
zero_shot,external_test,rssm,20260913,24,patient_nll,3.5405476086165812
zero_shot,external_test,rssm,20260913,24,mask_brier,0.06700765342657315
recalibrated,external_test,rssm,20260913,1,patient_nmae,0.4924792619600237
recalibrated,external_test,rssm,20260913,1,patient_crps,0.37559087581615047
recalibrated,external_test,rssm,20260913,1,coverage_90,0.895017832786808
recalibrated,external_test,rssm,20260913,1,coverage_error_90,0.004982167213192001
recalibrated,external_test,rssm,20260913,1,mean_interval_width_scaled,2.224720373265944
recalibrated,external_test,rssm,20260913,1,patient_nll,1.0520002056966646
recalibrated,external_test,rssm,20260913,1,mask_brier,0.07135401753929083
recalibrated,external_test,rssm,20260913,3,patient_nmae,0.5478516879249903
recalibrated,external_test,rssm,20260913,3,patient_crps,0.41435625226318495
recalibrated,external_test,rssm,20260913,3,coverage_90,0.8784658006064335
recalibrated,external_test,rssm,20260913,3,coverage_error_90,0.02153419939356649
recalibrated,external_test,rssm,20260913,3,mean_interval_width_scaled,2.346950122392532
recalibrated,external_test,rssm,20260913,3,patient_nll,1.1400341952049369
recalibrated,external_test,rssm,20260913,3,mask_brier,0.06697491230068534
recalibrated,external_test,rssm,20260913,6,patient_nmae,0.5921344838389663
recalibrated,external_test,rssm,20260913,6,patient_crps,0.4482987431234323
recalibrated,external_test,rssm,20260913,6,coverage_90,0.8818509540920907
recalibrated,external_test,rssm,20260913,6,coverage_error_90,0.018149045907909334
recalibrated,external_test,rssm,20260913,6,mean_interval_width_scaled,2.5736563962500245
recalibrated,external_test,rssm,20260913,6,patient_nll,1.2252301299472146
recalibrated,external_test,rssm,20260913,6,mask_brier,0.06541616389409699
recalibrated,external_test,rssm,20260913,12,patient_nmae,0.6232319274213537
recalibrated,external_test,rssm,20260913,12,patient_crps,0.4716850520394122
recalibrated,external_test,rssm,20260913,12,coverage_90,0.8784316460381008
recalibrated,external_test,rssm,20260913,12,coverage_error_90,0.021568353961899267
recalibrated,external_test,rssm,20260913,12,mean_interval_width_scaled,2.676214725030141
recalibrated,external_test,rssm,20260913,12,patient_nll,1.2810343700875968
recalibrated,external_test,rssm,20260913,12,mask_brier,0.06409915874342798
recalibrated,external_test,rssm,20260913,24,patient_nmae,0.6534830552808273
recalibrated,external_test,rssm,20260913,24,patient_crps,0.49481450628951945
recalibrated,external_test,rssm,20260913,24,coverage_90,0.878988851011222
recalibrated,external_test,rssm,20260913,24,coverage_error_90,0.021011148988777983
recalibrated,external_test,rssm,20260913,24,mean_interval_width_scaled,2.7959709811876086
recalibrated,external_test,rssm,20260913,24,patient_nll,1.3390257057410724
recalibrated,external_test,rssm,20260913,24,mask_brier,0.06700765342657315
zero_shot,internal_test,rssm,20260914,1,patient_nmae,0.48789723833734394
zero_shot,internal_test,rssm,20260914,1,patient_crps,0.37682636708998374
zero_shot,internal_test,rssm,20260914,1,coverage_90,0.590178253710662
zero_shot,internal_test,rssm,20260914,1,coverage_error_90,0.309821746289338
zero_shot,internal_test,rssm,20260914,1,mean_interval_width_scaled,1.0290013831405231
zero_shot,internal_test,rssm,20260914,1,patient_nll,2.040091908378578
zero_shot,internal_test,rssm,20260914,1,mask_brier,0.0930529234137944
zero_shot,internal_test,rssm,20260914,3,patient_nmae,0.5334486407212263
zero_shot,internal_test,rssm,20260914,3,patient_crps,0.41775376732382014
zero_shot,internal_test,rssm,20260914,3,coverage_90,0.5445918301400988
zero_shot,internal_test,rssm,20260914,3,coverage_error_90,0.3554081698599012
zero_shot,internal_test,rssm,20260914,3,mean_interval_width_scaled,1.0258893506593418
zero_shot,internal_test,rssm,20260914,3,patient_nll,2.50334839963363
zero_shot,internal_test,rssm,20260914,3,mask_brier,0.08940428370918668
zero_shot,internal_test,rssm,20260914,6,patient_nmae,0.5652629399281353
zero_shot,internal_test,rssm,20260914,6,patient_crps,0.44520290528678524
zero_shot,internal_test,rssm,20260914,6,coverage_90,0.5144069569012142
zero_shot,internal_test,rssm,20260914,6,coverage_error_90,0.38559304309878584
zero_shot,internal_test,rssm,20260914,6,mean_interval_width_scaled,1.026510781785703
zero_shot,internal_test,rssm,20260914,6,patient_nll,3.0047301232403756
zero_shot,internal_test,rssm,20260914,6,mask_brier,0.08454682723763085
zero_shot,internal_test,rssm,20260914,12,patient_nmae,0.5957067012208327
zero_shot,internal_test,rssm,20260914,12,patient_crps,0.47238872757956685
zero_shot,internal_test,rssm,20260914,12,coverage_90,0.4955223435380007
zero_shot,internal_test,rssm,20260914,12,coverage_error_90,0.40447765646199935
zero_shot,internal_test,rssm,20260914,12,mean_interval_width_scaled,1.0211531032094017
zero_shot,internal_test,rssm,20260914,12,patient_nll,3.1422584340263877
zero_shot,internal_test,rssm,20260914,12,mask_brier,0.07987920434426356
zero_shot,internal_test,rssm,20260914,24,patient_nmae,0.6228403512803923
zero_shot,internal_test,rssm,20260914,24,patient_crps,0.496207813080443
zero_shot,internal_test,rssm,20260914,24,coverage_90,0.48336069521185543
zero_shot,internal_test,rssm,20260914,24,coverage_error_90,0.4166393047881446
zero_shot,internal_test,rssm,20260914,24,mean_interval_width_scaled,1.0229501586955232
zero_shot,internal_test,rssm,20260914,24,patient_nll,3.4620698961911454
zero_shot,internal_test,rssm,20260914,24,mask_brier,0.07906446368415679
zero_shot,external_test,rssm,20260914,1,patient_nmae,0.5067167954037244
zero_shot,external_test,rssm,20260914,1,patient_crps,0.395820973411261
zero_shot,external_test,rssm,20260914,1,coverage_90,0.5581409223086593
zero_shot,external_test,rssm,20260914,1,coverage_error_90,0.3418590776913407
zero_shot,external_test,rssm,20260914,1,mean_interval_width_scaled,0.9717870271915605
zero_shot,external_test,rssm,20260914,1,patient_nll,2.3940581423108607
zero_shot,external_test,rssm,20260914,1,mask_brier,0.0714291905990195
zero_shot,external_test,rssm,20260914,3,patient_nmae,0.555051033219214
zero_shot,external_test,rssm,20260914,3,patient_crps,0.4385170664069777
zero_shot,external_test,rssm,20260914,3,coverage_90,0.5186791706597139
zero_shot,external_test,rssm,20260914,3,coverage_error_90,0.3813208293402861
zero_shot,external_test,rssm,20260914,3,mean_interval_width_scaled,0.976986481735072
zero_shot,external_test,rssm,20260914,3,patient_nll,2.8315820280178596
zero_shot,external_test,rssm,20260914,3,mask_brier,0.06709588307217351
zero_shot,external_test,rssm,20260914,6,patient_nmae,0.594331488308827
zero_shot,external_test,rssm,20260914,6,patient_crps,0.47355333230340857
zero_shot,external_test,rssm,20260914,6,coverage_90,0.49360526005337063
zero_shot,external_test,rssm,20260914,6,coverage_error_90,0.4063947399466294
zero_shot,external_test,rssm,20260914,6,mean_interval_width_scaled,0.983834275733237
zero_shot,external_test,rssm,20260914,6,patient_nll,3.2461896319607857
zero_shot,external_test,rssm,20260914,6,mask_brier,0.06558740077750899
zero_shot,external_test,rssm,20260914,12,patient_nmae,0.6254974785419052
zero_shot,external_test,rssm,20260914,12,patient_crps,0.5014602293447049
zero_shot,external_test,rssm,20260914,12,coverage_90,0.484016056332391
zero_shot,external_test,rssm,20260914,12,coverage_error_90,0.41598394366760905
zero_shot,external_test,rssm,20260914,12,mean_interval_width_scaled,0.9939222119493932
zero_shot,external_test,rssm,20260914,12,patient_nll,3.5574461176077152
zero_shot,external_test,rssm,20260914,12,mask_brier,0.0643706694423947
zero_shot,external_test,rssm,20260914,24,patient_nmae,0.6550720013922555
zero_shot,external_test,rssm,20260914,24,patient_crps,0.528837667806473
zero_shot,external_test,rssm,20260914,24,coverage_90,0.46866709631716463
zero_shot,external_test,rssm,20260914,24,coverage_error_90,0.4313329036828354
zero_shot,external_test,rssm,20260914,24,mean_interval_width_scaled,0.9944422840265885
zero_shot,external_test,rssm,20260914,24,patient_nll,4.077711391973478
zero_shot,external_test,rssm,20260914,24,mask_brier,0.06743024856166839
recalibrated,external_test,rssm,20260914,1,patient_nmae,0.5067167952685495
recalibrated,external_test,rssm,20260914,1,patient_crps,0.38811595664235576
recalibrated,external_test,rssm,20260914,1,coverage_90,0.8973364845486278
recalibrated,external_test,rssm,20260914,1,coverage_error_90,0.0026635154513722226
recalibrated,external_test,rssm,20260914,1,mean_interval_width_scaled,2.330989628554958
recalibrated,external_test,rssm,20260914,1,patient_nll,1.0729580953929077
recalibrated,external_test,rssm,20260914,1,mask_brier,0.0714291905990195
recalibrated,external_test,rssm,20260914,3,patient_nmae,0.5550510329137057
recalibrated,external_test,rssm,20260914,3,patient_crps,0.41936766050248786
recalibrated,external_test,rssm,20260914,3,coverage_90,0.8728843925687507
recalibrated,external_test,rssm,20260914,3,coverage_error_90,0.0271156074312493
recalibrated,external_test,rssm,20260914,3,mean_interval_width_scaled,2.340786147344258
recalibrated,external_test,rssm,20260914,3,patient_nll,1.1586740144855572
recalibrated,external_test,rssm,20260914,3,mask_brier,0.06709588307217351
recalibrated,external_test,rssm,20260914,6,patient_nmae,0.5943314882487896
recalibrated,external_test,rssm,20260914,6,patient_crps,0.4499924536599747
recalibrated,external_test,rssm,20260914,6,coverage_90,0.8780901537796816
recalibrated,external_test,rssm,20260914,6,coverage_error_90,0.02190984622031844
recalibrated,external_test,rssm,20260914,6,mean_interval_width_scaled,2.5569080889517513
recalibrated,external_test,rssm,20260914,6,patient_nll,1.2316461394766463
recalibrated,external_test,rssm,20260914,6,mask_brier,0.06558740077750899
recalibrated,external_test,rssm,20260914,12,patient_nmae,0.6254974780638867
recalibrated,external_test,rssm,20260914,12,patient_crps,0.47452468815165233
recalibrated,external_test,rssm,20260914,12,coverage_90,0.8793851085533778
recalibrated,external_test,rssm,20260914,12,coverage_error_90,0.020614891446622208
recalibrated,external_test,rssm,20260914,12,mean_interval_width_scaled,2.696511493251005
recalibrated,external_test,rssm,20260914,12,patient_nll,1.288927461206289
recalibrated,external_test,rssm,20260914,12,mask_brier,0.0643706694423947
recalibrated,external_test,rssm,20260914,24,patient_nmae,0.6550720013672784
recalibrated,external_test,rssm,20260914,24,patient_crps,0.4976704872980339
recalibrated,external_test,rssm,20260914,24,coverage_90,0.8762765365258468
recalibrated,external_test,rssm,20260914,24,coverage_error_90,0.023723463474153217
recalibrated,external_test,rssm,20260914,24,mean_interval_width_scaled,2.790370188934497
recalibrated,external_test,rssm,20260914,24,patient_nll,1.3586752538443336
recalibrated,external_test,rssm,20260914,24,mask_brier,0.06743024856166839
zero_shot,internal_test,rssm,20260915,1,patient_nmae,0.45440281976222635
zero_shot,internal_test,rssm,20260915,1,patient_crps,0.3501691512165943
zero_shot,internal_test,rssm,20260915,1,coverage_90,0.6221312820405236
zero_shot,internal_test,rssm,20260915,1,coverage_error_90,0.27786871795947643
zero_shot,internal_test,rssm,20260915,1,mean_interval_width_scaled,1.019125033787522
zero_shot,internal_test,rssm,20260915,1,patient_nll,1.7894815194864264
zero_shot,internal_test,rssm,20260915,1,mask_brier,0.09309735706752056
zero_shot,internal_test,rssm,20260915,3,patient_nmae,0.5184448815457621
zero_shot,internal_test,rssm,20260915,3,patient_crps,0.40234494799054843
zero_shot,internal_test,rssm,20260915,3,coverage_90,0.5711792238991786
zero_shot,internal_test,rssm,20260915,3,coverage_error_90,0.3288207761008214
zero_shot,internal_test,rssm,20260915,3,mean_interval_width_scaled,1.046980057783761
zero_shot,internal_test,rssm,20260915,3,patient_nll,2.246316320049308
zero_shot,internal_test,rssm,20260915,3,mask_brier,0.08946145215746841
zero_shot,internal_test,rssm,20260915,6,patient_nmae,0.5585631061164409
zero_shot,internal_test,rssm,20260915,6,patient_crps,0.4355317160756935
zero_shot,internal_test,rssm,20260915,6,coverage_90,0.5444706979719476
zero_shot,internal_test,rssm,20260915,6,coverage_error_90,0.35552930202805244
zero_shot,internal_test,rssm,20260915,6,mean_interval_width_scaled,1.0781122758381865
zero_shot,internal_test,rssm,20260915,6,patient_nll,2.613405360004067
zero_shot,internal_test,rssm,20260915,6,mask_brier,0.08459222058358759
zero_shot,internal_test,rssm,20260915,12,patient_nmae,0.5959557928831346
zero_shot,internal_test,rssm,20260915,12,patient_crps,0.4644768067279373
zero_shot,internal_test,rssm,20260915,12,coverage_90,0.5277716126242404
zero_shot,internal_test,rssm,20260915,12,coverage_error_90,0.3722283873757596
zero_shot,internal_test,rssm,20260915,12,mean_interval_width_scaled,1.1194023704706857
zero_shot,internal_test,rssm,20260915,12,patient_nll,2.5680271060228654
zero_shot,internal_test,rssm,20260915,12,mask_brier,0.07983911883439451
zero_shot,internal_test,rssm,20260915,24,patient_nmae,0.6256950542424421
zero_shot,internal_test,rssm,20260915,24,patient_crps,0.4890744754444622
zero_shot,internal_test,rssm,20260915,24,coverage_90,0.5237056395012407
zero_shot,internal_test,rssm,20260915,24,coverage_error_90,0.3762943604987593
zero_shot,internal_test,rssm,20260915,24,mean_interval_width_scaled,1.148934955133546
zero_shot,internal_test,rssm,20260915,24,patient_nll,2.778588675247417
zero_shot,internal_test,rssm,20260915,24,mask_brier,0.07884917133388154
zero_shot,external_test,rssm,20260915,1,patient_nmae,0.4724652250779914
zero_shot,external_test,rssm,20260915,1,patient_crps,0.36571240171618513
zero_shot,external_test,rssm,20260915,1,coverage_90,0.5885646552425688
zero_shot,external_test,rssm,20260915,1,coverage_error_90,0.3114353447574312
zero_shot,external_test,rssm,20260915,1,mean_interval_width_scaled,0.9697764212003632
zero_shot,external_test,rssm,20260915,1,patient_nll,2.1284783210899896
zero_shot,external_test,rssm,20260915,1,mask_brier,0.0715341970747803
zero_shot,external_test,rssm,20260915,3,patient_nmae,0.5326613785467531
zero_shot,external_test,rssm,20260915,3,patient_crps,0.41712492046589966
zero_shot,external_test,rssm,20260915,3,coverage_90,0.5442507553957218
zero_shot,external_test,rssm,20260915,3,coverage_error_90,0.35574924460427826
zero_shot,external_test,rssm,20260915,3,mean_interval_width_scaled,1.0011696901238794
zero_shot,external_test,rssm,20260915,3,patient_nll,2.510921505087859
zero_shot,external_test,rssm,20260915,3,mask_brier,0.06715872289745042
zero_shot,external_test,rssm,20260915,6,patient_nmae,0.5801877267803823
zero_shot,external_test,rssm,20260915,6,patient_crps,0.4565743370988302
zero_shot,external_test,rssm,20260915,6,coverage_90,0.5240936658075839
zero_shot,external_test,rssm,20260915,6,coverage_error_90,0.37590633419241615
zero_shot,external_test,rssm,20260915,6,mean_interval_width_scaled,1.0371673562987993
zero_shot,external_test,rssm,20260915,6,patient_nll,2.816160627400905
zero_shot,external_test,rssm,20260915,6,mask_brier,0.06567593145316226
zero_shot,external_test,rssm,20260915,12,patient_nmae,0.617638033552027
zero_shot,external_test,rssm,20260915,12,patient_crps,0.48676054871421215
zero_shot,external_test,rssm,20260915,12,coverage_90,0.5222836585512867
zero_shot,external_test,rssm,20260915,12,coverage_error_90,0.37771634144871336
zero_shot,external_test,rssm,20260915,12,mean_interval_width_scaled,1.090227015015117
zero_shot,external_test,rssm,20260915,12,patient_nll,2.879795091091272
zero_shot,external_test,rssm,20260915,12,mask_brier,0.06451762626091834
zero_shot,external_test,rssm,20260915,24,patient_nmae,0.6511468250587954
zero_shot,external_test,rssm,20260915,24,patient_crps,0.514004743935717
zero_shot,external_test,rssm,20260915,24,coverage_90,0.5204199463844712
zero_shot,external_test,rssm,20260915,24,coverage_error_90,0.3795800536155288
zero_shot,external_test,rssm,20260915,24,mean_interval_width_scaled,1.1335237225785346
zero_shot,external_test,rssm,20260915,24,patient_nll,3.0942918451405137
zero_shot,external_test,rssm,20260915,24,mask_brier,0.06764247595664528
recalibrated,external_test,rssm,20260915,1,patient_nmae,0.4724652257861938
recalibrated,external_test,rssm,20260915,1,patient_crps,0.36305537686409095
recalibrated,external_test,rssm,20260915,1,coverage_90,0.9001416647613001
recalibrated,external_test,rssm,20260915,1,coverage_error_90,0.00014166476130006433
recalibrated,external_test,rssm,20260915,1,mean_interval_width_scaled,2.202784127719818
recalibrated,external_test,rssm,20260915,1,patient_nll,1.008960687045537
recalibrated,external_test,rssm,20260915,1,mask_brier,0.0715341970747803
recalibrated,external_test,rssm,20260915,3,patient_nmae,0.5326613783018294
recalibrated,external_test,rssm,20260915,3,patient_crps,0.402445606580905
recalibrated,external_test,rssm,20260915,3,coverage_90,0.8728799015645063
recalibrated,external_test,rssm,20260915,3,coverage_error_90,0.027120098435493678
recalibrated,external_test,rssm,20260915,3,mean_interval_width_scaled,2.25164765480269
recalibrated,external_test,rssm,20260915,3,patient_nll,1.1196066701624978
recalibrated,external_test,rssm,20260915,3,mask_brier,0.06715872289745042
recalibrated,external_test,rssm,20260915,6,patient_nmae,0.5801877264046017
recalibrated,external_test,rssm,20260915,6,patient_crps,0.4375462878743625
recalibrated,external_test,rssm,20260915,6,coverage_90,0.8779293340042169
recalibrated,external_test,rssm,20260915,6,coverage_error_90,0.022070665995783112
recalibrated,external_test,rssm,20260915,6,mean_interval_width_scaled,2.492839243266899
recalibrated,external_test,rssm,20260915,6,patient_nll,1.2078448100367263
recalibrated,external_test,rssm,20260915,6,mask_brier,0.06567593145316226
recalibrated,external_test,rssm,20260915,12,patient_nmae,0.6176380329540859
recalibrated,external_test,rssm,20260915,12,patient_crps,0.46495516643381873
recalibrated,external_test,rssm,20260915,12,coverage_90,0.8765541847355749
recalibrated,external_test,rssm,20260915,12,coverage_error_90,0.02344581526442513
recalibrated,external_test,rssm,20260915,12,mean_interval_width_scaled,2.617221277458773
recalibrated,external_test,rssm,20260915,12,patient_nll,1.2682993333593382
recalibrated,external_test,rssm,20260915,12,mask_brier,0.06451762626091834
recalibrated,external_test,rssm,20260915,24,patient_nmae,0.6511468252045164
recalibrated,external_test,rssm,20260915,24,patient_crps,0.49165889188896994
recalibrated,external_test,rssm,20260915,24,coverage_90,0.8813238164036129
recalibrated,external_test,rssm,20260915,24,coverage_error_90,0.01867618359638712
recalibrated,external_test,rssm,20260915,24,mean_interval_width_scaled,2.78975453292285
recalibrated,external_test,rssm,20260915,24,patient_nll,1.3400459473531983
recalibrated,external_test,rssm,20260915,24,mask_brier,0.06764247595664528
zero_shot,internal_test,rssm,20260916,1,patient_nmae,0.4821456112308249
zero_shot,internal_test,rssm,20260916,1,patient_crps,0.3724755504293109
zero_shot,internal_test,rssm,20260916,1,coverage_90,0.5921725920857464
zero_shot,internal_test,rssm,20260916,1,coverage_error_90,0.30782740791425367
zero_shot,internal_test,rssm,20260916,1,mean_interval_width_scaled,1.012818473392479
zero_shot,internal_test,rssm,20260916,1,patient_nll,2.0362778563383332
zero_shot,internal_test,rssm,20260916,1,mask_brier,0.0929819033331672
zero_shot,internal_test,rssm,20260916,3,patient_nmae,0.5316259696519494
zero_shot,internal_test,rssm,20260916,3,patient_crps,0.4145770031888179
zero_shot,internal_test,rssm,20260916,3,coverage_90,0.550664602958727
zero_shot,internal_test,rssm,20260916,3,coverage_error_90,0.34933539704127303
zero_shot,internal_test,rssm,20260916,3,mean_interval_width_scaled,1.0266661349332278
zero_shot,internal_test,rssm,20260916,3,patient_nll,2.3243572640558607
zero_shot,internal_test,rssm,20260916,3,mask_brier,0.08934907371279897
zero_shot,internal_test,rssm,20260916,6,patient_nmae,0.5631144836707996
zero_shot,internal_test,rssm,20260916,6,patient_crps,0.4420454574765515
zero_shot,internal_test,rssm,20260916,6,coverage_90,0.5263430560533991
zero_shot,internal_test,rssm,20260916,6,coverage_error_90,0.3736569439466009
zero_shot,internal_test,rssm,20260916,6,mean_interval_width_scaled,1.0267063370932634
zero_shot,internal_test,rssm,20260916,6,patient_nll,2.7704736065805182
zero_shot,internal_test,rssm,20260916,6,mask_brier,0.08442726751815952
zero_shot,internal_test,rssm,20260916,12,patient_nmae,0.5922635303339192
zero_shot,internal_test,rssm,20260916,12,patient_crps,0.4673994844150655
zero_shot,internal_test,rssm,20260916,12,coverage_90,0.50144650003928
zero_shot,internal_test,rssm,20260916,12,coverage_error_90,0.39855349996072
zero_shot,internal_test,rssm,20260916,12,mean_interval_width_scaled,1.0263713092001523
zero_shot,internal_test,rssm,20260916,12,patient_nll,2.902657286485358
zero_shot,internal_test,rssm,20260916,12,mask_brier,0.07972900817480907
zero_shot,internal_test,rssm,20260916,24,patient_nmae,0.6246046747826163
zero_shot,internal_test,rssm,20260916,24,patient_crps,0.49627405959906024
zero_shot,internal_test,rssm,20260916,24,coverage_90,0.48960970122883163
zero_shot,internal_test,rssm,20260916,24,coverage_error_90,0.4103902987711684
zero_shot,internal_test,rssm,20260916,24,mean_interval_width_scaled,1.0325102621873499
zero_shot,internal_test,rssm,20260916,24,patient_nll,3.2255546145325393
zero_shot,internal_test,rssm,20260916,24,mask_brier,0.07883191216318805
zero_shot,external_test,rssm,20260916,1,patient_nmae,0.500634130635908
zero_shot,external_test,rssm,20260916,1,patient_crps,0.3907718392935239
zero_shot,external_test,rssm,20260916,1,coverage_90,0.575872181590419
zero_shot,external_test,rssm,20260916,1,coverage_error_90,0.32412781840958105
zero_shot,external_test,rssm,20260916,1,mean_interval_width_scaled,0.9753282579957867
zero_shot,external_test,rssm,20260916,1,patient_nll,2.327063276552549
zero_shot,external_test,rssm,20260916,1,mask_brier,0.070956315754634
zero_shot,external_test,rssm,20260916,3,patient_nmae,0.5495835384904341
zero_shot,external_test,rssm,20260916,3,patient_crps,0.4329846081275341
zero_shot,external_test,rssm,20260916,3,coverage_90,0.536658414649381
zero_shot,external_test,rssm,20260916,3,coverage_error_90,0.363341585350619
zero_shot,external_test,rssm,20260916,3,mean_interval_width_scaled,0.988316948112982
zero_shot,external_test,rssm,20260916,3,patient_nll,2.6712623342638864
zero_shot,external_test,rssm,20260916,3,mask_brier,0.06671539454990111
zero_shot,external_test,rssm,20260916,6,patient_nmae,0.5930889907484207
zero_shot,external_test,rssm,20260916,6,patient_crps,0.4715347083695251
zero_shot,external_test,rssm,20260916,6,coverage_90,0.5081124010904486
zero_shot,external_test,rssm,20260916,6,coverage_error_90,0.3918875989095514
zero_shot,external_test,rssm,20260916,6,mean_interval_width_scaled,0.9976057720438688
zero_shot,external_test,rssm,20260916,6,patient_nll,3.0880905339670988
zero_shot,external_test,rssm,20260916,6,mask_brier,0.06540394140335895
zero_shot,external_test,rssm,20260916,12,patient_nmae,0.6271200874082716
zero_shot,external_test,rssm,20260916,12,patient_crps,0.502164026371456
zero_shot,external_test,rssm,20260916,12,coverage_90,0.49256944484243426
zero_shot,external_test,rssm,20260916,12,coverage_error_90,0.40743055515756577
zero_shot,external_test,rssm,20260916,12,mean_interval_width_scaled,1.0082711377934144
zero_shot,external_test,rssm,20260916,12,patient_nll,3.4600648399151015
zero_shot,external_test,rssm,20260916,12,mask_brier,0.06448062623573163
zero_shot,external_test,rssm,20260916,24,patient_nmae,0.6660697944182624
zero_shot,external_test,rssm,20260916,24,patient_crps,0.537555953742621
zero_shot,external_test,rssm,20260916,24,coverage_90,0.4732519310429013
zero_shot,external_test,rssm,20260916,24,coverage_error_90,0.4267480689570987
zero_shot,external_test,rssm,20260916,24,mean_interval_width_scaled,1.0156666795466038
zero_shot,external_test,rssm,20260916,24,patient_nll,3.9218263633836346
zero_shot,external_test,rssm,20260916,24,mask_brier,0.06788097314148384
recalibrated,external_test,rssm,20260916,1,patient_nmae,0.5006341311755295
recalibrated,external_test,rssm,20260916,1,patient_crps,0.3846257689010457
recalibrated,external_test,rssm,20260916,1,coverage_90,0.8987583754885738
recalibrated,external_test,rssm,20260916,1,coverage_error_90,0.001241624511426176
recalibrated,external_test,rssm,20260916,1,mean_interval_width_scaled,2.29401205539672
recalibrated,external_test,rssm,20260916,1,patient_nll,1.0686098422522792
recalibrated,external_test,rssm,20260916,1,mask_brier,0.070956315754634
recalibrated,external_test,rssm,20260916,3,patient_nmae,0.5495835386382585
recalibrated,external_test,rssm,20260916,3,patient_crps,0.41688497442477124
recalibrated,external_test,rssm,20260916,3,coverage_90,0.8782269487520509
recalibrated,external_test,rssm,20260916,3,coverage_error_90,0.02177305124794915
recalibrated,external_test,rssm,20260916,3,mean_interval_width_scaled,2.3484019359746706
recalibrated,external_test,rssm,20260916,3,patient_nll,1.1473973025206188
recalibrated,external_test,rssm,20260916,3,mask_brier,0.06671539454990111
recalibrated,external_test,rssm,20260916,6,patient_nmae,0.5930889905881812
recalibrated,external_test,rssm,20260916,6,patient_crps,0.45086415791717943
recalibrated,external_test,rssm,20260916,6,coverage_90,0.8849329604477437
recalibrated,external_test,rssm,20260916,6,coverage_error_90,0.0150670395522563
recalibrated,external_test,rssm,20260916,6,mean_interval_width_scaled,2.604219759485006
recalibrated,external_test,rssm,20260916,6,patient_nll,1.2259793458934594
recalibrated,external_test,rssm,20260916,6,mask_brier,0.06540394140335895
recalibrated,external_test,rssm,20260916,12,patient_nmae,0.6271200871891894
recalibrated,external_test,rssm,20260916,12,patient_crps,0.47727355450215564
recalibrated,external_test,rssm,20260916,12,coverage_90,0.8830922009635738
recalibrated,external_test,rssm,20260916,12,coverage_error_90,0.016907799036426252
recalibrated,external_test,rssm,20260916,12,mean_interval_width_scaled,2.7442115090144195
recalibrated,external_test,rssm,20260916,12,patient_nll,1.2918579921752658
recalibrated,external_test,rssm,20260916,12,mask_brier,0.06448062623573163
recalibrated,external_test,rssm,20260916,24,patient_nmae,0.6660697940939593
recalibrated,external_test,rssm,20260916,24,patient_crps,0.5057933682462532
recalibrated,external_test,rssm,20260916,24,coverage_90,0.8760735014521259
recalibrated,external_test,rssm,20260916,24,coverage_error_90,0.023926498547874098
recalibrated,external_test,rssm,20260916,24,mean_interval_width_scaled,2.8347340641586865
recalibrated,external_test,rssm,20260916,24,patient_nll,1.3607880702512078
recalibrated,external_test,rssm,20260916,24,mask_brier,0.06788097314148384
