audit_id,route,title,abstract,authors,year,publication_date,venue,doi,arxiv_id,url,record_type,sources,query_labels,source_status,original_exclusion_reason,reviewer_e_decision,reviewer_e_corpus_type,reviewer_e_reason_code,reviewer_e_rationale,reviewer_f_decision,reviewer_f_corpus_type,reviewer_f_reason_code,reviewer_f_rationale,final_decision,final_corpus_type,final_reason_code,resolution_route,adjudication_rationale,qc_decision,qc_corpus_type,qc_reason_code,qc_rationale,full_text_anchor,confidence
AUD-7079600c723b,primary_medical_filter_residual,A frontal cortical world model shapes inference of causal relationships in hippocampus,"Abstract Causal reasoning, inferring what leads to what, is the foundation upon which animals and humans build their understanding of the world. Yet causal relations are rarely fully revealed; they must be inferred from incomplete and ambiguous observations. We propose that such causal inference operates through the integration of two complementary models of the environment: a relational structure, encoding cause-effect relationships, and an abstract world model, encoding the generative principles that govern how causal relations are formed and interpreted. To dissociate these two processes, we developed a novel one-shot causal inference paradigm. Combining both neural recording and intervention methods, we reveal that the two proposed models are neurally dissociable yet functionally coordinated: the hippocampus instantiates the relational structure by building a map of causal relations, a process controlled by the inferior frontal sulcus (IFS), which is critically involved in inferring unobserved causal relations through its encoding of the abstract world model.","Luo S, Li M, Pan D, Kingston N, Klein-Flügge M, Mahmoodi A, Rushworth M.",2026,2026-07-17,Research Square,10.21203/rs.3.rs-10131486/v1,,https://europepmc.org/article/PPR/PPR1280737,preprint,"['europe_pmc', 'openalex']","['""world model"" physiology', 'europe_pmc_core']",indexed,medical-domain term absent from title and abstract,exclude,not_applicable,no_learned_or_adapted_dynamics,"Applies data-driven methods to brain and mental-health processes without modeling evolving states, rollouts, or action response.",include,empirical,potential_empirical,"A learned or fitted model represents evolving biomedical states, trajectories, interventions, or sequential control.",exclude,not_applicable,no_learned_dynamics,third_full_text_adjudication,"Primary full text studies neural representations during one-shot causal inference: hippocampal and inferior-frontal activity encodes an abstract task-rule/relational world model. The modeled object is not a physiological or patient state-transition function learned from biomedical observations, and the paper does not evaluate medical-state forecasting, rollout, intervention response, or simulator fidelity.",,,,,,
AUD-af3f2d334073,primary_phrase_filter_residual,A Multimodal Foundation Model for Longitudinal Patient Representation and Scalable Insight Generation in Oncology,"Precision oncology necessitates a longitudinal model of patient state that captures cancer evolution and treatment over time, integrating multimodal observations. We introduce the oFM, a foundation model developed on a real-world oncology cohort of 1.67 million cancer patients that integrates clinical trajectories with DNA, RNA, and H&E pathology. Patient-level partitions were reserved for training, validation, and testing, with over one million patients used for training. The oFM encodes daily clinical and molecular episodes and, along with pathology images, integrates them over time to produce a patient state embedding. We evaluate frozen oFM embeddings against expert-curated clinical and molecular baseline features. In prognostic benchmarks, the oFM improved AUC for treatment response, progression-free survival, and overall survival (0.774 vs. 0.563 for overall survival). Across 11 comparative-treatment cohorts, the oFM embeddings achieved a three-fold higher pooled and scale-normalized treatment-benefit AUTOC than baseline features with improved benefit ranking in 9 of 11 cohorts, and provided stronger prognostic discrimination within both treatment arms. We also evaluated a mechanism discovery framework that interprets downstream models built on oFM embeddings by linking their predicted outcomes to clinically and biologically grounded mechanisms through an evidence-grounded temporal graph, enabling evaluation in clinical and drug-development applications.",Eugene Vorontsov; Yi Kan Wang; Alican Bozkurt; Adam Casson; Ludmila Tydlitátová; Michal Zelechowski; Ezra E. W. Cohen; Jyoti D. Patel; Max Banaszak; Caitlin McWilliams; Shane Colley; Kate Sasser; Ryan Fukushima; Eric Lefkofsky; Razik Yousfi; Siqi Liu,2026,2026-08-25,arXiv (Cornell University),10.48550/arxiv.2608.24688,2608.24688,https://arxiv.org/abs/2608.24688,preprint,['openalex'],"['""world model"" EHR', '""world model"" clinical', '""world model"" patient', '""world model"" treatment']",open-access,world-model phrase absent from title and abstract,exclude,not_applicable,static_or_isolated_prediction,"Performs static representation learning in cancer care, rather than trajectory simulation or learned control.",include,empirical,potential_empirical,"A learned or fitted model represents evolving biomedical states, trajectories, interventions, or sequential control.",exclude,empirical,no_future_or_action_evaluation,reviewer_consensus,"A: Evaluation is limited to prognosis, treatment-benefit ranking, and representation interpretation rather than generated patient-state evolution. B: Longitudinal representation encoder; The evaluation does not establish qualifying future-state, rollout, or action-response dynamics.",,,,,,
AUD-e13ca7993674,primary_phrase_filter_residual,Anatomical Prior-Driven Framework for Autonomous Robotic Cardiac Ultrasound Standard View Acquisition,"Cardiac ultrasound diagnosis is critical for cardiovascular disease assessment, but acquiring standard views remains highly operator-dependent. Existing medical segmentation models often yield anatomically inconsistent results in images with poor textural differentiation between distinct feature classes, while autonomous probe adjustment methods either rely on simplistic heuristic rules or black-box learning. To address these issues, our study proposed an anatomical prior (AP)-driven framework integrating cardiac structure segmentation and autonomous probe adjustment for standard view acquisition. A YOLO-based multi-class segmentation model augmented by a spatial-relation graph (SRG) module is designed to embed AP into the feature pyramid. Quantifiable anatomical features of standard views are extracted. Their priors are fitted to Gaussian distributions to construct probabilistic APs. The probe adjustment process of robotic ultrasound scanning is formalized as a reinforcement learning (RL) problem, with the RL state built from real-time anatomical features and the reward reflecting the AP matching. Experiments validate the efficacy of the framework. The SRG-YOLOv11s improves mAP50 by 11.3% and mIoU by 6.8% on the Special Case dataset, while the RL agent achieves a 92.5% success rate in simulation and 86.7% in phantom experiments.",Zhiyan Cao; Zhengxi Wu; Yiwei Wang; Pei‐Hsuan Lin; Li Zhang; Zhen Xie; Huan Zhao; Han Ding,2026,2026-03-22,arXiv (Cornell University),,2603.21134,http://arxiv.org/abs/2603.21134,preprint,['openalex'],"['""world model"" echocardiography']",open-access,world-model phrase absent from title and abstract,include,empirical,potential_empirical,Learns a sequential policy or controller for procedural and surgical care with action-dependent responses.,include,empirical,potential_empirical,"A learned or fitted model represents evolving biomedical states, trajectories, interventions, or sequential control.",exclude,empirical,no_learned_dynamics,reviewer_consensus,"A: The policy is learned, but probe and anatomy transition dynamics are not learned from observed biomedical trajectories. B: Model-free probe-control policy; Sequential behavior is evaluated, but transition dynamics are not learned or data-adapted.",,,,,,
AUD-84da8977f244,primary_phrase_filter_residual,Applications of Reinforcement Learning for Autonomous Surgical Robotics: A Systematic Review.,"Reinforcement learning (RL) has emerged as a promising approach for autonomous surgical robotic subtasks. Recent advances include deep reinforcement learning (DRL), imitation learning (IL), and vision-language-action (VLA) models. However, current evidence remains fragmented across simulation benchmarks, task-specific demonstrations, and limited clinical studies. Existing reviews primarily focus on RL algorithms, while the broader pathway from algorithm development to clinically deployable surgical autonomy has not been comprehensively synthesised. This PRISMA 2020-guided systematic review examines RL, IL, safe RL, simulation-to-real (sim-to-real) transfer, foundation models, VLA systems, and regulatory readiness in surgical robotics. We searched IEEE Xplore, PubMed/MEDLINE, Embase, Scopus, Web of Science, the Cochrane Library, ACM Digital Library, arXiv, and medRxiv for studies published between January 2015 and March 2026, with additional studies identified through backward citation tracing. Eligible studies proposed novel RL, imitation learning, or foundation-model approaches for surgical robotics with empirical validation in simulation or on physical robotic platforms. Two reviewers independently extracted data using a predefined coding scheme, and a third reviewer resolved disagreements. Owing to substantial heterogeneity in platforms, tasks, and outcome measures, a quantitative meta-analysis was not feasible; therefore, the evidence was synthesised narratively using a comparative framework. A total of 220 studies met the inclusion criteria, covering eleven active surgical RL platforms, seven paired sim-to-real studies, emerging foundation-model architectures, and three FDA-cleared robotic systems exhibiting Level 3 autonomy. Available comparative studies suggest that hierarchical approaches can outperform flat policies in long-horizon tasks, while language-conditioned models demonstrated promising multi-step surgical capabilities. Seven paired simulation-to-real studies were identified, encompassing tissue retraction, guidewire navigation, and surgical cutting tasks. Sim-to-real performance gaps varied substantially by task and metric, with success-rate gaps ranging from -10 to 50 percentage points (negative values indicating better real-world than simulated performance), while paired mean spatial errors differed by at most 0.61 mm. Most studies employed domain randomization or visual domain adaptation; hierarchical reinforcement learning demonstrated advantages over flat policies in multi-step surgical tasks. Explicit safety-constrained methods (CPO, CBF, and SER), formal verification, and regulatory-aligned evaluation were reported in fewer than 3% of applied studies. Most evidence remained simulation-based, with no reported autonomous RL execution in vivo in humans. Overall, RL-based surgical robotics appears mature at the simulation stage but remains preclinical for autonomous clinical deployment. Future progress requires stronger sim-to-real validation, multimodal safety-aware architectures, alignment with IEC 62304, ISO 14971, FDA guidance, and the EU AI Act, and open benchmarks that jointly evaluate performance, safety, and surgeon trust.","Shahid M, Abdullah, Fatima Z, Feroze W, Ruiz MJT, Saldaña-Pérez M, Sánchez-Mejorada CG, Tellez RQ.",2026,2026-08-12,,10.3390/biomimetics11080577,,https://europepmc.org/article/MED/42645294,,['europe_pmc'],['europe_pmc_core'],indexed,world-model phrase absent from title and abstract,include,review,potential_review,"Centrally synthesizes learned or adapted procedural and surgical care simulation, transition, or sequential-control systems.",include,review,potential_review,"The review centrally examines learned biomedical dynamics, simulation, intervention response, or sequential control.",exclude,review,review_not_primary,reviewer_consensus,A: This is a broad surgical-autonomy review; learned transition or rollout models are not the central evidence category. B: Broad surgical rl and autonomy; Learned medical transition or rollout systems are not a central evidence category.,,,,,,
AUD-6b30999a35dc,primary_phrase_filter_residual,Deep Reinforcement Learning for Surgical Robotics with State and Image Information: A Survey,,Edoardo Fazzari; Cesare Stefanini,2026,2026-01-23,Research Square,10.21203/rs.3.rs-8621244/v1,,https://doi.org/10.21203/rs.3.rs-8621244/v1,preprint,['openalex'],"['""world model"" clinical', '""world model"" physiology']",open-access,world-model phrase absent from title and abstract,uncertain,uncertain,insufficient_abstract,"The title suggests procedural and surgical care dynamics or control, but no abstract establishes whether transitions are learned or adapted.",include,review,potential_review,"The review centrally examines learned biomedical dynamics, simulation, intervention response, or sequential control.",exclude,review,review_not_primary,reviewer_consensus,"A: The survey centers policy learning and simulator use, not learned medical environment dynamics. B: Broad surgical deep rl; Learned medical transition or rollout systems are not a central evidence category.",,,,,,
AUD-5dde3c545ed5,primary_phrase_filter_residual,Deep Reinforcement Learning of Dynamic Treatment Policies for Chronic Kidney Disease from Longitudinal Electronic Health Records,,Jingyi Wu; Qianlin Zuo; Xiaoyuan Liu; Weidong Zhang; Luxia Zhang; Pengfei Li,2026,2026-01-01,SSRN Electronic Journal,10.2139/ssrn.7407198,,https://doi.org/10.2139/ssrn.7407198,preprint,['openalex'],"['""world model"" EHR', '""world model"" clinical', '""world model"" treatment']",open-access,world-model phrase absent from title and abstract,uncertain,uncertain,insufficient_abstract,"The title suggests clinical records and healthcare operations dynamics or control, but no abstract establishes whether transitions are learned or adapted.",include,empirical,potential_empirical,"A learned or fitted model represents evolving biomedical states, trajectories, interventions, or sequential control.",exclude,not_applicable,no_learned_dynamics,third_full_text_adjudication,"The longitudinal EHR study trains a double deep Q-network to learn treatment action values/policies for chronic kidney disease. Its reported evaluation concerns guideline/clinician concordance and associations between recommended actions and outcomes; it does not fit or evaluate a CKD state-transition model, future-state rollout, or learned clinical simulator.",,,,,,
AUD-5b4c2424bdb2,primary_phrase_filter_residual,Dengue hospitalizations in Brazil: Forecasting with climatic and physicians' digital search data under real-world reporting delays.,"Timely forecasting of dengue hospitalizations is essential for public health preparedness but is frequently limited by delays in official reporting systems. While climatic variables are known to influence dengue transmission and can be obtained in near-real time, hospitalization data often become available only weeks after patient admission, reducing their value for early response. Digital information generated during clinical practice, such as physicians' search patterns, may provide a complementary and more timely signal of emerging disease activity. This study evaluates whether integrating climate data with real-time records of physicians' searches for dengue-related information improves short-term forecasts of dengue hospitalizations in Brazil under both ideal and realistic reporting conditions. Three complementary data sources were combined to generate forecasts across multiple geographic regions: weekly hospitalization counts, climatic indicators, and anonymized physician search records from a widely used clinical decision-support platform. Model performance was compared under two scenarios: one assuming immediate availability of hospitalization data and another incorporating typical reporting delays. When hospitalization data were timely, simpler model configurations - particularly those relying on hospitalization history alone or combined with climate - achieved the highest predictive accuracy, indicating that the temporal structure of the outcome itself carried substantial forecasting value. Under realistic reporting delays, however, models incorporating physicians' search behavior consistently outperformed all other approaches across most regions. In several regions, increases in physician search activity preceded or coincided with rises in hospital admissions, indicating early clinical engagement with dengue cases. These findings indicate that physician search behavior constitutes a valuable real-time indicator of dengue activity. Integrating digital clinical behavior with climate data enhances forecasting performance under real-world reporting constraints and may strengthen early-warning systems and public health decision-making for dengue and other climate-sensitive diseases.","Palmer DQ, Motta M, Moura E, Xavier D, Schittine G, Caseri A, Gismondi R.",2026,2026-05-29,,10.1371/journal.pdig.0001206,,https://europepmc.org/article/MED/42213709,,['europe_pmc'],['europe_pmc_core'],indexed,world-model phrase absent from title and abstract,exclude,not_applicable,no_learned_or_adapted_dynamics,"Reports on clinical records and healthcare operations without a learned, fitted, calibrated, or data-adapted dynamics model.",include,empirical,potential_empirical,"A learned or fitted model represents evolving biomedical states, trajectories, interventions, or sequential control.",exclude,empirical,no_future_or_action_evaluation,reviewer_consensus,"A: This is ordinary resource forecasting without an evaluated evolving disease-state or intervention-response simulator. B: Aggregate hospitalization forecasting; The evaluation does not establish qualifying future-state, rollout, or action-response dynamics.",,,,,,
AUD-94598ea01630,primary_phrase_filter_residual,Developing a pan-cancer foundation model for digital patient representation and clinical prediction across real-world oncology data.,"e23012 Background: Foundation models in oncology (FM onc ) enable creation of unified digital patient representations that can adapt to diverse clinical and translational tasks. We developed a pan-cancer FM onc trained on large-scale real-world electronic health record (RWD) data and evaluated its utility across clinically relevant prediction tasks. Methods: The manually curated RWD Patient360 dataset, which included NSCLC, breast, colorectal, and prostate cancers, was used. FM onc is a time-aware Transformer-based model designed to capture longitudinal patient trajectories across visits. The model contains > 1.3B trainable parameters and a vocabulary of tokens representing clinical variables and allowable value classes, plus special tokens. Cohorts included NSCLC (N = 57,780), breast (N = 43,432), CRC (N = 18,521), and prostate cancer (N = 17,035), split into training (80%), validation (10%), and test (10%) sets. Masked-token self-supervised learning was used, with masking probability inversely proportional to variable prevalence to mitigate class imbalance. Trained FM onc embeddings were used as inputs to a lightweight XGBoost adapter for three downstream tasks: (1) mortality prediction, (2) cancer type classification, and (3) prediction of biomarker testing. Target events were excluded from inputs to prevent label leakage. Model performance was assessed using area under the curve (AUC) for binary outcomes and F1 score for multiclass tasks. Results: A total of ≈11.6M tokens (≈3850 tokens per patient) across 109,414 patients were used for FM training with convergence reaching 100 epochs. A NSCLC test set has the highest mortality rate of 66% while breast has the lowest with 22% and prostate and CRC ~40%. FM onc embeddings enabled high predictive performance across tasks. Test-set mortality prediction achieved across all cancer type AUC of 0.84-0.86. Cancer-type classification exhibited macro avg F1 of 0.98. Clustering embedding observed that breast and prostate are well separated in using LDA projection into 3D space while small overlap between CRC and NSCLC. In the biomarker testing task, FM onc embeddings accurately predicted testing utilization with macro-average F1 ≥0.95 across commonly ordered biomarkers, including NSCLC (e.g., EGFR, KRAS) and breast cancer (ER, PR, HER2). Lower performance (F1≈0.20–0.30) was observed for clinically selective, RNA-based genomic expression assays with low real-world utilization ( Conclusions: A pan-cancer FM onc trained on large-scale RWD generates compact digital patient representations that generalize across diverse downstream clinical tasks. The model demonstrates strong performance in survival-related prediction, cancer classification, and biomarker testing inference.",Dhaval Parmar; Ian Ruchlin; Sharan Thummagunti; Pyeush Gurha; Stephen S. Yip,2026,2026,Journal of Clinical Oncology,10.1200/jco.2026.44.16_suppl.e23012,,https://doi.org/10.1200/jco.2026.44.16_suppl.e23012,journal-article,['crossref'],"['""clinical world model""', '""patient world model""', '""world model"" clinical', '""world model"" patient']",registered,world-model phrase absent from title and abstract,exclude,not_applicable,static_or_isolated_prediction,"Performs static representation learning in cancer care, rather than trajectory simulation or learned control.",include,empirical,potential_empirical,"A learned or fitted model represents evolving biomedical states, trajectories, interventions, or sequential control.",exclude,empirical,no_primary_empirical_evaluation,reviewer_consensus,"A: Only a conference abstract is available, and its evaluations are static downstream tasks rather than dynamics. B: Time-aware representation encoder; The evaluation does not establish qualifying future-state, rollout, or action-response dynamics.",,,,,,
AUD-f1a37b57a6d1,primary_phrase_filter_residual,Development of a Biological Age Model for Rheumatoid Arthritis and Longitudinal Trajectories by Antirheumatic Treatment: A Real-World Observational Study,"Summary Background: Biological age reflects physiological ageing and frequently diverges from chronological age. Patients with rheumatoid arthritis (RA) show accelerated biological ageing; however, existing indicators were developed in general populations and may not capture RA-specific pathology; no RA-specific indicator exists. We aimed to develop a biological age model and evaluate its association with ageing-related outcomes and anti rheumatic treatment.MethodsIn this retrospective observational study using two anonymised hospital-based electronic medical record databases, we included patients with RA aged ≥40 years. A biological age indicator (R-BioAge) was constructed using XGBoost with a Cox proportional hazards objective, incorporating routinely collected features. Models were trained on 60% of patients, validated on 40%, and then compared with Pheno Age and chronological age for all-cause mortality and ageing-related outcomes. Longitudinal changes after anti rheumatic drug initiation were assessed using linear mixed-effects models and group-based trajectory modelling. Findings: A total of 69,914 patients were included in the study. R-BioAge discriminated all-cause mortality better (Harrell's c-index 0·922, 95% CI 0·918–0·925) than the original PhenoAge (0·805, 0·800–0·811), refitted Pheno Age (0·816, 0·810–0·821), and chronological age (0·707, 0·699–0·714), and outperformed them for ageing-related outcomes. Key contributors included serum albumin, red cell distribution width, cumulative glucocorticoid dose, and inflammatory markers. Interleukin-6 inhibitors and abatacept were associated with reduced R-BioAge acceleration. A worsening trajectory of R-BioAge was linked with worse ageing-related outcomes.InterpretationR-BioAge, an RA-specific biological age indicator, showed strong predictive performance for multiple ageing-related outcomes, and its longitudinal trajectory was associated with anti rheumatic treatment and various clinical outcomes. R-BioAge constitutes a potential biomarker of pathological ageing to support risk stratification and treatment decisions in RA.",Shoichiro Inokuchi; Takumi Tajima,2026,2026,Elsevier BV,10.2139/ssrn.7344894,,https://doi.org/10.2139/ssrn.7344894,posted-content,['crossref'],"['""world model"" treatment']",registered,world-model phrase absent from title and abstract,include,empirical,potential_empirical,Fits or validates clinical exposure-response dynamics to support individualized drug dosing.,uncertain,empirical,potential_empirical,"Biomedical state generation or longitudinal response is plausible, but transition learning is not fully explicit.",exclude,empirical,no_learned_dynamics,reviewer_consensus,"A: Longitudinal associations with treatment do not constitute a learned patient-state transition model. B: Risk score with observed longitudinal trends; The evaluation does not establish qualifying future-state, rollout, or action-response dynamics.",,,,,,
AUD-b3bcf559b0b8,primary_medical_filter_residual,Dopamine ramps as a normative consequence of dual-process control,"Midbrain dopamine neurons are thought to implement a temporal difference (TD) reward prediction error (RPE) that updates cached values stored in striatum. This has been challenged by evidence that dopamine “ramps up” to predictable rewards during goal-directed behaviour. Here, we propose that dopamine ramps are RPEs generated by a dual-process learning system in which values inferred using a world model train cached values via the RPE. Ramps arise because efficient training of cached values requires that inferred values contribute to the update target but not the prediction component of the RPE. The model reproduces key dopamine ramp phenomena, including learning dynamics on fast and slow timescales, global updates following changes in reward expectation, transient responses during unexpected state transitions, and sensitivity to state uncertainty manipulations. We therefore argue that dopamine ramps are a signature of interactions between inferred and cached values that revise the traditional dichotomy between model-based and model-free learning.",Luke Priestley; Thomas Akam,2026,2026-06-22,eLife,10.7554/elife.111458,,https://doi.org/10.7554/elife.111458,preprint,['openalex'],"['""world model"" physiology', '""world model"" treatment']",open-access,medical-domain term absent from title and abstract,exclude,not_applicable,wrong_domain,"Addresses general AI systems, not a medical or biomedical state-dynamics system.",include,empirical,potential_empirical,"A learned or fitted model represents evolving biomedical states, trajectories, interventions, or sequential control.",exclude,not_applicable,wrong_domain,reviewer_consensus,"A: The modeled state is an experimental decision environment, not a substantive medical or biomedical system. B: Computational reward-learning model; The modeled system is outside a substantive medical or biomedical state.",,,,,,
AUD-5a52431a4a41,primary_phrase_filter_residual,Echo-POSED: Geometric Self-Distillation for Echocardiography Guidance,"We introduce Echo-POSED, a self-supervised framework for real-time transthoracic echocardiography (TTE) guidance that recommends probe adjustments directly from 2D ultrasound images, without the need for expert-labelled views or tracked probe trajectories. Instead, it trains on 2D views sliced from routinely acquired 3D echocardiography volumes, enforcing equivariance to probe motions while remaining invariant to cardiac phase, yielding a pose representation on $\mathrm{SO}(3)\times\mathrm{SO}(3)$. Across a held-out split and public external 3D--TTE datasets (including vendor shift), Echo-POSED maintains geometric consistency under virtual perturbations and enables intra- and inter-patient guidance simulations, achieving a combined mean angular error of 8.2 degrees between the guided and target views in intra-patient simulations with cardiac motion.",Elias Stenhede; Edvart Grüner Bjerke; Joanna Sulkowska; Eivind Bjørkan Orstad; Ole Jakob Elle; Ulysse Côté‐Allard; Arian Ranjbar,2026,2026-05-30,arXiv (Cornell University),,2606.02634,https://arxiv.org/abs/2606.02634,preprint,['openalex'],"['""world model"" echocardiography', '""world model"" patient']",open-access,world-model phrase absent from title and abstract,include,empirical,potential_empirical,"Learns or fits evolving procedural and surgical care states for trajectory, simulation, or intervention analysis.",include,empirical,potential_empirical,"A learned or fitted model represents evolving biomedical states, trajectories, interventions, or sequential control.",exclude,not_applicable,no_learned_dynamics,third_full_text_adjudication,Echo-POSED learns relative 3D ultrasound probe pose from resliced echocardiography volumes. The guidance demonstrations update views through known virtual rotation/reslicing geometry and a proportional controller; the network estimates pose but does not learn cardiac or ultrasound-state transition dynamics from observed trajectories.,,,,,,
AUD-8edd0658e1bb,primary_phrase_filter_residual,Embodied Cross-Domain Intelligence in Biomedical Microrobots: A Review.,"Microrobots are emerging as transformative tools for biomedical applications, including minimally invasive diagnostics, targeted therapy, and microsurgical intervention. However, achieving reliable performance and adaptation to diverse tasks and environments requires capabilities that exceed any single form of intelligence. Here, we introduce embodied cross-domain intelligence, a framework for synergistic coupling across physical, biological, computational, and human intelligence, enabling multifunctional, collaborative, and adaptive microrobotic behavior in dynamic, safety-critical biological settings. Unlike prior reviews that address these intelligence domains in isolation, this review aims to provide a unified framework, outlining each domain's principles, recent advances, and limitations; analyzing the interfaces that foster synergy; and mapping representative domain combinations to major biomedical applications. We further identify core challenges in integration, control, safety, and validation and outline future research directions to accelerate clinical translation. By framing biomedical microrobot development as a cross-domain synergy challenge, this review aims to guide interdisciplinary efforts toward systems capable of executing complex, multistage tasks across their operational life cycle. The associated project is available on the online project page (https://nuounuou.github.io/Embodied-Cross-Domain-Intelligence-in-Biomedical-Microrobots-A-Review/).","Tan Z, Wei L, Lu K, Zhang D.",2026,2026-05-14,,10.34133/cbsystems.0546,,https://europepmc.org/article/MED/42147073,,['europe_pmc'],['europe_pmc_core'],indexed,world-model phrase absent from title and abstract,include,review,potential_review,"Centrally synthesizes learned or adapted procedural and surgical care simulation, transition, or sequential-control systems.",exclude,empirical,no_learned_or_adapted_dynamics,No learned or data-adapted biomedical state evolution is described.,exclude,review,review_not_primary,reviewer_consensus,A: Learned biomedical transition simulators are only one peripheral component of a broad microrobotics review. B: Broad microrobot intelligence; Learned medical transition or rollout systems are not a central evidence category.,,,,,,
AUD-f291d518f076,primary_phrase_filter_residual,Embodied Intelligence in Surgical Robotics: From Perception-Action Loops to Cognitive Collaboration,"Surgical robotics is transitioning from teleoperated master-slave systems toward embodied intelligent agents that actively perceive, reason, and act within complex surgical environments. Although contemporary robotic platforms significantly enhance human motor dexterity through motion scaling and tremor suppression, they remain limited in addressing perceptual uncertainty, soft-tissue variability, and the cognitive demands of intraoperative decision-making, resulting in heavy reliance on continuous human supervision. Embodied Artificial Intelligence (AI) offers a paradigm shift by treating intelligence as an emergent property of tightly coupled interactions among a robot's physical embodiment, multimodal sensing, control policies, and environment. This Review synthesizes recent advances in embodied surgical robotics across three foundational dimensions: active multimodal perception that integrates visual, tactile, and force sensing in closed perception-action loops; learning-based and neuro-symbolic cognition that combines imitation learning, reinforcement learning, and clinical priors for adaptive planning under uncertainty; and compliant actuation and embodied control that embed safety and robustness directly into mechanical design and low-level control. Building on these developments, we propose a unified Six-Layer Embodied Architecture comprising Perception, Cognition, Action, Safety, Interaction, and System Integration, which clarifies functional roles while preserving cross-layer coupling to enable incremental autonomy within verifiable safety envelopes and calibrated human-robot collaboration. We discuss representative algorithms, hardware designs, and benchmark systems for each layer, and outline key translational challenges, including Sim2Real transfer in deformable tissues, certification of learning-enabled systems, interpretability and trust, and hospital-scale integration, positioning embodied intelligence as a pathway toward safer, more adaptive, and collaborative surgical robotic systems.",Fan Mo; Zhihan Lv; Kaiwen Zuo; Shanyu Rong; Hong Cheng; Wei Zhao; Ziyu Guan; Antonio Maffei; Yirui Jiang; Heming Yao; Zhongtian Sun; Hu Cao; Sitian Shen; Ziyang Wang; Shanghang Zhang; Guangming Wang; Shan Luo; A. Knoll; Pietro Liò,2026,2026-01-12,,10.36227/techrxiv.176823151.11578168/v1,,https://doi.org/10.36227/techrxiv.176823151.11578168/v1,preprint,['openalex'],"['""world model"" clinical']",open-access,world-model phrase absent from title and abstract,include,review,potential_review,"Centrally synthesizes learned or adapted procedural and surgical care simulation, transition, or sequential-control systems.",exclude,empirical,static_or_isolated_prediction,"The learned model does not generate biomedical trajectories, transitions, or action responses.",exclude,review,review_not_primary,reviewer_consensus,A: The synthesis is broad and does not centrally review learned action-conditioned tissue or patient dynamics. B: Broad embodied surgical control; Learned medical transition or rollout systems are not a central evidence category.,,,,,,
AUD-35c94124d2c2,primary_phrase_filter_residual,Evaluating Generative Video AI for Standardized Psychiatric Patient Simulation With Graded Hygiene Deterioration,"Abstract Introduction A clinician’s initial assessment during the mental status examination (MSE) places substantial weight on a patient’s general appearance, grooming, and hygiene. However, the logistical difficulty of producing simulated or standardized patient (SP) videos that systematically manipulate these characteristics limits the development of clinical AI tools and training curricula. This pilot study investigates the technical feasibility of using a video-generation diffusion model to re-animate modified reference images onto driving videos, enabling the creation of diverse patient presentations without the need for repeated filming. Methods Utilizing an established publicly available dataset, we extracted reference images of three SPs and applied a text-to-image AI model to generate five appearance conditions: the unmodified baseline and four escalating hygiene-deterioration levels: mild, moderate, marked, and severe. We then used the Wan2.2-Animate-14B animate video generation AI model to re-animate these modified portraits onto the original driving footage. This factorial design varied several model parameters including; pose retargeting, classifier-free guidance scales, and generation modes, resulting in 180 unique videos. Quality was measured through Fréchet Video Distance (FVD) for distributional fidelity and a physics-aware assessment performed by a multimodal large language model to evaluate physical plausibility. Results Our analysis yielded two primary observations. First, compositing through replacement-mode achieved significantly higher temporal fidelity than animation-mode (mean FVD 8.6 vs. 19.4; Cohen’s d = 1.84). Second, while distributional fidelity showed a monotonic decline as hygiene perturbation increased (Spearman ρ = 0.48, p < 0.001), physics-aware scores did not follow a similar trend. This pattern is consistent with fine-motor artifacts arising from model-level generative constraints rather than from the severity of the appearance modification alone. Conclusions These findings demonstrate that generating appearance-modulated clinical video libraries is technically achievable. Nevertheless, the persistence of fine-motor artifacts underscores the necessity of expert human oversight before these materials can be safely deployed in educational and translational settings.",Benson Mwangi; Hammza Jabbar Abdl Sattar Hamoudi; Mon‐Ju Wu; Andrés Martin; Jair C. Soares; César A. Soutullo,2026,2026-06-25,medRxiv,10.64898/2026.06.22.26356153,,https://doi.org/10.64898/2026.06.22.26356153,preprint,['openalex'],"['""world model"" patient']",open-access,world-model phrase absent from title and abstract,exclude,not_applicable,no_learned_or_adapted_dynamics,"Applies data-driven methods to brain and mental-health processes without modeling evolving states, rollouts, or action response.",uncertain,empirical,potential_empirical,"Biomedical state generation or longitudinal response is plausible, but transition learning is not fully explicit.",exclude,empirical,no_future_or_action_evaluation,reviewer_consensus,"A: Evaluation measures video fidelity and artifacts, not patient-state evolution or intervention-conditioned dynamics. B: Generative video re-animation; The evaluation does not establish qualifying future-state, rollout, or action-response dynamics.",,,,,,
AUD-43a8ecc5253b,primary_phrase_filter_residual,From Uncertainty to Clinical Risk: Severity-Aware Conformal Planning for Interactive Medical Diagnosis,"Interactive medical diagnosis dynamically acquires patient information through multiple rounds of questioning, supporting accurate, efficient, and safe clinical decisions under incomplete evidence. Existing methods commonly guide information acquisition with predictive uncertainty or label ambiguity, but overlook the asymmetric clinical risk of missing severe diseases and lack unified long-horizon planning over whether to continue asking questions or commit to a diagnosis. To address these limitations, we propose Severity-Aware Conformal Clinical Planning, which formulates interactive diagnosis as a risk-sensitive sequential decision problem. The framework maintains complementary diagnostic, safety, and masked-evidence beliefs; calibrates turn-specific diagnostic prediction sets and severity-weighted differential-diagnosis risk on held-out diagnostic trajectories; and introduces the calibrated clinical risk into Monte Carlo Tree Search to jointly evaluate long-horizon Ask and Commit trajectories. Experiments on DDXPlus and MediQ show that our method achieves more accurate diagnoses with fewer questions across multiple large language models, while improving differential-diagnosis quality and reducing high-risk errors in severe cases. These findings validate the value of using clinical risk, rather than predictive uncertainty alone, as a planning signal and demonstrate the effectiveness of the proposed framework for information acquisition and risk-aware diagnostic decision making. They also motivate future work on clinical-risk-oriented interactive diagnosis and information-acquisition methods.",Yue Zhou; Haiyang Zhou; Jin Zhang; Kong Wang; Yongxin Ni; Youhua Li; Hanwen Du,2026,2026-08-28,arXiv (Cornell University),10.48550/arxiv.2608.27847,2608.27847,https://arxiv.org/abs/2608.27847,preprint,['openalex'],"['""world model"" clinical']",open-access,world-model phrase absent from title and abstract,exclude,not_applicable,static_or_isolated_prediction,"Performs classification or detection in patient-state modeling, rather than trajectory simulation or learned control.",include,empirical,potential_empirical,"A learned or fitted model represents evolving biomedical states, trajectories, interventions, or sequential control.",exclude,empirical,no_learned_dynamics,reviewer_consensus,"A: The search evaluates dialogue choices, but no medical transition model is learned from observed patient dynamics. B: Risk-calibrated diagnostic search; Sequential behavior is evaluated, but transition dynamics are not learned or data-adapted.",,,,,,
AUD-cfaad4cb121e,primary_phrase_filter_residual,Human–Machine Co-Adaptation for Robot-Assisted Rehabilitation via Dual-Agent Multiple Model Reinforcement Learning (DAMMRL),"This study introduces a novel approach to robot-assisted ankle rehabilitation by proposing a dual-agent multiple model reinforcement learning (DAMMRL) framework, leveraging multiple model adaptive control (MMAC) and co-adaptive control strategies. In robot-assisted rehabilitation, one of the key challenges is modeling human behavior due to the complexity of human cognition and physiological systems. Traditional single-model approaches often fail to capture the dynamics of human-machine interactions. Our research employs a multiple model strategy, using simple submodels to approximate complex human responses during rehabilitation tasks, tailored to varying levels of patient incapacity. The proposed system's versatility is demonstrated in real experiments and simulated environments. Feasibility and potential were evaluated with 13 healthy subjects and nine patients with lower-limb motor disorders, yielding promising results that affirm the anticipated benefits of the approach. This study not only introduces a new paradigm for robot-assisted ankle rehabilitation but also opens the way for future research in adaptive, patient-centered therapeutic interventions.",Yang An; Yaqi Li; Hongwei Wang; Rob Duffield; Steven W. Su,2026,2026-01-01,IEEE Transactions on Neural Networks and Learning Systems,10.1109/tnnls.2026.3685832,,https://doi.org/10.1109/tnnls.2026.3685832,article,['openalex'],"['""world model"" patient', '""world model"" physiology']",open-access,world-model phrase absent from title and abstract,include,empirical,potential_empirical,Learns a sequential policy or controller for rehabilitation and biomechanics with action-dependent responses.,include,empirical,potential_empirical,"A learned or fitted model represents evolving biomedical states, trajectories, interventions, or sequential control.",exclude,not_applicable,policy_learning_without_learned_dynamics,post_adjudication_inclusion_qc,"The rehabilitation environment uses designable PD/PID human and machine subcontrollers plus a hand-built Simulink robot; neural networks learn submodel-switching policies, not a patient or robot transition mechanism from observed data.",exclude,not_applicable,policy_learning_without_learned_dynamics,"The rehabilitation environment uses designable PD/PID human and machine subcontrollers plus a hand-built Simulink robot; neural networks learn submodel-switching policies, not a patient or robot transition mechanism from observed data.","Full arXiv text states that the submodels are designable and parameterized, while PPO learns adaptive switching; subject experiments evaluate control behavior rather than learned dynamics.",high
AUD-f207351174df,primary_phrase_filter_residual,MicroVerse: A Preliminary Exploration Toward a Micro-World Simulation,"Recent advances in video generation have opened new avenues for macroscopic simulation of complex dynamic systems, but their application to microscopic phenomena remains largely unexplored. Microscale simulation holds great promise for biomedical applications such as drug discovery, organ-on-chip systems, and disease mechanism studies, while also showing potential in education and interactive visualization. In this work, we introduce MicroWorldBench, a multi-level rubric-based benchmark for microscale simulation tasks. MicroWorldBench enables systematic, rubric-based evaluation through 459 unique expert-annotated criteria spanning multiple microscale simulation task (e.g., organ-level processes, cellular dynamics, and subcellular molecular interactions) and evaluation dimensions (e.g., scientific fidelity, visual quality, instruction following). MicroWorldBench reveals that current SOTA video generation models fail in microscale simulation, showing violations of physical laws, temporal inconsistency, and misalignment with expert criteria. To address these limitations, we construct MicroSim-10K, a high-quality, expert-verified simulation dataset. Leveraging this dataset, we train MicroVerse, a video generation model tailored for microscale simulation. MicroVerse can accurately reproduce complex microscale mechanism. Our work first introduce the concept of Micro-World Simulation and present a proof of concept, paving the way for applications in biology, education, and scientific visualization. Our work demonstrates the potential of educational microscale simulations of biological mechanisms. Our data and code are publicly available at https://github.com/FreedomIntelligence/MicroVerse",Rongsheng Wang; Minghao Wu; Hongru Zhou; Zhihan Yu; Zhenyang Cai; Junying Chen; Benyou Wang,2026,2026-02-28,arXiv (Cornell University),,2603.00585,http://arxiv.org/abs/2603.00585,preprint,['openalex'],"['""medical world model""']",open-access,world-model phrase absent from title and abstract,exclude,not_applicable,no_learned_or_adapted_dynamics,"Reports on cellular and biological systems without a learned, fitted, calibrated, or data-adapted dynamics model.",include,empirical,potential_empirical,"A learned or fitted model represents evolving biomedical states, trajectories, interventions, or sequential control.",exclude,not_applicable,wrong_domain,post_adjudication_inclusion_qc,The model is fine-tuned on public educational microscopy-style videos and evaluated for visual and instruction fidelity; it does not learn a transition for an observed medical or biomedical system and explicitly does not reproduce wet-lab dynamics.,exclude,not_applicable,wrong_domain,The model is fine-tuned on public educational microscopy-style videos and evaluated for visual and instruction fidelity; it does not learn a transition for an observed medical or biomedical system and explicitly does not reproduce wet-lab dynamics.,"ICLR 2026 full text, dataset construction and Limitation section stating that biomedical physical laws are not modeled and wet-lab results are not reproduced.",high
AUD-5c062e5c25cd,primary_phrase_filter_residual,Planning in the Brain: It's Not What You Think It Is.,"The neuroscience of planning has long been analogized to search algorithms in artificial intelligence (AI), which simulate future actions to guide immediate choices. We argue that advances in both neuroscience and AI suggest that planning is better understood to encompass a broader class of computations where mental simulation supports learning, often well before a decision is needed. We review three neurocomputational mechanisms that illustrate this shift. First, hippocampal replay resembles search but also often occurs prospectively or offline, likely training downstream circuits rather than directly guiding choice. Second, temporally abstract representations, such as grid cells, can enable planning without iterative search. Third, metalearning may shape how prefrontal dynamics implement task-specific planning strategies, echoing how AI systems learn to adapt across contexts. This view recasts the brain's planning machinery as a family of learning processes that leverage simulations to build representations and strategies, with forward search as one special case.","Mattar MG, Daw ND.",2026,2026-04-16,,10.1146/annurev-neuro-102124-015847,,https://europepmc.org/article/MED/41990393,,['europe_pmc'],['europe_pmc_core'],indexed,world-model phrase absent from title and abstract,exclude,review,review_not_primary,"Reviews brain and mental-health processes but does not centrally synthesize learned or adapted transition, rollout, or control systems.",include,review,potential_review,"The review centrally examines learned biomedical dynamics, simulation, intervention response, or sequential control.",exclude,review,review_not_primary,reviewer_consensus,A: This cognitive-neuroscience review does not centrally synthesize learned medical or biomedical simulators. B: Planning mechanisms in healthy brains; The modeled system is outside a substantive medical or biomedical state.,,,,,,
AUD-2910bb23d897,primary_phrase_filter_residual,ResidencyRL: Reinforcement Learning in Simulated Clinical Environments,"In medical education, physicians convert academic knowledge into clinical expertise through residency: years of training across thousands of encounters, with diverse sources of feedback and progressively greater autonomy. Much of clinical reasoning relies on the patient encounter, a dialogue in which a clinician elicits history, refines diagnostic hypotheses, and decides management under uncertainty. While large language models (LLMs) excel on static medical benchmarks, methods to optimize the full sequence of clinical decisions remain underdeveloped. We present ResidencyRL, a reinforcement learning (RL) method for training clinical artificial intelligence (AI) agents through simulated multi-turn clinical encounters (up to 60 dialogue turns and 8 tool calls per trajectory). ResidencyRL pairs the policy agent with LLM simulators capable of complex, adversarial behaviors, training against a structured reward aligned to diagnostic accuracy, management quality, communication, documentation, and safety. On held-out evaluations, the ResidencyRL agent improves diagnostic accuracy by 7.0% under adversarial conditions (88.0% vs. 81.0%) and reduces missed red flag rates by 31%, demonstrating rigorous mitigation of premature closure. Blinded expert clinicians validated these gains, preferring the trained agent in 87.6% of side-by-side comparisons. The procedural competencies transfer to unseen benchmarks: the agent outperforms the base model across all six clinical axes of the AMIE multi-visit benchmark, and shows consistent directional improvements on AgentClinic and CRAFT-MD. Our findings demonstrate that sequential clinical decision-making can be effectively learned through multi-turn RL in simulation, yielding robust, generalizable capabilities, paving the way towards clinical mastery. Prospective validation with real-world workflows remains necessary to establish clinical utility.",Valentin Liévin; Samuel Schmidgall; Tim Strother; A. Bijamov; Akshay Goel; Anil Palepu; Chunjong Park; Vahid Balazadeh; Min Sun; Marius Guerard; Justin Chen; Dave Steiner; Vikram Dhillon; Ibrahim Azar; Akhil Mehta; Nicholas Spetsieris; Shilpan Shah; Maen Abdelrahim; Amit Dahiya; Yun Liu; Katherine Chou; Yossi Matias; Avinatan Hassidim; Dale R. Webster; Quoc V. Le; Raia Hadsell; Joelle Barral; Carey Radebaugh; Aleksandra Faust; Shekoofeh Azizi; Mike Schaekermann; Po-Hsuan Cameron Chen; Tao Tu; David Racz; Lin Yang,2026,2026-08-07,arXiv (Cornell University),,2608.07418,https://arxiv.org/abs/2608.07418,preprint,['openalex'],"['""medical world model""', '""world model"" EHR', '""world model"" clinical']",open-access,world-model phrase absent from title and abstract,include,empirical,potential_empirical,Learns a sequential policy or controller for cellular and biological systems with action-dependent responses.,include,empirical,potential_empirical,"A learned or fitted model represents evolving biomedical states, trajectories, interventions, or sequential control.",exclude,empirical,no_learned_dynamics,reviewer_consensus,"A: The simulator is not learned or adapted from observed medical transition data, and its dynamics fidelity is not evaluated. B: Llm patient-role simulation for rl training; The evaluation does not establish qualifying future-state, rollout, or action-response dynamics.",,,,,,
AUD-8641031fc6e4,primary_phrase_filter_residual,Simulating closed-loop transcranial brain stimulation for reinforcement learning-based treatment discovery,,Chirath Hettiarachchi; Neil W. Bailey; Paul Fitzgerald; Hanna Suominen,2026,2026-02-20,Research Square,10.21203/rs.3.rs-7958165/v1,,https://doi.org/10.21203/rs.3.rs-7958165/v1,preprint,['openalex'],"['""world model"" treatment']",open-access,world-model phrase absent from title and abstract,uncertain,uncertain,insufficient_abstract,"The title suggests brain and mental-health processes dynamics or control, but no abstract establishes whether transitions are learned or adapted.",include,empirical,potential_empirical,"A learned or fitted model represents evolving biomedical states, trajectories, interventions, or sequential control.",exclude,empirical,no_learned_dynamics,reviewer_consensus,"A: RL learns stimulation choices, but the brain transition equations are hand-specified rather than data-fitted. B: Hand-specified neural circuit simulator; Sequential behavior is evaluated, but transition dynamics are not learned or data-adapted.",,,,,,
AUD-f860c86723ab,primary_phrase_filter_residual,"T-World Virtual Human Cardiomyocyte. I. Development, Validation, and Cell Arrhythmogenesis.","BACKGROUND: Cardiovascular disease is the leading global cause of morbidity and mortality. New technologies are needed to improve mechanistic understanding and inform therapeutic strategies. Human-centric cardiac simulations show great promise; however, existing cellular models can reproduce only a few arrhythmia-driving behaviors and show important discrepancies with experimental data. We aimed to develop a new model overcoming this lack of generality, which markedly limits the predictivity and translational utility of virtual cardiomyocytes. METHODS: We developed T-World, a novel virtual human cardiomyocyte, using data-driven differential equations to describe sex-specific excitation-contraction coupling, mechanical contraction, β-adrenergic signaling, and its effects on cellular targets. The model contains several key innovations, including a new approach to coupling L-type calcium channels and ryanodine receptors, with updated calcium-dependent-inactivation of the former and novel calcium-induced refractoriness and complete reparameterization of the latter. We also redeveloped the sodium-potassium pump and made major improvements to the sodium-calcium exchanger formulation. RESULTS: T-World shows broad agreement with experimental data on rate-dependent action potential (AP), calcium handling, and contraction properties. Extensively validated on independent data, T-World demonstrates strong predictive performance, for example, in drug-induced AP changes. The model reproduces the effects of sympathetic stimulation, including AP duration shortening and increased calcium-transient amplitude and contractility. Importantly, it recapitulates for the first time all key cellular mechanisms driving life-threatening arrhythmias (early and delayed afterdepolarizations, alternans, and steep S1-S2 restitution), including experimentally observed responses to interventions such as sympathetic activation, SERCA (sarco/endoplasmic reticulum Ca2+ ATPase) inhibition, and AP prolongation. Combined with the model’s ability to simulate physiological sex-specific differences in electrophysiology, this revealed increased proclivity of female cardiomyocytes to early afterdepolarizations and steep restitution of AP duration. CONCLUSIONS: T-World is a highly general and predictive open-source computer model of a human ventricular cardiomyocyte, suitable for multiscale research studies investigating determinants of arrhythmogenesis.","Tomek J, Holmes M, Bury T, Tomkova M, Jo H, Nagy N, Bertrand A, Bueno-Orovio A, Colman MA, Rodriguez B, Bers DM, Heijman J.",2026,2026-04-07,"White Rose Research Online (University of Leeds, The University of Sheffield, University of York)",10.1161/circresaha.125.328073,,https://europepmc.org/article/MED/41944014,article,"['europe_pmc', 'openalex']","['""world model"" physiology', 'europe_pmc_core']",indexed,world-model phrase absent from title and abstract,include,empirical,potential_empirical,"Learns or fits evolving cardiovascular physiology and care states for trajectory, simulation, or intervention analysis.",include,empirical,potential_empirical,"A learned or fitted model represents evolving biomedical states, trajectories, interventions, or sequential control.",exclude,not_applicable,hand_specified_mechanistic_dynamics,post_adjudication_inclusion_qc,"T-World is a manually assembled system of biophysical ODE modules adapted from prior cardiomyocyte models, with selected parameters optimized to experimental targets; the transition law itself is not learned or adapted from observed state sequences.",exclude,not_applicable,hand_specified_mechanistic_dynamics,"T-World is a manually assembled system of biophysical ODE modules adapted from prior cardiomyocyte models, with selected parameters optimized to experimental targets; the transition law itself is not learned or adapted from observed state sequences.","Version-of-record Methods describes hand-constructed ionic-current, calcium, signaling, and contraction equations followed by component-level parameter optimization.",high
AUD-480973cb8adc,primary_phrase_filter_residual,Toward Autonomous Clinics: Human-Robot Collaboration in Clinical Care.,"Robotic systems are entering clinical care, but full autonomy remains constrained by patient variability, safety requirements, dynamic clinical environments, and the need for professional oversight. Human-robot collaboration (HRC) offers a more realistic path: clinicians retain judgment and responsibility, while robots and AI support sensing, planning, action, and decision-making within defined task boundaries. In this narrative review, we examine recent advances in clinical HRC from a systems perspective, covering system architecture, learning and control, safety mechanisms, autonomy assessment, and real-world deployment. We propose a dual-brain framework, comprising a professional brain for clinical reasoning and decision support, and a physical brain for embodied sensing, planning, and task execution. Using examples from imaging, rehabilitation, surgery, and outpatient care, we argue that clinical autonomy is developing in stages from clinician-supervised imaging and decision support to bounded robotic subtasks and workflow-level coordination, instead of through unsupervised replacement of healthcare professionals. We further discuss how robustness, trust, accountability, and human factors shape safe adoption in practice. By framing autonomy as collaborative rather than substitutive, this review provides a unifying foundation for designing and evaluating the next generation of autonomous clinical systems.","Wu X, Zhang J, Xu M, Chu HK, Chen X, Zhong P, Liu B, He M, Shi D.",2026,2026-07-25,MedComm,10.1002/mco2.70885,,https://europepmc.org/article/MED/42502711,article,"['europe_pmc', 'openalex']","['""world model"" clinical', 'europe_pmc_core']",indexed,world-model phrase absent from title and abstract,include,review,potential_review,"Centrally synthesizes learned or adapted procedural and surgical care simulation, transition, or sequential-control systems.",exclude,empirical,static_or_isolated_prediction,"The learned model does not generate biomedical trajectories, transitions, or action responses.",exclude,review,review_not_primary,reviewer_consensus,A: The narrative systems review does not centrally synthesize learned medical transition simulators. B: Broad clinic robotics collaboration; Learned medical transition or rollout systems are not a central evidence category.,,,,,,
AUD-e7a5b608002f,primary_phrase_filter_residual,TwinCell: Large Causal Cell Model for Reliable and Interpretable Therapeutic Target Prioritisation,"Drug discovery is impeded by the difficulty of translating targets from preclinical models to patients. In this work, we present TwinCell, a Large Causal Cell Model for target identification that, trained on in vitro cancer cell line perturbation data, generalises to patient-derived cell types while providing biologically meaningful interpretations of its predictions. Rather than predicting perturbation outcomes, TwinCell identifies the upstream regulators most likely to drive the transition between two cell states, such as diseased and healthy, by decomposing target probability over signalling paths through a multiomics interactome conditioned on single-cell foundation model embeddings. To validate this approach, we introduce TwinBench, a benchmarking framework that evaluates virtual cell models using recommendation system metrics while correcting for mode collapse through empirical p -value estimation. On both in vitro zero-shot scenarios and in clinico validation across five therapeutic areas, TwinCell outperforms not only state-of-the-art virtual cell models but also linear baselines and network-based methods, classically used to perform target identification. When applied to patient data, TwinCell recovers clinically approved drug targets and reconstructs known disease mechanisms, such as the type I interferon signalling cascade in Systemic Lupus Erythematosus, without any disease-specific supervision. These results demonstrate that constraining learned perturbation patterns to a biological interactome enables cross-tissue, cross-disease target identification with mechanistic interpretability, bridging the gap between high-throughput in vitro experiments and clinical insights.",Jean-Baptiste Morlot; Thomaz Lüscher Dias; Sébastien Légaré; Alessandro Romualdi; Elie Hatem; Yann Abraham,2026,2026-02-02,bioRxiv (Cold Spring Harbor Laboratory),10.64898/2026.01.29.702072,,https://doi.org/10.64898/2026.01.29.702072,preprint,['openalex'],"['""world model"" clinical', '""world model"" patient']",open-access,world-model phrase absent from title and abstract,exclude,not_applicable,no_learned_or_adapted_dynamics,"Applies data-driven methods to cancer care without modeling evolving states, rollouts, or action response.",include,empirical,potential_empirical,"A learned or fitted model represents evolving biomedical states, trajectories, interventions, or sequential control.",exclude,not_applicable,no_future_or_action_evaluation,third_full_text_adjudication,"TwinCell explicitly frames its task as identifying upstream regulators that may drive a cell-state transition rather than predicting post-perturbation outcomes. The experiments evaluate target prioritization and recovery across disease applications, but do not evaluate a learned future cellular state, perturbation response, recursive rollout, or simulator fidelity.",,,,,,
AUD-88edf55a5ac3,primary_medical_filter_residual,A mechanistic theory of planning in prefrontal cortex,"Abstract Planning is critical for adaptive behaviour in a changing world, because it lets us anticipate the future and adjust our actions accordingly. While prefrontal cortex is crucial for this process, it remains unknown how planning is implemented in neural circuits. Prefrontal representations were recently discovered in simpler sequence memory tasks, where different populations of neurons represent different future time points. We demonstrate that combining such representations with the ubiquitous principle of neural attractor dynamics allows circuits to solve much richer problems including planning. This is achieved by embedding the environment structure directly in synaptic connections to implement an attractor network that infers desirable futures. The resulting ‘spacetime attractor’ excels at planning in challenging tasks known to depend on prefrontal cortex. Recurrent neural networks trained by gradient descent on such tasks learn a solution that precisely recapitulates the spacetime attractor – in representation, in dynamics, and in connectivity. Analyses of networks trained across different environment structures reveal a generalisation mechanism that rapidly reconfigures the world model used for planning, without the need for synaptic plasticity. The spacetime attractor is a testable mechanistic theory of planning. If true, it would provide a path towards detailed mechanistic understanding of how prefrontal cortex structures adaptive behaviour.",Kristopher T. Jensen; Peter T. Doohan; Mathias Sablé-Meyer; Sandra Reinert; Alon Baram; Maneesh Sahani; Thomas Akam; Timothy E.J. Behrens,2025,2025-09-24,eLife,10.1101/2025.09.23.677709,,https://doi.org/10.7554/elife.109757.2,preprint,['openalex'],"['""world model"" patient']",open-access,medical-domain term absent from title and abstract,exclude,not_applicable,no_learned_or_adapted_dynamics,"Applies data-driven methods to brain and mental-health processes without modeling evolving states, rollouts, or action response.",include,empirical,potential_empirical,"A learned or fitted model represents evolving biomedical states, trajectories, interventions, or sequential control.",exclude,not_applicable,wrong_domain,reviewer_consensus,A: The model is trained on synthetic tasks rather than observed medical or biomedical state dynamics. B: Trained planning network for abstract tasks; The modeled system is outside a substantive medical or biomedical state.,,,,,,
AUD-c77c5cd83736,primary_phrase_filter_residual,A Novel Model for Generating Patient Laboratory Test Orders from Admission: Transformer Model Approach,"There is a growing demand for medical pseudo-data that maintains statistical utility, enabling the analysis of a wide range of medical data without compromising patient privacy. Additionally, there is a growing need for effective sequence prediction in healthcare. The proposed model in this research, utilizes GPT-2, a Transformer model from natural language processing, to generate laboratory test order data for patients from admission to discharge while incorporating temporal processes. This research utilized patient data from Kochi Medical School Hospital, Japan, with specific inclusion criteria. The methodology involved converting patient profiles and order data into categorical formats and employing SentencePiece tokenization to create 8000 tokens for training the GPT-2 model. The model’s performance was evaluated across three patterns, predicting laboratory test orders at various times during hospitalization. It was compared to a gradient boosting decision tree (GBDT) model using F-scores as the evaluation metric. Results indicated that while the GBDT model performed better based solely on admission information, the GPT-2 model showed superior performance when using time-series information post-admission. Our research proposed a model that successfully considered temporal processes to generate laboratory test order data for patients from admission to discharge using GPT-2, a Transformer model developed in the field of natural language processing.",Yuki Hyohdoh; Kazukuni Yoshua Nomura; Keita Mitani; Yutaka Hatakeyama,2025,2025,Studies in Health Technology and Informatics,10.3233/shti250913,,https://doi.org/10.3233/shti250913,book-chapter,['crossref'],"['""patient world model""', '""world model"" medicine', '""world model"" patient']",registered,world-model phrase absent from title and abstract,exclude,not_applicable,no_learned_or_adapted_dynamics,"Applies data-driven methods to clinical records and healthcare operations without modeling evolving states, rollouts, or action response.",include,empirical,potential_empirical,"A learned or fitted model represents evolving biomedical states, trajectories, interventions, or sequential control.",exclude,not_applicable,no_substantive_medical_state,post_adjudication_inclusion_qc,"GPT-2 learns the sequence of clinicians' laboratory-order tokens from admission to discharge, but the generated process is an ordering workflow rather than an evolving patient physiological, pathological, cellular, or device state.",exclude,not_applicable,no_substantive_medical_state,"GPT-2 learns the sequence of clinicians' laboratory-order tokens from admission to discharge, but the generated process is an ordering workflow rather than an evolving patient physiological, pathological, cellular, or device state.","Primary proceedings abstract and methods describe tokenized laboratory-order generation and F-score evaluation, with no modeled patient-state transition or physiological rollout.",high
AUD-1ef3d697e152,primary_phrase_filter_residual,A time-dependent model for quantifying postoperative inflammatory trajectories and predicting survival in early triple-negative breast cancer,,Guoquan Wen; Yi Zeng; Yu Sun,2025,2025,World Journal of Surgical Oncology,10.1186/s12957-025-04168-4,,https://doi.org/10.1186/s12957-025-04168-4,journal-article,['crossref'],"['""surgical world model""']",registered,world-model phrase absent from title and abstract,uncertain,uncertain,insufficient_abstract,"The title suggests cancer care dynamics or control, but no abstract establishes whether transitions are learned or adapted.",exclude,empirical,static_or_isolated_prediction,The model targets a static label or isolated endpoint rather than evolving states.,exclude,empirical,no_learned_dynamics,reviewer_consensus,"A: Trajectory clustering and survival discrimination do not model patient-state transitions. B: Time-dependent prognostic covariates; The evaluation does not establish qualifying future-state, rollout, or action-response dynamics.",,,,,,
AUD-201e45b5752f,primary_phrase_filter_residual,Advancements and challenges in autonomous endovascular interventional robotics: A comprehensive review.,"Cardiovascular and cerebrovascular diseases remain major global health challenges. Minimally invasive endovascular interventions have become preferred treatments due to reduced trauma, pain, and recovery time. However, the advancement of endovascular interventional robotic systems (EIRSs) is constrained by limited imaging depth, heavy dependence on physician experience, and restricted device maneuverability. This review provides a comprehensive overview of the sensing, control, and execution modules that form the core of these EIRSs. It analyzes the fundamental challenges within each component and explores potential strategies to enhance system intelligence and autonomy. By integrating current progress with forward-looking insights, the review highlights pathways toward safer, more efficient, and greater autonomous robotic interventions. The ultimate aim is to advance the development of next-generation robotic platforms that can improve procedural precision and broaden patient access to high-quality vascular care.","Sun J, Tang R, Zhang Q, Liu J, Gao L, Yang W, Chen X, Tang Y.",2025,2025-11-14,,10.1016/j.isci.2025.114024,,https://europepmc.org/article/MED/41403837,,['europe_pmc'],['europe_pmc_core'],indexed,world-model phrase absent from title and abstract,uncertain,review,potential_review,"The review covers autonomous procedural and surgical care sensing and control, but the centrality of learned transition models is unclear.",exclude,empirical,no_learned_or_adapted_dynamics,No learned or data-adapted biomedical state evolution is described.,exclude,review,review_not_primary,reviewer_consensus,A: Learned action-conditioned anatomy or device dynamics are not a central review category. B: Broad endovascular robotics; Learned medical transition or rollout systems are not a central evidence category.,,,,,,
AUD-db69876f2c43,primary_phrase_filter_residual,AI-Based Decision Support for Perfusionists during Cardiopulmonary Bypass.,,"Natarajan M, Li Z, Chen L, Wu Z, Ogara P, Borges P, Rance G, Srey R, Harari RE, Mendu S, Zenati MA, Dias RD, Gombolay M.",2025,2025-06-01,,10.31256/hsmr25.86,,https://europepmc.org/article/MED/40693179,,['europe_pmc'],['europe_pmc_core'],indexed,world-model phrase absent from title and abstract,uncertain,uncertain,insufficient_abstract,"The title suggests cardiovascular physiology and care dynamics or control, but no abstract establishes whether transitions are learned or adapted.",exclude,not_applicable,wrong_domain,The record is outside the medical or biomedical domain.,exclude,empirical,no_learned_dynamics,reviewer_consensus,"A: The short proceedings report evaluates action prediction, not a learned bypass or patient transition model. B: Supervised and model-free offline policies; Sequential behavior is evaluated, but transition dynamics are not learned or data-adapted.",,,,,,
AUD-6cfd09330b40,primary_phrase_filter_residual,Constructing future behavior in the hippocampal formation through composition and replay.,"The hippocampus is critical for memory, imagination and constructive reasoning. Recent models have suggested that its neuronal responses can be well explained by state spaces that model the transitions between experiences. Here we use simulations and hippocampal recordings to reconcile these views. We show that if state spaces are constructed compositionally from existing building blocks, or primitives, hippocampal responses can be interpreted as compositional memories, binding these primitives together. Critically, this enables agents to behave optimally in new environments with no new learning, inferring behavior directly from the composition. We predict a role for hippocampal replay in building and consolidating these compositional memories. We test these predictions in two datasets by showing that replay events from newly discovered landmarks induce and strengthen new remote firing fields. When the landmark is moved, replay builds a new firing field at the same vector to the new location. Together, these findings provide a framework for reasoning about compositional memories and demonstrate that such memories are formed in hippocampal replay.","Bakermans JJW, Warren J, Whittington JCR, Behrens TEJ.",2025,2025-03-10,Nature Neuroscience,10.1038/s41593-025-01908-3,,https://europepmc.org/article/MED/40065185,article,"['europe_pmc', 'openalex']","['""world model"" clinical', '""world model"" patient', 'europe_pmc_core']",indexed,world-model phrase absent from title and abstract,exclude,not_applicable,no_learned_or_adapted_dynamics,"Reports on brain and mental-health processes without a learned, fitted, calibrated, or data-adapted dynamics model.",include,empirical,potential_empirical,"A learned or fitted model represents evolving biomedical states, trajectories, interventions, or sequential control.",exclude,not_applicable,wrong_domain,reviewer_consensus,A: The environment transitions are task-defined and the modeled state is basic spatial cognition rather than a medical system. B: Compositional task-state model; The modeled system is outside a substantive medical or biomedical state.,,,,,,
AUD-9ab3854e1ac9,primary_phrase_filter_residual,Flexible Blood Glucose Control: Offline Reinforcement Learning from Human Feedback,"Reinforcement learning (RL) has demonstrated success in automating insulin dosing in simulated type 1 diabetes (T1D) patients but is currently unable to incorporate patient expertise and preference. This work introduces PAINT (Preference Adaptation for INsulin control in T1D), an original RL framework for learning flexible insulin dosing policies from patient records. PAINT employs a sketch-based approach for reward learning, where past data is annotated with a continuous reward signal to reflect patient's desired outcomes. Labelled data trains a reward model, informing the actions of a novel safety-constrained offline RL algorithm, designed to restrict actions to a safe strategy and enable preference tuning via a sliding scale. In-silico evaluation shows PAINT achieves common glucose goals through simple labelling of desired states, reducing glycaemic risk by 15% over a commercial benchmark. Action labelling can also be used to incorporate patient expertise, demonstrating an ability to pre-empt meals (+10% time-in-range post-meal) and address certain device errors (-1.6% variance post-error) with patient guidance. These results hold under realistic conditions, including limited samples, labelling errors, and intra-patient variability. This work illustrates PAINT's potential in real-world T1D management and more broadly any tasks requiring rapid and precise preference learning under safety constraints.",Harry Emerson; Sam Gordon James; Matthew Guy; Ryan McConville,2025,2025-01-27,arXiv (Cornell University),10.48550/arxiv.2501.15972,2501.15972,http://arxiv.org/abs/2501.15972,preprint,['openalex'],"['""world model"" patient']",open-access,world-model phrase absent from title and abstract,include,empirical,potential_empirical,Fits or validates clinical exposure-response dynamics to support individualized drug dosing.,include,empirical,potential_empirical,"A learned or fitted model represents evolving biomedical states, trajectories, interventions, or sequential control.",exclude,empirical,no_learned_dynamics,reviewer_consensus,"A: Evaluation uses a fixed physiological simulator; patient transition dynamics are not learned from the records. B: Learned reward and model-free insulin policy; Sequential behavior is evaluated, but transition dynamics are not learned or data-adapted.",,,,,,
AUD-4e718d0793de,primary_phrase_filter_residual,"Forecasting Cancer Incidence in Canada by Age, Sex, and Region Until 2026 Using Machine Learning Techniques","This study analyzes cancer trends in Canada using machine learning techniques to extract insights from extensive cancer data sourced from the Canadian Cancer Society and Statistics Canada. It aims to enhance the understanding of cancer epidemiology and inform better prevention, diagnosis, and treatment strategies. Data preprocessing addressed issues like missing values and normalization, ensuring reliability. The findings indicate a steady increase in new cancer cases, with estimates reaching 248,700 in 2026, up from 244,000 in 2022. Male incidence rates are projected to rise slightly to 602.3 per 100,000, while female rates may decline to 530.6. Regions such as Alberta, British Columbia, Ontario, and Quebec show rising incidence rates, contrasted by declines in Newfoundland and Labrador, Nunavut, and Yukon. Notably, this research reveals significant increases in cancer cases among individuals aged 60 and older, particularly those 70+. The hybrid ARIMA-LSTM model demonstrated superior forecasting accuracy compared with the other selected models. These findings offer valuable insights for health policymakers and highlight the potential of machine learning in public health forecasting, providing a framework for future research in other disease areas.",Ehsan Kaviani; Kalpdrum Passi,2025,2025-05-04,Algorithms,10.3390/a18050265,,https://doi.org/10.3390/a18050265,article,['openalex'],"['""world model"" treatment']",open-access,world-model phrase absent from title and abstract,include,empirical,potential_empirical,Fits data-adapted temporal models to forecast infectious-disease spread over time.,include,empirical,potential_empirical,"A learned or fitted model represents evolving biomedical states, trajectories, interventions, or sequential control.",exclude,empirical,no_future_or_action_evaluation,reviewer_consensus,"A: This is ordinary incidence forecasting without an evolving biomedical-state simulator. B: Aggregate cancer-incidence forecasting; The evaluation does not establish qualifying future-state, rollout, or action-response dynamics.",,,,,,
AUD-312e8508d6a9,primary_phrase_filter_residual,Forecasting hospital resource demand using time series and machine learning models,"Efficient allocation of hospital resources is essential for ensuring timely and equitable healthcare delivery, particularly during periods of fluctuating patient demand such as pandemics, seasonal disease outbreaks, or disaster scenarios. This study presents a hybrid approach combining time series analysis and machine learning models to forecast hospital resource demand, including bed occupancy, ICU capacity, staffing requirements, and medical supplies. By integrating historical admission data, disease incidence trends, demographic information, and external factors such as weather and public health interventions, the model enables healthcare administrators to anticipate resource needs with greater precision. The forecasting framework employs autoregressive integrated moving average (ARIMA) models to capture temporal patterns, seasonality, and autocorrelation in hospital usage data. In parallel, machine learning algorithms such as Random Forest, Gradient Boosting, and Long Short-Term Memory (LSTM) neural networks are used to model complex, nonlinear relationships and exogenous variable impacts. The ensemble method leverages the strengths of both statistical and machine learning approaches, enhancing forecast robustness and adaptability. The model is trained and validated using real-world datasets from national health services and regional hospitals, spanning both normal and surge conditions. Evaluation metrics including Mean Absolute Error (MAE), Root Mean Square Error (RMSE), and Mean Absolute Percentage Error (MAPE) are used to assess performance across different time horizons and resource types. Results show that the hybrid model significantly outperforms traditional single-method approaches in terms of forecast accuracy and responsiveness to sudden demand changes. This research provides a decision-support tool for proactive hospital resource management, facilitating dynamic planning and improving preparedness during crises. The model’s ability to generate interpretable and timely forecasts can assist hospital administrators, policymakers, and emergency response teams in optimizing staffing schedules, managing inventory, and minimizing care delays. The study advocates for the integration of advanced predictive analytics into hospital operations as a pathway to more resilient and data-driven healthcare systems. Keywords: Hospital Resource Forecasting, Time Series Analysis, Machine Learning, ARIMA, LSTM, Random Forest, Healthcare Planning, Surge Capacity, Predictive Analytics, Hospital Operations.",Kamorudeen Abiola Taiwo; Glory Iyanuoluwa Olatunji; Opeoluwa Oluwanifemi Akomolafe,2025,2025-08-13,Gulf Journal of Advance Business Research,10.51594/gjabr.v3i8.152,,https://doi.org/10.51594/gjabr.v3i8.152,article,['openalex'],"['""world model"" EHR', '""world model"" patient']",open-access,world-model phrase absent from title and abstract,include,empirical,potential_empirical,Fits data-adapted temporal models to forecast procedural and surgical care over time.,include,empirical,potential_empirical,"A learned or fitted model represents evolving biomedical states, trajectories, interventions, or sequential control.",exclude,empirical,no_future_or_action_evaluation,reviewer_consensus,"A: Resource-demand prediction does not model and evaluate healthcare-system state transitions or actions. B: Hospital resource-demand forecasting; The evaluation does not establish qualifying future-state, rollout, or action-response dynamics.",,,,,,
AUD-47c956072226,primary_medical_filter_residual,GeneJepa: A Predictive World Model of the Transcriptome,"Abstract We introduce G ene J epa , a self-supervised foundation model that learns a predictive world model of single-cell transcriptomes. Based on the Joint-Embedding Predictive Architecture, G ene J epa predicts latent representations of masked gene sets from visible context, a shift away from reconstructing noisy expression values and toward world-model style inference over cellular state. To realize this at scale, a Perceiver encoder handles variable gene sets at fixed cost, and a tokenizer jointly represents gene identity and continuous expression using Fourier features. Trained on the Tahoe-100M atlas, G ene J epa learns general representations that transfer across tissues and datasets. On downstream tasks, including drug response and perturbation prediction, it surpasses strong baselines and enables test-time scaling by progressively enlarging the cross-attention over the gene set, trading a small read cost for higher accuracy at inference. G ene J epa moves toward foundation models that reason over gene–gene relations, enabling applications in annotation, prediction, and in-silico discovery.",Elon Litman; Tyler Myers; Vinayak Agarwal; Ekansh Mittal; Orion Li; Ashwin Gopinath; Timothy Kassis,2025,2025-10-15,bioRxiv (Cold Spring Harbor Laboratory),10.1101/2025.10.14.682378,,https://doi.org/10.1101/2025.10.14.682378,preprint,['openalex'],"['""world model"" medicine', '""world model"" treatment']",open-access,medical-domain term absent from title and abstract,exclude,not_applicable,no_learned_or_adapted_dynamics,"Applies data-driven methods to cellular and biological systems without modeling evolving states, rollouts, or action response.",include,empirical,potential_empirical,"A learned or fitted model represents evolving biomedical states, trajectories, interventions, or sequential control.",exclude,not_applicable,static_or_endpoint_prediction,post_adjudication_inclusion_qc,GeneJepa predicts masked gene-set embeddings within single-cell transcriptomic snapshots and transfers representations to drug-response and perturbation endpoints; it does not learn or evaluate baseline-to-future cellular state evolution or recursive rollout.,exclude,not_applicable,static_or_endpoint_prediction,GeneJepa predicts masked gene-set embeddings within single-cell transcriptomic snapshots and transfers representations to drug-response and perturbation endpoints; it does not learn or evaluate baseline-to-future cellular state evolution or recursive rollout.,"Primary bioRxiv text describes JEPA masked-gene latent prediction and downstream perturbation benchmarks, without a temporal or action-conditioned state-transition experiment.",high
AUD-7b0da5c1d62d,primary_medical_filter_residual,Impaired goal-directed planning in transdiagnostic compulsivity is explained by uncertainty about learned task structure,"Diminished use of goal-directed (“model-based”) decision-making is a hallmark of transdiagnostic compulsivity, promoting an over-reliance on inflexible and habitual behaviours. However, the origin of this impairment remains unclear. Here, we test the hypothesis that these impairments arise due to uncertainty within the internal world model that subserves goal-directed decision-making. We adapted a validated gamified decision-making task to characterise how individuals build an internal model of an environment, pairing this data with computational modelling to uncover the exact mechanisms underpinning behaviour and quantify individual differences. Two samples of participants (a discovery and pre-registered replication sample) performed the task, and we also acquired longitudinal data over 2 week and 3 month periods to assess task reliability and stability of behaviour over time. Across discovery (n=551) and replication (n=1322) samples, we found that individuals higher in compulsivity and intrusive thought learned more slowly and formed a less certain representation of the task’s structure. This uncertainty mediated the link between compulsive symptoms and use of goal-directed behaviour. Behaviour in the task was relatively stable over a 3 month (n=385) and 1 year (n=326) period and did not predict changes in symptoms. Our results suggest that reliance on habitual behaviours seen in those with high levels of compulsive symptoms result from a tendency to form less certain internal models of the external world. Given the stability of this behaviour and its links to symptoms, this may represent a trait-level vulnerability for this symptom dimension.",Sirichat Sookud; Ingrid M. Martin; Claire M. Gillan; Toby Wise,2025,2025-04-29,,10.31234/osf.io/zp6vk_v3,,https://doi.org/10.31234/osf.io/zp6vk_v3,preprint,['openalex'],"['""world model"" clinical', '""world model"" medicine', '""world model"" patient', '""world model"" treatment']",open-access,medical-domain term absent from title and abstract,exclude,not_applicable,wrong_domain,"Addresses general AI systems, not a medical or biomedical state-dynamics system.",include,empirical,potential_empirical,"A learned or fitted model represents evolving biomedical states, trajectories, interventions, or sequential control.",exclude,not_applicable,wrong_domain,reviewer_consensus,"A: The modeled state is the external decision task, not a patient or physiological trajectory. B: Internal task-structure learning; The modeled system is outside a substantive medical or biomedical state.",,,,,,
AUD-df92422224c9,primary_phrase_filter_residual,Integrating Process Mining and Machine Learning for Surgical Workflow Optimization: A Real-World Analysis Using the MOVER EHR Dataset,"The digitization of healthcare has enabled the application of advanced analytics, such as process mining and machine learning, to electronic health records (EHRs). This study aims to identify workflow inefficiencies, temporal bottlenecks, and risk factors for delayed recovery in surgical pathways using the open-access MOVER dataset. A multi-stage framework was implemented, including heuristic control-flow discovery, Petri net-based conformance checking, temporal performance analysis, unsupervised clustering, and Random Forest-based classification. All analyses were simulated on pre-discharge (“preliminary”) patient records to enhance real-time applicability. Control-flow models revealed deviations from expected pathways and issues with data quality. Conformance checking yielded perfect fitness (1.0) and moderate precision (0.46), indicating that the model generalizes despite clinical variability. Stratified performance analysis exposed duration differences across ASA scores and age groups. Clustering revealed latent patient subgroups with distinct perioperative timelines. The predictive model achieved 90.33% accuracy, though recall for delayed recovery cases was limited (24.23%), reflecting class imbalance challenges. Key features included procedural delays, ICU status, and ASA classification. This study highlights the translational potential of integrating process mining and predictive modeling to optimize perioperative workflows, stratify recovery risk, and plan resources.",Ufuk Celik; Adem Korkmaz; Ivaylo Stoyanov,2025,2025,Applied Sciences,10.3390/app152011014,,https://doi.org/10.3390/app152011014,journal-article,['crossref'],"['""world model"" EHR']",registered,world-model phrase absent from title and abstract,include,empirical,potential_empirical,Learns a sequential policy or controller for procedural and surgical care with action-dependent responses.,exclude,empirical,static_or_isolated_prediction,"The learned model does not generate biomedical trajectories, transitions, or action responses.",exclude,not_applicable,no_learned_transition,post_adjudication_inclusion_qc,The study discovers a descriptive Petri-net workflow and trains a Random Forest for delayed-recovery classification; neither component learns a forward clinical-state transition or evaluates generated future workflow trajectories.,exclude,not_applicable,no_learned_transition,The study discovers a descriptive Petri-net workflow and trains a Random Forest for delayed-recovery classification; neither component learns a forward clinical-state transition or evaluates generated future workflow trajectories.,"Full article methods and results report heuristic control-flow discovery, conformance scores, clustering, and a delayed-recovery endpoint classifier only.",high
AUD-c86bf88eead0,primary_phrase_filter_residual,Learning produces an orthogonalized state machine in the hippocampus.,"Cognitive maps confer animals with flexible intelligence by representing spatial, temporal and abstract relationships that can be used to shape thought, planning and behaviour. Cognitive maps have been observed in the hippocampus 1 , but their algorithmic form and learning mechanisms remain obscure. Here we used large-scale, longitudinal two-photon calcium imaging to record activity from thousands of neurons in the CA1 region of the hippocampus while mice learned to efficiently collect rewards from two subtly different linear tracks in virtual reality. Throughout learning, both animal behaviour and hippocampal neural activity progressed through multiple stages, gradually revealing improved task representation that mirrored improved behavioural efficiency. The learning process involved progressive decorrelations in initially similar hippocampal neural activity within and across tracks, ultimately resulting in orthogonalized representations resembling a state machine capturing the inherent structure of the task. This decorrelation process was driven by individual neurons acquiring task-state-specific responses (that is, 'state cells'). Although various standard artificial neural networks did not naturally capture these dynamics, the clone-structured causal graph, a hidden Markov model variant, uniquely reproduced both the final orthogonalized states and the learning trajectory seen in animals. The observed cellular and population dynamics constrain the mechanisms underlying cognitive map formation in the hippocampus, pointing to hidden state inference as a fundamental computational principle, with implications for both biological and artificial intelligence.","Sun W, Winnubst J, Natrajan M, Lai C, Kajikawa K, Bast A, Michaelos M, Gattoni R, Stringer C, Flickinger D, Fitzgerald JE, Spruston N.",2025,2025-02-12,,10.1038/s41586-024-08548-w,,https://europepmc.org/article/MED/39939774,,['europe_pmc'],['europe_pmc_core'],indexed,world-model phrase absent from title and abstract,exclude,not_applicable,no_learned_or_adapted_dynamics,"Applies data-driven methods to brain and mental-health processes without modeling evolving states, rollouts, or action response.",include,empirical,potential_empirical,"A learned or fitted model represents evolving biomedical states, trajectories, interventions, or sequential control.",exclude,not_applicable,wrong_domain,third_full_text_adjudication,"The learned clone-structured causal graph represents hidden states and transitions of a virtual-track task sequence with repeated cues, rewards, and teleportation. Hippocampal calcium activity is compared with that task-state model, but the learned evolving state is the experimental environment rather than a neural, physiological, disease, or patient state.",,,,,,
AUD-53942809188b,primary_phrase_filter_residual,Meeting Global Health Needs via Infectious Disease Forecasting: Development of a Reliable Data-Driven Framework.,"Background Infectious diseases (IDs) have a significant detrimental impact on global health. Timely and accurate ID forecasting can result in more informed implementation of control measures and prevention policies. Objective To meet the operational decision-making needs of real-world circumstances, we aimed to build a standardized, reliable, and trustworthy ID forecasting pipeline and visualization dashboard that is generalizable across a wide range of modeling techniques, IDs, and global locations. Methods We forecasted 6 diverse, zoonotic diseases (brucellosis, campylobacteriosis, Middle East respiratory syndrome, Q fever, tick-borne encephalitis, and tularemia) across 4 continents and 8 countries. We included a wide range of statistical, machine learning, and deep learning models (n=9) and trained them on a multitude of features (average n=2326) within the One Health landscape, including demography, landscape, climate, and socioeconomic factors. The pipeline and dashboard were created in consideration of crucial operational metrics-prediction accuracy, computational efficiency, spatiotemporal generalizability, uncertainty quantification, and interpretability-which are essential to strategic data-driven decisions. Results While no single best model was suitable for all disease, region, and country combinations, our ensemble technique selects the best-performing model for each given scenario to achieve the closest prediction. For new or emerging diseases in a region, the ensemble model can predict how the disease may behave in the new region using a pretrained model from a similar region with a history of that disease. The data visualization dashboard provides a clean interface of important analytical metrics, such as ID temporal patterns, forecasts, prediction uncertainties, and model feature importance across all geographic locations and disease combinations. Conclusions As the need for real-time, operational ID forecasting capabilities increases, this standardized and automated platform for data collection, analysis, and reporting is a major step forward in enabling evidence-based public health decisions and policies for the prevention and mitigation of future ID outbreaks.","Keshavamurthy R, Pazdernik KT, Ham C, Dixon S, Erwin S, Charles LE.",2025,2025-03-21,,10.2196/59971,,https://europepmc.org/article/MED/40116728,,['europe_pmc'],['europe_pmc_core'],indexed,world-model phrase absent from title and abstract,include,empirical,potential_empirical,Fits data-adapted temporal models to forecast infectious-disease spread over time.,include,empirical,potential_empirical,"A learned or fitted model represents evolving biomedical states, trajectories, interventions, or sequential control.",exclude,empirical,no_future_or_action_evaluation,reviewer_consensus,"A: The operational pipeline evaluates forecast accuracy, not a state-transition or intervention simulator. B: Infectious-disease count forecasting; The evaluation does not establish qualifying future-state, rollout, or action-response dynamics.",,,,,,
AUD-683e9266c36c,primary_phrase_filter_residual,Multi-timescale reinforcement learning in the brain.,"To thrive in complex environments, animals and artificial agents must learn to act adaptively to maximize fitness and rewards. Such adaptive behaviour can be learned through reinforcement learning 1 , a class of algorithms that has been successful at training artificial agents 2-5 and at characterizing the firing of dopaminergic neurons in the midbrain 6-8 . In classical reinforcement learning, agents discount future rewards exponentially according to a single timescale, known as the discount factor. Here we explore the presence of multiple timescales in biological reinforcement learning. We first show that reinforcement agents learning at a multitude of timescales possess distinct computational benefits. Next, we report that dopaminergic neurons in mice performing two behavioural tasks encode reward prediction error with a diversity of discount time constants. Our model explains the heterogeneity of temporal discounting in both cue-evoked transient responses and slower timescale fluctuations known as dopamine ramps. Crucially, the measured discount factor of individual neurons is correlated across the two tasks, suggesting that it is a cell-specific property. Together, our results provide a new paradigm for understanding functional heterogeneity in dopaminergic neurons and a mechanistic basis for the empirical observation that humans and animals use non-exponential discounts in many situations 9-12 , and open new avenues for the design of more-efficient reinforcement learning algorithms.","Masset P, Tano P, Kim HR, Malik AN, Pouget A, Uchida N.",2025,2025-06-04,,10.1038/s41586-025-08929-9,,https://europepmc.org/article/MED/40468072,,['europe_pmc'],['europe_pmc_core'],indexed,world-model phrase absent from title and abstract,exclude,not_applicable,no_learned_or_adapted_dynamics,"Applies data-driven methods to brain and mental-health processes without modeling evolving states, rollouts, or action response.",include,empirical,potential_empirical,"A learned or fitted model represents evolving biomedical states, trajectories, interventions, or sequential control.",exclude,not_applicable,wrong_domain,reviewer_consensus,A: The learned quantities concern task reward prediction rather than evolution of a medical or biomedical state. B: Multi-timescale reward learning; The modeled system is outside a substantive medical or biomedical state.,,,,,,
AUD-7bf30e9c2ee4,primary_phrase_filter_residual,Physiology-Guided Blood Glucose Predictive Model Using Minimal Blood Glucose Dynamics,,Sarala Ghimire; Turgay Celik; Martin Gerdes; Christian Omlin,2025,2025,Proceedings of the 18th International Joint Conference on Biomedical Engineering Systems and Technologies,10.5220/0013395200003911,,https://doi.org/10.5220/0013395200003911,proceedings-article,['crossref'],"['""world model"" physiology']",registered,world-model phrase absent from title and abstract,uncertain,uncertain,insufficient_abstract,"The title suggests glucose and diabetes management dynamics or control, but no abstract establishes whether transitions are learned or adapted.",uncertain,uncertain,insufficient_abstract,"The title suggests possible biomedical state dynamics, but no usable abstract is available.",exclude,not_applicable,static_or_endpoint_prediction,post_adjudication_inclusion_qc,"The learned model predicts one isolated glucose value 30 minutes ahead, while insulin and meal dynamics are fixed analytical input transformations; no learned next-state operator, trajectory rollout, or action-response transition is evaluated.",exclude,not_applicable,static_or_endpoint_prediction,"The learned model predicts one isolated glucose value 30 minutes ahead, while insulin and meal dynamics are fixed analytical input transformations; no learned next-state operator, trajectory rollout, or action-response transition is evaluated.","Proceedings full text, Methods equations 1-2 and Evaluation section defining only G(t+PH) at a 30-minute prediction horizon.",high
AUD-609b6c21c587,primary_phrase_filter_residual,Prospective contingency explains behavior and dopamine signals during associative learning.,"Associative learning depends on contingency, the degree to which a stimulus predicts an outcome. Despite its importance, the neural mechanisms linking contingency to behavior remain elusive. In the present study, we examined the dopamine activity in the ventral striatum-a signal implicated in associative learning-in a Pavlovian contingency degradation task in mice. We show that both anticipatory licking and dopamine responses to a conditioned stimulus decreased when additional rewards were delivered uncued, but remained unchanged if additional rewards were cued. These results conflict with contingency-based accounts using a traditional definition of contingency or a new causal learning model (ANCCR), but can be explained by temporal difference (TD) learning models equipped with an appropriate intertrial interval state representation. Recurrent neural networks trained within a TD framework develop state representations akin to our best 'handcrafted' model. Our findings suggest that the TD error can be a measure that describes both contingency and dopaminergic activity.","Qian L, Burrell M, Hennig JA, Matias S, Murthy VN, Gershman SJ, Uchida N.",2025,2025-03-18,,10.1038/s41593-025-01915-4,,https://europepmc.org/article/MED/40102680,,['europe_pmc'],['europe_pmc_core'],indexed,world-model phrase absent from title and abstract,exclude,not_applicable,wrong_domain,"Addresses a nonmedical topic, not a medical or biomedical state-dynamics system.",include,empirical,potential_empirical,"A learned or fitted model represents evolving biomedical states, trajectories, interventions, or sequential control.",exclude,not_applicable,wrong_domain,reviewer_consensus,A: The modeled transitions belong to an experimental reward task rather than a medical or biomedical state. B: Trained task-state representations; The modeled system is outside a substantive medical or biomedical state.,,,,,,
AUD-5c3358c051d6,primary_phrase_filter_residual,"Reinforcement learning for healthcare operations management: methodological framework, recent developments, and future research directions","With the advancement in computing power and data science techniques, reinforcement learning (RL) has emerged as a powerful tool for decision-making problems in complex systems. In recent years, the research on RL for healthcare operations has grown rapidly. Especially during the COVID-19 pandemic, RL has played a critical role in optimizing decisions with greater degrees of uncertainty. RL for healthcare applications has been an exciting topic across multiple disciplines, including operations research, operations management, healthcare systems engineering, and data science. This review paper first provides a tutorial on the overall framework of RL, including its key components, training models, and approximators. Then, we present the recent advances of RL in the domain of healthcare operations management (HOM) and analyze the current trends. Our paper concludes by presenting existing challenges and future directions for RL in HOM.",Qihao Wu; Jiangxue Han; Yimo Yan; Yong‐Hong Kuo; Zuo‐Jun Max Shen,2025,2025-04-09,Health Care Management Science,10.1007/s10729-025-09699-6,,https://doi.org/10.1007/s10729-025-09699-6,article,['openalex'],"['""world model"" medicine', '""world model"" patient', '""world model"" physiology']",open-access,world-model phrase absent from title and abstract,include,review,potential_review,"Centrally synthesizes learned or adapted infectious-disease spread simulation, transition, or sequential-control systems.",include,review,potential_review,"The review centrally examines learned biomedical dynamics, simulation, intervention response, or sequential control.",exclude,review,review_not_primary,reviewer_consensus,A: The review is broad across model-free and model-based RL; learned healthcare transition models are not central. B: Broad healthcare-operations rl; Learned medical transition or rollout systems are not a central evidence category.,,,,,,
AUD-62a9e37639bc,primary_phrase_filter_residual,Reinforcement Learning in Medical Settings —A Review of Counterfactual Reward Estimation Methods Based on Causal Graphs,"Offline reinforcement showing enormous potential in medical decision support systems. It does not rely on real-time interaction but can directly leverage historical medical data to optimize strategies. This paper focuses on a critical issue in this field, the estimation of counterfactual rewards, while reviewing the main technical approaches based on causal graph modeling in recent years. The paper systematically examines three mainstream methods. The first category involves causal correction mechanisms for unobserved confounding factors, which helps to enhance the robustness of policy evaluation. The second category utilizes structural causal models to improve both the model's reasoning capabilities and generalizability by generating counterfactual samples. The third introduces policy optimization frameworks with accountability and safety constraints, increasing the explainability and trustworthiness of medical AI in clinical environments. Additionally, the paper analyzes the limitations of current methods in terms of modeling assumptions, data integrity, and policy transfer and discusses future research prospects in causal modeling, privacy protection, and multimodal data integration.",Zheng Fan; Yue Peng,2025,2025-01-01,ITM Web of Conferences,10.1051/itmconf/20257801018,,https://doi.org/10.1051/itmconf/20257801018,conference-paper,['openalex'],"['""world model"" EHR']",open-access,world-model phrase absent from title and abstract,include,review,potential_review,"Centrally synthesizes learned or adapted cellular and biological systems simulation, transition, or sequential-control systems.",include,review,potential_review,"The review centrally examines learned biomedical dynamics, simulation, intervention response, or sequential control.",exclude,review,review_not_primary,reviewer_consensus,"A: The focus is reward and causal estimation, not learned patient transition or rollout systems. B: Causal reward-estimation methods; Learned medical transition or rollout systems are not a central evidence category.",,,,,,
AUD-e1f6926dd145,primary_phrase_filter_residual,Trial-by-trial learning of successor representations in human behavior.,"Decisions in humans and other organisms depend, in part, on learning and using models that capture the statistical structure of the world, including the long-run expected outcomes of our actions. One prominent approach to forecasting such long-run outcomes is the successor representation (SR), which predicts future states aggregated over multiple timesteps. Although much behavioral and neural evidence suggests that people and animals use such a representation, it remains unknown how they acquire it. It has frequently been assumed to be learned by temporal difference bootstrapping (SR-TD(0)), but this assumption has largely not been empirically tested or compared to alternatives including eligibility traces (SR-TD([Formula: see text])). Here we address this gap by leveraging trial-by-trial reaction times in graph sequence learning tasks, which are favorable for studying learning dynamics because the long horizons in these studies differentiate the transient update dynamics of different learning rules. We examined the behavior of SR-TD(λ) on a probabilistic graph learning task alongside a number of alternatives, and found that behavior was best explained by a hybrid model which learned via SR-TD(λ) alongside an additional predictive model of recency. The relatively large λ we estimate indicates a predominant role of eligibility trace mechanisms over the bootstrap-based chaining typically assumed. Our results provide insight into how humans learn predictive representations, and demonstrate that people simultaneously learn the SR alongside lower-order predictions.","Kahn AE, Bassett DS, Daw ND.",2025,2025-11-17,,10.1371/journal.pcbi.1013696,,https://europepmc.org/article/MED/41248176,,['europe_pmc'],['europe_pmc_core'],indexed,world-model phrase absent from title and abstract,exclude,not_applicable,wrong_domain,"Addresses language, arts, or humanities, not a medical or biomedical state-dynamics system.",include,empirical,potential_empirical,"A learned or fitted model represents evolving biomedical states, trajectories, interventions, or sequential control.",exclude,not_applicable,wrong_domain,reviewer_consensus,A: The state space is an experimental graph rather than a medical or physiological system. B: Successor-representation learning; The modeled system is outside a substantive medical or biomedical state.,,,,,,
AUD-2dc07ed0e914,primary_phrase_filter_residual,Using computational models of learning to advance cognitive behavioral therapy.,"Many psychotherapy interventions have a large evidence base and can help a substantial number of people with symptoms of mental health conditions. However, we still have little understanding of why treatments work. Early advances in psychotherapy, such as the development of exposure therapy, built on theoretical and experimental evidence from Pavlovian and instrumental conditioning. More generally, all psychotherapy achieves change through learning. The past 25 years have seen substantial developments in computational models of learning, with increased computational precision and a focus on multiple learning mechanisms and their interaction. Now might be a good time to formalize psychotherapy interventions as computational models of learning to improve our understanding of mechanisms of change in psychotherapy. To advance research and help bring together a new joint field of theory-driven computational psychotherapy, we first review literature on cognitive behavioral therapy (exposure therapy and cognitive restructuring) and introduce computational models of reinforcement learning and representation learning. We then suggest a mapping of these learning algorithms on change processes presumably underlying the effects of exposure therapy and cognitive restructuring. Finally, we outline how the understanding of interventions through the lens of learning algorithms can inform intervention research.","Berwian IM, Hitchock P, Pisupati S, Schoen G, Niv Y.",2025,2025-04-27,Communications Psychology,10.1038/s44271-025-00251-4,,https://europepmc.org/article/MED/40289220,article,"['europe_pmc', 'openalex']","['""world model"" physiology', '""world model"" treatment', 'europe_pmc_core']",indexed,world-model phrase absent from title and abstract,exclude,not_applicable,no_learned_or_adapted_dynamics,"Applies data-driven methods to cellular and biological systems without modeling evolving states, rollouts, or action response.",include,review,potential_review,"The review centrally examines learned biomedical dynamics, simulation, intervention response, or sequential control.",exclude,review,review_not_primary,reviewer_consensus,"A: It is a conceptual treatment review, not a synthesis of learned medical dynamic simulators. B: Learning theories for psychotherapy; Learned medical transition or rollout systems are not a central evidence category.",,,,,,
AUD-9531c80046d7,primary_phrase_filter_residual,A Clinical Pathway Model for Severe Stroke Rehabilitation based on Process Mining,,Mengqi Li; Jing He; Hongliu Yu; Hanfei Zhang; Jiayu Meng; Ziming Yin,2024,2024,2024 World Rehabilitation Robot Convention (WRRC),10.1109/wrrc62201.2024.10696032,,https://doi.org/10.1109/wrrc62201.2024.10696032,proceedings-article,['crossref'],"['""clinical world model""', '""world model"" clinical']",registered,world-model phrase absent from title and abstract,exclude,not_applicable,no_learned_or_adapted_dynamics,"The title concerns rehabilitation and biomechanics but gives no indication of learned, fitted, or calibrated state dynamics.",uncertain,uncertain,insufficient_abstract,"The title suggests possible biomedical state dynamics, but no usable abstract is available.",exclude,not_applicable,inaccessible_full_text,third_full_text_adjudication,"Stable IEEE metadata confirms the severe-stroke rehabilitation process-mining paper, but no inspectable abstract, methods, results, or full text was available in the primary source material. The record therefore cannot establish whether pathway transitions were learned from clinical logs or whether conformance, future-state, rollout, or action-response behavior was evaluated.",,,,,,
AUD-2e79c600b25d,primary_phrase_filter_residual,A Deep Learning-Enhanced Compartmental Model and Its Application in Modeling Omicron in China.,"The mainstream compartmental models require stochastic parameterization to estimate the transmission parameters between compartments, whose calculation depend upon detailed statistics on epidemiological characteristics, which are expensive, economically and resource-wise, to collect. In addition, infectious diseases spread in three dimensions: temporal, spatial, and mobile, i.e., they affect a population through not only the time progression of infection, but also the geographic distribution and physical mobility of the population. However, the parameterization process for the mainstream compartmental models does not effectively capture the spatial and mobile dimensions. As an alternative, deep learning techniques are utilized in estimating these stochastic parameters with greatly reduced dependency on data particularity and with a built-in temporal-spatial-mobile process that models the geographic distribution and physical mobility of the population. In particular, we apply DNN (Deep Neural Network) and LSTM (Long-Short Term Memory) techniques to estimate the transmission parameters in a customized compartmental model, then feed the estimated transmission parameters to the compartmental model to predict the development of the Omicron epidemic in China over the 28 days for the period between 4 June and 1 July 2022. The average levels of predication accuracy of the model are 98% and 92% for the number of infections and deaths, respectively. We establish that deep learning techniques provide an alternative to the prevalent compartmental modes and demonstrate the efficacy and potential of applying deep learning methodologies in predicting the dynamics of infectious diseases.","Deng Q, Wang G.",2024,2024-09-10,,10.3390/bioengineering11090906,,https://europepmc.org/article/MED/39329648,,['europe_pmc'],['europe_pmc_core'],indexed,world-model phrase absent from title and abstract,include,empirical,potential_empirical,Fits data-adapted temporal models to forecast infectious-disease spread over time.,exclude,empirical,static_or_isolated_prediction,"The learned model does not generate biomedical trajectories, transitions, or action responses.",exclude,not_applicable,source_policy_exclusion,post_adjudication_inclusion_qc,"DNN and LSTM components estimate time-varying compartmental transition parameters and the resulting 28-day epidemic trajectories are evaluated, but the only stable article version is in a source excluded by the review's evidence policy.",exclude,not_applicable,source_policy_exclusion,"DNN and LSTM components estimate time-varying compartmental transition parameters and the resulting 28-day epidemic trajectories are evaluated, but the only stable article version is in a source excluded by the review's evidence policy.",Version-of-record Methods and Results describe learned transmission parameters and 28-day infection/death prediction; exclusion is solely the established source-policy boundary.,high
AUD-25baab647428,primary_phrase_filter_residual,A recurrent network model of planning explains hippocampal replay and human behavior,"When faced with a novel situation, people often spend substantial periods of time contemplating possible futures. For such planning to be rational, the benefits to behavior must compensate for the time spent thinking. Here, we capture these features of behavior by developing a neural network model where planning itself is controlled by the prefrontal cortex. This model consists of a meta-reinforcement learning agent augmented with the ability to plan by sampling imagined action sequences from its own policy, which we call 'rollouts'. In a spatial navigation task, the agent learns to plan when it is beneficial, which provides a normative explanation for empirical variability in human thinking times. Additionally, the patterns of policy rollouts used by the artificial agent closely resemble patterns of rodent hippocampal replays. Our work provides a theory of how the brain could implement planning through prefrontal-hippocampal interactions, where hippocampal replays are triggered by-and adaptively affect-prefrontal dynamics.",Kristopher T. Jensen; Guillaume Hennequin; Marcelo G. Mattar,2024,2024-06-07,Nature Neuroscience,10.1038/s41593-024-01675-7,,https://doi.org/10.1038/s41593-024-01675-7,article,['openalex'],"['""world model"" clinical']",open-access,world-model phrase absent from title and abstract,exclude,not_applicable,no_learned_or_adapted_dynamics,"Applies data-driven methods to brain and mental-health processes without modeling evolving states, rollouts, or action response.",include,empirical,potential_empirical,"A learned or fitted model represents evolving biomedical states, trajectories, interventions, or sequential control.",exclude,not_applicable,wrong_domain,reviewer_consensus,A: The modeled environment is artificial navigation and not a medical or biomedical state system. B: Agent planning and policy rollouts; The modeled system is outside a substantive medical or biomedical state.,,,,,,
AUD-0549262f2fd7,primary_phrase_filter_residual,Agent Hospital: A Simulacrum of Hospital with Evolvable Medical Agents,"The recent rapid development of large language models (LLMs) has sparked a new wave of technological revolution in medical artificial intelligence (AI). While LLMs are designed to understand and generate text like a human, autonomous agents that utilize LLMs as their ""brain"" have exhibited capabilities beyond text processing such as planning, reflection, and using tools by enabling their ""bodies"" to interact with the environment. We introduce a simulacrum of hospital called Agent Hospital that simulates the entire process of treating illness, in which all patients, nurses, and doctors are LLM-powered autonomous agents. Within the simulacrum, doctor agents are able to evolve by treating a large number of patient agents without the need to label training data manually. After treating tens of thousands of patient agents in the simulacrum (human doctors may take several years in the real world), the evolved doctor agents outperform state-of-the-art medical agent methods on the MedQA benchmark comprising US Medical Licensing Examination (USMLE) test questions. Our methods of simulacrum construction and agent evolution have the potential in benefiting a broad range of applications beyond medical AI.","Junkai Li; Yunghwei Lai; Weitao Li; Ren, Jingyi; Meng Zhang; Xinhui Kang; Siyu Wang; Li, Peng; Zhang, Ya-Qin; Weizhi Ma; Yang Liu",2024,2024-05-05,arXiv (Cornell University),10.48550/arxiv.2405.02957,2405.02957,http://arxiv.org/abs/2405.02957,preprint,['openalex'],"['""world model"" clinical', '""world model"" medicine', '""world model"" patient', '""world model"" treatment']",open-access,world-model phrase absent from title and abstract,include,empirical,potential_empirical,Learns a sequential policy or controller for brain and mental-health processes with action-dependent responses.,exclude,empirical,static_or_isolated_prediction,"The learned model does not generate biomedical trajectories, transitions, or action responses.",exclude,empirical,no_future_or_action_evaluation,reviewer_consensus,"A: Evaluation emphasizes doctor-agent question answering, not simulator fidelity or patient-state trajectories. B: Llm hospital role-play; The evaluation does not establish qualifying future-state, rollout, or action-response dynamics.",,,,,,
AUD-a21a0e3ea5ec,primary_phrase_filter_residual,Latent-state and model-based learning in PTSD.,"Post-traumatic stress disorder (PTSD) is characterized by altered emotional and behavioral responding following a traumatic event. In this article, we review the concepts of latent-state and model-based learning (i.e., learning and inferring abstract task representations) and discuss their relevance for clinical and neuroscience models of PTSD. Recent data demonstrate evidence for brain and behavioral biases in these learning processes in PTSD. These new data potentially recast excessive fear towards trauma cues as a problem in learning and updating abstract task representations, as opposed to traditional conceptualizations focused on stimulus-specific learning. Biases in latent-state and model-based learning may also be a common mechanism targeted in common therapies for PTSD. We highlight key knowledge gaps that need to be addressed to further elaborate how latent-state learning and its associated neurocircuitry mechanisms function in PTSD and how to optimize treatments to target these processes.","Cisler JM, Dunsmoor JE, Fonzo GA, Nemeroff CB.",2024,2024-01-11,Trends in Neurosciences,10.1016/j.tins.2023.12.002,,https://europepmc.org/article/MED/38212163,review,"['europe_pmc', 'openalex']","['""world model"" clinical', '""world model"" patient', '""world model"" treatment', 'europe_pmc_core']",indexed,world-model phrase absent from title and abstract,include,review,potential_review,"Centrally synthesizes learned or adapted brain and mental-health processes simulation, transition, or sequential-control systems.",exclude,review,review_not_primary,The review does not centrally synthesize learned biomedical dynamic or rollout systems.,exclude,review,review_not_primary,reviewer_consensus,A: It synthesizes task-representation biases rather than learned patient-state simulators. B: Latent task-state learning in ptsd; Learned medical transition or rollout systems are not a central evidence category.,,,,,,
AUD-d61bb80c2d83,primary_phrase_filter_residual,Longitudinal Targeted Minimum Loss-based Estimation with Temporal-Difference Heterogeneous Transformer.,"We propose Deep Longitudinal Targeted Minimum Loss-based Estimation (Deep LTMLE), a novel approach to estimate the mean of counterfactual outcome under dynamic treatment policies in longitudinal problem settings. Our approach utilizes a transformer architecture with heterogeneous type embedding trained using temporal-difference learning. After obtaining an initial estimate using the transformer, following the targeted minimum loss-based likelihood estimation (TMLE) framework, we statistically corrected for the bias commonly associated with machine learning algorithms. Furthermore, our method also facilitates statistical inference by enabling the provision of 95% confidence intervals grounded in asymptotic statistical theory. Simulation results demonstrate our method's superior performance over existing approaches, particularly in complex, long time-horizon scenarios. It remains effective in small-sample, short-duration contexts, matching the performance of asymptotically efficient estimators. To demonstrate our method in practice, we applied our method to estimate counterfactual mean outcomes for standard versus intensive blood pressure management strategies in a real-world cardiovascular epidemiology cohort study.","Shirakawa T, Li Y, Wu Y, Qiu S, Li Y, Zhao M, Iso H, van der Laan M.",2024,2024-07-01,,,,https://europepmc.org/article/MED/41357903,,['europe_pmc'],['europe_pmc_core'],indexed,world-model phrase absent from title and abstract,include,empirical,potential_empirical,Fits data-adapted temporal models to forecast infectious-disease spread over time.,include,empirical,potential_empirical,"A learned or fitted model represents evolving biomedical states, trajectories, interventions, or sequential control.",exclude,empirical,no_future_or_action_evaluation,reviewer_consensus,"A: Policy-value estimation does not generate or validate future patient states or transition dynamics. B: Counterfactual outcome estimator; The evaluation does not establish qualifying future-state, rollout, or action-response dynamics.",,,,,,
AUD-6b102192c765,primary_phrase_filter_residual,Reinforcement Learning Algorithms and Applications in Healthcare and Robotics: A Comprehensive and Systematic Review.,"Reinforcement learning (RL) has emerged as a dynamic and transformative paradigm in artificial intelligence, offering the promise of intelligent decision-making in complex and dynamic environments. This unique feature enables RL to address sequential decision-making problems with simultaneous sampling, evaluation, and feedback. As a result, RL techniques have become suitable candidates for developing powerful solutions in various domains. In this study, we present a comprehensive and systematic review of RL algorithms and applications. This review commences with an exploration of the foundations of RL and proceeds to examine each algorithm in detail, concluding with a comparative analysis of RL algorithms based on several criteria. This review then extends to two key applications of RL: robotics and healthcare. In robotics manipulation, RL enhances precision and adaptability in tasks such as object grasping and autonomous learning. In healthcare, this review turns its focus to the realm of cell growth problems, clarifying how RL has provided a data-driven approach for optimizing the growth of cell cultures and the development of therapeutic solutions. This review offers a comprehensive overview, shedding light on the evolving landscape of RL and its potential in two diverse yet interconnected fields.","Al-Hamadani MNA, Fadhel MA, Alzubaidi L, Balazs H.",2024,2024-04-11,Sensors,10.3390/s24082461,,https://europepmc.org/article/MED/38676080,review,"['europe_pmc', 'openalex']","['""world model"" medicine', '""world model"" patient', '""world model"" physiology', '""world model"" treatment', 'europe_pmc_core']",indexed,world-model phrase absent from title and abstract,include,review,potential_review,"Centrally synthesizes learned or adapted procedural and surgical care simulation, transition, or sequential-control systems.",include,review,potential_review,"The review centrally examines learned biomedical dynamics, simulation, intervention response, or sequential control.",exclude,review,review_not_primary,reviewer_consensus,A: Learned medical transition simulators are not a central evidence category. B: Broad healthcare and robotics rl; Learned medical transition or rollout systems are not a central evidence category.,,,,,,
AUD-54639c566bb3,primary_phrase_filter_residual,SafeRPlan: Safe deep reinforcement learning for intraoperative planning of pedicle screw placement,"Spinal fusion surgery requires highly accurate implantation of pedicle screw implants, which must be conducted in critical proximity to vital structures with a limited view of the anatomy. Robotic surgery systems have been proposed to improve placement accuracy. Despite remarkable advances, current robotic systems still lack advanced mechanisms for continuous updating of surgical plans during procedures, which hinders attaining higher levels of robotic autonomy. These systems adhere to conventional rigid registration concepts, relying on the alignment of preoperative planning to the intraoperative anatomy. In this paper, we propose a safe deep reinforcement learning (DRL) planning approach (SafeRPlan) for robotic spine surgery that leverages intraoperative observation for continuous path planning of pedicle screw placement. The main contributions of our method are (1) the capability to ensure safe actions by introducing an uncertainty-aware distance-based safety filter; (2) the ability to compensate for incomplete intraoperative anatomical information, by encoding a-priori knowledge of anatomical structures with neural networks pre-trained on pre-operative images; and (3) the capability to generalize over unseen observation noise thanks to the novel domain randomization techniques. Planning quality was assessed by quantitative comparison with the baseline approaches, gold standard (GS) and qualitative evaluation by expert surgeons. In experiments with human model datasets, our approach was capable of achieving over 5% higher safety rates compared to baseline approaches, even under realistic observation noise. To the best of our knowledge, SafeRPlan is the first safety-aware DRL planning approach specifically designed for robotic spine surgery.",Yunke Ao; Hooman Esfandiari; Fabio Carrillo; Christoph J. Laux; Yarden As; Ruixuan Li; Kaat Van Assche; Ayoob Davoodi; Nicola Cavalcanti; Mazda Farshad; Benjamin F. Grewe; Emmanuel Vander Poorten; Andreas Krause; Philipp Fürnstahl,2024,2024-09-17,Medical Image Analysis,10.1016/j.media.2024.103345,,https://doi.org/10.1016/j.media.2024.103345,article,['openalex'],"['""world model"" clinical', '""world model"" medicine', '""world model"" patient']",open-access,world-model phrase absent from title and abstract,include,empirical,potential_empirical,Learns a sequential policy or controller for procedural and surgical care with action-dependent responses.,include,empirical,potential_empirical,"A learned or fitted model represents evolving biomedical states, trajectories, interventions, or sequential control.",exclude,empirical,no_learned_dynamics,reviewer_consensus,"A: The policy is learned, but anatomy and procedural transition dynamics are predefined. B: Safe model-free surgical planning policy; Sequential behavior is evaluated, but transition dynamics are not learned or data-adapted.",,,,,,
AUD-3b3b7e43e701,primary_phrase_filter_residual,Structural and practical identifiability of contrast transport models for DCE-MRI.,"Contrast transport models are widely used to quantify blood flow and transport in dynamic contrast-enhanced magnetic resonance imaging. These models analyze the time course of the contrast agent concentration, providing diagnostic and prognostic value for many biological systems. Thus, ensuring accuracy and repeatability of the model parameter estimation is a fundamental concern. In this work, we analyze the structural and practical identifiability of a class of nested compartment models pervasively used in analysis of MRI data. We combine artificial and real data to study the role of noise in model parameter estimation. We observe that although all the models are structurally identifiable, practical identifiability strongly depends on the data characteristics. We analyze the impact of increasing data noise on parameter identifiability and show how the latter can be recovered with increased data quality. To complete the analysis, we show that the results do not depend on specific tissue characteristics or the type of enhancement patterns of contrast agent signal.","Conte M, Woodall RT, Gutova M, Chen BT, Shiroishi MS, Brown CE, Munson JM, Rockne RC.",2024,2024-05-15,PLoS Computational Biology,10.1371/journal.pcbi.1012106,,https://europepmc.org/article/MED/38748755,article,"['europe_pmc', 'openalex']","['""world model"" physiology', 'europe_pmc_core']",indexed,world-model phrase absent from title and abstract,include,empirical,potential_empirical,Uses learned or data-adapted dynamics to model evolving cellular and biological systems states.,exclude,empirical,no_learned_or_adapted_dynamics,No learned or data-adapted biomedical state evolution is described.,exclude,not_applicable,hand_specified_mechanistic_dynamics,post_adjudication_inclusion_qc,"The Patlak, Tofts-Kety, extended Tofts, and leaky Tofts-Kety transition equations are pre-existing hand-specified compartmental models; patient data estimate parameters and identifiability but do not learn or adapt the transition mechanism.",exclude,not_applicable,hand_specified_mechanistic_dynamics,"The Patlak, Tofts-Kety, extended Tofts, and leaky Tofts-Kety transition equations are pre-existing hand-specified compartmental models; patient data estimate parameters and identifiability but do not learn or adapt the transition mechanism.",Version-of-record Methods explicitly defines the fixed nested ODE compartment structures and evaluates parameter identifiability rather than a learned transition.,high
AUD-76de51a9993d,primary_phrase_filter_residual,SurGen: Text-Guided Diffusion Model for Surgical Video Generation,"Diffusion-based video generation models have made significant strides, producing outputs with improved visual fidelity, temporal coherence, and user control. These advancements hold great promise for improving surgical education by enabling more realistic, diverse, and interactive simulation environments. In this study, we introduce SurGen, a text-guided diffusion model tailored for surgical video synthesis. SurGen produces videos with the highest resolution and longest duration among existing surgical video generation models. We validate the visual and temporal quality of the outputs using standard image and video generation metrics. Additionally, we assess their alignment to the corresponding text prompts through a deep learning classifier trained on surgical data. Our results demonstrate the potential of diffusion models to serve as valuable educational tools for surgical trainees.","Joseph Cho; Samuel Schmidgall; Cyril Zakka; Mrudang Mathur; Kaur, Dhamanpreet; Rohan Shad; William Hiesinger",2024,2024-08-26,arXiv (Cornell University),10.48550/arxiv.2408.14028,2408.14028,http://arxiv.org/abs/2408.14028,preprint,['openalex'],"['""world model"" medicine']",open-access,world-model phrase absent from title and abstract,exclude,not_applicable,no_learned_or_adapted_dynamics,"Applies data-driven methods to procedural and surgical care without modeling evolving states, rollouts, or action response.",include,empirical,potential_empirical,"A learned or fitted model represents evolving biomedical states, trajectories, interventions, or sequential control.",exclude,empirical,no_future_or_action_evaluation,reviewer_consensus,"A: Evaluation covers visual quality, temporal coherence, and prompt alignment but not medical state or action dynamics. B: Text-conditioned surgical video generation; The evaluation does not establish qualifying future-state, rollout, or action-response dynamics.",,,,,,
AUD-506b48df42ec,primary_phrase_filter_residual,The utility of a latent-cause framework for understanding addiction phenomena.,"Computational models of addiction often rely on a model-free reinforcement learning (RL) formulation, owing to the close associations between model-free RL, habitual behavior and the dopaminergic system. However, such formulations typically do not capture key recurrent features of addiction phenomena such as craving and relapse. Moreover, they cannot account for goal-directed aspects of addiction that necessitate contrasting, model-based formulations. Here we synthesize a growing body of evidence and propose that a latent-cause framework can help unify our understanding of several recurrent phenomena in addiction, by viewing them as the inferred return of previous, persistent ""latent causes"". We demonstrate that applying this framework to Pavlovian and instrumental settings can help account for defining features of craving and relapse such as outcome-specificity, generalization, and cyclical dynamics. Finally, we argue that this framework can bridge model-free and model-based formulations, and account for individual variability in phenomenology by accommodating the memories, beliefs, and goals of those living with addiction, motivating a centering of the individual, subjective experience of addiction and recovery.","Pisupati S, Langdon A, Konova AB, Niv Y.",2024,2024-01-15,Addiction Neuroscience,10.1016/j.addicn.2024.100143,,https://europepmc.org/article/MED/38524664,article,"['europe_pmc', 'openalex']","['""world model"" medicine', 'europe_pmc_core']",indexed,world-model phrase absent from title and abstract,exclude,not_applicable,wrong_domain,"Addresses a nonmedical topic, not a medical or biomedical state-dynamics system.",include,review,potential_review,"The review centrally examines learned biomedical dynamics, simulation, intervention response, or sequential control.",exclude,review,review_not_primary,reviewer_consensus,A: This theoretical review does not centrally assess learned medical transition simulators. B: Latent-cause addiction theories; Learned medical transition or rollout systems are not a central evidence category.,,,,,,
AUD-b1df0d01e706,primary_phrase_filter_residual,Toward Personalized Salbutamol Therapy: Validating Virtual Patient-Derived Population Pharmacokinetic Model with Real-World Data,"Interindividual variability, influenced by patient-specific factors including age, weight, gender, race, and genetics, among others, contributes to variations in therapeutic response. Population pharmacokinetic (popPK) modeling is an essential tool for pinpointing measurable factors affecting dose-concentration relationships and tailoring dosage regimens to individual patients. Herein, we developed a popPK model for salbutamol, a short-acting β2-agonist (SABA) used in asthma treatment, to identify key patient characteristics that influence treatment response. To do so, synthetic data from physiologically-based pharmacokinetic (PBPK) models was employed, followed by an external validation using real patient data derived from an equivalent study. Thirty-two virtual patients were included in this study. A two-compartment model, with first-order absorption (no delay), and linear elimination best fitted our data, according to diagnostic plots and selection criteria. External validation demonstrated a strong agreement between individual predicted and observed values. The incorporation of covariates into the basic structural model identified a significant impact of age on clearance (Cl) and intercompartmental clearance (Q); gender on Cl and the constant rate of absorption (ka); race on Cl; and weight on Cl in the volume of distribution of the peripheral compartment (V2). This study addresses critical challenges in popPK modeling, particularly data scarcity, incompleteness, and homogeneity, in traditional clinical trials, by leveraging synthetic data from PBPK modeling. Significant associations between individual characteristics and salbutamol’s PK parameters, here uncovered, highlight the importance of personalized therapeutic regimens for optimal treatment outcomes.",Lara Marques; Nuno Vale,2024,2024,Pharmaceutics,10.3390/pharmaceutics16070881,,https://doi.org/10.3390/pharmaceutics16070881,journal-article,['crossref'],"['""patient world model""', '""world model"" patient']",registered,world-model phrase absent from title and abstract,include,empirical,potential_empirical,Fits or validates clinical exposure-response dynamics to support individualized drug dosing.,include,empirical,potential_empirical,"A learned or fitted model represents evolving biomedical states, trajectories, interventions, or sequential control.",exclude,not_applicable,no_learned_dynamics,third_full_text_adjudication,"The salbutamol population pharmacokinetic model is fitted to concentration profiles generated by an existing physiologically based pharmacokinetic simulator for virtual patients; observed patient data are used only for external comparison. Thus its transition parameters are not learned, fitted, calibrated, or adapted from observed patient trajectories as required by the inclusion boundary.",,,,,,
AUD-94d47cf0b09a,primary_phrase_filter_residual,A Longitudinal Chronic Disease Risk Lifecycle Management Model for EHR-Based Systems,,Claire Martin; Julien Robert; Sophie Bernard; Antoine Girard,2023,2023,Journal of Artificial Intelligence for Healthcare Systems,10.68159/j755549871,,https://doi.org/10.68159/j755549871,journal-article,['crossref'],"['""world model"" EHR']",registered,world-model phrase absent from title and abstract,exclude,not_applicable,no_learned_or_adapted_dynamics,"The title concerns clinical records and healthcare operations but gives no indication of learned, fitted, or calibrated state dynamics.",uncertain,uncertain,insufficient_abstract,"The title suggests possible biomedical state dynamics, but no usable abstract is available.",exclude,not_applicable,no_primary_empirical_evaluation,third_full_text_adjudication,"The full text identifies itself as a conceptual manuscript and states that the proposed longitudinal chronic risk orchestration architecture has no empirical validation. It presents lifecycle layers, theoretical formulas, and deployment considerations, but no patient cohort, fitted transition model, held-out dynamics evaluation, rollout, or intervention-response experiment.",,,,,,
AUD-b2cd91a632c7,primary_phrase_filter_residual,An introduction to reinforcement learning for neuroscience,"Reinforcement learning (RL) has a rich history in neuroscience, from early work on dopamine as a reward prediction error signal (Schultz et al., 1997) to recent work proposing that the brain could implement a form of 'distributional reinforcement learning' popularized in machine learning (Dabney et al., 2020). There has been a close link between theoretical advances in reinforcement learning and neuroscience experiments throughout this literature, and the theories describing the experimental data have therefore become increasingly complex. Here, we provide an introduction and mathematical background to many of the methods that have been used in systems neroscience. We start with an overview of the RL problem and classical temporal difference algorithms, followed by a discussion of 'model-free', 'model-based', and intermediate RL algorithms. We then introduce deep reinforcement learning and discuss how this framework has led to new insights in neuroscience. This includes a particular focus on meta-reinforcement learning (Wang et al., 2018) and distributional RL (Dabney et al., 2020). Finally, we discuss potential shortcomings of the RL formalism for neuroscience and highlight open questions in the field. Code that implements the methods discussed and generates the figures is also provided.",Kristopher T. Jensen,2023,2023-11-13,arXiv (Cornell University),10.48550/arxiv.2311.07315,2311.07315,http://arxiv.org/abs/2311.07315,preprint,['openalex'],"['""world model"" physiology']",open-access,world-model phrase absent from title and abstract,exclude,not_applicable,wrong_domain,"Addresses language, arts, or humanities, not a medical or biomedical state-dynamics system.",include,review,potential_review,"The review centrally examines learned biomedical dynamics, simulation, intervention response, or sequential control.",exclude,review,review_not_primary,reviewer_consensus,A: This tutorial is not a review of learned medical or biomedical transition simulators. B: General rl neuroscience; The modeled system is outside a substantive medical or biomedical state.,,,,,,
AUD-2b61cfe75bc6,primary_phrase_filter_residual,Constructing future behaviour in the hippocampal formation through composition and replay,"Hippocampus is critical for memory, imagination and constructive reasoning. However, recent models have suggested that its neuronal responses can be well explained by graphs, or state-spaces, that model the transitions between experiences. Here we use simulations and hippocampal recordings to reconcile these views. We show that if state-spaces are constructed compositionally from existing building blocks, or primitives, hippocampal responses can be interpreted as compositional memories, binding these primitives together. Critically, this enables agents to behave optimally in novel environments with no new learning, inferring behaviour directly from the composition. We predict a role for hippocampal replay in building and consolidating these compositional memories. Importantly, due to their compositional nature, replay can construct states the agent has never experienced - effectively building memories of the future. We test these predictions in two datasets by showing that replay events from newly discovered landmarks induce and strengthen new remote firing fields. These memories, built in replay, are compositional. When the landmark is moved, replay builds a new firing field at the same vector to the new location. Together, these findings provide a framework for reasoning about compositional memories, and demonstrate that such memories are formed in hippocampal replay.",Jacob J. W. Bakermans; Joseph Warren; James C. R. Whittington; Timothy E.J. Behrens,2023,2023-04-07,bioRxiv (Cold Spring Harbor Laboratory),10.1101/2023.04.07.536053,,https://doi.org/10.1101/2023.04.07.536053,preprint,['openalex'],"['""world model"" patient']",open-access,world-model phrase absent from title and abstract,exclude,not_applicable,no_learned_or_adapted_dynamics,"Reports on brain and mental-health processes without a learned, fitted, calibrated, or data-adapted dynamics model.",include,empirical,potential_empirical,"A learned or fitted model represents evolving biomedical states, trajectories, interventions, or sequential control.",exclude,empirical,duplicate_publication,reviewer_consensus,A: This record is an earlier or duplicate version of AUD-6cfd09330b40; retain the more complete stable version. B: Duplicate of aud-6cfd09330b40; the more complete stable version is retained.,,,,,,
AUD-56a5b4b6f03e,primary_phrase_filter_residual,Continuous-Time Decision Transformer for Healthcare Applications.,"Offline reinforcement learning (RL) is a promising approach for training intelligent medical agents to learn treatment policies and assist decision making in many healthcare applications, such as scheduling clinical visits and assigning dosages for patients with chronic conditions. In this paper, we investigate the potential usefulness of Decision Transformer (Chen et al., 2021)-a new offline RL paradigm-in medical domains where decision making in continuous time is desired. As Decision Transformer only handles discrete-time (or turn-based) sequential decision making scenarios, we generalize it to Continuous-Time Decision Transformer that not only considers the past clinical measurements and treatments but also the timings of previous visits, and learns to suggest the timings of future visits as well as the treatment plan at each visit. Extensive experiments on synthetic datasets and simulators motivated by real-world medical applications demonstrate that Continuous-Time Decision Transformer is able to outperform competitors and has clinical utility in terms of improving patients' health and prolonging their survival by learning high-performance policies from logged data generated using policies of different levels of quality.","Zhang Z, Mei H, Xu Y.",2023,2023-04-01,PubMed,,,https://europepmc.org/article/MED/38435084,article,"['europe_pmc', 'openalex']","['""world model"" EHR', '""world model"" clinical', '""world model"" patient', '""world model"" treatment', 'europe_pmc_core']",indexed,world-model phrase absent from title and abstract,include,empirical,potential_empirical,Learns a sequential policy or controller for cellular and biological systems with action-dependent responses.,include,empirical,potential_empirical,"A learned or fitted model represents evolving biomedical states, trajectories, interventions, or sequential control.",exclude,empirical,no_learned_dynamics,reviewer_consensus,"A: Experiments use synthetic medical simulators; no patient transition model is learned from observed medical data. B: Continuous-time treatment policy; Sequential behavior is evaluated, but transition dynamics are not learned or data-adapted.",,,,,,
AUD-11e88aa637d1,primary_phrase_filter_residual,Forecasting COVID- 19 cases using Statistical Models and Ontology-based Semantic Modelling: A real time data analytics approach,"SARS-COV-19 is the most prominent issue which many countries face today. The frequent changes in infections, recovered and deaths represents the dynamic nature of this pandemic. It is very crucial to predict the spreading rate of this virus for accurate decision making against fighting with the situation of getting infected through the virus, tracking and controlling the virus transmission in the community. We develop a prediction model using statistical time series models such as SARIMA and FBProphet to monitor the daily active, recovered and death cases of COVID-19 accurately. Then with the help of various details across each individual patient (like height, weight, gender etc.), we designed a set of rules using Semantic Web Rule Language and some mathematical models for dealing with COVID19 infected cases on an individual basis. After combining all the models, a COVID-19 Ontology is developed and performs various queries using SPARQL query on designed Ontology which accumulate the risk factors, provide appropriate diagnosis, precautions and preventive suggestions for COVID Patients. After comparing the performance of SARIMA and FBProphet, it is observed that the SARIMA model performs better in forecasting of COVID cases. On individual basis COVID case prediction, approx. 497 individual samples have been tested and classified into five different levels of COVID classes such as Having COVID, No COVID, High Risk COVID case, Medium to High Risk case, and Control needed case.","Tiwari S, Chandra R, Agarwal S.",2023,2023-01-31,,,,https://europepmc.org/article/PPR/PPR610289,,['europe_pmc'],['europe_pmc_core'],indexed,world-model phrase absent from title and abstract,include,empirical,potential_empirical,Fits data-adapted temporal models to forecast infectious-disease spread over time.,include,empirical,potential_empirical,"A learned or fitted model represents evolving biomedical states, trajectories, interventions, or sequential control.",exclude,empirical,duplicate_publication,reviewer_consensus,A: This record is an earlier or duplicate version of AUD-b252ee8906ea; retain the more complete stable version. B: Duplicate of aud-b252ee8906ea; the more complete stable version is retained.,,,,,,
AUD-b252ee8906ea,primary_phrase_filter_residual,Forecasting of COVID- 19 cases using Statistical Models and Ontology-based Semantic Modelling: A real time data analytics approach,"Abstract SARS-COV-19 is the most prominent issue which many countries face today. The frequent changes in infections, recovered and deaths represents the dynamic nature of this pandemic. It is very crucial to predict the spreading rate of this virus for accurate decision making against fighting with the situation of getting infected through the virus, tracking and controlling the virus transmission in the community. We develop a prediction model using statistical time series models such as SARIMA and FBProphet to monitor the daily active, recovered and death cases of COVID-19 accurately. Then with the help of various details across each individual patient (like height, weight, gender etc.), we designed a set of rules using Semantic Web Rule Language and some mathematical models for dealing with COVID-19 infected cases on an individual basis. After combining all the models, a COVID-19 Ontology is developed and performs various queries using SPARQL query on designed Ontology which accumulate the risk factors, provide appropriate diagnosis, precautions and preventive suggestions for COVID Patients. After comparing the performance of SARIMA and FBProphet, it is observed that the SARIMA model performs better in forecasting of COVID cases. On individual basis COVID case prediction, approx. 497 individual samples have been tested and classified into five different levels of COVID classes such as Having COVID, No COVID, High Risk COVID case, Medium to High Risk case, and Control needed case.","TIWARI S, CHANDRA R, AGARWAL S.",2023,2023-09-11,Research Square,10.21203/rs.3.rs-3329934/v1,,https://europepmc.org/article/PPR/PPR723070,preprint,"['europe_pmc', 'openalex']","['""world model"" patient', 'europe_pmc_core']",indexed,world-model phrase absent from title and abstract,include,empirical,potential_empirical,Fits data-adapted temporal models to forecast infectious-disease spread over time.,include,empirical,potential_empirical,"A learned or fitted model represents evolving biomedical states, trajectories, interventions, or sequential control.",exclude,empirical,no_future_or_action_evaluation,reviewer_consensus,"A: The work combines ordinary forecasting and static rule-based classification without an evolving-state simulator. B: Covid case-count forecasting; The evaluation does not establish qualifying future-state, rollout, or action-response dynamics.",,,,,,
AUD-72656eebf7d0,primary_phrase_filter_residual,"Pain, from perception to action: A computational perspective.","Pain is driven by sensation and emotion, and in turn, it motivates decisions and actions. To fully appreciate the multidimensional nature of pain, we formulate the study of pain within a closed-loop framework of sensory-motor prediction. In this closed-loop cycle, prediction plays an important role, as the interaction between prediction and actual sensory experience shapes pain perception and subsequently, action. In this Perspective, we describe the roles of two prominent computational theories-Bayesian inference and reinforcement learning-in modeling adaptive pain behaviors. We show that prediction serves as a common theme between these two theories, and that each of these theories can explain unique aspects of the pain perception-action cycle. We discuss how these computational theories and models can improve our mechanistic understandings of pain-centered processes such as anticipation, attention, placebo hypoalgesia, and pain chronification.","Chen ZS, Wang J.",2023,2022-12-01,,10.1016/j.isci.2022.105707,,https://europepmc.org/article/MED/36570771,,['europe_pmc'],['europe_pmc_core'],indexed,world-model phrase absent from title and abstract,exclude,not_applicable,wrong_domain,"Addresses a nonmedical topic, not a medical or biomedical state-dynamics system.",uncertain,review,potential_review,"The review may centrally cover eligible biomedical dynamics or intervention models, but its scope is ambiguous.",exclude,review,review_not_primary,reviewer_consensus,"A: It is a conceptual framework, not a synthesis of learned pain-state simulators. B: Computational theories of pain; Learned medical transition or rollout systems are not a central evidence category.",,,,,,
AUD-62219abe0c2d,primary_phrase_filter_residual,Reinforcement Learning for Healthcare: From Model Development to Deployment,"Reinforcement Learning (RL) is a subfield of Machine Learning (ML) focuses on how agents learn to make optimal decisions over time to achieve particular goals. Given its emphasis on sequential decision-making, RL is amenable to the healthcare setting, in which clinicians often need to adaptively change treatment plans based on patients’ current physiological conditions. The deployment of trained RL models in real-world settings poses various difficulties. For example, the data collection phase may not be properly designed, so that the data cannot be used for downstream statistical analyses. As another example, the model is trained with mildly ill patients but is used on severely ill patients. As a last example, the clinicians do not trust the model due to its lack of transparency, and thus are not willing to use it. To help practitioners overcome those challenges, previous works propose a general framework that decomposes the complex ML workflow into individual stages. They also discuss the potential concerns and key factors that practitioners should consider at each stage of the pipeline. Applying this framework to RL models, which are a type of ML models, is not easy due to the distinct features of RL for healthcare (e.g., access to observational data only, poorly-defined objectives, infeasibility of running the model on target patients, etc). In this work, we take a further step towards facilitating the deployment by practitioners of RL in healthcare, using the general ML pipeline. We start by providing a systemic review of an ML pipeline that can help automate RL workflow, consisting of four steps: data preparation, model development, model assessment, and model deployment. We then discuss different challenges that arise when following each step of the pipeline to deploy RL into the healthcare system. We then focus on three specific challenges of model development and assessment and present solutions to address each of them. We conclude by discussing some open problems of current RL works in the healthcare domain with a view forward.","Yao, Jiayu",2023,2023-01-01,Digital Access to Scholarship at Harvard (DASH) (Harvard University),,,https://nrs.harvard.edu/URN-3:HUL.INSTREPOS:37374610,dissertation,['openalex'],"['""world model"" EHR', '""world model"" physiology']",open-access,world-model phrase absent from title and abstract,uncertain,uncertain,potential_empirical,"The abstract centers on learned sequential decisions in cellular and biological systems, but a specific primary dynamic model is not clearly described.",include,empirical,potential_empirical,"A learned or fitted model represents evolving biomedical states, trajectories, interventions, or sequential control.",exclude,review,review_not_primary,reviewer_consensus,A: The report focuses deployment practice rather than learned patient transition or rollout models. B: Healthcare rl development pipeline; Learned medical transition or rollout systems are not a central evidence category.,,,,,,
AUD-6e7dc8b6eb49,primary_phrase_filter_residual,A neural network account of memory replay and knowledge consolidation,"Abstract Replay can consolidate memories through offline neural reactivation related to past experiences. Category knowledge is learned across multiple experiences, and its subsequent generalisation is promoted by consolidation and replay during rest and sleep. However, aspects of replay are difficult to determine from neuroimaging studies. We provided insights into category knowledge replay by simulating these processes in a neural network which approximated the roles of the human ventral visual stream and hippocampus. Generative replay, akin to imagining new category instances, facilitated generalisation to new experiences. Consolidation-related replay may therefore help to prepare us for the future as much as remember the past. Generative replay was more effective in later network layers functionally similar to the lateral occipital cortex than layers corresponding to early visual cortex, drawing a distinction between neural replay and its relevance to consolidation. Category replay was most beneficial for newly acquired knowledge, suggesting replay helps us adapt to changes in our environment. Finally, we present a novel mechanism for the observation that the brain selectively consolidates weaker information; a reinforcement learning process in which categories were replayed according to their contribution to network performance. This reinforces the idea of consolidation-related replay as an active rather than passive process.",Daniel N. Barry; Bradley C. Love,2022,2022-01-27,Cerebral Cortex,10.1093/cercor/bhac054,,https://doi.org/10.1093/cercor/bhac054,article,['openalex'],"['""world model"" patient']",open-access,world-model phrase absent from title and abstract,exclude,not_applicable,no_learned_or_adapted_dynamics,"Applies data-driven methods to brain and mental-health processes without modeling evolving states, rollouts, or action response.",include,empirical,potential_empirical,"A learned or fitted model represents evolving biomedical states, trajectories, interventions, or sequential control.",exclude,not_applicable,wrong_domain,reviewer_consensus,A: The modeled state is generic visual learning rather than a medical or biomedical system. B: Generative replay network; The modeled system is outside a substantive medical or biomedical state.,,,,,,
AUD-4fa53f6417e2,primary_phrase_filter_residual,A spatiotemporal machine learning approach to forecasting COVID-19 incidence at the county level in the USA,"With COVID-19 affecting every country globally and changing everyday life, the ability to forecast the spread of the disease is more important than any previous epidemic. The conventional methods of disease-spread modeling, compartmental models, are based on the assumption of spatiotemporal homogeneity of the spread of the virus, which may cause forecasting to underperform, especially at high spatial resolutions. In this paper we approach the forecasting task with an alternative technique - spatiotemporal machine learning. We present COVID-LSTM, a data-driven model based on a Long Short-term Memory deep learning architecture for forecasting COVID-19 incidence at the county-level in the US. We use the weekly number of new positive cases as temporal input, and hand-engineered spatial features from Facebook movement and connectedness datasets to capture the spread of the disease in time and space. COVID-LSTM outperforms the COVID-19 Forecast Hub's Ensemble model (COVIDhub-ensemble) on our 17-week evaluation period, making it the first model to be more accurate than the COVIDhub-ensemble over one or more forecast periods. Over the 4-week forecast horizon, our model is on average 50 cases per county more accurate than the COVIDhub-ensemble. We highlight that the underutilization of data-driven forecasting of disease spread prior to COVID-19 is likely due to the lack of sufficient data available for previous diseases, in addition to the recent advances in machine learning methods for spatiotemporal forecasting. We discuss the impediments to the wider uptake of data-driven forecasting, and whether it is likely that more deep learning-based models will be used in the future.","Lucas B, Vahedi B, Karimzadeh M.",2022,2022-08-18,International Journal of Data Science and Analytics,10.1007/s41060-021-00295-9,,https://europepmc.org/article/PPR/PPR597796,article,"['europe_pmc', 'openalex']","['""world model"" patient', 'europe_pmc_core']",indexed,world-model phrase absent from title and abstract,include,empirical,potential_empirical,Fits data-adapted temporal models to forecast infectious-disease spread over time.,include,empirical,potential_empirical,"A learned or fitted model represents evolving biomedical states, trajectories, interventions, or sequential control.",exclude,empirical,no_future_or_action_evaluation,reviewer_consensus,"A: This is ordinary incidence forecasting without explicit evaluated disease-state transitions. B: County incidence forecasting; The evaluation does not establish qualifying future-state, rollout, or action-response dynamics.",,,,,,
AUD-01dbcfb5e94a,primary_phrase_filter_residual,A Survey on Digital Epidemiology: Networks and Models,"The epidemiology has recently witnessed great advances based on computational models. Its scope and impact are getting wider thanks to the new data sources feeding analytical frameworks and models. Besides traditional variables considered in epidemiology, large-scale social patterns can be now integrated in real time with multi-source data bridging the gap between different scales. In a hyper-connected world, models and analysis of interactions and social behaviors are key to understand and stop outbreaks. Big Data along with apps are enabling for validating and refining models with real world data at scale, as well as new applications and frameworks to map and track diseases in real time or optimize the necessary resources and interventions such as testing and vaccination strategies. Digital epidemiology is positioning itself as a discipline necessary to control epidemics and implement actionable protocols and policies. In this review we address the research areas configuring current digital epidemiology: transmission and propagation models and descriptions based on human networks and contact tracing, mobility analysis and spatio-temporal propagation of infectious diseases and infodemics that comprises the study of information and knowledge propagation. Digital epidemiology has the potential to create new operational mechanisms for prevention and mitigation, monitoring of the evolution of epidemics, assessing their impact and evaluating the pharmaceutical and non-pharmaceutical measures to fight the outbreaks. Epidemics have to be approached from the lens of complexity science as they require systemic solutions. Opportunities and challenges to tackle epidemics more effectively and with a human-centered vision are discussed here.",David Pastor-Escuredo; Luis E. Olmos,2022,2022-01-01,Medical Research Archives,10.18103/mra.v10i10.3175,,https://doi.org/10.18103/mra.v10i10.3175,article,['openalex'],"['""world model"" clinical', '""world model"" medicine', '""world model"" patient']",open-access,world-model phrase absent from title and abstract,include,review,potential_review,"Centrally synthesizes learned or adapted infectious-disease spread simulation, transition, or sequential-control systems.",exclude,review,review_not_primary,The review does not centrally synthesize learned biomedical dynamic or rollout systems.,exclude,review,review_not_primary,reviewer_consensus,A: Learned or adapted transition simulators are not the central evidence category. B: Broad digital epidemiology models; Learned medical transition or rollout systems are not a central evidence category.,,,,,,
AUD-59248ee5e53f,primary_phrase_filter_residual,Causal inference using observational intensive care unit data: a systematic review and recommendations for future practice,"Aim To review and appraise the quality of studies that present models for causal inference of time-varying treatment effects in the adult intensive care unit (ICU) and give recommendations to improve future research practice. Methods We searched Embase, MEDLINE ALL, Web of Science Core Collection, Google Scholar, medRxiv, and bioRxiv up to March 2, 2022. Studies that present models for causal inference that deal with time-varying treatments in adult ICU patients were included. From the included studies, data was extracted about the study setting and applied methodology. Quality of reporting (QOR) of target trial components and causal assumptions (ie, conditional exchangeability, positivity and consistency) were assessed. Results 1,714 titles were screened and 60 studies were included, of which 36 (60%) were published in the last 5 years. G methods were the most commonly used (n=40/60, 67%), further divided into inverse-probability-of-treatment weighting (n=36/40, 90%) and the parametric G formula (n=4/40, 10%). The remaining studies (n=20/60, 33%) used reinforcement learning methods. Overall, most studies (n=36/60, 60%) considered static treatment regimes. Only ten (17%) studies fully reported all five target trial components (ie, eligibility criteria, treatment strategies, follow-up period, outcome and analysis plan). The ‘treatment strategies’ and ‘analysis plan’ components were not (fully) reported in 38% and 48% of the studies, respectively. The ‘causal assumptions’ (ie, conditional exchangeability, positivity and consistency) remained unmentioned in 35%, 68% and 88% of the studies, respectively. All three causal assumptions were mentioned (or a check for potential violations was reported) in only six (10%) studies. Sixteen studies (27%) estimated the treatment effect both by adjusting for baseline confounding and by adjusting for baseline and treatment-affected time-varying confounding, which often led to substantial changes in treatment effect estimates. Conclusions Studies that present models for causal inference in the ICU were found to have incomplete or missing reporting of target trial components and causal assumptions. To achieve actionable artificial intelligence in the ICU, we advocate careful consideration of the causal question of interest, the use of target trial emulation, usage of appropriate causal inference methods and acknowledgement (and ideally examination of potential violations) of the causal assumptions. Systematic review registration PROSPERO (CRD42022324014)",Jim M Smit; Jesse H. Krijthe; Jasper van Bommel; Jeremy A. Labrecque; Matthieu Komorowski; Diederik Gommers; Marcel Reinders; Michel E. van Genderen,2022,2022-10-29,medRxiv,10.1101/2022.10.29.22281684,,https://doi.org/10.1101/2022.10.29.22281684,preprint,['openalex'],"['""world model"" patient', '""world model"" treatment']",open-access,world-model phrase absent from title and abstract,exclude,review,review_not_primary,"Reviews patient-state modeling but does not centrally synthesize learned or adapted transition, rollout, or control systems.",uncertain,review,potential_review,"The review may centrally cover eligible biomedical dynamics or intervention models, but its scope is ambiguous.",exclude,review,review_not_primary,reviewer_consensus,"A: The review centers causal-effect methodology and reporting, not learned patient transition simulators. B: Causal treatment-effect methods; Learned medical transition or rollout systems are not a central evidence category.",,,,,,
AUD-2fc9db7c7304,primary_phrase_filter_residual,Considerations in Bayesian agent-based modeling for the analysis of COVID-19 data,"Abstract Agent‐based model (ABM) has been widely used to study infectious disease transmission by simulating behaviors and interactions of autonomous individuals called agents. In the ABM, agent states, for example infected or susceptible, are assigned according to a set of simple rules, and a complex dynamics of disease transmission is described by the collective states of agents over time. Despite the flexibility in real‐world modeling, ABMs have received less attention by statisticians because of the intractable likelihood functions which lead to difficulty in estimating parameters and quantifying uncertainty around model outputs. To overcome this limitation, a Bayesian framework that treats the entire ABM as a Hidden Markov Model has been previously proposed. However, existing approach is limited due to computational inefficiency and unidentifiability of parameters. We extend the ABM approach within Bayesian framework to study infectious disease transmission addressing these limitations. We estimate the hidden states, represented by individual agent's states over time, and the model parameters by applying an improved particle Markov Chain Monte Carlo algorithm, that accounts for computing efficiency. We further evaluate the performance of the approach for parameter recovery and prediction, along with sensitivity to prior assumptions under various simulation conditions. Finally, we apply the proposed approach to the study of COVID‐19 outbreak on Diamond Princess cruise ship. We examine the differences in transmission by key demographic characteristics, while considering two different networks and limited COVID‐19 testing in the cruise.",Seungha Um; Samrachana Adhikari,2022,2022-12-08,arXiv (Cornell University),10.48550/arxiv.2212.04045,2212.04045,http://arxiv.org/abs/2212.04045,preprint,['openalex'],"['""world model"" medicine', '""world model"" patient']",open-access,world-model phrase absent from title and abstract,exclude,not_applicable,no_learned_or_adapted_dynamics,Uses a hand-specified mechanistic or mathematical model of infectious-disease spread without learned or calibrated transitions.,include,empirical,potential_empirical,"A learned or fitted model represents evolving biomedical states, trajectories, interventions, or sequential control.",exclude,not_applicable,hand_specified_mechanistic_dynamics,post_adjudication_inclusion_qc,The susceptible-infected agent transition rule and contact-network mechanism are specified a priori; particle MCMC estimates their parameters and hidden states but does not learn or adapt the transition law itself.,exclude,not_applicable,hand_specified_mechanistic_dynamics,The susceptible-infected agent transition rule and contact-network mechanism are specified a priori; particle MCMC estimates their parameters and hidden states but does not learn or adapt the transition law itself.,"Primary arXiv full text, equations 2-3 and agent-based SIS section define fixed Bernoulli transition rules before Bayesian parameter inference.",high
AUD-b3e63a891d01,primary_phrase_filter_residual,Counterfactual inference with latent variable and its application in mental health care.,"This paper deals with the problem of modeling counterfactual reasoning in scenarios where, apart from the observed endogenous variables, we have a latent variable that affects the outcomes and, consequently, the results of counterfactuals queries. This is a common setup in healthcare problems, including mental health. We propose a new framework where the aforementioned problem is modeled as a multivariate regression and the counterfactual model accounts for both observed and a latent variable, where the latter represents what we call the patient individuality factor ( φ ). In mental health, focusing on individuals is paramount, as past experiences can change how people see or deal with situations, but individuality cannot be directly measured. To the best of our knowledge, this is the first counterfactual approach that considers both observational and latent variables to provide deterministic answers to counterfactual queries, such as: what if I change the social support of a patient, to what extent can I change his/her anxiety? The framework combines concepts from deep representation learning and causal inference to infer the value of φ and capture both non-linear and multiplicative effects of causal variables. Experiments are performed with both synthetic and real-world datasets, where we predict how changes in people's actions may lead to different outcomes in terms of symptoms of mental illness and quality of life. Results show the model learns the individually factor with errors lower than 0.05 and answers counterfactual queries that are supported by the medical literature. The model has the potential to recommend small changes in people's lives that may completely change their relationship with mental illness.","Marchezini GF, Lacerda AM, Pappa GL, Meira W, Miranda D, Romano-Silva MA, Costa DS, Diniz LM.",2022,2022-01-31,Data Mining and Knowledge Discovery,10.1007/s10618-021-00818-9,,https://europepmc.org/article/MED/35125931,article,"['europe_pmc', 'openalex']","['""world model"" patient', 'europe_pmc_core']",indexed,world-model phrase absent from title and abstract,exclude,not_applicable,no_learned_or_adapted_dynamics,"Reports on brain and mental-health processes without a learned, fitted, calibrated, or data-adapted dynamics model.",include,empirical,potential_empirical,"A learned or fitted model represents evolving biomedical states, trajectories, interventions, or sequential control.",exclude,empirical,no_future_or_action_evaluation,reviewer_consensus,"A: The counterfactuals are static outcome mappings rather than temporal patient-state transitions. B: Static latent-variable causal mapping; The evaluation does not establish qualifying future-state, rollout, or action-response dynamics.",,,,,,
AUD-f8f20de0a8d8,primary_phrase_filter_residual,Data-Centric Epidemic Forecasting: A Survey,"The COVID-19 pandemic has brought forth the importance of epidemic forecasting for decision makers in multiple domains, ranging from public health to the economy as a whole. While forecasting epidemic progression is frequently conceptualized as being analogous to weather forecasting, however it has some key differences and remains a non-trivial task. The spread of diseases is subject to multiple confounding factors spanning human behavior, pathogen dynamics, weather and environmental conditions. Research interest has been fueled by the increased availability of rich data sources capturing previously unobservable facets and also due to initiatives from government public health and funding agencies. This has resulted, in particular, in a spate of work on 'data-centered' solutions which have shown potential in enhancing our forecasting capabilities by leveraging non-traditional data sources as well as recent innovations in AI and machine learning. This survey delves into various data-driven methodological and practical advancements and introduces a conceptual framework to navigate through them. First, we enumerate the large number of epidemiological datasets and novel data streams that are relevant to epidemic forecasting, capturing various factors like symptomatic online surveys, retail and commerce, mobility, genomics data and more. Next, we discuss methods and modeling paradigms focusing on the recent data-driven statistical and deep-learning based methods as well as on the novel class of hybrid models that combine domain knowledge of mechanistic models with the effectiveness and flexibility of statistical approaches. We also discuss experiences and challenges that arise in real-world deployment of these forecasting systems including decision-making informed by forecasts. Finally, we highlight some challenges and open problems found across the forecasting pipeline.","Rodríguez A, Kamarthi H, Agarwal P, Ho J, Patel M, Sapre S, Prakash BA.",2022,2022-07-20,arXiv (Cornell University),10.48550/arxiv.2207.09370,2207.09370,https://europepmc.org/article/PPR/PPR597742,preprint,"['europe_pmc', 'openalex']","['""world model"" EHR', 'europe_pmc_core']",indexed,world-model phrase absent from title and abstract,include,review,potential_review,"Centrally synthesizes learned or adapted infectious-disease spread simulation, transition, or sequential-control systems.",include,review,potential_review,"The review centrally examines learned biomedical dynamics, simulation, intervention response, or sequential control.",exclude,review,review_not_primary,reviewer_consensus,A: The broad forecasting survey does not centrally synthesize learned dynamic simulators. B: Broad data-centric epidemic forecasting; Learned medical transition or rollout systems are not a central evidence category.,,,,,,
AUD-7ae9e99050dc,primary_phrase_filter_residual,Deep Spatiotemporal Model for COVID-19 Forecasting.,"COVID-19 has caused millions of infections and deaths over the last 2 years. Machine learning models have been proposed as an alternative to conventional epidemiologic models in an effort to optimize short- and medium-term forecasts that will help health authorities to optimize the use of policies and resources to tackle the spread of the SARS-CoV-2 virus. Although previous machine learning models based on time pattern analysis for COVID-19 sensed data have shown promising results, the spread of the virus has both spatial and temporal components. This manuscript proposes a new deep learning model that combines a time pattern extraction based on the use of a Long-Short Term Memory (LSTM) Recurrent Neural Network (RNN) over a preceding spatial analysis based on a Convolutional Neural Network (CNN) applied to a sequence of COVID-19 incidence images. The model has been validated with data from the 286 health primary care centers in the Comunidad de Madrid (Madrid region, Spain). The results show improved scores in terms of both root mean square error (RMSE) and explained variance (EV) when compared with previous models that have mainly focused on the temporal patterns and dependencies.","Muñoz-Organero M, Queipo-Álvarez P.",2022,2022-05-05,,10.3390/s22093519,,https://europepmc.org/article/MED/35591208,,['europe_pmc'],['europe_pmc_core'],indexed,world-model phrase absent from title and abstract,include,empirical,potential_empirical,Fits data-adapted temporal models to forecast infectious-disease spread over time.,include,empirical,potential_empirical,"A learned or fitted model represents evolving biomedical states, trajectories, interventions, or sequential control.",exclude,empirical,no_future_or_action_evaluation,reviewer_consensus,"A: The evaluation is ordinary incidence forecasting rather than explicit state-transition simulation. B: Spatiotemporal incidence forecasting; The evaluation does not establish qualifying future-state, rollout, or action-response dynamics.",,,,,,
AUD-29f404b183b1,primary_phrase_filter_residual,Direct Evaluation of Treatment Response in Brain Metastatic Disease with Deep Neuroevolution,,Joseph N. Stember; Robert J. Young; Hrithwik Shalu,2022,2022-11-17,Journal of Imaging Informatics in Medicine,10.1007/s10278-022-00725-5,,https://doi.org/10.1007/s10278-022-00725-5,article,['openalex'],"['""world model"" clinical', '""world model"" medicine', '""world model"" patient', '""world model"" treatment']",open-access,world-model phrase absent from title and abstract,uncertain,uncertain,insufficient_abstract,"The title suggests brain and mental-health processes dynamics or control, but no abstract establishes whether transitions are learned or adapted.",exclude,empirical,no_learned_or_adapted_dynamics,No learned or data-adapted biomedical state evolution is described.,exclude,empirical,no_future_or_action_evaluation,reviewer_consensus,"A: Treatment-response classification does not model or evaluate evolving tumor states. B: Paired-scan classifier; The evaluation does not establish qualifying future-state, rollout, or action-response dynamics.",,,,,,
AUD-7366590fd350,primary_phrase_filter_residual,Increased and biased deliberation in social anxiety.,"A goal of computational psychiatry is to ground symptoms in basic mechanisms. Theory suggests that avoidance in anxiety disorders may reflect dysregulated mental simulation, a process for evaluating candidate actions. If so, these covert processes should have observable consequences: choices reflecting increased and biased deliberation. In two online general population samples, we examined how self-report symptoms of social anxiety disorder predict choices in a socially framed reinforcement learning task, the patent race, in which the pattern of choices reflects the content of deliberation. Using a computational model to assess learning strategy, we found that self-report social anxiety was indeed associated with increased deliberative evaluation. This effect was stronger for a particular subset of feedback ('upward counterfactual') in one of the experiments, broadly matching the biased content of rumination in social anxiety disorder, and robust to controlling for other psychiatric symptoms. These results suggest a grounding of symptoms of social anxiety disorder in more basic neuro-computational mechanisms.","Hunter LE, Meer EA, Gillan CM, Hsu M, Daw ND.",2022,2021-08-16,,10.1038/s41562-021-01180-y,,https://europepmc.org/article/MED/34400815,,['europe_pmc'],['europe_pmc_core'],indexed,world-model phrase absent from title and abstract,exclude,not_applicable,wrong_domain,"Addresses language, arts, or humanities, not a medical or biomedical state-dynamics system.",include,empirical,potential_empirical,"A learned or fitted model represents evolving biomedical states, trajectories, interventions, or sequential control.",exclude,not_applicable,wrong_domain,reviewer_consensus,"A: The modeled state is an experimental game, not the patient's anxiety trajectory. B: Deliberation model for a social task; The modeled system is outside a substantive medical or biomedical state.",,,,,,
AUD-01e1ec47fdac,primary_phrase_filter_residual,Learning cortical representations through perturbed and adversarial dreaming.,"Humans and other animals learn to extract general concepts from sensory experience without extensive teaching. This ability is thought to be facilitated by offline states like sleep where previous experiences are systemically replayed. However, the characteristic creative nature of dreams suggests that learning semantic representations may go beyond merely replaying previous experiences. We support this hypothesis by implementing a cortical architecture inspired by generative adversarial networks (GANs). Learning in our model is organized across three different global brain states mimicking wakefulness, non-rapid eye movement (NREM), and REM sleep, optimizing different, but complementary, objective functions. We train the model on standard datasets of natural images and evaluate the quality of the learned representations. Our results suggest that generating new, virtual sensory inputs via adversarial dreaming during REM sleep is essential for extracting semantic concepts, while replaying episodic memories via perturbed dreaming during NREM sleep improves the robustness of latent representations. The model provides a new computational perspective on sleep states, memory replay, and dreams, and suggests a cortical implementation of GANs.","Deperrois N, Petrovici MA, Senn W, Jordan J.",2022,2022-04-06,eLife,10.7554/elife.76384,,https://europepmc.org/article/MED/35384841,article,"['europe_pmc', 'openalex']","['""world model"" medicine', '""world model"" patient', '""world model"" physiology', 'europe_pmc_core']",indexed,world-model phrase absent from title and abstract,exclude,not_applicable,wrong_domain,"Addresses education, not a medical or biomedical state-dynamics system.",include,empirical,potential_empirical,"A learned or fitted model represents evolving biomedical states, trajectories, interventions, or sequential control.",exclude,not_applicable,wrong_domain,reviewer_consensus,A: The model is not trained on a medical or biomedical state system. B: Sleep-inspired image representation model; The modeled system is outside a substantive medical or biomedical state.,,,,,,
AUD-ae21c420fd65,primary_phrase_filter_residual,Machine learning and artificial intelligence in physiologically based pharmacokinetic modeling,"Physiologically based pharmacokinetic (PBPK) models are useful tools in drug development and risk assessment of environmental chemicals. PBPK model development requires the collection of species-specific physiological, and chemical-specific absorption, distribution, metabolism, and excretion (ADME) parameters, which can be a time-consuming and expensive process. This raises a need to create computational models capable of predicting input parameter values for PBPK models, especially for new compounds. In this review, we summarize an emerging paradigm for integrating PBPK modeling with machine learning (ML) or artificial intelligence (AI)-based computational methods. This paradigm includes 3 steps (1) obtain time-concentration PK data and/or ADME parameters from publicly available databases, (2) develop ML/AI-based approaches to predict ADME parameters, and (3) incorporate the ML/AI models into PBPK models to predict PK summary statistics (eg, area under the curve and maximum plasma concentration). We also discuss a neural network architecture ""neural ordinary differential equation (Neural-ODE)"" that is capable of providing better predictive capabilities than other ML methods when used to directly predict time-series PK profiles. In order to support applications of ML/AI methods for PBPK model development, several challenges should be addressed (1) as more data become available, it is important to expand the training set by including the structural diversity of compounds to improve the prediction accuracy of ML/AI models; (2) due to the black box nature of many ML models, lack of sufficient interpretability is a limitation; (3) Neural-ODE has great potential to be used to generate time-series PK profiles for new compounds with limited ADME information, but its application remains to be explored. Despite existing challenges, ML/AI approaches will continue to facilitate the efficient development of robust PBPK models for a large number of chemicals.",Wei‐Chun Chou; Zhoumeng Lin,2022,2022-09-22,Toxicological Sciences,10.1093/toxsci/kfac101,,https://doi.org/10.1093/toxsci/kfac101,article,['openalex'],"['""world model"" clinical', '""world model"" medicine', '""world model"" patient', '""world model"" physiology', '""world model"" treatment']",open-access,world-model phrase absent from title and abstract,include,review,potential_review,"Centrally synthesizes learned or adapted drug exposure and dosing simulation, transition, or sequential-control systems.",include,review,potential_review,"The review centrally examines learned biomedical dynamics, simulation, intervention response, or sequential control.",exclude,not_applicable,review_scope_too_broad,post_adjudication_inclusion_qc,The review primarily covers ML prediction of static ADME inputs and PK summary endpoints for hand-specified PBPK models; learned time-series dynamics such as Neural ODEs are presented as a prospective opportunity rather than a central evaluated evidence category.,exclude,not_applicable,review_scope_too_broad,The review primarily covers ML prediction of static ADME inputs and PK summary endpoints for hand-specified PBPK models; learned time-series dynamics such as Neural ODEs are presented as a prospective opportunity rather than a central evaluated evidence category.,"Version-of-record abstract and review structure organize evidence around ADME-parameter and AUC/Cmax prediction, with direct Neural-ODE profile modeling identified as future work.",high
AUD-adda9c971211,primary_phrase_filter_residual,Reward Bases: Instantaneous reward revaluation with temporal difference learning,"A bstract An influential theory posits that dopaminergic neurons in the mid-brain implement a model-free reinforcement learning algorithm based on temporal difference (TD) learning. A fundamental assumption of this model is that the reward function being optimized is fixed. However, for biological creatures the ‘reward function’ can fluctuate substantially over time depending on the internal physiological state of the animal. For instance, food is rewarding when you are hungry, but not when you are satiated. While a variety of experiments have demonstrated that animals can instantly adapt their behaviour when their internal physiological state changes, under current thinking this requires model-based planning since the standard model of TD learning requires retraining from scratch if the reward function changes. Here, we propose a novel and simple extension to TD learning that allows for the zero-shot (instantaneous) generalization to changing reward functions. Mathematically, we show that if we assume the reward function is a linear combination of reward basis vectors , and if we learn a value function for each reward basis using TD learning, then we can recover the true value function by a linear combination of these value function bases. This representational scheme allows instant and perfect generalization to any reward function in the span of the reward basis vectors as well as possesses a straightforward implementation in neural circuitry by parallelizing the standard circuitry required for TD learning. We demonstrate that our algorithm can also reproduce behavioural data on reward revaluation tasks, predict dopamine responses in the nucleus accumbens, as well as learn equally fast as successor representations while requiring much less memory.",Beren Millidge; Mark E. Walton; Rafał Bogacz,2022,2022-04-14,bioRxiv (Cold Spring Harbor Laboratory),10.1101/2022.04.14.488361,,https://doi.org/10.1101/2022.04.14.488361,preprint,['openalex'],"['""world model"" physiology']",open-access,world-model phrase absent from title and abstract,exclude,not_applicable,no_learned_or_adapted_dynamics,"Applies data-driven methods to brain and mental-health processes without modeling evolving states, rollouts, or action response.",include,empirical,potential_empirical,"A learned or fitted model represents evolving biomedical states, trajectories, interventions, or sequential control.",exclude,not_applicable,wrong_domain,reviewer_consensus,A: The modeled state is an artificial reward environment rather than medical or biomedical dynamics. B: Reward-basis learning algorithm; The modeled system is outside a substantive medical or biomedical state.,,,,,,
AUD-30e4b971e541,primary_phrase_filter_residual,Advances in the computational understanding of mental illness.,"Computational psychiatry is a rapidly growing field attempting to translate advances in computational neuroscience and machine learning into improved outcomes for patients suffering from mental illness. It encompasses both data-driven and theory-driven efforts. Here, recent advances in theory-driven work are reviewed. We argue that the brain is a computational organ. As such, an understanding of the illnesses arising from it will require a computational framework. The review divides work up into three theoretical approaches that have deep mathematical connections: dynamical systems, Bayesian inference and reinforcement learning. We discuss both general and specific challenges for the field, and suggest ways forward.","Huys QJM, Browning M, Paulus MP, Frank MJ.",2021,2020-07-03,Neuropsychopharmacology,10.1038/s41386-020-0746-4,,https://europepmc.org/article/MED/32620005,article,"['europe_pmc', 'openalex']","['""world model"" clinical', '""world model"" patient', '""world model"" treatment', 'europe_pmc_core']",indexed,world-model phrase absent from title and abstract,exclude,review,review_not_primary,"Reviews brain and mental-health processes but does not centrally synthesize learned or adapted transition, rollout, or control systems.",include,review,potential_review,"The review centrally examines learned biomedical dynamics, simulation, intervention response, or sequential control.",exclude,review,review_not_primary,reviewer_consensus,A: The broad theory review does not centrally synthesize learned patient transition simulators. B: Broad computational psychiatry theories; Learned medical transition or rollout systems are not a central evidence category.,,,,,,
AUD-63771cfe66c1,primary_phrase_filter_residual,Clinical-Based vs. Model-Based Adaptive Dosing Strategy: Retrospective Comparison in Real-World mRCC Patients Treated with Sunitinib,"Different target exposures with sunitinib have been proposed in metastatic renal cell carcinoma (mRCC) patients, such as trough concentrations or AUCs. However, most of the time, rather than therapeutic drug monitoring (TDM), clinical evidence is preferred to tailor dosing, i.e., by reducing the dose when treatment-related toxicities show, or increasing dosing if no signs of efficacy are observed. Here, we compared such empirical dose adjustment of sunitinib in mRCC patients, with the parallel dosing proposals of a PK/PD model with TDM support. In 31 evaluable patients treated with sunitinib, 53.8% had an empirical change in dosing after treatment started (i.e., 46.2% decrease in dosing, 7.6% increase in dosing). Clinical benefit was observed in 54.1% patients, including 8.3% with complete response. Overall, 58.1% of patients experienced treatment discontinuation eventually, either because of toxicities or progressive disease. When choosing 50–100 ng/mL trough concentrations as a target exposure (i.e., sunitinib + active metabolite N-desethyl sunitinib), 45% patients were adequately exposed. When considering 1200–2150 ng/mL.h as a target AUC (i.e., sunitinib + active metabolite N-desethyl sunitinib), only 26% patients were in the desired therapeutic window. TDM with retrospective PK/PD modeling would have suggested decreasing sunitinib dosing in a much larger number of patients as compared with empirical dose adjustment. Indeed, when using target trough concentrations, the model proposed reducing dosing for 61% patients, and up to 84% patients based upon target AUC. Conversely, the model proposed increasing dosing in 9.7% of patients when using target trough concentrations and in 6.5% patients when using target AUC. Overall, TDM with adaptive dosing would have led to tailoring sunitinib dosing in a larger number of patients (i.e., 53.8% vs. 71–91%, depending on the chosen metrics for target exposure) than a clinical-based decision. Interestingly, sunitinib dosing was empirically reduced in 41% patients who displayed early-onset severe toxicities, whereas model-based recommendations would have immediately proposed to reduce dosing in more than 80% of those patients. This observation suggests that early treatment-related toxicities could have been partly avoided using prospective PK/PD modeling with adaptive dosing. Conversely, the possible impact of model-based adapted dosing on efficacy could not be fully evaluated because no clear relationship was found between baseline exposure levels and sunitinib efficacy measured at 3 months.",Florent Ferrer; Jonathan Chauvin; Bénédicte DeVictor; Bruno Lacarelle; Jean-Laurent Deville; Joseph Ciccolini,2021,2021,Pharmaceuticals,10.3390/ph14060494,,https://doi.org/10.3390/ph14060494,journal-article,['crossref'],"['""clinical world model""', '""world model"" clinical']",registered,world-model phrase absent from title and abstract,include,empirical,potential_empirical,Fits or validates clinical exposure-response dynamics to support individualized drug dosing.,include,empirical,potential_empirical,"A learned or fitted model represents evolving biomedical states, trajectories, interventions, or sequential control.",exclude,not_applicable,no_operational_dynamics_evaluation,post_adjudication_inclusion_qc,"The study retrospectively compares empirical dose changes with recommendations from an existing PK/PD model; it does not evaluate generated future patient-state trajectories, action responses, or simulator fidelity against subsequent outcomes.",exclude,not_applicable,no_operational_dynamics_evaluation,"The study retrospectively compares empirical dose changes with recommendations from an existing PK/PD model; it does not evaluate generated future patient-state trajectories, action responses, or simulator fidelity against subsequent outcomes.","Full article Results compare recommended dose categories and observed clinician decisions, without prospective or held-out longitudinal dynamics evaluation.",high
AUD-4fc68310eac9,primary_phrase_filter_residual,Digital Epidemiology: A review,"The epidemiology has recently witnessed great advances based on computational models. Its scope and impact are getting wider thanks to the new data sources feeding analytical frameworks and models. Besides traditional variables considered in epidemiology, large-scale social patterns can be now integrated in real time with multi-source data bridging the gap between different scales. In a hyper-connected world, models and analysis of interactions and social behaviors are key to understand and stop outbreaks. Big Data along with apps are enabling for validating and refining models with real world data at scale, as well as new applications and frameworks to map and track diseases in real time or optimize the necessary resources and interventions such as testing and vaccination strategies. Digital epidemiology is positioning as a discipline necessary to control epidemics and implement actionable protocols and policies. In this review we address the research areas configuring current digital epidemiology: transmission and propagation models and descriptions based on human networks and contact tracing, mobility analysis and spatio-temporal propagation of infectious diseases and infodemics that comprises the study of information and knowledge propagation. Digital epidemiology has the potential to create new operational mechanisms for prevention and mitigation, monitoring of the evolution of epidemics, assessing their impact and evaluating the pharmaceutical and non-pharmaceutical measures to fight the outbreaks. Epidemics have to be approached from the lens of complexity as they require systemic solutions. Opportunities and challenges to tackle epidemics more effectively and with a human-centered vision are here discussed.",David Pastor-Escuredo,2021,2021-04-08,arXiv (Cornell University),10.48550/arxiv.2104.03611,2104.03611,http://arxiv.org/abs/2104.03611,preprint,['openalex'],"['""world model"" clinical', '""world model"" medicine', '""world model"" patient']",open-access,world-model phrase absent from title and abstract,include,review,potential_review,"Centrally synthesizes learned or adapted infectious-disease spread simulation, transition, or sequential-control systems.",exclude,empirical,no_learned_or_adapted_dynamics,No learned or data-adapted biomedical state evolution is described.,exclude,review,duplicate_publication,reviewer_consensus,A: This record is an earlier or duplicate version of AUD-01dbcfb5e94a; retain the more complete stable version. B: Duplicate of aud-01dbcfb5e94a; the more complete stable version is retained.,,,,,,
AUD-1e089ceacd6b,primary_phrase_filter_residual,Dopamine signals as temporal difference errors: recent advances.,"In the brain, dopamine is thought to drive reward-based learning by signaling temporal difference reward prediction errors (TD errors), a 'teaching signal' used to train computers. Recent studies using optogenetic manipulations have provided multiple pieces of evidence supporting that phasic dopamine signals function as TD errors. Furthermore, novel experimental results have indicated that when the current state of the environment is uncertain, dopamine neurons compute TD errors using 'belief states' or a probability distribution over potential states. It remains unclear how belief states are computed but emerging evidence suggests involvement of the prefrontal cortex and the hippocampus. These results refine our understanding of the role of dopamine in learning and the algorithms by which dopamine functions in the brain.","Starkweather CK, Uchida N.",2021,2020-11-10,,10.1016/j.conb.2020.08.014,,https://europepmc.org/article/MED/33186815,,['europe_pmc'],['europe_pmc_core'],indexed,world-model phrase absent from title and abstract,exclude,not_applicable,wrong_domain,"Addresses education, not a medical or biomedical state-dynamics system.",include,review,potential_review,"The review centrally examines learned biomedical dynamics, simulation, intervention response, or sequential control.",exclude,review,review_not_primary,reviewer_consensus,A: It does not synthesize learned medical or biomedical dynamic simulators. B: Dopamine prediction-error theory; The modeled system is outside a substantive medical or biomedical state.,,,,,,
AUD-546e61a5a201,primary_phrase_filter_residual,Dynamics of an oncolytic virus model,,Jun Zhang,2021,2021,Nonlinear Analysis: Real World Applications,10.1016/j.nonrwa.2020.103203,,https://doi.org/10.1016/j.nonrwa.2020.103203,journal-article,['crossref'],"['""world model"" treatment']",registered,world-model phrase absent from title and abstract,exclude,not_applicable,no_learned_or_adapted_dynamics,"The title concerns medical or biomedical processes but gives no indication of learned, fitted, or calibrated state dynamics.",uncertain,uncertain,insufficient_abstract,"The title suggests possible biomedical state dynamics, but no usable abstract is available.",exclude,empirical,no_learned_dynamics,reviewer_consensus,"A: No transition component is fitted or calibrated from observed biomedical data. B: Hand-specified oncolytic-virus equations; Sequential behavior is evaluated, but transition dynamics are not learned or data-adapted.",,,,,,
AUD-c1db632b65cf,primary_phrase_filter_residual,Forecasting emergency medicine reserve demand with a novel decomposition-ensemble methodology,"Accurate prediction is a fundamental and leading work of the emergency medicine reserve management. Given that the emergency medicine reserve demand is affected by various factors during the public health events and thus the observed data are composed of different but hard-to-distinguish components, the traditional demand forecasting method is not competent for this case. To bridge this gap, this paper proposes the EMD-ELMAN-ARIMA (ELA) model which first utilizes Empirical Mode Decomposition (EMD) to decompose the original series into various components. The Elman neural network and ARIMA models are employed to forecast the identified components and the final forecast values are generated by integrating the individual component predictions. For the purpose of validation, an empirical study is carried out based on the influenza data of Beijing from 2014 to 2018. The results clearly show the superiority of the proposed ELA algorithm over its two rivals including the ARIMA and ELMAN models.",Li Jiang-Ning; Shi Xian-liang; Huang An-qiang; Zefang He; Kang Yu-xuan; Li Dong,2021,2021-03-02,Complex & Intelligent Systems,10.1007/s40747-021-00289-x,,https://doi.org/10.1007/s40747-021-00289-x,article,['openalex'],"['""world model"" medicine', '""world model"" patient']",open-access,world-model phrase absent from title and abstract,include,empirical,potential_empirical,Fits data-adapted temporal models to forecast cellular and biological systems over time.,include,empirical,potential_empirical,"A learned or fitted model represents evolving biomedical states, trajectories, interventions, or sequential control.",exclude,empirical,no_future_or_action_evaluation,reviewer_consensus,"A: Resource-demand forecasting does not evaluate healthcare-system transition dynamics. B: Medicine reserve-demand forecasting; The evaluation does not establish qualifying future-state, rollout, or action-response dynamics.",,,,,,
AUD-489b7cb5ab9d,primary_phrase_filter_residual,How specific are patient-specific simulations? Analyzing the accuracy of 3D-printing and modeling to create patient-specific rehearsals for complex urological procedures,,Rachel Melnyk; Daniel Oppenheimer; Ahmed E. Ghazi,2021,2021,World Journal of Urology,10.1007/s00345-021-03797-0,,https://doi.org/10.1007/s00345-021-03797-0,journal-article,['crossref'],"['""patient world model""', '""world model"" patient']",registered,world-model phrase absent from title and abstract,uncertain,uncertain,insufficient_abstract,"The title suggests patient-state modeling dynamics or control, but no abstract establishes whether transitions are learned or adapted.",exclude,empirical,no_learned_or_adapted_dynamics,No learned or data-adapted biomedical state evolution is described.,exclude,empirical,no_learned_dynamics,reviewer_consensus,"A: The physical rehearsal platform contains no learned or data-adapted transition dynamics. B: Patient-specific static rehearsal geometry; Sequential behavior is evaluated, but transition dynamics are not learned or data-adapted.",,,,,,
AUD-4f2ca963ccf0,primary_phrase_filter_residual,Model-Based Planning Deficits in Compulsivity Are Linked to Faulty Neural Representations of Task Structure.,"Compulsive individuals have deficits in model-based planning, but the mechanisms that drive this have not been established. We examined two candidates-that compulsivity is linked to (1) an impaired model of the task environment and/or (2) an inability to engage cognitive control when making choices. To test this, 192 participants performed a two-step reinforcement learning task with concurrent EEG recordings, and we related the neural and behavioral data to their scores on a self-reported transdiagnostic dimension of compulsivity. To examine subjects' internal model of the task, we used established behavioral and neural responses to unexpected events [reaction time (RT) slowing, P300 wave, and parietal-occipital alpha band power] measured when an unexpected transition occurred. To assess cognitive control, we probed theta power at the time of initial choice. As expected, model-based planning was linked to greater behavioral (RT) and neural (alpha power, but not P300) sensitivity to rare transitions. Critically, the sensitivities of both RT and alpha to task structure were weaker in those high in compulsivity. This RT-compulsivity effect was tested and replicated in an independent pre-existing dataset ( N = 1413). We also found that mid-frontal theta power at the time of choice was reduced in highly compulsive individuals though its relation to model-based planning was less pronounced. These data suggest that model-based planning deficits in compulsive individuals may arise, at least in part, from having an impaired representation of the environment, specifically how actions lead to future states. SIGNIFICANCE STATEMENT Compulsivity is linked to poorer performance on tasks that require model-based planning, but it is unclear what precise mechanisms underlie this deficit. Do compulsive individuals fail to engage cognitive control at the time of choice? Or do they have difficulty in building and maintaining an accurate representation of their environment, the foundation needed to behave in a goal-directed manner? With reaction time and EEG measures in 192 individuals who performed a two-step decision-making task, we found that compulsive individuals are less sensitive to surprising action-state transitions, where they slow down less and show less alpha band suppression following a rare transition. These findings implicate failures in maintaining an accurate model of the world in model-based planning deficits in compulsivity.","Seow TXF, Benoit E, Dempsey C, Jennings M, Maxwell A, O'Connell R, Gillan CM.",2021,2021-06-15,Journal of Neuroscience,10.1523/jneurosci.0031-21.2021,,https://europepmc.org/article/MED/34131033,article,"['europe_pmc', 'openalex']","['""world model"" clinical', '""world model"" patient', '""world model"" treatment', 'europe_pmc_core']",indexed,world-model phrase absent from title and abstract,exclude,not_applicable,no_learned_or_adapted_dynamics,"Applies data-driven methods to medical or biomedical processes without modeling evolving states, rollouts, or action response.",include,empirical,potential_empirical,"A learned or fitted model represents evolving biomedical states, trajectories, interventions, or sequential control.",exclude,not_applicable,wrong_domain,reviewer_consensus,A: The modeled state is the experimental task rather than a patient or physiological trajectory. B: Abstract two-step task transitions; The modeled system is outside a substantive medical or biomedical state.,,,,,,
AUD-a34c161e6a68,primary_phrase_filter_residual,Orbitofrontal cortex and learning predictions of state transitions.,"The orbitofrontal cortex (OFC) has been implicated in goal-directed planning and model-based decision-making. One key prerequisite for model-based decision-making is learning the transition structure of the environment-the probabilities of transitioning from one environmental state to another. In this work, we investigated how the OFC might be involved in learning this transition structure, by using fMRI to assess OFC activity while humans experienced probabilistic cue-outcome transitions. We found that OFC activity was indeed correlated with behavioral measures of learning about transition structure. On a trial-by-trial basis, OFC activity was associated with subsequently increased expectation of the more probable outcome; that is, with subsequently more optimal cue-outcome predictions. Interestingly, this relationship was observed no matter what outcome occurred at the time of the OFC activity, and thus is inconsistent with an interpretation of the OFC activity as representing a ""state prediction error"" that would facilitate learning transitions via error-correcting mechanisms. Finally, OFC activity was related to more optimal predictions only for subsequent trials involving the same cue that was observed at the time of OFC activity-this relationship was not observed for subsequent trials involving a different cue. All together, these results indicate that the OFC is involved in updating or reinforcing a learned transition model on a trial-by-trial basis, specifically for the currently observed cue-outcome associations. (PsycInfo Database Record (c) 2021 APA, all rights reserved).","Chan SCY, Schuck NW, Lopatina N, Schoenbaum G, Niv Y.",2021,2021-07-22,,10.1037/bne0000461,,https://europepmc.org/article/MED/34291969,,['europe_pmc'],['europe_pmc_core'],indexed,world-model phrase absent from title and abstract,exclude,not_applicable,no_learned_or_adapted_dynamics,"Reports on brain and mental-health processes without a learned, fitted, calibrated, or data-adapted dynamics model.",include,empirical,potential_empirical,"A learned or fitted model represents evolving biomedical states, trajectories, interventions, or sequential control.",exclude,not_applicable,wrong_domain,reviewer_consensus,A: The learned model concerns an external task structure rather than a medical or biomedical state. B: Human cue-transition learning; The modeled system is outside a substantive medical or biomedical state.,,,,,,
AUD-59a988c082f5,primary_phrase_filter_residual,Phenotyping heart failure using model-based analysis and physiology-informed machine learning,"Abstract To determine the underlying mechanistic differences between diagnoses of Heart Failure (HF) and specifically heart failure with reduced and preserved ejection fraction (HFrEF & HFpEF), a closed loop model of the cardiovascular system coupled with patient specific transthoracic echocardiography (TTE) and right heart catheterization (RHC) measures was used to identify key parameters representing cardiovascular hemodynamics. Thirty-one patient records (10 HFrEF, 21 HFpEF) were obtained from the Cardiovascular Health Improvement Project (CHIP) database at the University of Michigan. Model simulations were tuned to match RHC and TTE pressure, volume and cardiac output measures in each patient with average error between data and model of 4.87 ± 2%. The underlying physiological model parameters were then plotted against model-based norms and compared between the HFrEF and HFpEF group. Our results confirm that the main mechanistic parameter driving HFrEF is reduced left ventricular contractility, while for HFpEF a much wider underlying phenotype is presented. Conducting principal component analysis (PCA), k -means, and hierarchical clustering on the optimized model parameters, but not on clinical measures, shows a distinct group of HFpEF patients sharing characteristics with the HFrEF cohort, a second group that is distinct as HFpEF and a group that exhibits characteristics of both. Significant differences are observed ( p -value",Edith Jones; E. Benjamin Randall; Scott L. Hummel; David Cameron; Daniel A. Beard; Brian E. Carlson,2021,2021,openRxiv,10.1101/2021.03.03.433748,,https://doi.org/10.1101/2021.03.03.433748,posted-content,['crossref'],"['""world model"" physiology']",registered,world-model phrase absent from title and abstract,exclude,not_applicable,no_learned_or_adapted_dynamics,"Applies data-driven methods to procedural and surgical care without modeling evolving states, rollouts, or action response.",include,empirical,potential_empirical,"A learned or fitted model represents evolving biomedical states, trajectories, interventions, or sequential control.",exclude,not_applicable,hand_specified_mechanistic_dynamics,post_adjudication_inclusion_qc,"A pre-specified closed-loop cardiovascular ODE is tuned to cross-sectional catheterization and echocardiography summaries, then fitted parameters are clustered for phenotype discovery; no learned transition law or evolving future-state evaluation is provided.",exclude,not_applicable,hand_specified_mechanistic_dynamics,"A pre-specified closed-loop cardiovascular ODE is tuned to cross-sectional catheterization and echocardiography summaries, then fitted parameters are clustered for phenotype discovery; no learned transition law or evolving future-state evaluation is provided.","Published PLOS Computational Biology version, model-calibration and clustering sections; evaluation is fit to hemodynamic summaries rather than temporal rollout fidelity.",high
AUD-dd0cc9cd5356,primary_phrase_filter_residual,Probabilistic generative modeling and reinforcement learning extract the intrinsic features of animal behavior,"It is one of the ultimate goals of ethology to understand the generative process of animal behavior, and the ability to reproduce and control behavior is an important step in this field. However, it is not easy to achieve this goal in systems with complex and stochastic dynamics such as animal behavior. In this study, we have shown that MDN-RNN,a type of probabilistic deep generative model, is able to reproduce stochastic animal behavior with high accuracy by modeling the behavior of C. elegans. Furthermore, we found that the model learns different dynamics in a disentangled representation as a time-evolving Gaussian mixture. Finally, by combining the model and reinforcement learning, we were able to extract a behavioral policy of goal-directed behavior in silico, and showed that it can be used for regulating the behavior of real animals. This set of methods will be applicable not only to animal behavior but also to broader areas such as neuroscience and robotics.",Keita Mori; Naohiro Yamauchi; Haoyu Wang; Ken Sato; Yu Toyoshima; Yuichi Iino,2021,2021-10-19,Neural Networks,10.1016/j.neunet.2021.10.002,,https://doi.org/10.1016/j.neunet.2021.10.002,article,['openalex'],"['""world model"" physiology']",open-access,world-model phrase absent from title and abstract,include,empirical,potential_empirical,Learns a sequential policy or controller for procedural and surgical care with action-dependent responses.,include,empirical,potential_empirical,"A learned or fitted model represents evolving biomedical states, trajectories, interventions, or sequential control.",exclude,not_applicable,wrong_domain,reviewer_consensus,A: The modeled system is animal behavior without a substantive medical or biomedical state. B: Learned animal-behavior dynamics; The modeled system is outside a substantive medical or biomedical state.,,,,,,
AUD-004b03d7fc10,primary_phrase_filter_residual,Reinforcement learning control of a biomechanical model of the upper extremity,"Among the infinite number of possible movements that can be produced, humans are commonly assumed to choose those that optimize criteria such as minimizing movement time, subject to certain movement constraints like signal-dependent and constant motor noise. While so far these assumptions have only been evaluated for simplified point-mass or planar models, we address the question of whether they can predict reaching movements in a full skeletal model of the human upper extremity. We learn a control policy using a motor babbling approach as implemented in reinforcement learning, using aimed movements of the tip of the right index finger towards randomly placed 3D targets of varying size. We use a state-of-the-art biomechanical model, which includes seven actuated degrees of freedom. To deal with the curse of dimensionality, we use a simplified second-order muscle model, acting at each degree of freedom instead of individual muscles. The results confirm that the assumptions of signal-dependent and constant motor noise, together with the objective of movement time minimization, are sufficient for a state-of-the-art skeletal model of the human upper extremity to reproduce complex phenomena of human movement, in particular Fitts' Law and the [Formula: see text] Power Law. This result supports the notion that control of the complex human biomechanical system can plausibly be determined by a set of simple assumptions and can easily be learned.",Florian Fischer; Miroslav Bachinski; Markus Klar; Arthur Fleig; Jörg Müller,2021,2021-07-14,Scientific Reports,10.1038/s41598-021-93760-1,,https://doi.org/10.1038/s41598-021-93760-1,article,['openalex'],"['""world model"" physiology']",open-access,world-model phrase absent from title and abstract,include,empirical,potential_empirical,Learns a sequential policy or controller for rehabilitation and biomechanics with action-dependent responses.,include,empirical,potential_empirical,"A learned or fitted model represents evolving biomedical states, trajectories, interventions, or sequential control.",exclude,empirical,no_learned_dynamics,reviewer_consensus,"A: The policy is learned, but biomechanical transition dynamics are not fitted from observed data. B: Hand-specified biomechanical plant with learned policy; Sequential behavior is evaluated, but transition dynamics are not learned or data-adapted.",,,,,,
AUD-1b275981a80a,primary_phrase_filter_residual,Validity of a patient-specific percutaneous nephrolithotomy (PCNL) simulated surgical rehearsal platform: impact on patient and surgical outcomes,,Ahmed Ghazi; Rachel Melnyk; Shamroz Farooq; Adrian Bell; Tyler Holler; Patrick Saba; Jean Joseph,2021,2021,World Journal of Urology,10.1007/s00345-021-03766-7,,https://doi.org/10.1007/s00345-021-03766-7,journal-article,['crossref'],"['""patient world model""', '""world model"" patient']",registered,world-model phrase absent from title and abstract,uncertain,uncertain,insufficient_abstract,"The title suggests procedural and surgical care dynamics or control, but no abstract establishes whether transitions are learned or adapted.",exclude,empirical,no_learned_or_adapted_dynamics,No learned or data-adapted biomedical state evolution is described.,exclude,empirical,no_learned_dynamics,reviewer_consensus,"A: No learned or data-adapted transition component is present. B: Patient-specific static surgical rehearsal; Sequential behavior is evaluated, but transition dynamics are not learned or data-adapted.",,,,,,
AUD-6b0fc2dfddd1,primary_phrase_filter_residual,1582O Developing a real-world outcomes forecast model using matched oncology clinical trials and real world evidence to inform policy-making and reimbursement approaches,,T. Gorman; A. Ray; S. Brar; J. Hinkel,2020,2020,Annals of Oncology,10.1016/j.annonc.2020.08.1895,,https://doi.org/10.1016/j.annonc.2020.08.1895,journal-article,['crossref'],"['""clinical world model""', '""world model"" clinical']",registered,world-model phrase absent from title and abstract,uncertain,uncertain,insufficient_abstract,"The title suggests cancer care dynamics or control, but no abstract establishes whether transitions are learned or adapted.",exclude,empirical,no_learned_or_adapted_dynamics,"Dynamics are hand-specified or descriptive without learned, fitted, or calibrated transitions.",exclude,empirical,no_primary_empirical_evaluation,reviewer_consensus,A: No full methods/results text establishes an evolving-state model or operational dynamics evaluation. B: Outcome forecast reported only as abstract; The primary record lacks extractable empirical dynamics methods and results.,,,,,,
AUD-8332cc9fa00e,primary_phrase_filter_residual,"Anxiety, avoidance, and sequential evaluation.","Anxiety disorders are characterized by a range of aberrations in the processing of and response to threat, but there is little clarity what core pathogenesis might underlie these symptoms. Here we propose that a particular set of unrealistically pessimistic assumptions can distort an agent's behavior and underlie a host of seemingly disparate anxiety symptoms. We formalize this hypothesis in a decision theoretic analysis of maladaptive avoidance and a reinforcement learning model, which shows how a localized bias in beliefs can formally explain a range of phenomena related to anxiety. The core observation, implicit in standard decision theoretic accounts of sequential evaluation, is that the potential for avoidance should be protective: if danger can be avoided later, it poses less threat now. We show how a violation of this assumption - via a pessimistic, false belief that later avoidance will be unsuccessful - leads to a characteristic, excessive propagation of fear and avoidance to situations far antecedent of threat. This single deviation can explain a range of features of anxious behavior, including exaggerated threat appraisals, fear generalization, and persistent avoidance. Simulations of the model reproduce laboratory demonstrations of abnormal decision making in anxiety, including in situations of approach-avoid conflict and planning to avoid losses. The model also ties together a number of other seemingly disjoint phenomena in anxious disorders. For instance, learning under the pessimistic bias captures a hypothesis about the role of anxiety in the later development of depression. The bias itself offers a new formalization of classic insights from the psychiatric literature about the central role of maladaptive beliefs about control and self-efficacy in anxiety. This perspective also extends previous computational accounts of beliefs about control in mood disorders, which neglected the sequential aspects of choice.","Zorowitz S, Momennejad I, Daw ND.",2020,2020-03-01,,10.1162/cpsy_a_00026,,https://europepmc.org/article/MED/34036174,,['europe_pmc'],['europe_pmc_core'],indexed,world-model phrase absent from title and abstract,exclude,not_applicable,wrong_domain,"Addresses general AI systems, not a medical or biomedical state-dynamics system.",include,empirical,potential_empirical,"A learned or fitted model represents evolving biomedical states, trajectories, interventions, or sequential control.",exclude,empirical,no_learned_dynamics,reviewer_consensus,"A: The theoretical anxiety model is not learned or calibrated from observed patient-state trajectories. B: Hand-specified anxiety decision model; Sequential behavior is evaluated, but transition dynamics are not learned or data-adapted.",,,,,,
AUD-249ff1072a97,primary_phrase_filter_residual,Continuous detection and prediction model of bacteremia for in-patients: deep learning for time-series EHR data,,Hyung Jun Park; Chang-Min Choi,2020,2020,Respiratory infections,10.1183/13993003.congress-2020.3103,,https://doi.org/10.1183/13993003.congress-2020.3103,proceedings-article,['crossref'],"['""world model"" EHR']",registered,world-model phrase absent from title and abstract,uncertain,uncertain,insufficient_abstract,"The title suggests infectious-disease spread dynamics or control, but no abstract establishes whether transitions are learned or adapted.",exclude,empirical,static_or_isolated_prediction,The model targets a static label or isolated endpoint rather than evolving states.,exclude,empirical,duplicate_publication,reviewer_consensus,A: This record is an earlier or duplicate version of the full journal article at DOI 10.2196/19512; retain the more complete stable version. B: Time-series endpoint predictor; The primary record lacks extractable empirical dynamics methods and results.,,,,,,
AUD-f625df054bad,primary_phrase_filter_residual,"Empirical Model of Spring 2020 Decrease in Daily Confirmed COVID-19 Cases in King County, Washington","ABSTRACT Projections of the near future of daily case incidence of COVID-19 are valuable for informing public policy. Near-future estimates are also useful for outbreaks of other diseases. Short-term predictions are unlikely to be affected by changes in herd immunity. In the absence of major net changes in factors that affect reproduction number (R), the two-parameter exponential model should be a standard model – indeed, it has been standard for epidemiological analysis of pandemics for a century but in recent decades has lost popularity to more complex compartmental models. Exponential models should be routinely included in reports describing epidemiological models as a reference, or null hypothesis. Exponential models should be fitted separately for each epidemiologically distinct jurisdiction. They should also be fitted separately to time intervals that differ by any major changes in factors that affect R. Using an exponential model, incidence-count half-life ( t 1/2 ) is a better statistic than R. Here an example of the exponential model is applied to King County, Washington during Spring 2020. During the pandemic, the parameters and predictions of this model have remained stable for intervals of one to four months, and the accuracy of model predictions has outperformed models with more parameters. The COVID pandemic can be modeled as a series of exponential curves, each spanning an interval ranging from one to four months. The length of these intervals is hard to predict, other than to extrapolate that future intervals will last about as long as past intervals.",Roach JC.,2020,2020-05-18,,10.1101/2020.05.11.20098798,,https://europepmc.org/article/PPR/PPR163907,,['europe_pmc'],['europe_pmc_core'],indexed,world-model phrase absent from title and abstract,include,empirical,potential_empirical,Fits data-adapted temporal models to forecast infectious-disease spread over time.,exclude,empirical,static_or_isolated_prediction,"The learned model does not generate biomedical trajectories, transitions, or action responses.",exclude,empirical,no_future_or_action_evaluation,reviewer_consensus,"A: This is ordinary incidence extrapolation without an explicit learned evolving-state simulator. B: Exponential case-count forecasting; The evaluation does not establish qualifying future-state, rollout, or action-response dynamics.",,,,,,
AUD-6068230a5ea5,primary_phrase_filter_residual,Optical Coherence Tomography-Guided Robotic Ophthalmic Microsurgery via Reinforcement Learning from Demonstration.,"Ophthalmic microsurgery is technically difficult because the scale of required surgical tool manipulations challenge the limits of the surgeon's visual acuity, sensory perception, and physical dexterity. Intraoperative optical coherence tomography (OCT) imaging with micrometer-scale resolution is increasingly being used to monitor and provide enhanced real-time visualization of ophthalmic surgical maneuvers, but surgeons still face physical limitations when manipulating instruments inside the eye. Autonomously controlled robots are one avenue for overcoming these physical limitations. We demonstrate the feasibility of using learning from demonstration and reinforcement learning with an industrial robot to perform OCT-guided corneal needle insertions in an ex vivo model of deep anterior lamellar keratoplasty (DALK) surgery. Our reinforcement learning agent trained on ex vivo human corneas, then outperformed surgical fellows in reaching a target needle insertion depth in mock corneal surgery trials. This work shows the combination of learning from demonstration and reinforcement learning is a viable option for performing OCT guided robotic ophthalmic surgery.","Keller B, Draelos M, Zhou K, Qian R, Kuo A, Konidaris G, Hauser K, Izatt J.",2020,2020-04-16,IEEE Transactions on Robotics,10.1109/tro.2020.2980158,,https://europepmc.org/article/MED/36168513,article,"['europe_pmc', 'openalex']","['""world model"" medicine', '""world model"" patient', 'europe_pmc_core']",indexed,world-model phrase absent from title and abstract,include,empirical,potential_empirical,Learns a sequential policy or controller for procedural and surgical care with action-dependent responses.,include,empirical,potential_empirical,"A learned or fitted model represents evolving biomedical states, trajectories, interventions, or sequential control.",exclude,empirical,no_learned_dynamics,reviewer_consensus,"A: The study learns control actions, but corneal and needle transition dynamics are simulated or experienced rather than learned as a model. B: Model-free imitation and rl policy; Sequential behavior is evaluated, but transition dynamics are not learned or data-adapted.",,,,,,
AUD-b4dd9bfd99ef,primary_phrase_filter_residual,Real-time neural network based predictor for cov19 virus spread.,"Since the epidemic outbreak in early months of 2020 the spread of COVID-19 has grown rapidly in most countries and regions across the World. Because of that, SARS-CoV-2 was declared as a Public Health Emergency of International Concern (PHEIC) on January 30, 2020, by The World Health Organization (WHO). That's why many scientists are working on new methods to reduce further growth of new cases and, by intelligent patients allocation, reduce number of patients per doctor, what can lead to more successful treatments. However to properly manage the COVID-19 spread there is a need for real-time prediction models which can reliably support various decisions both at national and international level. The problem in developing such system is the lack of general knowledge how the virus spreads and what would be the number of cases each day. Therefore prediction model must be able to conclude the situation from past data in the way that results will show a future trend and will possibly closely relate to the real numbers. In our opinion Artificial Intelligence gives a possibility to do it. In this article we present a model which can work as a part of an online system as a real-time predictor to help in estimation of COVID-19 spread. This prediction model is developed using Artificial Neural Networks (ANN) to estimate the future situation by the use of geo-location and numerical data from past 2 weeks. The results of our model are confirmed by comparing them with real data and, during our research the model was correctly predicting the trend and very closely matching the numbers of new cases in each day.","Wieczorek M, Siłka J, Połap D, Woźniak M, Damaševičius R.",2020,2020-12-17,PLoS ONE,10.1371/journal.pone.0243189,,https://europepmc.org/article/MED/33332363,article,"['europe_pmc', 'openalex']","['""world model"" clinical', '""world model"" medicine', '""world model"" patient', '""world model"" treatment', 'europe_pmc_core']",indexed,world-model phrase absent from title and abstract,include,empirical,potential_empirical,Fits data-adapted temporal models to forecast infectious-disease spread over time.,exclude,empirical,static_or_isolated_prediction,"The learned model does not generate biomedical trajectories, transitions, or action responses.",exclude,empirical,no_future_or_action_evaluation,reviewer_consensus,"A: This is ordinary case forecasting without explicit disease-state transitions. B: Neural case-count forecasting; The evaluation does not establish qualifying future-state, rollout, or action-response dynamics.",,,,,,
AUD-19826a72fa85,primary_phrase_filter_residual,Real-World Implications of a Rapidly Responsive COVID-19 Spread Model with Time-Dependent Parameters via Deep Learning: Model Development and Validation (Preprint),"BACKGROUND The COVID-19 pandemic has caused major disruptions worldwide since March 2020. The experience of the 1918 influenza pandemic demonstrated that decreases in the infection rates of COVID-19 do not guarantee continuity of the trend. OBJECTIVE The aim of this study was to develop a precise spread model of COVID-19 with time-dependent parameters via deep learning to respond promptly to the dynamic situation of the outbreak and proactively minimize damage. METHODS In this study, we investigated a mathematical model with time-dependent parameters via deep learning based on forward-inverse problems. We used data from the Korea Centers for Disease Control and Prevention (KCDC) and the Center for Systems Science and Engineering (CSSE) at Johns Hopkins University for Korea and the other countries, respectively. Because the data consist of confirmed, recovered, and deceased cases, we selected the susceptible-infected-recovered (SIR) model and found approximated solutions as well as model parameters. Specifically, we applied fully connected neural networks to the solutions and parameters and designed suitable loss functions. RESULTS We developed an entirely new SIR model with time-dependent parameters via deep learning methods. Furthermore, we validated the model with the conventional Runge-Kutta fourth order model to confirm its convergent nature. In addition, we evaluated our model based on the real-world situation reported from the KCDC, the Korean government, and news media. We also crossvalidated our model using data from the CSSE for Italy, Sweden, and the United States. CONCLUSIONS The methodology and new model of this study could be employed for short-term prediction of COVID-19, which could help the government prepare for a new outbreak. In addition, from the perspective of measuring medical resources, our model has powerful strength because it assumes all the parameters as time-dependent, which reflects the exact status of viral spread.",Se Young Jung; Hyeontae Jo; Hwijae Son; Hyung Ju Hwang,2020,2020,JMIR Publications Inc.,10.2196/preprints.19907,,https://doi.org/10.2196/preprints.19907,posted-content,['crossref'],"['""medical world model""']",registered,world-model phrase absent from title and abstract,include,empirical,potential_empirical,Fits data-adapted temporal models to forecast infectious-disease spread over time.,include,empirical,potential_empirical,"A learned or fitted model represents evolving biomedical states, trajectories, interventions, or sequential control.",exclude,empirical,duplicate_publication,reviewer_consensus,A: This record is an earlier or duplicate version of AUD-bb86781b390a; retain the more complete stable version. B: Duplicate of aud-bb86781b390a; the more complete stable version is retained.,,,,,,
AUD-2962f2619ffd,primary_phrase_filter_residual,"Second waves, social distancing, and the spread of COVID-19 across America","We recently described a dynamic causal model of a COVID-19 outbreak within a single region. Here, we combine several of these (epidemic) models to create a (pandemic) model of viral spread among regions. Our focus is on a second wave of new cases that may result from loss of immunity--and the exchange of people between regions--and how mortality rates can be ameliorated under different strategic responses. In particular, we consider hard or soft social distancing strategies predicated on national (Federal) or regional (State) estimates of the prevalence of infection in the population. The modelling is demonstrated using timeseries of new cases and deaths from the United States to estimate the parameters of a factorial (compartmental) epidemiological model of each State and, crucially, coupling between States. Using Bayesian model reduction, we identify the effective connectivity between States that best explains the initial phases of the outbreak in the United States. Using the ensuing posterior parameter estimates, we then evaluate the likely outcomes of different policies in terms of mortality, working days lost due to lockdown and demands upon critical care. The provisional results of this modelling suggest that social distancing and loss of immunity are the two key factors that underwrite a return to endemic equilibrium.","Friston KJ, Parr T, Zeidman P, Razi A, Flandin G, Daunizeau J, Hulme OJ, Billig AJ, Litvak V, Price CJ, Moran RJ, Lambert C.",2020,2020-04-26,,,,https://europepmc.org/article/PPR/PPR267847,,['europe_pmc'],['europe_pmc_core'],indexed,world-model phrase absent from title and abstract,include,empirical,potential_empirical,Fits data-adapted temporal models to forecast infectious-disease spread over time.,exclude,empirical,no_learned_or_adapted_dynamics,No learned or data-adapted biomedical state evolution is described.,exclude,empirical,duplicate_publication,reviewer_consensus,A: This record is an earlier or duplicate version of AUD-4bc4e756f9f6; retain the more complete stable version. B: Duplicate of aud-4bc4e756f9f6; the more complete stable version is retained.,,,,,,
AUD-4bc4e756f9f6,primary_phrase_filter_residual,"Second waves, social distancing, and the spread of COVID-19 across the USA.","We recently described a dynamic causal model of a COVID-19 outbreak within a single region. Here, we combine several instantiations of this (epidemic) model to create a (pandemic) model of viral spread among regions. Our focus is on a second wave of new cases that may result from loss of immunity-and the exchange of people between regions-and how mortality rates can be ameliorated under different strategic responses. In particular, we consider hard or soft social distancing strategies predicated on national (Federal) or regional (State) estimates of the prevalence of infection in the population. The modelling is demonstrated using timeseries of new cases and deaths from the United States to estimate the parameters of a factorial (compartmental) epidemiological model of each State and, crucially, coupling between States. Using Bayesian model reduction, we identify the effective connectivity between States that best explains the initial phases of the outbreak in the United States. Using the ensuing posterior parameter estimates, we then evaluate the likely outcomes of different policies in terms of mortality, working days lost due to lockdown and demands upon critical care. The provisional results of this modelling suggest that social distancing and loss of immunity are the two key factors that underwrite a return to endemic equilibrium.","Friston KJ, Parr T, Zeidman P, Razi A, Flandin G, Daunizeau J, Hulme OJ, Billig AJ, Litvak V, Price CJ, Moran RJ, Lambert C.",2020,2020-01-01,,10.12688/wellcomeopenres.15986.3,,https://europepmc.org/article/MED/33954262,,['europe_pmc'],['europe_pmc_core'],indexed,world-model phrase absent from title and abstract,include,empirical,potential_empirical,Fits data-adapted temporal models to forecast infectious-disease spread over time.,exclude,empirical,no_learned_or_adapted_dynamics,No learned or data-adapted biomedical state evolution is described.,exclude,not_applicable,hand_specified_mechanistic_dynamics,post_adjudication_inclusion_qc,"The 256-state regional epidemic transition graph, social-distancing response equations, and inter-state coupling structure are manually specified; variational Bayes fits parameters, but the medical transition mechanism itself is not learned or adapted from data.",exclude,not_applicable,hand_specified_mechanistic_dynamics,"The 256-state regional epidemic transition graph, social-distancing response equations, and inter-state coupling structure are manually specified; variational Bayes fits parameters, but the medical transition mechanism itself is not learned or adapted from data.",Version-of-record model section and Figures 1-2 define fixed compartment states and transition arrows before Bayesian inversion and policy simulation.,high
AUD-b65e37404868,primary_phrase_filter_residual,State-by-State estimates of R0 at the start of COVID-19 outbreaks in the USA,"We estimated the initial rate of spread (r0) and basic reproduction number (R0) for States in the USA experiencing COVID-19 epidemics by analyzing death data time series using a time-varying autoregressive state-space model. The initial spread varied greatly among States, with the highest r0 = 0.31 [0.23, 0.39] (95% CI) in New York State, corresponding to R0 = 6.4 [4.3, 9.0] (95% CI). The variation in initial R0 was strongly correlated with the peak daily death count among States, showing that the initial R0 anticipates subsequent challenges in controlling epidemics. Furthermore, the variation in initial R0 implies different needs for public health measures. Finally, the States that relaxed public health measures early were not those with the lowest risks of resurgence, highlighting the need for science to guide public health policies.",Anthony R. Ives; Claudio Bozzuto,2020,2020-05-22,medRxiv,10.1101/2020.05.17.20104653,,https://doi.org/10.1101/2020.05.17.20104653,preprint,['openalex'],"['""world model"" medicine']",open-access,world-model phrase absent from title and abstract,exclude,not_applicable,no_learned_or_adapted_dynamics,"Reports on infectious-disease spread without a learned, fitted, calibrated, or data-adapted dynamics model.",include,empirical,potential_empirical,"A learned or fitted model represents evolving biomedical states, trajectories, interventions, or sequential control.",exclude,empirical,no_future_or_action_evaluation,reviewer_consensus,"A: The empirical study estimates R0 and associations; it does not directly evaluate future-state trajectories or intervention response. B: Fitted autoregressive latent epidemic state; The evaluation does not establish qualifying future-state, rollout, or action-response dynamics.",,,,,,
AUD-5e10f6f71a90,primary_phrase_filter_residual,The evolving view of replay and its functions in wake and sleep.,"The term hippocampal replay originally referred to the temporally compressed reinstantiation, during rest, of sequential neural activity observed during prior active wake. Since its description in the 1990s, hippocampal replay has often been viewed as the key mechanism by which a memory trace is repeatedly rehearsed at high speeds during sleep and gradually transferred to neocortical circuits. However, the methods used to measure the occurrence of replay remain debated, and it is now clear that the underlying neural events are considerably more complicated than the traditional narratives had suggested. ""Replay-like"" activity happens during wake, can play out in reverse order, may represent trajectories never taken by the animal, and may have additional functions beyond memory consolidation, from learning values and solving the problem of credit assignment to decision-making and planning. Still, we know little about the role of replay in cognition, and to what extent it differs between wake and sleep. This may soon change, however, because decades-long efforts to explain replay in terms of reinforcement learning (RL) have started to yield testable predictions and possible explanations for a diverse set of observations. Here, we (1) survey the diverse features of replay, focusing especially on the latest findings; (2) discuss recent attempts at unifying disparate experimental results and putatively different cognitive functions under the banner of RL; (3) discuss methodological issues and theoretical biases that impede progress or may warrant a partial revaluation of the current literature, and finally; (4) highlight areas of considerable uncertainty and promising avenues of inquiry.","Findlay G, Tononi G, Cirelli C.",2020,2020-01-01,SLEEP Advances,10.1093/sleepadvances/zpab002,,https://europepmc.org/article/MED/33644760,article,"['europe_pmc', 'openalex']","['""world model"" physiology', 'europe_pmc_core']",indexed,world-model phrase absent from title and abstract,exclude,not_applicable,wrong_domain,"Addresses language, arts, or humanities, not a medical or biomedical state-dynamics system.",include,review,potential_review,"The review centrally examines learned biomedical dynamics, simulation, intervention response, or sequential control.",exclude,review,review_not_primary,reviewer_consensus,"A: It is a basic-neuroscience review, not a synthesis of learned medical or biomedical simulators. B: Hippocampal replay mechanisms; The modeled system is outside a substantive medical or biomedical state.",,,,,,
