audit_id,stratum,title,abstract,authors,year,publication_date,venue,doi,arxiv_id,url,record_type,sources,query_labels,source_status,original_exclusion_reason
AUD-fee4df5f894b,expanded_alternate_terms,A Definition and Roadmap for World Models,"World models -- internal simulators that learn the structure and dynamics of an environment -- have become one of the most actively debated concepts in AI. From model-based reinforcement learning and video generation to embodied robotics and ultimately, physical AI, researchers across AI subfields are building systems that they call ""world models"", yet there is no consensus on what a world model fundamentally is, what it should predict, or how it should be built. This perspective article provides a scientific definition of world models, discussions of their key technical aspects, and a staged roadmap for developing effective world models.",Xinyuan Chen; Haoyu Guo; Shi Guo; Bingqi Jiang; Chunhua Shen; Xing Shen; Tianfan Xue; Yufei Xue; Mulin Yu; Weinan Zhang; Bin Zhao; Bowen Zhou; Ming Zhou,2026,2026-07-07,arXiv (Cornell University),,2607.06401,https://arxiv.org/abs/2607.06401,preprint,['openalex'],"['""medical world model""', '""world model"" medicine', '""world model"" treatment']",open-access,medical-domain term absent from title and abstract
AUD-97627d3f131b,expanded_alternate_terms,A Discussion of Building a Smart SHM Platform for Long-Span Bridge Monitoring.,"This paper explores the development of a smart Structural Health Monitoring (SHM) platform tailored for long-span bridge monitoring, using the Forth Road Bridge (FRB) as a case study. It discusses the selection of smart sensors available for real-time monitoring, the formulation of an effective data strategy encompassing the collection, processing, management, analysis, and visualization of monitoring data sets to support decision-making, and the establishment of a cost-effective and intelligent sensor network aligned with the objectives set through comprehensive communication with asset owners. Due to the high data rates and dense sensor installations, conventional processing techniques are inadequate for fulfilling monitoring functionalities and ensuring security. Cloud-computing emerges as a widely adopted solution for processing and storing vast monitoring data sets. Drawing from the authors' experience in implementing long-span bridge monitoring systems in the UK and China, this paper compares the advantages and limitations of employing cloud- computing for long-span bridge monitoring. Furthermore, it explores strategies for developing a robust data strategy and leveraging artificial intelligence (AI) and digital twin (DT) technologies to extract relevant information or patterns regarding asset health conditions. This information is then visualized through the interaction between physical and virtual worlds, facilitating timely and informed decision-making in managing critical road transport infrastructure.","Xie Y, Meng X, Nguyen DT, Xiang Z, Ye G, Hu L.",2024,2024-05-16,,10.3390/s24103163,,https://europepmc.org/article/MED/38794018,,['europe_pmc'],['europe_pmc_core'],indexed,world-model phrase absent from title and abstract
AUD-135313be3540,expanded_alternate_terms,A General Technique for Real-Time Robotic Simulation in Manufacturing System,"This paper describes a real-time simulator that allows the user in the factories to simulate arbitrary interaction between machinery and equipment. We discussed in details not only the general technique for developing such a real-time simulator but also the implementation of the simulator in its actual use. As such, people on the production line could benefit from observing and controlling robots in factories for preventing or reducing the severity of a collision, using the proposed simulator and its related technique. For that purpose, we divided the simulator into two main models: the real-time communication model and the simulation model. For the communication model, we present the distributed messaging server structure and the database semaphore technique for handling the real-time peer-to-peer (P2P) connections and control. For the simulation model, we used parallel programming and the general-purpose GPU (GPGPU) technique to speed up the processing time of the simulation. In the paper, we exhaustively explain how the simulator’s techniques are designed and implemented and verify two real world models with robots and robot-operating systems (ROS). Moreover, we compare the results between our technique and the traditional method.",Ting-Hsuan Chien; Cheng-Yan Siao; Rong‐Guey Chang,2021,2021-01-01,Intelligent Automation & Soft Computing,10.32604/iasc.2021.018256,,https://doi.org/10.32604/iasc.2021.018256,article,['openalex'],"['""world model"" treatment']",open-access,medical-domain term absent from title and abstract
AUD-f0edffe9525d,expanded_alternate_terms,A maladaptive feedback mechanism between the extracellular matrix and cytoskeleton contributes to hypertrophic cardiomyopathy pathophysiology.,"Hypertrophic cardiomyopathy is an inherited disorder due to mutations in contractile proteins that results in a stiff, hypercontractile myocardium. To understand the role of cardiac stiffness in disease progression, here we create an in vitro model of hypertrophic cardiomyopathy utilizing hydrogel technology. Culturing wild-type cardiac myocytes on hydrogels with a Young's Moduli (stiffness) mimicking hypertrophic cardiomyopathy myocardium is sufficient to induce a hypermetabolic mitochondrial state versus myocytes plated on hydrogels simulating healthy myocardium. Significantly, these data mirror that of myocytes isolated from a murine model of human hypertrophic cardiomyopathy (cTnI-G203S). Conversely, cTnI-G203S myocyte mitochondrial function is completely restored when plated on hydrogels mimicking healthy myocardium. We identify a mechanosensing feedback mechanism between the extracellular matrix and cytoskeletal network that regulates mitochondrial function under healthy conditions, but participates in the progression of hypertrophic cardiomyopathy pathophysiology resulting from sarcomeric gene mutations. Importantly, we pinpoint key 'linker' sites in this schema that may represent potential therapeutic targets.","Viola HM, Richworth C, Solomon T, Chin IL, Szappanos HC, Sundararaj S, Shishmarev D, Casarotto MG, Choi YS, Hool LC.",2023,2023-01-03,Communications Biology,10.1038/s42003-022-04278-9,,https://europepmc.org/article/MED/36596888,article,"['europe_pmc', 'openalex']","['""world model"" physiology', 'europe_pmc_core']",indexed,world-model phrase absent from title and abstract
AUD-b0da08d3d97c,expanded_alternate_terms,A rapidly changing understanding of COPD: World COPD Day from the COPD Foundation,"World COPD Day raises awareness about chronic obstructive pulmonary disease (COPD). COPD accounts for over 150,000 US deaths per year. A major challenge is that COPD receives only a fraction of the research funding provided to other major diseases. Control of COPD is dependent on developing new approaches to diagnose the disease earlier with a recognition of either pre-COPD or established COPD based on symptoms, lung structural change and/or loss of lung function that occurs before meeting long established criteria for a population-based definition of obstruction. Optimization of current therapies improves lung function, exercise capacity, quality of life, and survival. New pathways of disease progression are being identified creating new opportunities for development of therapies that could stop or cure this disease.",Byron M. Thomashow; David M. Mannino; Ruth Tal-Singer; James D. Crapo,2021,2021,American Journal of Physiology-Lung Cellular and Molecular Physiology,10.1152/ajplung.00400.2021,,https://doi.org/10.1152/ajplung.00400.2021,journal-article,['crossref'],"['""world model"" physiology']",registered,world-model phrase absent from title and abstract
AUD-7ece4f9d3f4f,expanded_alternate_terms,Advances in generative biology and bio-inspired artificial intelligence,"The convergence of artificial intelligence (AI) and life sciences has evolved from unidirectional tool-assisted research into a bidirectional, co-evolutionary paradigm characterized by mutual knowledge transfer and synergistic advancement. This review aims to systematically examine the latest progress in this interdisciplinary fusion, delineate the underlying logic of their interactive empowerment, and discuss the transformative potential and remaining challenges of this symbiotic relationship for future scientific research. The foundational logic of AI-life science integration rests on three pillars: the analogy between biological and computational information-processing paradigms, a shared mathematical language for modeling systemic complexity, and a spiraling cycle of bidirectional knowledge transfer from “AI understanding life” to “life inspiring AI”. Building on this foundation, the review first surveys the innovative development of Generative Biology across multiple scales. At the molecular level, breakthroughs such as AlphaFold-series models and diffusion-based protein design frameworks (e.g., RFdiffusion) have fundamentally shifted the paradigm from observation to de novo creation, enabling atomic-precision design of proteins, enzymes, and drug candidates. At the cellular level, single-cell foundation models and virtual cell frameworks leverage deep generative architectures to learn transferable cell-state representations, supporting perturbation response prediction and causal mechanistic reasoning. At the organ level, deep learning empowers medical imaging analysis, organ-on-chip integration, and digital twin construction for individualized intervention simulation. At the individual and ecological levels, AI-driven models integrate electronic health records, wearable sensor streams, wastewater-based epidemiological surveillance, and biodiversity monitoring to bridge data gaps across personal health, public health, and environmental stewardship. The review then examines Bio-inspired AI, encompassing brain-inspired learning rules and neuromorphic hardware that replicate neural computation with event-driven, energy-efficient architectures, biomimetic optimization algorithms including genetic algorithms, artificial immune systems, and swarm intelligence, as well as molecular computing and biological hybrid intelligence platforms that employ DNA circuits and living organoid networks as computational substrates. Despite remarkable progress, critical challenges persist, including the “black-box” accountability dilemma in clinical and regulatory contexts, the corrosive risks of AI hallucinations in molecular and clinical design, algorithmic adaptability to the inherent fuzziness and nonlinearity of biological systems, and multi-scale data heterogeneity. Addressing these challenges demands the establishment of robust “dry-wet closed-loop” validation systems, transparent and explainable model architectures, and globally coordinated governance frameworks that balance innovation incentives with biosecurity, privacy protection, and algorithmic fairness, thereby ensuring a safe and sustainable trajectory for this transformative convergence.",Wen-Ye ZENG; Sen-Yu ZHENG; Xiao-Qin ZHAO; Zhu WANG; Yong-Juan ZHANG; Zheng-Yuan MA,2026,2026-02-01,Shengming kexue,10.3724/cbls.2026038,,https://doi.org/10.3724/cbls.2026038,article,['openalex'],"['""world model"" EHR']",open-access,world-model phrase absent from title and abstract
AUD-e6bbe8cc0227,expanded_alternate_terms,"AI and Machine Learning Terminology in Medicine, Psychology, and Social Sciences: Tutorial and Practical Recommendations.","Unlabelled Recent applications of artificial intelligence (AI) and machine learning in medicine, psychology, and social sciences have led to common terminological confusions. In this paper, we review emerging evidence from systematic reviews documenting widespread misuse of key terms, particularly ""prediction"" being applied to studies merely demonstrating association or retrospective analysis. We clarify when ""prediction"" should be used and recommend using ""prospective prediction"" for future prediction; explain validation procedures essential for model generalizability; discuss overfitting and generalization in machine learning and traditional regression methods; clarify relationships between features, independent variables, predictors, risk factors, and causal factors; and clarify the hierarchical relationship between AI, machine learning, deep learning, large language models, and generative AI. We provide evidence-based recommendations for terminology use that can facilitate clearer communication among researchers from different disciplines and between the research community and the public, ultimately advancing the rigorous application of AI in medicine, psychology, and social sciences.","Cao B, Greiner R, Greenshaw A, Sui J.",2025,2025-08-18,,10.2196/66100,,https://europepmc.org/article/MED/40825233,,['europe_pmc'],['europe_pmc_core'],indexed,world-model phrase absent from title and abstract
AUD-69d00dbc80ec,expanded_alternate_terms,AI-powered programmable virtual humans toward human physiologically-based drug discovery.,"Artificial intelligence (AI) has generated great interest in drug discovery, but current approaches merely digitize existing experiments, failing to predict clinical outcomes of new compounds. Likewise, pharmacology digital twins, designed for late-phase drug development, lack the ability to bridge translational gaps, limiting their value in early-stage drug discovery. The true potential of AI lies in enabling virtual experiments impossible in the real world, 'testing' novel compounds directly within the human body. Advances in AI, high-throughput assays, and single-cell and spatial omics now enable programmable virtual humans: dynamic, multiscale models that establish a new paradigm of physiologically-based drug discovery. This approach offers a transformative path to evaluate and optimize compound efficacy and safety earlier than ever in the drug discovery process.","Wu Y, Bourne PE, Xie L.",2025,2025-10-08,,10.1016/j.drudis.2025.104497,,https://europepmc.org/article/MED/41072842,,['europe_pmc'],['europe_pmc_core'],indexed,world-model phrase absent from title and abstract
AUD-3fb40fcbf790,expanded_alternate_terms,"AI‐Driven Revolution of Medical Robotics Across Surgical Innovation, Rehabilitation Intelligence, and Multimodal Healthcare Delivery","Artificial intelligence (AI) is catalyzing a paradigm shift in medical robotics, transforming medical robots from teleoperated tools into intelligent partners across clinical domains. This evolution is pivotal in addressing global challenges like aging populations, driven by core AI pillars-including computer vision (CV), deep reinforcement learning, and large language models (LLMs)-that support perception, decision-making, and naturalistic communication, enabling varying degrees of autonomy and adaptive care. However, the literature still lacks a holistic analysis that integrates these advances and tackles the translational challenges hindering clinical adoption. This review bridges this gap by systematically charting the evolution of AI-driven robotics across intelligent surgery, adaptive rehabilitation, and multimodal healthcare delivery. We dissect the core technologies powering this revolution, from digital twins for surgical simulation to LLMs for enhanced human-robot interaction, and critically analyze the associated technical, ethical, and regulatory hurdles. By synthesizing current progress and outlining future frontiers, including embodied AI, nanorobotics, and the concept of the AI-augmented surgeon, this review provides a comprehensive roadmap for accelerating the translation of intelligent medical robotics into routine clinical practice.",Fanxuan Chen; Haoman Chen; Ting Yu; Ruoyun Wang; Yi Wang; Xian Zhang; Jiachen Li; Kaishuo Liu; Darong Hai; Xueying Bao; Zefei Mo; Dongren Yang; Zhao Wang; Yuxin Lin; Qinghua Xia; Gen Yang; Jianwei Shuai,2026,2026-03-01,MedComm,10.1002/mco2.70597,,https://doi.org/10.1002/mco2.70597,article,['openalex'],"['""world model"" clinical', '""world model"" medicine']",open-access,world-model phrase absent from title and abstract
AUD-10820ef6273a,expanded_alternate_terms,An optimal deep learning model for the scoring of radiographic damage in patients with ankylosing spondylitis.,"Background: Detecting vertebral structural damage in patients with ankylosing spondylitis (AS) is crucial for understanding disease progression and in research settings. Objectives: This study aimed to use deep learning to score the modified Stoke Ankylosing Spondylitis Spinal Score (mSASSS) using lateral X-ray images of the cervical and lumbar spine in patients with AS in Asian populations. Design: A deep learning model was developed to automate the scoring of mSASSS based on X-ray images. Methods: We enrolled patients with AS at a tertiary medical center in Taiwan from August 1, 2001 to December 30, 2020. A localization module was used to locate the vertebral bodies in the images of the cervical and lumbar spine. Images were then extracted from these localized points and fed into a classification module to determine whether common lesions of AS were present. The scores of each localized point were calculated based on the presence of these lesions and summed to obtain the total mSASSS score. The performance of the model was evaluated on both validation set and testing set. Results: This study reviewed X-ray image data from 554 patients diagnosed with AS, which were then annotated by 3 medical experts for structural changes. The accuracy for judging various structural changes in the validation set ranged from 0.886 to 0.985, whereas the accuracy for scoring the single vertebral corner in the test set was 0.865. Conclusion: This study demonstrated a well-trained deep learning model of mSASSS scoring for detecting the vertebral structural damage in patients with AS at an accuracy rate of 86.5%. This artificial intelligence model would provide real-time mSASSS assessment for physicians to help better assist in radiographic status evaluation with minimal human errors. Furthermore, it can assist in a research setting by offering a consistent and objective method of scoring, which could enhance the reproducibility and reliability of clinical studies.","Chen YJ, Chen DY, Lan HC, Huang AC, Chen YH, Huang WN, Chen HH.",2024,2024-10-07,Therapeutic Advances in Musculoskeletal Disease,10.1177/1759720x241285973,,https://europepmc.org/article/MED/39381056,article,"['europe_pmc', 'openalex']","['""world model"" clinical', '""world model"" patient', 'europe_pmc_core']",indexed,world-model phrase absent from title and abstract
AUD-c2e5cb2774c7,expanded_alternate_terms,Analysis of thioredoxin 1 levels in a mouse model of unilateral renal ischemia-reperfusion injury,"Kidney disease, acute and chronic, is associated with high morbidity and mortality. Currently, a major obstacle in the field of nephrology is the lack of novel and more sensitive biomarkers that would allow an early diagnose and a proper monitoring of disease progression. Oxidative stress and the increased production of reactive oxygen species (ROS) have been implicated in the pathophysiology of a variety of renal diseases. Proteins of the thioredoxin (Trx) family, among others thioredoxins (Trxs) and glutaredoxins (Grxs), represent one of the most important protective systems in the defense against ROS as well as in the repair of their intracellular effects. Thioredoxin 1 (Trx1) is a cytosolic redox protein that catalyzes the reduction of protein disulfides using the thiol groups of two cysteine residues on its CGPC active site. Trx1 is abundantly expressed in different segments of the nephron and has been shown to be released from cells under conditions of oxidative stress in vitro and in vivo. We hypothesized that renal IRI induces the release of Trx1 from cells into extracellular fluids such as serum and tubular fluid/urine and that Trx1 increase may correlate with the degree of damage in the kidney. We established an effective mouse model of unilateral renal ischemia-reperfusion injury (IRI) and studied Trx1 levels in the serum, urine, as well as in various nephron segments of mice following IRI or sham surgery. We compared different reperfusion times (4h, 8h, 16h, 24h, 48h, 96h, and 168h) to track Trx1 levels fluctuation over time. Serum levels of Trx1 increased 4h after renal IRI, while other markers such as blood urea nitrogen and creatinine remained low. Serum Trx1 showed a positive correlation with tubular injury score helping predict intrarenal damage over time. Additionally, immunohistochemistry studies revealed an increase in Trx1 signals in the proximal tubules and collecting ducts as well as a strong nuclear localization in the same nephron segments that became more intense by 96h, a time point characterized by an intense mitotic activity in the tubules. Between 16 and 24h, Trx1 appeared in the lumen of proximal tubules, however urinary levels of Trx1 did not significantly increase. Based on these findings we conclude that serum Trx1 may represent a novel biomarker for assessing renal damage. In addition to this, we hypothesize that intrarenal changes in Trx1 expression and localization might be related to the activation of regeneration mechanisms in the renal tubular epithelium. Further studies are needed to understand the role of Trx1 in the regeneration process after renal IRI. This work was funded by the Center of Integrative Mammalian Research of Ross University School of Veterinary Medicine and by a Startup funding from Long Island University. This is the full abstract presented at the American Physiology Summit 2024 meeting and is only available in HTML format. There are no additional versions or additional content available for this abstract. Physiology was not involved in the peer review process.",Jose Godoy; Marcela Moncada,2024,2024,Physiology,10.1152/physiol.2024.39.s1.2008,,https://doi.org/10.1152/physiol.2024.39.s1.2008,journal-article,['crossref'],"['""world model"" physiology']",registered,world-model phrase absent from title and abstract
AUD-e9c761f60985,expanded_alternate_terms,Approach Towards the Development of Digital Twin for Structural Health Monitoring of Civil Infrastructure: A Comprehensive Review.,"Civil infrastructure assets' contribution to countries' economic growth is significantly increasing due to the rapid population growth and demands for public services. These civil infrastructures, including roads, bridges, railways, tunnels, dams, residential complexes, and commercial buildings, experience significant deterioration from the surrounding harsh environment. Traditional methods of visual inspection and non-destructive tests are generally undertaken to monitor and evaluate the structural health of the infrastructure. However, these methods lack reliability due to the need for instrumentation calibration and reliance on subjective visual judgments. Digital twin (DT) technology digitally replicates existing infrastructure, offering significant potential for real-time intelligent monitoring and assessment of structural health. This study reviews the existing applications of DTs across various sectors. It proposes an approach for developing DT applications in civil infrastructure, including using the Internet of Things, data acquisition, and modelling, together with the platform requirements and challenges that may be confronted during DT development. This comprehensive review is a state-of-the-art review of advancements and challenges in DT technology for intelligent monitoring and maintenance of civil infrastructure.","Sun Z, Jayasinghe S, Sidiq A, Shahrivar F, Mahmoodian M, Setunge S.",2024,2024-12-25,,10.3390/s25010059,,https://europepmc.org/article/MED/39796850,,['europe_pmc'],['europe_pmc_core'],indexed,world-model phrase absent from title and abstract
AUD-0b8b1442deed,expanded_alternate_terms,Artificial Intelligence in Physical Therapy and Rehabilitation,"Artificial intelligence is used for various purposes in the field of physical therapy and rehabilitation, such as assessment, treatment planning, motion analysis, patient education, and remote monitoring. This section discusses research findings on AI-supported applications to evaluate the potential of these technologies in rehabilitation. Camera- and sensor-based systems can contribute to motion recognition, the measurement of joint movements, and the assessment of exercise performance. Meanwhile, virtual and augmented reality applications can make treatment more interactive and provide personalized feedback. Robotic rehabilitation systems can support the performance of repetitive movements and the regular monitoring of patient performance. Systems that monitor at-home exercises can track the patient’s participation in the exercises and whether they are performing the movements correctly. Virtual physical therapist applications can also be useful for demonstrating exercises, guiding the patient, and providing real-time feedback. However, there is insufficient evidence to support these systems making clinical decisions independently. Digital twins aim to integrate a patient’s clinical and functional data into a digital model. This approach can contribute to monitoring the course of the disease and evaluating the potential outcomes of different treatment options. On the other hand, large language models and agent-based artificial intelligence systems can be used in the areas of patient education, summarization of clinical records, access to information, and decision support. Although current studies show promising results, there are significant differences in terms of sample sizes, follow-up periods, and the methods used. Data security, algorithmic bias, explainability, ethical responsibility, and clinical oversight must also be taken into account. In conclusion, artificial intelligence should be viewed not as a replacement for physical therapists, but as a supportive tool that aids in assessment and treatment processes. There is a need for studies with larger sample sizes, longer follow-up periods, and conducted under real-world conditions.",Caglayan Pinar Ozturk; Neriman Aksu,2026,2026-09-03,Özgür Yayınları eBooks,10.58830/ozgur.pub1402.c5633,,https://doi.org/10.58830/ozgur.pub1402.c5633,book-chapter,['openalex'],"['""medical world model""', '""world model"" patient', '""world model"" treatment']",open-access,world-model phrase absent from title and abstract
AUD-08f59142a2db,expanded_alternate_terms,Blood Flow Restriction Exercise Training in Chronic Obstructive Pulmonary Disease,"Chronic obstructive pulmonary disease (COPD) is a systemic disease that causes progressive airflow limitation, as well as decreases i[1]n skeletal muscle mass, strength, and endurance. Skeletal muscle dysfunction contributes to disease progression by creating a vicious cycle that leads to exercise intolerance, shortness of breath, reduced physical activity levels, and impaired quality of life. Resistance exercise, a key component of pulmonary rehabilitation, is effective in improving muscle function; however, high-intensity exercise can be difficult to implement in patients with COPD because of symptoms and respiratory limitations. Blood flow restriction training (BFRT) is an alternative method that aims to stimulate muscle adaptations by increasing metabolic stress through partial vascular restriction applied to the extremities during low-intensity exercise. This approach appears promising for individuals with low exercise tolerance because it can yield gains in muscle strength and hypertrophy comparable to those achieved with conventional high-load training. The ability to perform BFRT with a low mechanical load may offer a significant advantage in COPD, particularly for patients in the advanced stages of the disease. However, current evidence does not definitively show that BFRT is superior to conventional exercise training. Significant limitations include differences in application protocols, the fact that optimal occlusion pressure and exercise parameters have not yet been established, and the limited availability of long-term safety data. In conclusion, BFRT is a potentially effective method that can complement pulmonary rehabilitation in individuals with COPD; however, well-designed randomized controlled trials with sufficient sample sizes and long-term follow-up are needed to develop evidence-based recommendations for clinical practice.",Neriman Aksu; Caglayan Pinar Ozturk,2026,2026-09-03,Özgür Yayınları eBooks,10.58830/ozgur.pub1402.c5632,,https://doi.org/10.58830/ozgur.pub1402.c5632,book-chapter,['openalex'],"['""medical world model""']",open-access,world-model phrase absent from title and abstract
AUD-41629af260f1,expanded_alternate_terms,Building Predictive Models for Clinical Care—Where to Build and What to Predict?,"Coquet et al 1 evaluate the performance of a survival prediction model for patients with metastatic castration-resistant prostate cancer (CRPC).The model was developed using machine learning in data pooled from the control groups of 4 randomized clinical trials (RCTs).The model's parameters were then applied to a population of 513 patients with metastatic CRPC identified from the electronic health records (EHRs) of a cancer center over a 12-year period.After linkage with data from state and local cancer registries and the Social Security Death Index, the authors examined the model's performance in EHR data on these real-world patients.1 Predictive models are a tool of increasing value for practicing personalized, patient-centered medicine, providing both patients and their clinicians with individualized information on prognosis or response to therapy.An individual's predicted probability of dying or experiencing nonfatal complications or disease progression is often assumed to be a marker of the need for further treatment, the reasoning being that persons at greater risk have the most to gain from treatment.The Framingham Risk Score is a familiar prediction model score used to determine the need for treatment to prevent coronary artery disease.Few models have been developed to date to directly predict individual response to specific treatments.For many conditions, RCTs have offered the only cohorts of patients with rich clinical information and prognostic information suitable for developing prediction models.However, the now widespread use of EHRs in clinical care raises the possibility that EHR data from very large realworld populations could be used to identify persons with a specific condition and to apply and possibly improve on risk prediction models derived from RCTs.",Joe V. Selby; Bruce Fireman,2021,2021-01-22,JAMA Network Open,10.1001/jamanetworkopen.2020.32539,,https://doi.org/10.1001/jamanetworkopen.2020.32539,article,['openalex'],"['""world model"" EHR', '""world model"" clinical', '""world model"" medicine', '""world model"" patient', '""world model"" treatment']",open-access,world-model phrase absent from title and abstract
AUD-9d6f07506042,expanded_alternate_terms,Can digital twin technology revolutionize public health emergency management? Insights from the PPRR framework.,"The inherent nature of public health emergencies often renders them unpredictable and inadequately managed in a timely manner, resulting in significant impacts on lives, property, and social stability. In recent years, the frequency and severity of such emergencies have escalated. As an integration of artificial intelligence, machine learning, deep learning, big data, and the Internet of Things, digital twin technology has been increasingly adopted across diverse fields, including industrial production, urban planning, and healthcare. This study aimed to investigate recent advancements in digital twin technology, particularly in the fields of medicine and urban construction, with a focus on its potential to mitigate the impacts of public health crises. By employing the PPRR framework, this study further explored the prospects for constructing and applying digital twin technology within the public health management system. Taking perceived fidelity (SF), model plasticity (MP), decision coupling (DC), and governance credibility (GC) as the core constructs, we discussed the operability of unified modeling and quantitative evaluation of each stage of digital twin implementation. This approach comprehensively explained all four phases of emergency management: prevention, preparedness, response, and recovery. Through enabling the digitalization, intelligence, and visualization of the entire health emergency management process, digital twin technology offers holistic solutions throughout the life cycle of public health emergencies. These include preventive measures, real-time detection, early warning systems, and intelligent emergency response management. Such innovations have the potential to significantly enhance management efficiency and effectiveness, bolster coordinated responses to public health crises, and improve the overall resilience of public health systems.","Sun T, Lu J, Li Q, Kou Y.",2025,2025-09-25,Frontiers in Public Health,10.3389/fpubh.2025.1631339,,https://europepmc.org/article/MED/41080840,article,"['europe_pmc', 'openalex']","['""world model"" medicine', '""world model"" physiology', 'europe_pmc_core']",indexed,world-model phrase absent from title and abstract
AUD-6f40540d5fb2,expanded_alternate_terms,Causal Digital Twins for Precision Medicine: Integrating Multi-Omics and Wearable Data for Intervention Planning,"Abstract This manuscript develops the idea of a causal digital twin for precision medicine as a research and implementation architecture that couples biological measurement, behavioural sensing, and intervention reasoning within a unified decision framework. Rather than treating multi-omics assays and wearable streams as independent data assets, the book argues that their value emerges when they are aligned through causal structure, uncertainty accounting, and continuously updated representations of patient state. The central claim is that intervention planning becomes more defensible when digital twins are designed as scientific instruments for explanation, prediction, and policy-aware action rather than as black-box recommendation engines. Across five chapters, the text links research design, statistical identification, machine learning, data engineering, and governance into a coherent lifecycle. It proposes schemas for outcome definition, model validation, workflow reproducibility, and deployment oversight that are adaptable across health systems with different capacities. The resulting contribution is both methodological and institutional: it outlines how researchers can build evaluable twin architectures, how practitioners can translate outputs into clinical and operational pathways, and how policymakers can shape accountability for data-intensive medicine. The manuscript is intended as a publisher-ready foundation for advanced readers seeking a rigorous, interdisciplinary roadmap for intervention-oriented digital health research. Keywords causal digital twins, precision medicine, multi-omics integration, wearable sensing, intervention planning, causal inference, statistical modeling, machine learning, trustworthy AI, reproducible analytics, MLOps, digital health governance, translational medicine, patient-specific simulation, systems medicine, scalable analytics",Murali Krishna Pasupuleti,2026,2026-02-28,,10.62311/nesx/rb-978-81-999904-5-6,,https://doi.org/10.62311/nesx/rb-978-81-999904-5-6,reference-entry,['openalex'],"['""world model"" medicine']",open-access,world-model phrase absent from title and abstract
AUD-35ea1704d692,expanded_alternate_terms,Chronic diarrhoea in a human immunodeficiency virus/acquired immunodeficiency syndrome patient: A case report,"BACKGROUND Chronic diarrhoea in people living with human immunodeficiency virus (PLHIV)/acquired immunodeficiency syndrome presents a diagnostic challenge, often resulting from opportunistic infections (OIs), malignancies, or disease progression itself. We present a case of an advanced human immunodeficiency virus (HIV) patient with chronic diarrhoea, significant weight loss, and antiretroviral therapy (ART) non-compliance, highlighting the diagnostic dilemma between HIV wasting syndrome, OIs, and malignancy. CASE SUMMARY A 36-year-old female, diagnosed with HIV five years ago on family screening, presented with three months of profuse watery diarrhoea, associated with crampy abdominal pain and weight loss (14 kg, 30% in 3 months). She was non-compliant with ART. There was no history of recent travel, food contamination, or tuberculosis contact. Fever episodes were mild and transient. Physical examination revealed pallor and bilateral pedal oedema without lymphadenopathy or organomegaly. Genital examination was unremarkable. Routine investigations revealed severe anaemia and confirmed PLHIV status. CD4 count was CONCLUSION In ART-noncompliant PLHIV with chronic diarrhoea, distinguishing between HIV wasting syndrome, OIs (Cryptosporidium , Mycobacterium avium complex, cytomegalovirus colitis) and malignancies (non-Hodgkin lymphoma and anal carcinoma) are critical. Gradual CD4 decline, systemic inflammation, and malnutrition favour progressive HIV/acquired immunodeficiency syndrome rather than an acute OI or malignancy. Early recognition and management, including ART reinitiation and nutritional support, are crucial for prognosis.",Sheetal Panjaria; Prasan Kumar Panda,2025,2025,World Journal of Virology,10.5501/wjv.v14.i2.108412,,https://doi.org/10.5501/wjv.v14.i2.108412,journal-article,['crossref'],"['""patient world model""', '""world model"" patient']",registered,world-model phrase absent from title and abstract
AUD-ed4fde5f4149,expanded_alternate_terms,Chronobiology of Cancers in the Liver and Gut.,"Circadian rhythms dictate the timing of cellular and organismal physiology to maintain homeostasis. Within the liver and gut, circadian rhythms influence lipid and glucose homeostasis, xenobiotic metabolism, and nutrient absorption. Disruption of this orchestrated timing is known to negatively impact human health and contribute to disease progression, including carcinogenesis. Dysfunctional core clock timing has been identified in malignant growths and may be used as a molecular signature of disease progression. Likewise, the circadian clock and its downstream effectors also represent potential for novel therapeutic targets. Here, the role of circadian rhythms in the pathogenesis of cancers of the liver and gut will be reviewed, and chronotherapy and chronopharmacology will be explored as potential treatment options.",Ferrell JM.,2024,2024-08-23,Cancers,10.3390/cancers16172925,,https://europepmc.org/article/MED/39272783,article,"['europe_pmc', 'openalex']","['""world model"" physiology', '""world model"" treatment', 'europe_pmc_core']",indexed,world-model phrase absent from title and abstract
AUD-49e3a7b5463b,expanded_alternate_terms,Computational Psychiatry Needs Time and Context,"Why has computational psychiatry yet to influence routine clinical practice? One reason may be that it has neglected context and temporal dynamics in the models of certain mental health problems. We develop three heuristics for estimating whether time and context are important to a mental health problem: Is it characterized by a core neurobiological mechanism? Does it follow a straightforward natural trajectory? And is intentional mental content peripheral to the problem? For many problems the answers are no, suggesting that modeling time and context is critical. We review computational psychiatry advances toward this end, including modeling state variation, using domain-specific stimuli, and interpreting differences in context. We discuss complementary network and complex-systems approaches. Novel methods and unification with adjacent fields may inspire a new generation of computational psychiatry.",Peter Hitchcock; Eiko I. Fried; Michael J. Frank,2021,2021-04-01,,10.31234/osf.io/xf2u3,,https://doi.org/10.31234/osf.io/xf2u3,preprint,['openalex'],"['""world model"" clinical', '""world model"" medicine']",open-access,world-model phrase absent from title and abstract
AUD-dd2ec6e71b32,expanded_alternate_terms,Decoding temporal heterogeneity in NSCLC through machine learning and prognostic model construction,"Abstract Background Non-small cell lung cancer (NSCLC) is a prevalent and heterogeneous disease with significant genomic variations between the early and advanced stages. The identification of key genes and pathways driving NSCLC tumor progression is critical for improving the diagnosis and treatment outcomes of this disease. Methods In this study, we conducted single-cell transcriptome analysis on 93,406 cells from 22 NSCLC patients to characterize malignant NSCLC cancer cells. Utilizing cNMF, we classified these cells into distinct modules, thus identifying the diverse molecular profiles within NSCLC. Through pseudotime analysis, we delineated temporal gene expression changes during NSCLC evolution, thus demonstrating genes associated with disease progression. Using the XGBoost model, we assessed the significance of these genes in the pseudotime trajectory. Our findings were validated by using transcriptome sequencing data from The Cancer Genome Atlas (TCGA), supplemented via LASSO regression to refine the selection of characteristic genes. Subsequently, we established a risk score model based on these genes, thus providing a potential tool for cancer risk assessment and personalized treatment strategies. Results We used cNMF to classify malignant NSCLC cells into three functional modules, including the metabolic reprogramming module, cell cycle module, and cell stemness module, which can be used for the functional classification of malignant tumor cells in NSCLC. These findings also indicate that metabolism, the cell cycle, and tumor stemness play important driving roles in the malignant evolution of NSCLC. We integrated cNMF and XGBoost to select marker genes that are indicative of both early and advanced NSCLC stages. The expression of genes such as CHCHD2 , GAPDH , and CD24 was strongly correlated with the malignant evolution of NSCLC at the single-cell data level. These genes have been validated via histological data. The risk score model that we established (represented by eight genes) was ultimately validated with GEO data. Conclusion In summary, our study contributes to the identification of temporal heterogeneous biomarkers in NSCLC, thus offering insights into disease progression mechanisms and potential therapeutic targets. The developed workflow demonstrates promise for future applications in clinical practice.",Junpeng Cheng; Meizhu Xiao; Qingkang Meng; Min Zhang; Denan Zhang; Lei Liu; Qing Jin; Zhijin Fu; Yanjiao Li; Xiujie Chen; Hongbo Xie,2024,2024,World Journal of Surgical Oncology,10.1186/s12957-024-03435-0,,https://doi.org/10.1186/s12957-024-03435-0,journal-article,['crossref'],"['""surgical world model""']",registered,world-model phrase absent from title and abstract
AUD-d908cff89e6b,expanded_alternate_terms,Deep Active Inference Agents for Delayed and Long-Horizon Environments,"With the recent success of world-model agents, which extend the core idea of model-based reinforcement learning by learning a differentiable model for sample-efficient control across diverse tasks, active inference (AIF) offers a complementary, neuroscience-grounded paradigm that unifies perception, learning, and action within a single probabilistic framework powered by a generative model. Despite this promise, practical AIF agents still rely on accurate immediate predictions and exhaustive planning, a limitation that is exacerbated in delayed environments requiring plans over long horizons, tens to hundreds of steps. Moreover, most existing agents are evaluated on robotic or vision benchmarks which, while natural for biological agents, fall short of real-world industrial complexity. We address these limitations with a generative-policy architecture featuring (i) a multi-step latent transition that lets the generative model predict an entire horizon in a single look-ahead, (ii) an integrated policy network that enables the transition and receives gradients of the expected free energy, (iii) an alternating optimization scheme that updates model and policy from a replay buffer, and (iv) a single gradient step that plans over long horizons, eliminating exhaustive planning from the control loop. We evaluate our agent in an environment that mimics a realistic industrial scenario with delayed and long-horizon settings. The empirical results confirm the effectiveness of the proposed approach, demonstrating the coupled world-model with the AIF formalism yields an end-to-end probabilistic controller capable of effective decision making in delayed, long-horizon settings without handcrafted rewards or expensive planning.",Yavar Taheri Yeganeh; Mohsen Jafari; Andréa Matta,2025,2025-05-26,arXiv (Cornell University),10.48550/arxiv.2505.19867,2505.19867,http://arxiv.org/abs/2505.19867,preprint,['openalex'],"['""world model"" clinical']",open-access,medical-domain term absent from title and abstract
AUD-eb75e7258782,expanded_alternate_terms,Deep Generative Model of Macrophage Immune Response for Hepato-intestinal Tumor Therapy Optimization.,"Digestive tract cancers, including hepatobiliary and gastrointestinal malignancies, remain a major oncological burden globally. Immunotherapy efficacy rates are low, with only 15% to 30% of patients experiencing responses following treatment. Tumor-associated macrophages, which change phenotype between a pro-inflammatory and an immunosuppressive state, play a key role in determining the response to therapy, and current static biomarkers are inadequate for capturing the spatial-temporal changes associated with the immune response. We developed a bioinspired digital twin platform integrating variational representation learning with causal sequence modeling. The platform incorporates heterogeneous biological data (1.2 million single-cell transcriptomes, spatial immunophenotyping, and clinical trajectories) from 2,847 individuals across 5 digestive cancer types. Graph-based attention mechanisms encode intercellular interactions, while transformer-based temporal modules simulate immunological state transitions. A model-predictive optimization layer identifies patient-specific interventions maximizing repolarization potential. The biomimetic model predicted the outcome of therapy response better than conventional biomarker models did (area under the receiver operating characteristic curve: 0.847 compared to 0.692 with a statistically significant difference at P below 0.001). In an exploratory, nonrandomized analysis of discordant cases ( n = 156) where model and physician recommendations differed, model-guided treatment was associated with higher response rates (47.4% versus 28.2%) and longer median progression-free survival (9.8 months versus 6.0 months; P = 0.003); however, selection bias cannot be excluded. This study provides preliminary evidence for the feasibility of a computational framework for immunotherapy optimization; prospective randomized trials are required to establish clinical utility.","Zhou L, Tan Y, Lv W, Lin K, Li F, Ouyang W, Zhang D.",2026,2026-06-16,,10.34133/cbsystems.0559,,https://europepmc.org/article/MED/42644119,,['europe_pmc'],['europe_pmc_core'],indexed,world-model phrase absent from title and abstract
AUD-6234b47b0b46,expanded_alternate_terms,Designing a Cyber-Physical System for Ambient Assisted Living: A Use-Case Analysis for Social Robot Navigation in Caregiving Centers.,"The advances of the Internet of Things, robotics, and Artificial Intelligence, to give just a few examples, allow us to imagine promising results in the development of smart buildings in the near future. In the particular case of elderly care, there are new solutions that integrate systems that monitor variables associated with the health of each user or systems that facilitate physical or cognitive rehabilitation. In all these solutions, it is clear that these new environments, usually called Ambient Assisted Living (AAL), configure a Cyber-Physical System (CPS) that connects information from the physical world to the cyber-world with the primary objective of adding more intelligence to these environments. This article presents a CPS-AAL for caregiving centers, with the main novelty that includes a Socially Assistive Robot (SAR). The CPS-AAL presented in this work uses a digital twin world with the information acquired by all devices. The basis of this digital twin world is the CORTEX cognitive architecture, a set of software agents interacting through a Deep State Representation (DSR) that stored the shared information between them. The proposal is evaluated in a simulated environment with two use cases requiring interaction between the sensors and the SAR in a simulated caregiving center.","Calderita LV, Vega A, Barroso-Ramírez S, Bustos P, Núñez P.",2020,2020-07-18,Sensors,10.3390/s20144005,,https://europepmc.org/article/MED/32708496,article,"['europe_pmc', 'openalex']","['""world model"" clinical', '""world model"" medicine', '""world model"" treatment', 'europe_pmc_core']",indexed,world-model phrase absent from title and abstract
AUD-1a76e219c91c,expanded_alternate_terms,Developing a mathematical model for early detection of viral hepatitis induced liver dysfunction,"Acute liver failure (ALF) is characterized by a sudden loss of hepatic function within a few weeks without pre-existing cirrhosis or prior history of liver disease. ALF can be difficult to identify using non-invasive methods such as coagulation abnormality and encephalopathy alone as alternative causes may confound the ALF diagnostic. This often results in delayed treatment at the onset of the disease, and a liver transplant might be the only option for ALF patients with a limited success rate. Due to these variables, ALF treatment is highly subjective to the clinicians' expertise, with a very high morbidity and mortality rate. Therefore, a prognostic model can help identify patients who can be managed with medical treatments and those who need liver transplants, along with an optimum intervention time window. Currently, only statistical models are available to identify ALF, such as King's College Hospital criteria, Clichy criteria, and End-Stage Liver Disease score. While these models provide much-needed critical support to clinicians, these models have limited specificity and sensitivity toward the cause of ALF and liver disease progression. For example, among all the common causes, the viral hepatitis-induced liver disease remains a major cause of ALF in developing countries such as in India and Bangladesh. Therefore, a dynamic patient-specific model is needed to improve patient care by correlating liver dysfunction with various healthcare variables and interventions. In this work, a new physiological linked data-driven model is formulated that can track the progression of liver disease and failure due to viral hepatitis. The approach relies on integrating the dynamics of healthy hepatocytes with immune system response, which is a vital component in tracking the time-sensitive infectious disease progression. The model uses the patient-specific measured values of alanine transaminase and aspartate transaminase enzymes and the clinically calculated international normalized ratio value to estimate the sensitive model parameter. This patient-specific model is then used to determine the disease progression by predicting the number of damaged hepatocytes and correlating it with the indication criteria for liver transplantation. The model can reproduce the essential dynamics seen in the ALF patient data and can be adapted to incorporate the effect of different therapeutic interventions. Thus, providing a vital bridge between understanding and treating viral hepatitis-induced liver dysfunction. No conflicts of interest, financial or otherwise, are declared by the author. This is the full abstract presented at the American Physiology Summit 2023 meeting and is only available in HTML format. There are no additional versions or additional content available for this abstract. Physiology was not involved in the peer review process.",Deepak Kumar Agrawal,2023,2023,Physiology,10.1152/physiol.2023.38.s1.5793746,,https://doi.org/10.1152/physiol.2023.38.s1.5793746,journal-article,['crossref'],"['""world model"" physiology']",registered,world-model phrase absent from title and abstract
AUD-d0fc7d6926e6,expanded_alternate_terms,Developing a multi-domain EHR foundation model for predicting Hepatitis B liver disease: a clinical perspective,"Abstract Foundation models trained on patient electronic health records (EHRs) hold promise for transforming clinical care by enabling effective decision support and personalized healthcare delivery, but have been limited by a focus on intensive care objectives. Here we present a multi-domain transformer-based EHR foundation model designed to predict two liver disease outcomes in patients with Chronic Hepatitis B, an infection characterized by diverse and uncertain medical trajectories. Through case studies employing attention maps, we demonstrate that the transformer model identifies patterns similar to one-liners employed by clinical staff and depends on distinct clinical events to estimate disease progression. Our findings underscore both the utility and challenges of EHR foundation models in clinical care and the necessity to evaluate EHR-models on less-regimented diseases.",Caroline Weis; Filippo Grazioli; Giovanni Visonà; Adam Kania; Max F. Burg; Max Horn; Jonathan Golob; Patrick Schwab,2026,2026,openRxiv,10.64898/2026.01.23.26344677,,https://doi.org/10.64898/2026.01.23.26344677,posted-content,['crossref'],"['""world model"" EHR']",registered,world-model phrase absent from title and abstract
AUD-f7965c643bd3,expanded_alternate_terms,Development of a Pedicle Screw Fixation Simulation Model for Surgical Training Using a 3-Dimensional Printer,,Joon-ki Hong; In-Suk Bae; Hee In Kang; Jae Hoon Kim; Cheolsu Jwa,2023,2023,World Neurosurgery,10.1016/j.wneu.2022.12.065,,https://doi.org/10.1016/j.wneu.2022.12.065,journal-article,['crossref'],"['""surgical world model""']",registered,world-model phrase absent from title and abstract
AUD-aadeae1dcc0d,expanded_alternate_terms,Development of a quantitative systems pharmacology model of chronic kidney disease: metabolic bone disorder,"Chronic kidney disease mineral bone disorder (CKD-MBD) is a virtually universal complication of kidney diseases, starting early in the course of disease and resulting in devastating clinical consequences ranging from bone fragility to accelerated atherosclerosis and early cardiovascular death. Guidelines for therapeutic goals for CKD-MBD have been published, and achievement of these guidelines is associated with improved survival. However, the incomplete understanding of CKD-MBD and the individual variability in the manifestations of CKD-MBD have made it difficult to achieve these guidelines. We hypothesized that the progression of MBD through all stages of CKD, including end-stage kidney disease, could be represented by a quantitative systems pharmacology/systems biology (QSP) model. To address this hypothesis, we constructed a QSP model of CKD-MBD, building on an open-source model of calcium and phosphorus metabolism. Specifically, we estimated and validated the model using data from 5,496 patients with CKD enrolled in the Chronic Renal Insufficiency Cohort study. Our model accurately predicted changes in markers of mineral metabolism related to progressing CKD. We demonstrated that the incorporation of fibroblast growth factor 23 and the soft tissue compartment is essential for accurate modeling of the changes in calcium, phosphorus, intact parathyroid hormone, and calcitriol in CKD-MBD. We conclude that our systems biology model accurately represents CKD-MBD disease progression and can be used as a test bench for improving therapeutic interventions.",Adam E. Gaweda; Devin E. McBride; Eleanor D. Lederer; Michael E. Brier,2021,2021,American Journal of Physiology-Renal Physiology,10.1152/ajprenal.00159.2020,,https://doi.org/10.1152/ajprenal.00159.2020,journal-article,['crossref'],"['""world model"" physiology']",registered,world-model phrase absent from title and abstract
AUD-e9882983c3eb,expanded_alternate_terms,Digital Twin for a Multifunctional Technology of Flexible Assembly on a Mechatronics Line with Integrated Robotic Systems and Mobile Visual Sensor-Challenges towards Industry 5.0.,"A digital twin for a multifunctional technology for flexible manufacturing on an assembly, disassembly, and repair mechatronics line (A/D/RML), assisted by a complex autonomous system (CAS), is presented in the paper. The hardware architecture consists of the A/D/RML and a six-workstation (WS) mechatronics line (ML) connected to a flexible cell (FC) and equipped with a six-degree of freedom (DOF) industrial robotic manipulator (IRM). The CAS has in its structure two driving wheels and one free wheel (2DW/1FW)-wheeled mobile robot (WMR) equipped with a 7-DOF robotic manipulator (RM). On the end effector of the RM, a mobile visual servoing system (eye-in-hand MVSS) is mounted. The multifunctionality is provided by the three actions, assembly, disassembly, and repair, while the flexibility is due to the assembly of different products. After disassembly or repair, CAS picks up the disassembled components and transports them to the appropriate storage depots for reuse. Disassembling or repairing starts after assembling, and the final assembled product fails the quality test. The virtual world that serves as the digital counterpart consists of tasks assignment, planning and synchronization of A/D/RML with integrated robotic systems, IRM, and CAS. Additionally, the virtual world includes hybrid modeling with synchronized hybrid Petri nets (SHPN), simulation of the SHPN models, modeling of the MVSS, and simulation of the trajectory-tracking sliding-mode control (TTSMC) of the CAS. The real world, as counterpart of the digital twin, consists of communication, synchronization, and control of A/D/RML and CAS. In addition, the real world includes control of the MVSS, the inverse kinematic control (IKC) of the RM and graphic user interface (GUI) for monitoring and real-time control of the whole system. The ""Digital twin"" approach has been designed to meet all the requirements and attributes of Industry 4.0 and beyond towards Industry 5.0, the target being a closer collaboration between the human operator and the production line.","Mincă E, Filipescu A, Cernega D, Șolea R, Filipescu A, Ionescu D, Simion G.",2022,2022-10-25,,10.3390/s22218153,,https://europepmc.org/article/MED/36365850,,['europe_pmc'],['europe_pmc_core'],indexed,world-model phrase absent from title and abstract
AUD-6c0866a27898,expanded_alternate_terms,Digital Twins for Predictive Modelling of Thrombosis and Stroke Risk: Current Approaches and Future Directions,"Thrombosis drives substantial global mortality across atrial fibrillation, venous thromboembolism, and atherosclerosis. However, clinical scores treat risk as a static variable and omit evolving comorbidities, functional biomarkers, anatomy, and treatment exposure, leading to misclassification and preventable events. This statement advances a unified scientific agenda for patient-specific digital twins that dynamically integrate multimodal longitudinal data with mechanistic insight to predict thrombogenesis risks. We position these digital twins as hybrid models anchored in physics and data-driven algorithms that can simulate disease progression and therapy. The goal of this approach is to refine stroke and bleeding estimation beyond current clinical rules. Continuous updating from imaging data, laboratory test results, wearables, and electronic health records supports dynamic risk trajectories and adaptive care pathways, facilitating continuous risk reassessment. This statement analyzes gaps in data quality, calibration, validation, and uncertainty quantification that presently limit the clinical translation of this technology. Research priorities are then proposed for multiscale thrombosis modelling, physics-informed learning, probabilistic forecasting, and regulatory-compliant data stewardship. Finally, we outline translation to in silico trials, regulatory alignment, and hospital workflows that link predictions to decisions. By articulating shared challenges across thrombosis-driven diseases and reframing risk as a time-varying measurable quantity, this statement lays a foundation for developing digital twin approaches that support a shift from population heuristics towards precise, timely thrombosis care. These advances are essential for translating digital twin technology from research to clinical practice, enabling dynamic risk prediction and personalized anticoagulation therapy.",Adelaide de Vecchi; Oscar Camara; R Cavarra; Juan Carlos del Alamo; Wahbi K. El‐Bouri; Albert Ferro; Henry Horng-Shing Lu; Paolo Melidoro; S Ogbomo-Harmitt; Iván Olier; Sandra Ortega‐Martorell; Rushad Patell; Christian Vergara; Vitaly Volpert; Gregory Y. H. Lip; Oleg Aslanidi,2026,2026-02-09,Thrombosis and Haemostasis,10.1055/a-2761-5903,,https://doi.org/10.1055/a-2761-5903,article,['openalex'],"['""world model"" EHR', '""world model"" clinical', '""world model"" echocardiography', '""world model"" patient', '""world model"" physiology', '""world model"" treatment']",open-access,world-model phrase absent from title and abstract
AUD-e0f9f05b48b1,expanded_alternate_terms,Dynamic Topological Friction: A Non-Equilibrium Information-Geometric Framework for Conscious Phase Transitions,"Integrated Information Theory (IIT), the Free Energy Principle (FEP), and the Integrated World Modeling Theory (IWMT) each formalize a distinct aspect of consciousness—causal integration, active inference, and precision-modulated temporal dynamics—yet they operate on incompatible mathematical substrates. We introduce Dynamic Topological Friction (DTF), an information-geometric framework that resolves this manifold inconsistency by constructing a causal statistical manifold on which all three theories can be expressed simultaneously. The causal Fisher metric—the unique invariant Riemannian metric on this manifold (Chentsov's theorem)—absorbs IIT's geometric integrated information as a quadratic form in the minimum-information-partition direction. A dissipation cost functional, anchored in Landauer's principle and calibrated against empirical neural energy budgets, provides thermodynamic grounding. These ingredients combine in a Grand Equation for consciousness intensity, Ω(t) = κ · π(t) · E[g v²], whose multiplicative structure requires both integrated causal architecture and active inferential dynamics. Analysis of the precision–prediction-error interplay yields four scaling regimes—pathological divergence (I), self-consistent steady state (II), near-critical enhancement (II*), and quasi-static equilibrium (III)—mapping onto clinical states from psychosis through normal waking and flow to deep sleep. Post-hoc validation against the COGITATE multi-site study (n=256, 7 labs) yields 9 of 13 evaluable predictions confirmed with zero contradictions. A proof-of-concept κ-invariance test using Chennu propofol–EEG data (N=20) yields CV(κ̂) = 0.146, with 16/20 subjects meeting the stability threshold and a permutation null model confirming non-triviality (p = 0.047). We specify four falsifiable predictions with pre-registered effect-size thresholds and outline an empirical programme combining MEG, pharmacological manipulation, and TMS-EEG.",Jacob Sheu,2026,2026-02-22,Zenodo (CERN European Organization for Nuclear Research),10.5281/zenodo.18731399,,https://doi.org/10.5281/zenodo.18731399,preprint,['openalex'],"['""world model"" clinical']",open-access,world-model phrase absent from title and abstract
AUD-db35d86b146c,expanded_alternate_terms,Epicardial adipose tissue in diabetic myocardial disorder: Role of echocardiography,"Epicardial adipose tissue (EAT) is an active form of visceral adipose tissue that can affect myocardial function due to shared circulation with the myocardium. Given its rapid metabolic activity, EAT is considered a potential therapeutic target for medications that modulate fat and is a potent marker of metabolic changes including those observed in diabetic cardiomyopathy. Recent investigations propose an association between EAT accumulation and chronic diseases such as type 2 diabetes mellitus (T2DM), atrial fibrillation, and heart failure with preserved ejection fraction. According to the method first described by Iacobellis et al , EAT thickness is identified as the echo-free space between the outer wall of the myocardium and the visceral layer of the pericardium, measured in the parasternal short- and long-axis views at end-systole using ultrasound. Ultrasound of EAT is a safe, cost-effective, and readily available tool for cardiometabolic risk assessment. This minireview investigates the current role of echocardiography in the assessment of EAT thickness in patients with T2DM, regardless of the presence of overt heart failure. We also discuss whether changes in EAT thickness may be used as a significant marker of disease progression and if delta EAT thickness could serve as a surrogate of effective therapy.",Ana Đuzel Čokljat; Petra Grubić Rotkvić; Damir Čokljat; Jerko Ferri Certić; Zdravko Babić,2025,2025,World Journal of Diabetes,10.4239/wjd.v16.i10.107640,,https://doi.org/10.4239/wjd.v16.i10.107640,journal-article,['crossref'],"['""world model"" echocardiography']",registered,world-model phrase absent from title and abstract
AUD-962f209328ed,expanded_alternate_terms,From genotypes to organisms: State-of-the-art and perspectives of a cornerstone in evolutionary dynamics,"Understanding how genotypes map onto phenotypes, fitness, and eventually organisms is arguably the next major missing piece in a fully predictive theory of evolution. We refer to this generally as the problem of the genotype-phenotype map. Though we are still far from achieving a complete picture of these relationships, our current understanding of simpler questions, such as the structure induced in the space of genotypes by sequences mapped to molecular structures, has revealed important facts that deeply affect the dynamical description of evolutionary processes. Empirical evidence supporting the fundamental relevance of features such as phenotypic bias is mounting as well, while the synthesis of conceptual and experimental progress leads to questioning current assumptions on the nature of evolutionary dynamics-cancer progression models or synthetic biology approaches being notable examples. This work delves with a critical and constructive attitude into our current knowledge of how genotypes map onto molecular phenotypes and organismal functions, and discusses theoretical and empirical avenues to broaden and improve this comprehension. As a final goal, this community should aim at deriving an updated picture of evolutionary processes soundly relying on the structural properties of genotype spaces, as revealed by modern techniques of molecular and functional analysis.",Susanna C. Manrubia; José A. Cuesta; Jacobo Aguirre; Sebastian E. Ahnert; Lee Altenberg; Alejandro V. Cano; Pablo Catalán; Ramón Díaz‐Uriarte; Santiago F. Elena; Juan Antonio García-Martín; Paulien Hogeweg; Bhavin S. Khatri; Joachim Krug; Ard A. Louis; Nora S. Martin; Joshua L. Payne; Matthew J. Tarnowski; Marcel Weiß,2021,2021-05-21,Physics of Life Reviews,10.1016/j.plrev.2021.03.004,,https://doi.org/10.1016/j.plrev.2021.03.004,article,['openalex'],"['""world model"" medicine', '""world model"" patient']",open-access,world-model phrase absent from title and abstract
AUD-d2218e49b937,expanded_alternate_terms,From Google Gemini to OpenAI Q* (Q-Star): A Survey of Reshaping the Generative Artificial Intelligence (AI) Research Landscape,"This comprehensive survey explored the evolving landscape of generative Artificial Intelligence (AI), with a specific focus on the transformative impacts of Mixture of Experts (MoE), multimodal learning, and the speculated advancements towards Artificial General Intelligence (AGI). It critically examined the current state and future trajectory of generative Artificial Intelligence (AI), exploring how innovations like Google's Gemini and the anticipated OpenAI Q* project are reshaping research priorities and applications across various domains, including an impact analysis on the generative AI research taxonomy. It assessed the computational challenges, scalability, and real-world implications of these technologies while highlighting their potential in driving significant progress in fields like healthcare, finance, and education. It also addressed the emerging academic challenges posed by the proliferation of both AI-themed and AI-generated preprints, examining their impact on the peer-review process and scholarly communication. The study highlighted the importance of incorporating ethical and human-centric methods in AI development, ensuring alignment with societal norms and welfare, and outlined a strategy for future AI research that focuses on a balanced and conscientious use of MoE, multimodality, and AGI in generative AI.",Timothy R. McIntosh; Teo Sušnjak; Tong Liu; Paul Watters; Malka N. Halgamuge,2023,2023-12-18,arXiv (Cornell University),10.48550/arxiv.2312.10868,2312.10868,http://arxiv.org/abs/2312.10868,preprint,['openalex'],"['""world model"" medicine', '""world model"" treatment']",open-access,world-model phrase absent from title and abstract
AUD-601e3252c4f9,expanded_alternate_terms,HTA190 Discrete Event Simulation Model for Real-World Restricted Treatment Policies in End-Stage Heart Failure,,S Saing; N van der Linden; CS Hayward; S Goodall,2022,2022,Value in Health,10.1016/j.jval.2022.09.1648,,https://doi.org/10.1016/j.jval.2022.09.1648,journal-article,['crossref'],"['""world model"" treatment']",registered,world-model phrase absent from title and abstract
AUD-7c0d189c2e44,expanded_alternate_terms,Human leukocyte antigen variants and clinical features of primary biliary cholangitis: Cumulative contributions,"This letter to the editor highlights the importance of considering potential cumulative contributions among human leukocyte antigen (HLA) alleles in shaping the clinical manifestations of primary biliary cholangitis. Complementing the overview by Curto et al , which focused on non-HLA candidate genes, this paper emphasizes that specific haplotypes of HLA-DRB1 , HLA-DQA1 , and HLA-DQB1 , as well as HLA-G*01:01:01:08/UTR-1, may modulate disease heterogeneity, predisposition to primary biliary cholangitis and autoimmune hepatitis overlap syndrome, disease progression, and poorer therapeutic response. A comprehensive understanding of these HLA polymorphisms and their interactive effects is essential for improving risk stratification and guiding personalized management of this complex autoimmune liver disease.",Abdellatif Bouayad,2026,2026,World Journal of Clinical Cases,10.12998/wjcc.v14.i5.115814,,https://doi.org/10.12998/wjcc.v14.i5.115814,journal-article,['crossref'],"['""clinical world model""', '""world model"" clinical']",registered,world-model phrase absent from title and abstract
AUD-a11162202ab9,expanded_alternate_terms,Immediate visual reproduction negatively correlates with brain entropy of parahippocampal gyrus and inferior occipital gyrus in bipolar II disorder adolescents.,"Background Brain entropy reveals complexity and irregularity of brain, and it has been proven to reflect brain complexity alteration in disease states. Previous studies found that bipolar disorder adolescents showed cognitive impairment. The relationship between complexity of brain neural activity and cognition of bipolar II disorder (BD-II) adolescents remains unclear. Methods Nineteen BD-II patients (14.63 ±1.57 years old) and seventeen age-gender matched healthy controls (HCs) (14.18 ± 1.51 years old) were enlisted. Entropy values of all voxels of the brain in resting-state functional MRI data were calculated and differences of them between BD-II and HC groups were evaluated. After that, correlation analyses were performed between entropy values of brain regions showing significant entropy differences and clinical indices in BD-II adolescents. Results Significant differences were found in scores of immediate visual reproduction subtest (VR-I, p = 0.003) and Stroop color-word test (SCWT-1, p = 0.015; SCWT-2, p = 0.004; SCWT-3, p = 0.003) between the two groups. Compared with HCs, BD-II adolescents showed significant increased brain entropy in right parahippocampal gyrus and right inferior occipital gyrus. Besides, significant negative correlations between brain entropy values of right parahippocampal gyrus, right inferior occipital gyrus and immediate visual reproduction subtest scores were observed in BD-II adolescents. Conclusions The findings of the present study suggested that the disrupted function of corticolimbic system is related with cognitive abnormality of BD-II adolescents. And from the perspective temporal dynamics of brain system, the current study, brain entropy may provide available evidences for understanding the underlying neural mechanism in BD-II adolescents.","Liu H, Gao W, Cao W, Meng Q, Xu L, Kuang L, Guo Y, Cui D, Qiu J, Jiao Q, Su L, Lu G.",2023,2023-07-18,,10.1186/s12888-023-05012-3,,https://europepmc.org/article/MED/37464363,,['europe_pmc'],['europe_pmc_core'],indexed,world-model phrase absent from title and abstract
AUD-7971e7a6b120,expanded_alternate_terms,Improving the Performance of Autonomous Driving through Deep Reinforcement Learning,"Reinforcement learning (RL) is revolutionizing the artificial intelligence (AI) domain and significantly aiding in building autonomous systems with a higher level comprehension of the world as we observe it. Deep learning (DL) facilitates RL to scale and resolve previously intractable problems, for instance, allowing supervision principles designed for robots to be acquired directly from visual data, developing video game proficiency from pixel-level information, etc. Recent research shows that RL algorithms help represent problems dealing with high-dimensional, unprocessed data input and can have successful applications in computer vision, pattern identification, natural language analysis, and speech parsing. This research paper focuses on training a simulation model of a car to navigate autonomously on a racetrack using RL. The study explores several fundamental algorithms in Deep RL, namely Proximal Policy Optimization (PPO), Deep Q-network (DQN), and Deep Deterministic Policy Gradient (DDPG). The paper documents a comparative analysis of these three prominent algorithms—based on their speed, accuracy, and overall performance. After a thorough evaluation, the research indicates that the DQN surpassed the other existing algorithms. This study further examined the performance of the DQN with and without ε-decay and observed that the DQN with ε-decay is better suited for our objective and is significantly more stable than its non ε-decay counterpart. The findings from this research could assist in improving the performance and stability of autonomous vehicles using the DQN with ε -decay. It concludes by discussing the fine-tuning of the model for future real-world applications and the potential research areas within the field of autonomous driving.",Akshaj Tammewar; Nikita Chaudhari; Bunny Saini; Divya Venkatesh; Ganpathiraju Dharahas; Deepali Vora; Shruti Patil; Ketan Kotecha; Sultan Alfarhood,2023,2023-09-15,Sustainability,10.3390/su151813799,,https://doi.org/10.3390/su151813799,article,['openalex'],"['""world model"" treatment']",open-access,world-model phrase absent from title and abstract
AUD-7b680c396592,expanded_alternate_terms,Individual hearts: computational models for improved management of cardiovascular disease,"Cardiovascular disease remains a leading cause of morbidity and mortality worldwide, with conventional management often applying standardised approaches that struggle to address individual variability in increasingly complex patient populations. Computational models, both knowledge-driven and data-driven, have the potential to reshape cardiovascular medicine by offering innovative tools that integrate patient-specific information with physiological understanding or statistical inference to generate insights beyond conventional diagnostics. This review traces how computational modelling has evolved from theoretical research tools into clinical decision support systems that enable personalised cardiovascular care. We examine this evolution across three key domains: enhancing diagnostic accuracy through improved measurement techniques, deepening mechanistic insights into cardiovascular pathophysiology and enabling precision medicine through patient-specific simulations. The review covers the complementary strengths of data-driven approaches, which identify patterns in large clinical datasets, and knowledge-driven models, which simulate cardiovascular processes based on established biophysical principles. Applications range from artificial intelligence-guided measurements and model-informed diagnostics to digital twins that enable in silico testing of therapeutic interventions in the digital replicas of individual hearts. This review outlines the main types of cardiovascular modelling, highlighting their strengths, limitations and complementary potential through current clinical and research applications. We also discuss future directions, emphasising the need for interdisciplinary collaboration, pragmatic model design and integration of hybrid approaches. While progress is promising, challenges remain in validation, regulatory approval and clinical workflow integration. With continued development and thoughtful implementation, computational models hold the potential to enable more informed decision-making and advance truly personalised cardiovascular care.",Nick van Osta; Tim van Loon; Joost Lumens,2025,2025-09-09,Heart,10.1136/heartjnl-2024-324177,,https://doi.org/10.1136/heartjnl-2024-324177,article,['openalex'],"['""world model"" clinical', '""world model"" echocardiography', '""world model"" medicine', '""world model"" patient', '""world model"" physiology']",open-access,world-model phrase absent from title and abstract
AUD-1591cd857d17,expanded_alternate_terms,Individualized Physiology-Based Digital Twin Model for Sports Performance Prediction : A Reinterpretation of the Margaria-Morton Model,"Abstract Performance in many racing sports depends on the ability of the athletes to produce and maintain the highest possible worki.e., the highest power for the duration of the race. To model this energy production in an individualized way, an adaptation anda reinterpretation (including a physiological meaning of parameters) of the three-component Margaria-Morton model wereperformed. The model is applied to the muscles involved in a given task. The introduction of physiological meanings waspossible thanks to the measurement of physiological characteristics for a given athlete. A method for creating a digital twin wastherefore proposed. The twins thus created were validated by comparison with field performance, experimental observations,and literature data. Simulations of record times and 3-minute all-out tests were consistent with experimental data. Consideringthe literature, the model provided good estimates of the time course of muscle metabolite concentrations (e.g., lactate andphosphocreatine). It also simulated the behavior of oxygen kinetics at exercise onset and during recovery. This methodologyhas a wide range of applications, including prediction and optimization of the performance of individually modeled athletes.",Alice Boillet; Laurent A. Messonnier; Caroline Cohen,2024,2024,Research Square Platform LLC,10.21203/rs.3.rs-3854200/v1,,https://doi.org/10.21203/rs.3.rs-3854200/v1,posted-content,['crossref'],"['""world model"" physiology']",registered,world-model phrase absent from title and abstract
AUD-6716482362c4,expanded_alternate_terms,"Integrating Artificial Intelligence into Mechatronics: A Comprehensive Study of Its Influence on System Performance, Autonomy, and Manufacturing Efficiency","The rapid evolution of Artificial Intelligence (AI) has significantly transformed the capabilities, performance, and autonomy of modern mechatronic systems. As industries transition toward intelligent and interconnected manufacturing environments, AI has emerged as a powerful enabler of real-time decision-making, adaptive control, predictive maintenance, and autonomous operation. This review provides a comprehensive analysis of AI integration within mechatronic systems, examining its influence on system performance, autonomy, and manufacturing efficiency. Key AI techniques including machine learning, deep learning, reinforcement learning, evolutionary optimization, and computer vision are evaluated in terms of their applications in control, sensing, diagnostics, and robotics. The paper also highlights advancements in AI-driven motion control, autonomous navigation, sensor fusion, and smart factory operations. Critical challenges such as data requirements, computational constraints, system interoperability, and safety concerns are discussed to identify research gaps. Finally, emerging trends and future directions, such as edge AI, digital twins, explainable AI, and fully autonomous mechatronic cells, are explored. This review consolidates current knowledge and provides insights to guide researchers and practitioners in developing next-generation intelligent mechatronic systems capable of supporting the demands of Industry 4.0 and beyond.",Ganiyat Salawu; Bright Glen,2026,2026-02-27,Technologies,10.3390/technologies14030143,,https://doi.org/10.3390/technologies14030143,article,['openalex'],"['""world model"" EHR']",open-access,world-model phrase absent from title and abstract
AUD-86d2d2060a4a,expanded_alternate_terms,KineBench: Benchmarking Embodied World Models via IDM-Free Kinematic Grounding,"Evaluating the physical consistency of embodied world models(EWMs) is a critical open challenge. While closed-loop evaluation via simulator rollouts offers a more faithful assessment of physical plausibility than open-loop alternatives, existing frameworks almost exclusively rely on Inverse Dynamics Models(IDMs) for action extraction. Due to the intricate mapping from 2D pixel space to 3D kinematic space, the learned IDMs can be brittle to data outside their training distribution, resulting in unreliable action extraction from the generated videos with novel objects and scenarios. This creates an unavoidable attribution ambiguity between world model inaccuracies and extractor errors. To reduce this ambiguity, we present KineBench, an IDM-free closed-loop benchmark for EWMs, built upon an explicit kinematic grounding pipeline. Given a generated video, KineBench employs cascaded visual foundation models to directly extract 6D end-effector poses from individual frames, which are then executed in a physics simulator for closed-loop validation. Beyond execution-based task success, KineBench incorporates two classical 3D kinematic metrics--Spectral Arc Length (SPARC) and the Maruyama Manipulability Index--to characterize trajectory smoothness and kinematic feasibility from a robot-centric perspective. Built on 20 diverse manipulation tasks in ManiSkill3, KineBench evaluates EWMs across four progressive suites: basic execution, task transfer, visual out-of-distribution generalization, and complexity-conditioned scaling. Evaluation across frontier models reveals task-complexity-bounded nonlinear scaling in embodied video generation, providing empirical guidance for future data-scaling strategies.",Zeyu Liu; Zhangzhe Zhu; Yang Zhang; Chenyou Fan; Chenjia Bai; Xuelong Li,2026,2026-07-22,arXiv (Cornell University),,2607.19876,https://arxiv.org/abs/2607.19876,preprint,['openalex'],"['""world model"" clinical']",open-access,medical-domain term absent from title and abstract
AUD-e10a37df841a,expanded_alternate_terms,Large-Scale Comparative Analysis of Canine and Human Osteosarcomas Uncovers Conserved Clinically Relevant Tumor Microenvironment Subtypes.,"Purpose Osteosarcoma is an aggressive bone cancer lacking robust biomarkers for personalized treatment. Despite its scarcity in humans, it is relatively common in adult pet dogs. This study aimed to analyze clinically annotated bulk tumor transcriptomic datasets of canine and patients with human osteosarcoma to identify potentially conserved patterns of disease progression. Experimental design Bulk transcriptomic data from 245 pet dogs with treatment-naïve appendicular osteosarcoma were analyzed using deconvolution to characterize the tumor microenvironment (TME). The TME of both primary and metastatic tumors derived from the same dog was compared, and its impact on canine survival was assessed. A machine learning model was developed to classify the TME based on its inferred composition using canine tumor data. This model was applied to eight independent human osteosarcoma datasets to assess its generalizability and prognostic value. Results This study found three distinct TME subtypes of canine osteosarcoma based on cell type composition of bulk tumor samples: immune enriched, immune enriched dense extracellular matrix-like, and immune desert. These three TME-based subtypes of canine osteosarcomas were conserved in humans and could predict progression-free survival outcomes of human patients, independent of conventional prognostic factors such as percent tumor necrosis post standard of care chemotherapy treatment and disease stage at diagnosis. Conclusions These findings demonstrate the potential of leveraging data from naturally occurring cancers in canines to model the complexity of the human osteosarcoma TME, offering a promising avenue for the discovery of novel biomarkers and developing more effective precision oncology treatments.","Patkar S, Mannheimer J, Harmon SA, Ramirez CJ, Mazcko CN, Choyke PL, Brown GT, Turkbey B, LeBlanc AK, Beck JA.",2024,2024-12-01,,10.1158/1078-0432.ccr-24-1854,,https://europepmc.org/article/MED/39412757,,['europe_pmc'],['europe_pmc_core'],indexed,world-model phrase absent from title and abstract
AUD-8e4abe6a61da,expanded_alternate_terms,Latent Prediction-Based Generative Semantic Communication for Video Transmission in Wireless Networks,"The increasing dominance of video traffic in intelligent sensing and control applications introduces a major challenge to the capacity limits of modern wireless networks. Classical information theory defines fixed physical boundaries on channel capacity, beyond which further improvement requires rethinking what information is transmitted. Semantic communication (SemCom) bridges this by only sending the semantics of the intended message. This paper presents a SemCom framework that leverages latent-space procedural video prediction with world-model-guided temporal dynamics. Instead of transmitting pixel data, the transmitter encodes high-level semantic representations of context frames and sends them through the physical channel. A temporal transformer predicts future latent states at the receiver. The framework jointly optimizes perceptual, adversarial, and temporal objectives to preserve both visual quality and trajectory consistency under channel impairments. Experiments conducted on video sequences of the BAIR robot pushing dataset demonstrate that the proposed method achieves lower normalized endpoint and velocity errors compared to learned baseline real-time intermediate flow estimation (RIFE) + better portable graphics (BPG) with reduced bit-rate compared to traditional codecs. The results indicate that incorporating temporal dynamics as semantics into the communication process enables efficient and anticipatory video transmission suitable for applications such as tele-robotic, underwater, and autonomous systems.",Maheshi Lokumarambage; Thushan Sivalingam; Feng Dong; Nandana Rajatheva; Anil Fernando,2026,2026-01-01,IEEE Open Journal of the Communications Society,10.1109/ojcoms.2026.3684230,,https://doi.org/10.1109/ojcoms.2026.3684230,article,['openalex'],"['""world model"" clinical']",open-access,medical-domain term absent from title and abstract
AUD-7b1f166eaae1,expanded_alternate_terms,Low salivary uric acid levels and periodontitis: New insights and implications for clinical practice,"In this letter, we delve into the groundbreaking research by Lorente et al , which sheds light on the intricate relationship between low salivary uric acid levels and periodontitis. The study not only confirms previous observations of reduced salivary uric acid concentrations in periodontitis patients but also establishes, for the first time, an independent association between these two factors, even when controlling for traditional risk factors such as age, smoking status, and arterial hypertension. Moreover, the findings reveal a significant negative correlation between salivary uric acid levels and the severity of periodontitis, suggesting that this biomarker may serve as a valuable indicator of disease progression. These discoveries open new avenues for understanding the pathophysiology of periodontitis and pave the way for innovative diagnostic and therapeutic strategies. The potential clinical applications of salivary uric acid measurement, such as guiding personalized treatment plans and monitoring disease activity, warrant further exploration to enhance patient care and improve outcomes in this prevalent inflammatory condition.",Zhuo-Qun Hu; Yong Wang,2025,2025,World Journal of Clinical Cases,10.12998/wjcc.v13.i29.108411,,https://doi.org/10.12998/wjcc.v13.i29.108411,journal-article,['crossref'],"['""clinical world model""', '""world model"" clinical']",registered,world-model phrase absent from title and abstract
AUD-734a4064c920,expanded_alternate_terms,LSWM: A Long-Short History World Model for Bipedal Locomotion via Reinforcement Learning.,"The presence of sensor noise, missing states and inadequate future prediction capabilities imposes significant limitations on the locomotion performance of bipedal robots operating in unstructured terrain. Conventional methods generally depend on long-term history observations to reconstruct single-frame privileged information. However, these methods fail to acknowledge the pivotal function of short-term history in rapid state responses and the significance of future state prediction in anticipating potential risks. The proposed framework is a Long-Short World Model (LSWM), which integrates state reconstruction and future state prediction to enhance the locomotion capabilities of bipedal robots in complex environments. The LSWM framework comprises two modules: a state reconstruction module (SRM) and a future state prediction module (SPM). The state reconstruction module employs long-term history observations to reconstruct privileged information in the current short-term history, thereby effectively improving the system's robustness to sensor noise and enhancing state observability. The future state prediction module enhances the robot's adaptability to complex environments and unpredictable scenarios by predicting the robot's future short-term privileged information. We conducted extensive comparative experiments in simulation as well as in a variety of real-world indoor and outdoor environments. In the indoor stair-climbing task, LSWM achieved a 94% success rate, outperforming the current state-of-the-art baseline methods by at least 34%, thereby demonstrating its substantial performance advantages in complex and dynamic environments.","Xue J, Liang Z, Mou H, Li Q, Zhang J.",2026,2026-01-05,,10.3390/biomimetics11010040,,https://europepmc.org/article/MED/41589957,,['europe_pmc'],['europe_pmc_core'],indexed,medical-domain term absent from title and abstract
AUD-d39c6645bf1f,expanded_alternate_terms,Machine learning approach to dynamic risk modeling of mortality in COVID-19: a UK Biobank study.,"The COVID-19 pandemic has created an urgent need for robust, scalable monitoring tools supporting stratification of high-risk patients. This research aims to develop and validate prediction models, using the UK Biobank, to estimate COVID-19 mortality risk in confirmed cases. From the 11,245 participants testing positive for COVID-19, we develop a data-driven random forest classification model with excellent performance (AUC: 0.91), using baseline characteristics, pre-existing conditions, symptoms, and vital signs, such that the score could dynamically assess mortality risk with disease deterioration. We also identify several significant novel predictors of COVID-19 mortality with equivalent or greater predictive value than established high-risk comorbidities, such as detailed anthropometrics and prior acute kidney failure, urinary tract infection, and pneumonias. The model design and feature selection enables utility in outpatient settings. Possible applications include supporting individual-level risk profiling and monitoring disease progression across patients with COVID-19 at-scale, especially in hospital-at-home settings.","Dabbah MA, Reed AB, Booth ATC, Yassaee A, Despotovic A, Klasmer B, Binning E, Aral M, Plans D, Morelli D, Labrique AB, Mohan D.",2021,2021-08-19,,10.1038/s41598-021-95136-x,,https://europepmc.org/article/MED/34413324,,['europe_pmc'],['europe_pmc_core'],indexed,world-model phrase absent from title and abstract
AUD-10923e125048,expanded_alternate_terms,Machine Learning for Parkinson’s Disease Progression Prediction Using Gait Data and Neuroimaging Features,"Parkinson’s Disease (PD) is a progressive neurodegenerative disorder characterized by motor dysfunction and cognitive decline, necessitating robust predictive models for early diagnosis and disease monitoring. In recent years, the integration of machine learning (ML) techniques into clinical neurology has demonstrated promising potential for enhancing the prediction of disease progression. This study explores a multimodal machine learning framework that leverages gait dynamics and neuroimaging features to forecast the progression trajectory of Parkinson’s Disease. Gait data, extracted through wearable inertial sensors and pressure-sensitive walkways, provide real-time motor function assessments, while structural and functional magnetic resonance imaging (MRI/fMRI) deliver rich neuroanatomical and connectivity markers correlated with disease severity. The proposed model employs feature selection strategies such as recursive feature elimination and principal component analysis to reduce dimensionality and enhance model interpretability. Multiple supervised learning algorithms—including support vector machines (SVM), random forest (RF), and deep neural networks (DNN)—are trained and evaluated on a clinically validated dataset comprising longitudinal gait and imaging data. Performance metrics including accuracy, area under the receiver operating characteristic curve (AUC-ROC), and mean absolute error (MAE) are employed to compare model effectiveness across different stages of PD, as defined by the Hoehn and Yahr scale and Unified Parkinson's Disease Rating Scale (UPDRS). Findings suggest that multimodal models outperform unimodal counterparts, with the combination of gait variability indices and cortical thinning patterns showing the strongest predictive capability. The study underscores the value of integrating heterogeneous data sources in machine learning pipelines for clinical prognosis. Furthermore, this research contributes to the development of precision medicine approaches, enabling personalized therapeutic interventions and optimized disease management strategies for Parkinson’s patients.",Owen Graham; Alex Holmes,2025,2025-06-17,Preprints.org,10.20944/preprints202506.1414.v1,,https://doi.org/10.20944/preprints202506.1414.v1,preprint,['openalex'],"['""world model"" EHR', '""world model"" clinical', '""world model"" medicine', '""world model"" patient']",open-access,world-model phrase absent from title and abstract
AUD-97b2cd15a0ed,expanded_alternate_terms,Medication adherence and persistence of psoriatic arthritis patients treated with biological therapy in a specialty pharmacy in Brazil: a prospective observational study,"BACKGROUND: Pharmaceutical services in Brazil provide access, supply, and rational use of drugs for all population and an effort has been made to improve the quality of these services. Biological drugs are high-cost drugs supplied in Brazil that can inhibit disease progression and improve the quality of life of psoriatic arthritis (PsA) patients. However, some patients did not achieve therapeutic goals. OBJECTIVE: To evaluate the medication adherence and persistence of PsA patients treated with tumor necrosis factor inhibitors (anti-TNF) drugs and their associated factors. METHODS: A prospective observational study was performed at a single-specialty pharmacy in Belo Horizonte, Brazil. Medication adherence, persistence, and clinical outcomes were evaluated at 12 months of follow-up. Medication persistence was historically compared to overall PsA patients treated in Brazil. Associated factors were identified through log-binomial regression. RESULTS: One hundred ninety-seven PsA patients were included in the study, of whom 147 (74.6%) and 142 (72.1%) had medication adherence and persistence, respectively. Patients treated with infliximab presented the highest adherence (90.5%) and persistence rate (95.2%) in comparison to patients treated with other drugs, except for adalimumab versus infliximab for adherence outcome. All clinical measures significantly improved in patients with medication adherence and persistence. Medication persistence was higher for patients attended by specialty pharmacy than other PsA patients in Brazil. The associated factors to higher medication adherence were lower disease activity by BASDAI, being non-white race, and intravenous drug use. The associated factors to higher medication persistence were lower disease activity by Bath Ankylosing Spondylitis Activity Index (BASDAI), intravenous drug use, non-use of corticoids and non-steroidal anti-inflammatory drugs, and comorbidity. CONCLUSIONS: Patients with medication adherence and persistence had significant improvements in clinical measures, functionality, and quality of life. High medication adherence and persistence to biological therapy were observed and associated with lesser disease activity at baseline. Also, medication persistence to PsA patients attended in specialty pharmacy was higher than the overall PsA population in Brazil, which indicates the importance of pharmaceutical services to provide health care and promote the effectiveness and safety of biological therapies.",Ana Flávia Rodrigues de Souza; Michael Ruberson Ribeiro da Silva; Jéssica Barreto Ribeiro dos Santos; Alessandra Maciel Almeida; Francisco de Assis Acúrcio; Juliana Álvares-Teodoro,2021,2021-05-28,Pharmacy Practice,10.18549/pharmpract.2021.2.2312,,https://doi.org/10.18549/pharmpract.2021.2.2312,article,['openalex'],"['""world model"" clinical', '""world model"" medicine', '""world model"" patient', '""world model"" treatment']",open-access,world-model phrase absent from title and abstract
AUD-17a4bbe85559,expanded_alternate_terms,Mining the gaps: Deciphering Alzheimer's biology through AI-driven reconciliation.,"Alzheimer's disease remains one of the most complex and contested domains in biomedicine, characterized by fragmented findings, competing hypotheses, and limited translational success. We propose that AI can offer not just technical acceleration but a deeper epistemic contribution: reconciliation. Rather than optimizing predictive performance or replicating existing assumptions, the goal is to align disparate data, methods, and mechanistic insights into coherent models that explain how the disease emerges, progresses, and can be treated. This approach centers on digital twins, not as monolithic models, but as flexible, testable architectures grounded in homeostasis, destabilization, and multiscale coherence. Through an iterative, interoperable AI architecture, digital twins integrate evidence, resolve contradictions, and highlight where critical gaps remain. This framework moves beyond incremental progress within the prevailing model to catalyzing a paradigm shift in how Alzheimer's is understood. Reconciliation, in this sense, is not a method but a guiding principle for transforming both the science and its applications.","Funk CC, Paterson T, Bangs A, Cannon DM, Savage G, Ringger E, Hood L.",2025,2025-12-01,,10.1016/j.tjpad.2025.100402,,https://europepmc.org/article/MED/41326299,,['europe_pmc'],['europe_pmc_core'],indexed,world-model phrase absent from title and abstract
AUD-b3a12cf8d2f0,expanded_alternate_terms,Modular Framework for Responsive and Explainable Robotic Assistance with Intention Prediction Using Human-Centric Digital Twins.,"Proactive robotic assistance in human-robot collaboration (HRC) requires systems that can perceive evolving task contexts, anticipate user needs, and intervene appropriately without disrupting human workflow. We present the Agentic Unified Robotic Assistance (AURA) Framework, which couples Large Language Model (LLM) reasoning grounded by Standard Operating Procedures (SOPs) with a modular layer of specialized Intent, Motion, Perception, Sound, Affordance, and Performance Monitors that supply structured context to a central decision-making module, making the framework reconfigurable and auditable without retraining or re-prompting. We introduce a human-in-the-loop teleoperation data collection methodology and an offline evaluation scheme with an Appropriateness Score (A-Score) tailored to proactive intervention timing, and release a benchmark dataset of annotated multimodal HRC episodes containing workspace and robot wrist camera videos, robot joint states, and labeled intervention events. Across three tasks of varying complexity, we observe progressive gains in intent prediction and decision-making as the modules are supplied with richer grounded context (prior-state memory and tracked object locations), with Combined F1 rising by over 20 points between context-poor and context-rich conditions. The structured grounding allows lightweight multimodal backbones such as Gemini 3.1 Flash Lite to perform on par with heavier reasoning-tier models at roughly one-fifth the inference latency. Together, these contributions establish a scalable framework, benchmark, and evaluation methodology for advancing proactive robotic assistance in collaborative environments.","Asad U, Khalid A, Lughmani WA, Rasheed S, Khan MM.",2026,2026-06-15,,10.3390/s26123810,,https://europepmc.org/article/MED/42356783,,['europe_pmc'],['europe_pmc_core'],indexed,world-model phrase absent from title and abstract
AUD-7f7efa223cac,expanded_alternate_terms,Multimodal Ontology: Semantic Substrate for Human Digital Twins in AI-Driven Metaverse Telerehabilitation and Immersive Medical Education,"The convergence of the metaverse with AI and digital twin technologies is reshaping healthcare delivery and medical education, yet Human Digital Twins (HDTs) – continuously updated virtual patient models – often lack a unifying semantic substrate capable of integrating heterogeneous multimodal evidence (sensor streams, clinical text, imaging, and interaction traces) into actionable meaning for perception, reasoning, and decision support. This viewpoint positions multimodal ontology as that substrate and as a prerequisite for robust AI-driven metaverse workflows in telerehabilitation and immersive medical education. Multimodal ontology is defined at a high level of abstraction and specified via a minimal formalization capturing its essential elements: domain concepts and relations, modality sets, semantic grounding operators that map raw observations to ontological entities, and state-update functions that maintain a temporally evolving HDT knowledge state. Building on recent HDT-enabled telerehabilitation work, the ontology layer is shown to operationalize core metaverse AI functions – environmental perception, semantic understanding, behavioral planning, and human–machine collaboration through interoperable representations, rule- and graph-based inference, and explainable agent behavior across clinician, patient, and intern interfaces. A testable research agenda is outlined for ontology-backed HDTs, emphasizing integration with large-scale multimodal models, validation in simulation and real-world deployments, and evaluation using semantic consistency, reasoning fidelity, user trust, and patient or intern outcomes. The specific contribution is not a new classifier, simulator, or network-optimization mechanism; rather, it is a formal semantic substrate that couples multimodal grounding, confidence-weighted fusion, uncertainty-aware HDT state evolution, and ontology-constrained interaction with large-scale foundation models.",Oleksandr Palagin; Serhii Matvieishyn; Oleksii Bahatskyi; Dmytro Vakulenko; Kyrylo Malakhov,2026,2026-07-15,Metaverse,10.54517/m8553,,https://doi.org/10.54517/m8553,article,['openalex'],"['""world model"" EHR']",open-access,world-model phrase absent from title and abstract
AUD-c19a93a3130a,expanded_alternate_terms,Natural disease progression and novel survival prediction model for hepatocellular carcinoma with spinal metastases: a 10-year single-center study,"Abstract Background Individual prediction of life expectancy in patients with spinal metastases from hepatocellular carcinoma (HCC) is key for optimal treatment selection, especially when identifying potential candidates for surgery. Most reported prognostic tools provide categorical predictions, and only a few include HCC-related factors. This study aimed to investigate the natural progression of the disease and develop a prognostic tool that is capable of providing individualized predictions. Methods Patients with HCC-derived metastatic spinal disease were identified from a retrospective cohort of patients with spinal metastases who were diagnosed at Chiang Mai University Hospital between 2006 and 2015. Kaplain–Meier methods and log-rank tests were used to statistically evaluate potential factors. Significant predictors from the univariable analysis were included in the flexible parametric survival regression for the development of a prognostic prediction model. Results Of the 1143 patients diagnosed with HCC, 69 (6%) had spinal metastases. The median survival time of patients with HCC after spinal metastases was 79 days. In the multivariable analysis, a total of 11 potential clinical predictors were included. After backward elimination, four final predictors remained: patients aged > 60 years, Karnofsky Performance Status, total bilirubin level, and multifocality of HCC. The model showed an acceptable discrimination at C-statistics 0.73 (95% confidence interval 0.68–0.79) and fair calibration. Conclusion Four clinical parameters were used in the development of the individual survival prediction model for patients with HCC-derived spinal metastases of Chiang Mai University or HCC-SM CMU model. Prospective external validation studies in a larger population are required prior to the clinical implication of the model.",Phichayut Phinyo; Chonmavadh Boonyanaruthee; Permsak Paholpak; Dumneoensun Pruksakorn; Areerak Phanphaisarn; Apiruk Sangsin,2020,2020,World Journal of Surgical Oncology,10.1186/s12957-020-01913-9,,https://doi.org/10.1186/s12957-020-01913-9,journal-article,['crossref'],"['""surgical world model""']",registered,world-model phrase absent from title and abstract
AUD-287f54e4d6a0,expanded_alternate_terms,"Novel Simulation Model with Pulsatile Flow System for Microvascular Training, Research, and Improving Patient Surgical Outcomes",,Federico Carlos Gallardo; Jorge Luis Bustamante; Clara Martin; Cristian Marcelo Orellana; Mauricio Rojas Caviglia; Guillermo Garcia Oriola; Agustin Ignacio Diaz; Pablo Augusto Rubino; Vicent Quilis Quesada,2020,2020,World Neurosurgery,10.1016/j.wneu.2020.07.116,,https://doi.org/10.1016/j.wneu.2020.07.116,journal-article,['crossref'],"['""patient world model""', '""surgical world model""', '""world model"" patient']",registered,world-model phrase absent from title and abstract
AUD-cfea5920d713,expanded_alternate_terms,On-treatment risk model for predicting treatment response in advanced renal cell carcinoma,"Abstract Purpose The field of immunotherapy combinations for advanced renal cell carcinoma (aRCC) has been expanded in recent years. However, the treatment response varies widely among individual patients. It is still a challenge to predict oncological outcome in clinical practice. We assessed the impact of an activated immune system reflected by changes in C-reactive protein (CRP) levels and the early onset of treatment-related adverse events (TRAEs) on the treatment response. Methods In this retrospective analysis of 57 aRCC patients, CRP kinetics based on previous descriptions of CRP flare-response, CRP response or CRP non-response, and the TRAEs, which occurred within a month after therapy initiation, were obtained for this study. According to logistic regression analysis of both factors, we stratified the patients into risk groups: the presence of CRP flare-response/response and early onset of TRAE (low-risk group); the presence of a single factor (intermediate-risk group); and without both factors (high-risk group). Results Ten patients (17%) experienced primary disease progression. No progressive disease was observed in the low-risk group, while 60% ( n = 6/10) of the high-risk group showed a primary disease progression. Significantly, an increased risk of disease progression was observed by patients without CRP response and TRAEs ( p Conclusion The present analysis displays the predictive value of the on-treatment risk model based on CRP kinetics and the early onset of TRAEs, which can be easy to implement in clinical practice to optimize the treatment monitoring.",Melis Guer; Andreas Janitzky; Martin Schostak,2023,2023,World Journal of Urology,10.1007/s00345-023-04545-2,,https://doi.org/10.1007/s00345-023-04545-2,journal-article,['crossref'],"['""world model"" treatment']",registered,world-model phrase absent from title and abstract
AUD-d5aa0fec108f,expanded_alternate_terms,P535 Optimising vedolizumab in treatment sequences for Crohn’s disease: Results from a simulation model using real-world evidence,"Abstract Background With the availability of biologic therapies for treating Crohn’s disease (CD) there are limited data to inform optimal treatment decisions. Vedolizumab (VDZ), an anti-integrin antibody that selectively targets lymphocyte migration to the gut, was approved in 2014 for the treatment of moderate-to-severe CD. We developed a model based on real-world evidence (RWE) to examine the effect of different positioning for VDZ in CD treatment sequences on clinical outcomes. Methods A Markov sequential model was developed to identify the optimal position of VDZ within a sequence of CD therapies that included corticosteroids (CS), 2 biologics and best supportive care. Three sequences were compared: VDZ as first biologic (first position), second and last biologic among anti-TNFs and ustekinumab as alternate biologic treatments. To test the behaviour of the model, VDZ was also positioned before CS (Position 0, off label). Model inputs were informed using published RWE. At each position in the treatment sequence, patients achieving clinical response or remission during induction continued on maintenance; patients on maintenance could lose clinical response or remission; patients who did not achieve response during induction or lost response during maintenance (including after dose escalation) moved to the next position of the sequence after a treatment-free interval. Surgery, development of intestinal malignancy/lymphoma, and discontinuation of treatment due to serious adverse events or death could occur at each sequence position. VDZ sequences were compared and ranked based on quality-adjusted life years (QALYs), patient-reported outcomes (PRO2/3) derived from CDAI scores, or proportion of patients undergoing surgery by the end of the 10-year time horizon for model simulation. Probabilistic sensitivity analysis (PSA) evaluated the impact of model inputs uncertainty on the outcomes. Results For QALYs, PRO2/3, and rates of surgery, VDZ early in the treatment sequence was the optimal positioning strategy (Table). Using QALYs as the ranking criterion, VDZ before CS was the optimal sequence yielding 5.19 QALYs and incremental QALYs of 0.7, 0.20, and 0.20 versus the second-, third- and fourth-line strategy, respectively. The ranking of VDZ in treatment sequences was preserved when PRO2/3 or surgery were used as ranking criteria. In 1,780/2,000 PSA iterations (89%), VDZ before CS or as first biologic yielded the highest QALYs vs. other sequence positions. Conclusion The results of this simulation model using real-world evidence clearly indicate that positioning VDZ earlier in the treatment sequence may yield better patient outcomes in terms of QALYs, PROs and rates of surgery.",E Louis; A Nikolaou; M Litkiewicz; C Agboton; S Wang; A Armuzzi,2021,2021,Journal of Crohn's and Colitis,10.1093/ecco-jcc/jjab076.656,,https://doi.org/10.1093/ecco-jcc/jjab076.656,journal-article,['crossref'],"['""world model"" treatment']",registered,world-model phrase absent from title and abstract
AUD-47f28c79cf7b,expanded_alternate_terms,Primary health care capacity assessment in Qatar: the primary health care progression model as an assessment method,"Background: The Primary Health Care Performance Initiative (PHCPI) was developed as a measurement of Primary Health Care (PHC) to evaluate the PHC systems, improve services, and maximize health outcomes. With the limitation of data sources and metrics of PHC capacity, PHCPI designed the PHC Progression Model, as a rubric-based mixed-methods assessment tool for capacity measurement through a participatory process. This paper uses the PHC progression model to assess the system capacity of primary health care in Qatar. Methods: The PHC Progression Model consists of a set of 33 quantitative and qualitative measures, each of which is assessed using a rubric that classifies the level of performance into 4 levels, ranging from Level 1 (low capacity) to Level 4 (high capacity). The assessment measured both quantitative and qualitative information. Results: The assessment showed that PHC in Qatar has a strong capacity with an overall score of the key measures of capacity governance (3.6), inputs (4.0), and population health management (4.0). Conclusion: The main strength of the system was in the key inputs such as facility, workforce, fund, information system, and drugs and supply. Also, the assessment showed strong population health and facility management including standardized team organization, measuring performance, community engagement, and use of the information system data. Keywords: Primary health care, progression model, health system evaluation, health care capacity, Qatar",Mohamed Ghaith Al-Kuwari; Jazeel Abdulmajeed; Mujeeb C Kandy; Hamad Al-Mudahka; Samya Al-Abdulla; Hanan Al-Mujalli; Alexandra Tarazi; Mariam Ali Abdulmalik,2023,2023,World Family Medicine Journal /Middle East Journal of Family Medicine,10.5742/mewfm.2023.95256130,,https://doi.org/10.5742/mewfm.2023.95256130,journal-article,['crossref'],"['""world model"" medicine']",registered,world-model phrase absent from title and abstract
AUD-760388792f90,expanded_alternate_terms,Projected clinical and economic benefits of improved patent foramen ovale testing among cryptogenic stroke patients in the United States,"BACKGROUND: Accurate determination of stroke etiology is essential for effective secondary stroke prevention, yet 25% to 40% of ischemic strokes are classified as cryptogenic. Patent foramen ovale (PFO), a common finding in cryptogenic stroke, elevates the risk of strokes. However, underuse of diagnostic practices may lead to underdiagnosis of PFO, missing opportunities for guideline-recommended PFO closures and preventable recurrent strokes. This study estimates the value of improving testing for PFO among patients with cryptogenic stroke in the US. METHODS: A cost-effectiveness analysis was conducted, employing a hybrid model including a decision tree and a Markov model to assess health outcomes and economic impacts from a US payor perspective over a life-time horizon. The model compared two PFO testing scenarios: the Current Diagnostic Scenario (54% testing) and Optimal PFO Diagnostics (100% testing). The decision tree evaluated diagnostic pathways for PFO (TTE, TEE, TCD), while the Markov model simulated patient progression through various health states (recurrent ischemic stroke, TIA, and death). Cost-effectiveness was determined using the incremental cost-effectiveness ratio (ICER) with a willingness-to-pay threshold of $75,000 per Quality-Adjusted Life Year (QALY). RESULTS: In a simulated cohort of 1,000 patients, increasing the diagnostic testing rate for PFO from 54% to 100% is expected to prevent 63 recurrent strokes, resulting in 23 life years saved and 286 QALYs gained. This led to cost-savings of $1.9 million for payors, indicating a dominant economic position (ICER = -$6,770/QALY). The model estimated screening four patients would lead to identifying and closing one PFO, while screening seven would prevent one recurrent stroke. Thorough sensitivity analyses confirmed the robustness of these findings. CONCLUSIONS: Improving PFO diagnostic testing among patients with cryptogenic stroke is projected to result in improved health outcomes for patients, while yielding cost-savings, underscoring the importance of adhering to PFO diagnostic guidelines.",John Volpi; Scott E. Kasner; Tjeerd Looman; Giorgia Tiozzo; Timon Louwsma; Ryan J. Imhoff; Erik J. Landaas,2025,2025-07-16,Journal of Medical Economics,10.1080/13696998.2025.2535236,,https://doi.org/10.1080/13696998.2025.2535236,article,['openalex'],"['""world model"" clinical', '""world model"" echocardiography', '""world model"" patient']",open-access,world-model phrase absent from title and abstract
AUD-5950024abe49,expanded_alternate_terms,ProTerrain: Probabilistic Physics-Informed Rough Terrain World Modeling,"Uncertainty-aware robot motion prediction is crucial for downstream traversability estimation and safe autonomous navigation in unstructured, off-road environments, where terrain is heterogeneous and perceptual uncertainty is high. Most existing methods assume deterministic or spatially independent terrain uncertainties, ignoring the inherent local correlations of 3D spatial data and often producing unreliable predictions. In this work, we introduce an efficient probabilistic framework that explicitly models spatially correlated aleatoric uncertainty over terrain parameters as a probabilistic world model and propagates this uncertainty through a differentiable physics engine for probabilistic trajectory forecasting. By leveraging structured convolutional operators, our approach provides high-resolution multivariate predictions at manageable computational cost. Experimental evaluation on a publicly available dataset shows significantly improved uncertainty estimation and trajectory prediction accuracy over aleatoric uncertainty estimation baselines.",Golnaz Raja; Ruslan Agishev; Miloš Prágr; Joni Pajarinen; Karel Zimmermann; Arun Kumar Singh; Reza Ghabcheloo,2025,2025-10-22,arXiv (Cornell University),10.48550/arxiv.2510.19364,2510.19364,http://arxiv.org/abs/2510.19364,preprint,['openalex'],"['""world model"" treatment']",open-access,medical-domain term absent from title and abstract
AUD-a956f62c779d,expanded_alternate_terms,Pumping the brakes on RNA velocity by understanding and interpreting RNA velocity estimates.,"Background RNA velocity analysis of single cells offers the potential to predict temporal dynamics from gene expression. In many systems, RNA velocity has been observed to produce a vector field that qualitatively reflects known features of the system. However, the limitations of RNA velocity estimates are still not well understood. Results We analyze the impact of different steps in the RNA velocity workflow on direction and speed. We consider both high-dimensional velocity estimates and low-dimensional velocity vector fields mapped onto an embedding. We conclude the transition probability method for mapping velocity estimates onto an embedding is effectively interpolating in the embedding space. Our findings reveal a significant dependence of the RNA velocity workflow on smoothing via the k-nearest-neighbors (k-NN) graph of the observed data. This reliance results in considerable estimation errors for both direction and speed in both high- and low-dimensional settings when the k-NN graph fails to accurately represent the true data structure; this is an unknown feature of real data. RNA velocity performs poorly at estimating speed in both low- and high-dimensional spaces, except in very low noise settings. We introduce a novel quality measure that can identify when RNA velocity should not be used. Conclusions Our findings emphasize the importance of choices in the RNA velocity workflow and highlight critical limitations of data analysis. We advise against over-interpreting expression dynamics using RNA velocity, particularly in terms of speed. Finally, we emphasize that the use of RNA velocity in assessing the correctness of a low-dimensional embedding is circular.","Zheng SC, Stein-O'Brien G, Boukas L, Goff LA, Hansen KD.",2023,2023-10-26,,10.1186/s13059-023-03065-x,,https://europepmc.org/article/MED/37885016,,['europe_pmc'],['europe_pmc_core'],indexed,world-model phrase absent from title and abstract
AUD-34c57e938c37,expanded_alternate_terms,Quantum–AI Digital Twins for Healthy Longevity in Climate-Vulnerable Cities,"Abstract This book develops a unified research architecture for quantum–AI digital twins designed to support healthy longevity in climate-vulnerable cities. The framework connects climate and urban sensing, remote observation, multimodal biosignals, clinical inference, longitudinal aging models, causal policy evaluation and scalable data engineering within a continuously updated representation of environmental exposure, physiological resilience and preventive capacity. Statistical modelling is used to reconstruct spatiotemporal hazards and aging trajectories, while causal methods distinguish predictive association from intervention-relevant effects. Quantum-enhanced, graph and topological learning are positioned as targeted tools for high-dimensional representation and optimization, benchmarked against classical alternatives and governed through calibration, uncertainty communication, drift surveillance and human oversight. The book further specifies reproducible edge–cloud pipelines, digital-twin orchestration, model registries, privacy controls and policy-as-code mechanisms. Health equity is embedded throughout by evaluating unequal climate burden, frailty, housing and mobility conditions, data coverage and access to prevention. Global applicability is addressed through modular pathways for South Asia, Europe, Africa and the Americas. The resulting contribution is a publication-ready research handbook integrating theoretical models, causal protocols, computational workflows, age-friendly urban applications, governance artifacts and evaluation strategies for climate-resilient healthy longevity. Keywords quantum–AI, digital twins, healthy longevity, climate-vulnerable cities, aging trajectories, urban exposome, heat-health risk, multimodal biosensing, wearable intelligence, physiological resilience, frailty, precision prevention, clinical decision support, causal inference, spatiotemporal modelling, foundation models, topological data analysis, graph learning, quantum machine learning, health equity, MLOps, edge intelligence, age-friendly cities, urban governance, trustworthy AI",Murali Krishna Pasupuleti,2026,2026-07-30,,10.62311/nesx/rb9jy-978-81-689977-0-7,,https://doi.org/10.62311/nesx/rb9jy-978-81-689977-0-7,reference-entry,['openalex'],"['""world model"" physiology']",open-access,world-model phrase absent from title and abstract
AUD-09638b64ac10,expanded_alternate_terms,Quo vadis Pantanal? Expected precipitation extremes and drought dynamics from changing sea surface temperature.,"Climate change poses a critical threat to the Pantanal, the largest wetland in the world. Models indicate an increase in the frequency of extreme precipitation events and extended periods of drought. These changes can amplify consequences for Pantanal's ecological functioning, which has already experienced intensive human modification of its hydrological system and environmental health. The present study analyzed the spatial and temporal dynamics of rainfall and resulting extremes in the Brazilian area of the Upper Paraguay River Basin (UPRB) along with a co-evaluation of the global Sea Surface Temperature data (SST). The predicted results indicate that wet extreme precipitation events will become more frequent in the highlands, while severe and prolonged droughts triggered by warming SSTs in the Northern Hemisphere (North Atlantic and North Pacific oceans) will affect the Pantanal. The linear relations between precipitation with SST of very specific oceanic regions and even from specific oceanic indexes obtained in the present study significantly improve the forecasting capacity, mainly from a resulting reduction to two months of the lead-time between SST warming to concomitant precipitation impacts, and by explaining 80% of Pantanal´s precipitation variation from major oceanic indexes (e.g., ENSO, PDO, NAO, ATL3). Current SST trends will result in inter- and intra-annual flooding dynamic alterations, drastically affecting the Pantanal ecosystem functioning, with consequences for wildlife diversity and distribution. Regarding the foreseeable global climate and land use change scenarios, the results from the present study provide solid evidence that can be used at different decision-making levels (from local to global) for identifying the most appropriate management practices and effectively achieving sustainability of the anthropic activity occurring in the Pantanal.","Thielen D, Schuchmann KL, Ramoni-Perazzi P, Marquez M, Rojas W, Quintero JI, Marques MI.",2020,2020-01-07,,10.1371/journal.pone.0227437,,https://europepmc.org/article/MED/31910441,,['europe_pmc'],['europe_pmc_core'],indexed,world-model phrase absent from title and abstract
AUD-cebc37d0a917,expanded_alternate_terms,Re-exploration of prognosis in type B thymomas: establishment of a predictive nomogram model,"Abstract Objective To explore the risk factors for disease progression after initial treatment of type B thymomas using a predictive nomogram model. Methods A single-center retrospective study of patients with type B thymoma was performed. The Cox proportional hazard model was used for univariate and multivariate analyses. Variables with statistical and clinical significance in the multivariate Cox regression were integrated into a nomogram to establish a predictive model for disease progression. Results A total of 353 cases with type B thymoma were retrieved between January 2012 and December 2021. The median follow-up was 58 months (range: 1–128 months). The 10-year progression-free survival (PFS) was 91.8%. The final nomogram model included R0 resection status and Masaoka stage, with a concordance index of 0.880. Non-R0 resection and advanced Masaoka stage were negative prognostic factors for disease progression ( p p = 0.114 and 0.284, respectively). Conclusion The best treatment strategy for type B thymoma is the detection and achievement of R0 resection as early as possible. Long-term follow-up is necessary, especially for patients with advanced Masaoka stage and who have not achieved R0 resection. No prognostic benefits were observed for PORT.",Ke Zhao; Lei Liu; Xiaoyun Zhou; Guige Wang; Jiaqi Zhang; Xuehan Gao; Libing Yang; Ke Rao; Chao Guo; Ye Zhang; Cheng Huang; Hongsheng Liu; Shanqing Li; Yeye Chen,2024,2024,World Journal of Surgical Oncology,10.1186/s12957-023-03293-2,,https://doi.org/10.1186/s12957-023-03293-2,journal-article,['crossref'],"['""surgical world model""']",registered,world-model phrase absent from title and abstract
AUD-d0bdf093dd92,expanded_alternate_terms,"Real-world clinical outcomes in patients receiving cyclin-dependent kinase 4/6 inhibitors (iCDK 4/6) for hormone receptor-positive, human epidermal growth factor receptor 2-negative (HR+/HER2-) metastatic breast cancer in Mexico.","e13053 Background: Breast cancer was the second most common malignant tumor diagnosed in 2018 worldwide, and the main cause of cancer death in women. In Mexico is the leading cause of cancer deaths, the most common molecular subtypes is HR+/HER2- (63%). The addition of iCDK 4/6 can enhance the benefit seen with endocrine therapy (ET) alone. In this work we will describe the experience in a “real world” model, of two tertiary-level hospitals in Mexico, with the use of iCDK 4/6 in a period of 3 years. Methods: Retrospective review of medical records of all consecutive pts with histological diagnosis of metastatic breast cancer HR+/HER2- and iCDK 4/6 treatment at our Institutions from July 2016 to January 2019. Clinical and pathological variables at diagnosis were recorded. Progression free survival was estimated using Kaplan-Meier method and survival distributions were compared using the Log-rank test. To assess association variables and progression we use Chi square. Results: 65 pts were treated, all with iCDK 4/6 in combination with ET, either aromatase inhibitor or irreversible estrogen receptor antagonist. 62 with palbociclib and 3 with ribociclib; Median age was 53 y/o (IQR 42-63), ECOG 0-1 (92.3%), 80% was metastatic recurrent disease, 92% of these patients received endocrine adjuvant treatment. Median estrogen receptor percentage was 90 (IQR 61-92), progesterone 50 (9-83), KI67 20 (10-30). The metastatic sites were bone (64.6%), liver (41.5%), nodal (33.8%), lung (21.5%), CNS (3.1%) and others (18.5%). 26 pts (40%) received iCDK 4/6 in the first line, 21 (32.3%) in the second line, and 27% in subsequent lines. Any grade of toxicity was presented in 44 pts (67.7%), Most common toxicities were neutropenia (63%), fatigue (16.9%), anemia (9.2%), grade 3-4 toxicities were presented in 21.5% and 17 pts (26.2%) required any dose adjustment. At the cut-off date, 28 pts (43.1%) had disease progression, median time to progression for the 65 pts was 10 months (1-84). OR for first line treatment vs subsequent lines was 0.14 (0.04-0.47, 95%, p = 0.001). OR for pulmonary metastases were 4.21 (1.15-15.31, 95%, p = 0.03), for other sites of metastasis were NS. Conclusions: Our outcomes suggest that the PFS is better when iCDK 4/6 are used as a first line treatment. Pulmonary metastases are may associated with poorly outcomes. In low- and middle-income countries, efforts should be focused on early therapy with iCDK 4/6.",Benigno Rodríguez; Lorena López Zepeda; Alejandro Noguez-Ramos; Daniela Vázquez Juarez; Christian Patricio Camacho Limas; Gabriela Olivia Regalado Porras; Ivonne Salcedo; Samuel Rivera; Álvaro Aguayo; Yazmín Carolina Blanco Vázquez; Angel Azael Lopez Galindo; Daniela Shveid Gerson; Fernando Pérez-Zincer; Juan Alberto Serrano; José Fabián Martínez‐Herrera; Guillermo Olivares; Alberto Villalobos; Cesar Gonzalez De Leon; Raquel Gerson,2020,2020-05-20,Journal of Clinical Oncology,10.1200/jco.2020.38.15_suppl.e13053,,https://doi.org/10.1200/jco.2020.38.15_suppl.e13053,conference-abstract,['openalex'],"['""world model"" clinical', '""world model"" patient', '""world model"" treatment']",indexed,world-model phrase absent from title and abstract
AUD-3cda34f20ecd,expanded_alternate_terms,Renal Single-Nucleus Transcriptomic of a New Model of Cardiovascular-Kidney-Metabolic (CKM) Syndrome in Aging Swine,"CKM syndrome entails pathophysiological interactions among the heart, the kidneys, and metabolic derangements. The specific cell populations implicated in renal injury have yet to be identified. We leveraged a new model of CKM syndrome in aging swine and single-nucleus RNA sequencing (snRNA-seq) to investigate the renal cell-specific transcriptomic profile and set the stage for future testing of potential new targets. Aging pigs with CKM syndrome were studied for 14 weeks. Kidneys were harvested, nuclei isolated, snRNA-seq performed, and UMAP plots generated using default parameters. Expression profiles of marker genes were visualized to define renal cell types, ranked by the number of differentially expressed genes (DEGs), and factored by the total number of cells per cell type. Top DEGs/cell type were visualized and their protein expression assessed in confirmatory studies. A total of 52,367 nuclei were analyzed. Thirty clusters were identified and filtered by canonical gene markers, revealing 20 renal cell types. Subsequent analysis of CKM syndrome kidneys showed that proximal tubular (PT) and immune (IM) cell subpopulations at 49.1% and 45.8% cells with DEGs, respectively, which were mainly implicated in microtubule organization and age-related inflammation ( IL2-STAT5 signaling). Protein expression of 2-tubulin was downregulated in PT cells, whereas expression of STAT5 was upregulated in IM cells. The renal snRNA-seq transcriptomic landscape of a translational swine model of CKM syndrome identified PT and IM cells with the largest numbers of DEGs. Our observations may guide future studies aimed at modulating specific age-related renal abnormalities in CKM syndrome to slow disease progression.",Alfonso Eirin; Sathesh K. Sivasankaran; Rhys Sitz; Elizabeth A. McCarthy; Samuel Anthony Martin; Alejandro R. Chade,2026,2026,American Journal of Physiology-Renal Physiology,10.1152/ajprenal.00168.2026,,https://doi.org/10.1152/ajprenal.00168.2026,journal-article,['crossref'],"['""world model"" physiology']",registered,world-model phrase absent from title and abstract
AUD-0e98d39976b9,expanded_alternate_terms,Research on Parameter Compensation Method and Control Strategy of Mobile Robot Dynamics Model Based on Digital Twin.,"Inspection robots, which improve hazard identification and enhance safety management, play a vital role in the examination of high-risk environments in many fields, such as power distribution, petrochemical, and new energy battery factories. Currently, the position precision of the robots is a major barrier to their broad application. Exact kinematic model and control system of the robots is required to improve their location accuracy during movement on the unstructured surfaces. By a virtual engine and digital twins, this study put forward a visualization monitoring and control system framework which can address the difficulties in the intelligent factories while managing a variety of data sources, such as virtual-real integration, real-time feedback, and other issues. To develop a more realistic dynamic model for the robots, we presented a neural-network-based compensation technique for the nonlinear dynamic model parameters of outdoor mobile robots. A physical prototype was applied in the experiments, and the results showed that the system is capable of controlling and monitoring outdoor mobile robots online with good visualization effects and high real-time performance. By boosting the positional accuracy of robots by 18% when navigating obstacles, the proposed precise kinematic model can increase the inspection efficiency of robots. The visualization monitoring and control system enables visual, digital, multi-method, and complete real-time inspections in high-risk factories, such as new energy battery factories, to ensure the safe and stable operations.","Li R, Shang X, Wang Y, Liu C, Song L, Zhang Y, Gu L, Zhang X.",2024,2024-12-19,,10.3390/s24248101,,https://europepmc.org/article/MED/39771836,,['europe_pmc'],['europe_pmc_core'],indexed,world-model phrase absent from title and abstract
AUD-db99fe296284,expanded_alternate_terms,Research on the Digital Twin System of Welding Robots Driven by Data.,"With the rise of digital twin technology, the application of digital twin technology to industrial automation provides a new direction for the digital transformation of the global smart manufacturing industry. In order to further improve production efficiency, as well as realize enterprise digital empowerment, this paper takes a welding robot arm as the research object and constructs a welding robot arm digital twin system. Using three-dimensional modeling technology and model rendering, the welding robot arm digital twin simulation environment was built. Parent-child hierarchy and particle effects were used to truly restore the movement characteristics of the robot arm and the welding effect, with the help of TCP communication and Bluetooth communication to realize data transmission between the virtual segment and the physical end. A variety of UI components were used to design the human-machine interaction interface of the digital twin system, ultimately realizing the data-driven digital twin system. Finally, according to the digital twin maturity model constructed by Prof. Tao Fei's team, the system was scored using five dimensions and 19 evaluation factors. After testing the system, we found that the combination of digital twin technology and automation is feasible and achieves the expected results.","Wang S, Jiao Y, Wang L, Wang W, Ma X, Xu Q, Lu Z.",2025,2025-06-22,,10.3390/s25133889,,https://europepmc.org/article/MED/40648150,,['europe_pmc'],['europe_pmc_core'],indexed,world-model phrase absent from title and abstract
AUD-0b45268b56da,expanded_alternate_terms,Robust disease prognosis via diagnostic knowledge preservation: A sequential learning approach.,"Accurate disease prognosis is essential for patient care but is often hindered by the scarcity of longitudinal data. This study explores deep learning training strategies that utilize large, accessible diagnostic datasets to pretrain models aimed at predicting future disease progression in knee osteoarthritis (OA), Alzheimer's disease (AD), and breast cancer (BC). While diagnostic pretraining improves prognostic task performance, naive fine-tuning for prognosis can cause 'catastrophic forgetting,' where the model's original diagnostic accuracy degrades, a significant patient safety concern in real-world settings. To address this, we propose a sequential learning strategy with experience replay. We used cohorts with knee radiographs, brain MRIs, and digital mammograms to predict 4-year structural worsening in OA, 2-year cognitive decline in AD, and 5-year cancer diagnosis in BC. Our results showed that diagnostic pretraining on larger datasets improved prognosis model performance compared to standard baselines, boosting both the Area Under the Receiver Operating Characteristic curve (AUROC) (e.g., Knee OA external: 0.770 vs 0.747; Breast Cancer: 0.874 vs 0.848) and the Area Under the Precision-Recall Curve (AUPRC) (e.g., Alzheimer's Disease: 0.752 vs 0.683). Additionally, a sequential learning approach with experience replay achieved prognostic performance comparable to dedicated single-task models (e.g., Breast Cancer AUROC 0.876 vs 0.874) while also preserving diagnostic ability. This method maintained high diagnostic accuracy (e.g., Breast Cancer Balanced Accuracy 50.4% vs 50.9% for a dedicated diagnostic model), unlike simpler multitask methods prone to catastrophic forgetting (e.g., 37.7%). Our findings show that leveraging large diagnostic datasets is a reliable and data-efficient way to enhance prognostic models while maintaining essential diagnostic skills.","Rajamohan HR, Xu Y, Zhu W, Kijowski R, Cho K, Geras KJ, Razavian N, Deniz CM.",2026,2026-05-06,,10.1371/journal.pone.0344600,,https://europepmc.org/article/MED/42090385,,['europe_pmc'],['europe_pmc_core'],indexed,world-model phrase absent from title and abstract
AUD-f7558177f29c,expanded_alternate_terms,Safely learning Intensive Care Unit management by using a Management Flight Simulator,"This paper presents the development of the first Management Flight Simulator of an Intensive Care Unit (ICU). It allows analyzing the physician decision-making related to the admission and discharge of patients and it can be used as a learning–training tool. The discrete event simulation model developed mimics real admission and discharge processes in ICUs, and it recreates the health status of the patients by using real clinical data (instead of using a single value for the length of stay). This flexible tool, which allows recreating ICUs with different characteristics (number of beds, type of patients that arrive, congestion level...), has been used and validated by ICU physicians and nurses of four hospitals. We show through preliminary results the variability among physicians in the decision-making concerning the dilemma of the last bed, which is dealt in a broad sense: it is not only about how the last available ICU bed is assigned but also about how the physician makes decisions about the admission and discharge of patients as the ICU is getting full. The simulator is freely available on the internet to be used by any interested user (https://emi-sstcdapp.unavarra.es/ICU-simulator).",Daniel García-Vicuña; Laida Esparza; Fermín Mallor,2020,2020-10-12,Operations Research for Health Care,10.1016/j.orhc.2020.100274,,https://doi.org/10.1016/j.orhc.2020.100274,article,['openalex'],"['""world model"" clinical', '""world model"" echocardiography', '""world model"" patient']",open-access,world-model phrase absent from title and abstract
AUD-125436842379,expanded_alternate_terms,Self-adapting Robotic Agents through Online Continual Reinforcement Learning with World Model Feedback,"As learning-based robotic controllers are typically trained offline and deployed with fixed parameters, their ability to cope with unforeseen changes during operation is limited. Biologically inspired, this work presents a framework for online Continual Reinforcement Learning that enables automated adaptation during deployment. Building on DreamerV3, a model-based Reinforcement Learning algorithm, the proposed method leverages world model prediction residuals to detect out-of-distribution events and automatically trigger finetuning. Adaptation progress is monitored using both task-level performance signals and internal training metrics, allowing convergence to be assessed without external supervision and domain knowledge. The approach is validated on a variety of contemporary continuous control problems, including a quadruped robot in high-fidelity simulation, and a real-world model vehicle. Relevant metrics and their interpretation are presented and discussed, as well as resulting trade-offs described. The results sketch out how autonomous robotic agents could once move beyond static training regimes toward adaptive systems capable of self-reflection and -improvement during operation, just like their biological counterparts.",Fabian Domberg; Georg Schildbach,2026,2026-03-04,arXiv (Cornell University),,2603.04029,http://arxiv.org/abs/2603.04029,preprint,['openalex'],"['""world model"" medicine']",open-access,medical-domain term absent from title and abstract
AUD-a83188ef00c4,expanded_alternate_terms,Shaping the future of cancer screening with artificial intelligence-empowered multi-cancer early detection,"Multi-cancer early detection (MCED) via blood tests expands single-cancer screening. Artificial intelligence (AI) can enhance MCED across the screening lifecycle, from test development to real-world implementation. Key challenges include algorithmic bias, generalizability, overdiagnosis, and governance. Emerging AI paradigms, digital twins, and personal health agents may support dynamic learning health systems. We argue AI should be viewed not merely as a performance booster but as foundational infrastructure for precise cancer screening.",Yongjie Xu; Sibo Zhu; Hui Yu; Changfa Xia; Yanzhan Yang; Xiaoying Shi; J Liu; Nuopei Tan; Yue Liu; Xiaohui Wu; W F Chen,2026,2026-07-22,npj Digital Medicine,10.1038/s41746-026-03047-w,,https://doi.org/10.1038/s41746-026-03047-w,article,['openalex'],"['""medical world model""', '""world model"" EHR']",open-access,world-model phrase absent from title and abstract
AUD-d138615ebc97,expanded_alternate_terms,Surgical SAM 2: Real-time Segment Anything in Surgical Video by Efficient Frame Pruning,"Surgical video segmentation is a critical task in computer-assisted surgery and is vital for enhancing surgical quality and patient outcomes. Recently, the Segment Anything Model 2 (SAM2) framework has shown superior advancements in image and video segmentation. However, SAM2 struggles with efficiency due to the high computational demands of processing high-resolution images and complex and long-range temporal dynamics in surgical videos. To address these challenges, we introduce Surgical SAM 2 (SurgSAM2), an advanced model to utilize SAM2 with an Efficient Frame Pruning (EFP) mechanism, to facilitate real-time surgical video segmentation. The EFP mechanism dynamically manages the memory bank by selectively retaining only the most informative frames, reducing memory usage and computational cost while maintaining high segmentation accuracy. Our extensive experiments demonstrate that SurgSAM2 significantly improves both efficiency and segmentation accuracy compared to the vanilla SAM2. Remarkably, SurgSAM2 achieves a 3$\times$ FPS compared with SAM2, while also delivering state-of-the-art performance after fine-tuning with lower-resolution data. These advancements establish SurgSAM2 as a leading model for surgical video analysis, making real-time surgical video segmentation in resource-constrained environments a reality. Our source code is available at https://github.com/jinlab-imvr/Surgical-SAM-2.",Haofeng Liu; Erli Zhang; Junde Wu; Mingxuan Hong; Yueming Jin,2024,2024-08-15,arXiv (Cornell University),10.48550/arxiv.2408.07931,2408.07931,http://arxiv.org/abs/2408.07931,preprint,['openalex'],"['""world model"" patient']",open-access,world-model phrase absent from title and abstract
AUD-ac6c3c891115,expanded_alternate_terms,Synaptopodin deficiency exacerbates kidney disease in a mouse model of Alport syndrome,"Alport syndrome (AS) is a hereditary disease of the glomerular basement with hematuria and proteinuria. Podocytes eventually exhibit foot process effacement, indicating actin cytoskeletal changes. To investigate how cytoskeletal changes impact podocytes, we generated Alport mice lacking synaptopodin, an actin-binding protein in foot processes. Analysis showed a more rapid disease progression, demonstrating that synaptopodin is protective. This suggests that the actin cytoskeleton is a target for therapy in AS and perhaps other glomerular diseases.",Liang Ning; Hani Y. Suleiman; Jeffrey H. Miner,2021,2021,American Journal of Physiology-Renal Physiology,10.1152/ajprenal.00035.2021,,https://doi.org/10.1152/ajprenal.00035.2021,journal-article,['crossref'],"['""world model"" physiology']",registered,world-model phrase absent from title and abstract
AUD-7f06de254050,expanded_alternate_terms,Temporal dynamics of trauma memory persistence.,"Abstract Traumatic events lead to distressing memories, but such memories are made all the worse when they intrude to mind unbidden and recurrently. Intrusive memories are a hallmark of several mental health disorders including posttraumatic stress disorder (PTSD) and can persist for years. Critically, the reduction of intrusive memories provides a treatment target. While cognitive models for psychological trauma exist, these lack formal quantitative structure and robust empirical validation. Here we develop a mechanistically-driven, quantitative framework to extend understanding of the temporal dynamic processes of trauma memory. We show how the marginal gains of interventions for intrusive memories can be enhanced as key properties of the intervention vary. Validating the framework against empirical data highlights that while emerging interventions to reduce occurrence of intrusive memories can be effective, counter-intuitively, maintaining these memories in a sufficiently reactivated state is essential for preventing their persistence. Author Summary Intrusive memories and flashbacks after trauma are prominent in several mental disorders. Quantifying these intrusions is the aim of the current study. While many conceptual models for trauma memory exist, none provide a mechanistic framework for validating experimental or clinical evidence. Our approach is to develop a probabilistic description of memory mechanisms to link to the broader goals of trauma treatment. Analysis shows how critical attributes of the framework such as intervention strength and reminder strength determine success in managing intrusive memories. Validation with empirical data shows how the framework can be parameterized and predictions evaluated against observed outcomes. In this way neural mechanisms associated with memory can be combined with broader cognitive processes.","Bonsall MB, Holmes EA.",2023,2023-06-07,bioRxiv (Cold Spring Harbor Laboratory),10.1098/rsif.2023.0108,,https://europepmc.org/article/MED/37282590,preprint,"['europe_pmc', 'openalex']","['""world model"" clinical', '""world model"" treatment', 'europe_pmc_core']",indexed,world-model phrase absent from title and abstract
AUD-1270138e35e6,expanded_alternate_terms,Temporal lobe epilepsy as a model of accelerated brain aging: Roles of biological aging markers and microRNA dysregulation,"Temporal lobe epilepsy (TLE) is characterized by recurrent seizures; however, growing evidence suggests that it may represent a progressive neurological disorder, sharing key features with accelerated brain aging. Patients with chronic TLE frequently exhibit early cognitive decline, hippocampal atrophy, neuroinflammation, and neurodegenerative changes that exceed those expected for chronological age. These observations suggest that recurrent seizures and persistent network hyperexcitability may promote premature activation of biological aging pathways in the epileptic brain. This mini-review emphasizes the concept of TLE as a model of accelerated brain aging. We highlight major aging hallmarks implicated in TLE, including oxidative stress and mitochondrial dysfunction, chronic neuroinflammation (“inflammaging”), cellular senescence, impaired proteostasis, and dysregulated autophagy. Particular emphasis is placed on epigenetic aging mechanisms, with microRNAs (miRNAs) emerging as key regulators linking epileptogenesis, neuronal aging, and disease progression. Several miRNAs implicated in aging biology, such as miR-34a, miR-146a, miR-132, miR-124, and miR-21, are consistently dysregulated in TLE and may contribute to neurodegeneration, synaptic dysfunction, and drug resistance. We further discuss the clinical and translational relevance of aging markers and miRNAs as potential biomarkers for disease severity, cognitive decline, and therapeutic response. Framing TLE within the context of biological aging provides a novel perspective that may facilitate biomarker discovery and support the development of disease-modifying strategies beyond seizure suppression in TLE.",Rekha Dwivedi; Rashmi Gupta; Monika Pahuja; Jasmine Parihar; Manjari Tripathi; Rima Dada; Prabhakar Tiwari,2026,2026,World Journal of Clinical Cases,10.12998/wjcc.v14.i8.118420,,https://doi.org/10.12998/wjcc.v14.i8.118420,journal-article,['crossref'],"['""clinical world model""', '""world model"" clinical']",registered,world-model phrase absent from title and abstract
AUD-1b31de697fdd,expanded_alternate_terms,The Interplay Between Circadian Clocks and the Tumour Microenvironment in Breast Cancer.,"Cancer is a heterogeneous systemic disease that is strongly influenced by dynamic interactions with the tumour microenvironment (TME). Despite major advances in understanding spatial and molecular tumour heterogeneity, the temporal dynamics of tumours have received far less attention. Growing evidence has linked circadian clocks to cancer risk, progression, and treatment response, including in breast cancer. However, temporal regulation has yet to be recognized as a cancer hallmark, and its interaction with the TME remains poorly understood. This review examines how circadian rhythms organize breast cancer biology through bidirectional interactions with the TME. Circadian clocks coordinate proliferation, DNA damage responses, metabolism, and immune surveillance. Ageing, chronic stress, and obesity, all of which are established breast cancer risk modifiers, disrupt these rhythms and are reciprocally exacerbated by circadian dysfunction, establishing feed-forward loops that accelerate disease. Within the TME, the extracellular matrix (ECM) plays a central role in mediating this bidirectional control. Stiffened fibrotic stroma dampens epithelial clock amplitude, while circadian rhythms in turn shape collagen turnover and ECM remodelling. These dynamics can foster inflammation, stem cell expansion, and metastatic dissemination, including time-of-day-dependent release of circulating breast tumour cells. Systemically, circadian clocks gate immune cell trafficking, creating predictable windows of immunosurveillance and therapeutic vulnerability. By integrating insights from mechanobiology, metabolism, immune regulation, and ageing, we position circadian timing as a unifying layer that connects cell-intrinsic programmes with the evolving breast TME. Understanding these connections opens new opportunities for chronotherapeutic strategies in which treatment timing is aligned with circadian rhythms to improve outcomes.","Finger AM, Ector C, Weaver VM.",2026,2026-03-12,Cancers,10.3390/cancers18060925,,https://europepmc.org/article/MED/41899529,article,"['europe_pmc', 'openalex']","['""world model"" treatment', 'europe_pmc_core']",indexed,world-model phrase absent from title and abstract
AUD-cad5c10e75e8,expanded_alternate_terms,The Natural History of Bone Stress Injuries in Athletes: From Inception to Resolution.,"Bone stress injury (BSI) occurrence is common in athletic populations, resulting in high periods of time loss from sports participation. Minimising incidence and reducing severity presents a challenge for the prevention and clinical management of bone stress injuries (BSIs) for sports practitioners. An understanding of the aetiology and mechanisms for BSIs in athletic populations can assist with the design and implementation of prevention programmes. Application of established health frameworks allows practitioners to identify and manage the complex and dynamic interplay of factors that alter the susceptibility of an athlete to the onset, and subsequent progression of BSIs. The natural history of disease describes well-defined sequential stages of disease progression, sequenced from pathological onset through to disease outcome that occurs in the absence of clinical intervention. The purpose of this review is to synthesise and map the current evidence on BSIs to the natural history of disease. This review will provide sports medicine practitioners with a clinically applied framework that aligns current evidence to stages of disease, with reference to intervention and management. In addition, targeted prevention strategies are described and mapped to primary, secondary and tertiary levels of prevention along the BSI continuum. Despite the extensive body of evidence detailing BSIs in sport, this paper is the first to integrate and map BSIs to the natural history of disease.","Crunkhorn ML, Etxebarria N, Toohey LA, Charlton P, Watson K, Drew M.",2025,2025-07-28,Sports Medicine,10.1007/s40279-025-02280-9,,https://europepmc.org/article/MED/40721688,article,"['europe_pmc', 'openalex']","['""world model"" clinical', '""world model"" medicine', 'europe_pmc_core']",indexed,world-model phrase absent from title and abstract
AUD-f96e07909222,expanded_alternate_terms,Tofacitinib Citrate in a Murine Model of Systemic Lupus Erythematosus,"Systemic lupus erythematosus (SLE) often manifests in lupus nephritis (LN), which injures glomeruli and leads to hypertension, and kidney failure. Despite a wide range of immunosuppressive therapies, many patients still show histologic signs of injury and others experience renal flares, which drive kidney disease progression. Tissue resident memory T cells (TRMs), which express adhesion molecules (CD103 and Cd49a) and who’s differentiation is controlled by cytokine signaling pathways like IL-15/JAK/STAT, are emerging mediators of chronic inflammatory and autoimmune diseases, representing a promising therapeutic target. Therefore, we hypothesize that kidney TRMs mediate kidney injury in SLE and that inhibiting JAK/STAT signaling will prevent their differentiation and improve kidney injury and function. To test this hypothesis female NZBWF1J mice (a genetic mouse model of SLE) were acquired at 4-weeks-old and aged to 28-weeks-old before being randomly assigned to receive either 20mg/kg tofacitinib citrate (SLE+Tofa) by oral gavage six days per week or 5% methylcellulose (SLE+Veh) for four weeks. Female NZW mice were used as controls. SLE+Tofa mice had significant weight loss between week 28 to 32 (48.2 ± 2.1 vs 40.3 ± 1.3 g, p=0.002), but SLE+Veh (p=0.093) and NZW (p=0.074) did not. Log-rank (Mantel-Cox) test indicated significant differences in time to albuminuria onset (Chi square 16.01, df = 2, p = 0.0003). Pairwise comparison of SLE+Tofa and SLE+Veh demonstrated SLE+Veh had a higher risk of albuminuria onset (HR = 11.85, 95% CI 1.53-91.79). Furthermore, at 32 weeks albuminuria levels were significantly higher in the SLE+Veh group compared to SLE+Tofa (3.6 ± 1.9 vs 1.0 ± 0 AU, p=0.0002) and Control groups (0 ± 0 AU, p 0.999). In summary, tofacitinib citrate treated mice had improved GFRs and reductions in proteinuria and histological signs of injury. Reductions in kidney TRMs may explain the improvements in kidney function and injury, although reductions in total T cell populations and broader inhibition of JAK/STAT signaling, which is a common inflammatory pathway in all cell types, may also be responsible. Additionally, increasing sample sizes will be necessary to determine the true relationship between JAK/STAT inhibition, TRM depletion, and improvements in kidney parameters in SLE. In conclusion, JAK/STAT inhibition may be a viable therapeutic option for the treatment of LN in SLE, and its benefits may be exerted through reductions in key inflammatory TRM populations. UAB Blalock PhD Career Development Award This abstract was presented at the American Physiology Summit 2026 and is only available in HTML format. There is no downloadable file or PDF version. The Physiology editorial board was not involved in the peer review process.",Kyle Moore; James George; Anupam Agarwal,2026,2026,Physiology,10.1152/physiol.2026.41.s1.2300352,,https://doi.org/10.1152/physiol.2026.41.s1.2300352,journal-article,['crossref'],"['""world model"" physiology']",registered,world-model phrase absent from title and abstract
AUD-587e7bcc7c77,expanded_alternate_terms,Toward Intelligent AIoT: A Comprehensive Survey on Digital Twin and Multimodal Generative AI Integration,"The Artificial Intelligence of Things (AIoT) is rapidly evolving from basic connectivity to intelligent perception, reasoning, and decision making across domains such as healthcare, manufacturing, transportation, and smart cities. Multimodal generative AI (GAI) and digital twins (DTs) provide complementary solutions. DTs deliver high-fidelity virtual replicas for real-time monitoring, simulation, and optimization with GAI enhancing cognition, cross-modal understanding, and the generation of synthetic data. This survey presents a comprehensive overview of DT–GAI integration in the AIoT. We review the foundations of DTs and multimodal GAI and highlight their complementary roles. We further introduce the Sense–Map–Generate–Act (SMGA) framework, illustrating their interaction through the SMGA loop. We discuss key enabling technologies, including multimodal data fusion, dynamic DT evolution, and cloud–edge–end collaboration. Representative application scenarios, including smart manufacturing, smart cities, autonomous driving, and healthcare, are examined to demonstrate their practical impact. Finally, we outline open challenges, including efficiency, reliability, privacy, and standardization, and we provide directions for future research toward sustainable, trustworthy, and intelligent AIoT systems.",Xiaoyi Luo; Aiwen Wang; Xinling Zhang; Kun Huang; Songyu Wang; Lixin Chen; Yejia Cui,2025,2025-10-23,Mathematics,10.3390/math13213382,,https://doi.org/10.3390/math13213382,article,['openalex'],"['""medical world model""', '""world model"" medicine', '""world model"" physiology']",open-access,world-model phrase absent from title and abstract
AUD-9eb473dfa795,expanded_alternate_terms,TWIN-GPT: Digital Twins for Clinical Trials via Large Language Model,"Clinical trials are indispensable for medical research and the development of new treatments. However, clinical trials often involve thousands of participants and can span several years to complete, with a high probability of failure during the process. Recently, there has been a burgeoning interest in virtual clinical trials, which simulate real-world scenarios and hold the potential to significantly enhance patient safety, expedite development, reduce costs, and contribute to the broader scientific knowledge in healthcare. Existing research often focuses on leveraging electronic health records (EHRs) to support clinical trial outcome prediction. Yet, trained with limited clinical trial outcome data, existing approaches frequently struggle to perform accurate predictions. Some research has attempted to generate EHRs to augment model development but has fallen short in personalizing the generation for individual patient profiles. Recently, the emergence of large language models has illuminated new possibilities, as their embedded comprehensive clinical knowledge has proven beneficial in addressing medical issues. In this paper, we propose a large language model-based digital twin creation approach, called TWIN-GPT. TWIN-GPT can establish cross-dataset associations of medical information given limited data, generating unique personalized digital twins for different patients, thereby preserving individual patient characteristics. Comprehensive experiments show that using digital twins created by TWIN-GPT can boost the clinical trial outcome prediction, exceeding various previous prediction approaches.","Yue Wang; Fu, Tianfan; Yinlong Xu; Zihan Ma; Hongxia Xu; Yingzhou Lu; Bang Du; Honghao Gao; Jian Wu",2024,2024-04-01,arXiv (Cornell University),10.48550/arxiv.2404.01273,2404.01273,http://arxiv.org/abs/2404.01273,preprint,['openalex'],"['""world model"" EHR', '""world model"" clinical', '""world model"" medicine', '""world model"" patient', '""world model"" physiology', '""world model"" treatment']",open-access,world-model phrase absent from title and abstract
AUD-7a836e155c9c,expanded_alternate_terms,Verification and validation of an automated robot inspection cell for automotive body-in-white: a use case for the VALU3S ECSEL project.,"Verification and validation (V&V) of systems, and system of systems, in an industrial context has never been as important as today. The recent developments in automated cyber-physical systems, digital twin environments, and Industry 4.0 applications require effective and comprehensive V&V mechanisms. Verification and Validation of Automated Systems' Safety and Security (VALU3S), a Horizon 2020 Electronic Components and Systems for European Leadership Joint Undertaking (ECSEL-JU) project started in May 2020, aims to create and evaluate a multi-domain V&V framework that facilitates evaluation of automated systems from component level to system level, with the aim of reducing the time and effort needed to evaluate these systems. VALU3S focuses on V&V for the requirements of safety, cybersecurity, and privacy (SCP). This paper mainly focuses on the elaboration of one of the 13 use cases of VALU3S to identify the SCP issues in an automated robot inspection cell that is being actively used for the quality control assessment of automotive body-in-white. The joint study here embarks on a collaborative approach that puts the V&V methods and workflows for the robotic arms safety trajectory planning and execution, fault injection techniques, cyber-physical security vulnerability assessment, anomaly detection, and SCP countermeasures required for remote control and inspection. The paper also presents cross-links with ECSEL-JU goals and the current advancements in the market and scientific and technological state-of-play.","Kanak A, Ergun S, Yazıcı A, Ozkan M, Çokünlü G, Yayan U, Karaca M, Arslan AT.",2021,2021-09-29,,10.12688/openreseurope.13627.1,,https://europepmc.org/article/MED/37645090,,['europe_pmc'],['europe_pmc_core'],indexed,world-model phrase absent from title and abstract
AUD-1bda35795e22,expanded_alternate_terms,Virtual soccer champions,"A Digital Twin (DT) can be described as a pairing of a physical and virtual entity, in which the latter 'mimicks' the former in some sense, using data from its physical counterpart---whether real-time or historical---, for various purposes including better understanding of the physical entity's behaviour, predictive maintenance, and whatif scenario exploration. Here, we focus on the development of the virtual part of the DT in a context where the physical entity already exists, offering the potential for design and engineering artifacts from the physical entity to be reused. We performed a case study on the Turtle soccer robots developed by Eindhoven University of Technology's Tech United [6] team, to explore the possibilities of reusing artifacts for the development of the corresponding virtual entity. In this paper, we present our experiences from this case study and discuss the benefits, drawbacks, and challenges we faced.",Gijs Walravens; Hossain Muhammad Muctadir; Loek Cleophas,2022,2022-10-23,,10.1145/3550356.3561586,,https://doi.org/10.1145/3550356.3561586,conference-paper,['openalex'],"['""world model"" medicine']",open-access,world-model phrase absent from title and abstract
AUD-c5dd350b0579,expanded_alternate_terms,"Vision–language–action models for hri/hrc/hrt: a taxonomy, simulation-centric gaps, and research directions","Robotics driven by foundation models, such as Vision--Language--Action (VLA) systems, already represents a major step forward in autonomy and natural-language interaction. Yet, many obstacles remain on the path toward Human--Robot Teaming (HRT): most current models improve \emph{task autonomy} faster than \emph{teaming autonomy}, and therefore lack key properties required for human-centred deployments where robots must coordinate, clarify, and remain safe under contact-rich uncertainty. This gap is compounded by limited multimodality (tactile and audio channels are often missing), scarce datasets and unified input formats for such signals, and by simulation limits---digital twins typically under-represent real-world noise, disturbances, imperfections, and unpredictable events across modalities. To make HRT readiness explicit and testable, this paper provides (i) a taxonomy of contemporary VLA architectures (monolithic, hierarchical, and agentic/world-model) together with axes that separate task and teaming autonomy, (ii) an operational decomposition of the HRT barrier into four capability blocks spanning human-state alignment, interaction policies, contact robustness, and shared team state, and (iii) a simulation-centric evaluation protocol and metric suite for reproducible stress testing in digital twins. The proposed framework aims to make HRT readiness measurable before costly or risky real-world trials.",Jiri Konecny; Filippo Sanfilippo; Michal Prauzek,2026,2026-06-23,,10.7148/2026-0151,,https://doi.org/10.7148/2026-0151,conference-paper,['openalex'],"['""world model"" medicine', '""world model"" physiology', '""world model"" treatment']",open-access,medical-domain term absent from title and abstract
AUD-3dfe2dd9fb12,expanded_alternate_terms,Who Are the `Silent Spreaders'?: Contact Tracing in Spatio-Temporal Memory Models,"The COVID-19 epidemic has swept the world for over a year. However, a large number of infectious asymptomatic COVID-19 cases (\textit{ACC}s) are still making the breaking up of the transmission chains very difficult. Efforts by epidemiological researchers in many countries have thrown light on the clinical features of ACCs, but there is still a lack of practical approaches to detect ACCs so as to help contain the pandemic. To address the issue of ACCs, this paper presents a neural network model called Spatio-Temporal Episodic Memory for COVID-19 (\textit{STEM-COVID}) to identify ACCs from contact tracing data. Based on the fusion Adaptive Resonance Theory (\textit{ART}), the model encodes a collective spatio-temporal episodic memory of individuals and incorporates an effective mechanism of parallel searches for ACCs. Specifically, the episodic traces of the identified positive cases are used to map out the episodic traces of suspected ACCs using a weighted evidence pooling method. To evaluate the efficacy of STEM-COVID, a realistic agent based simulation model for COVID-19 spreading is implemented based on the recent epidemiological findings on ACCs. The experiments based on rigorous simulation scenarios, manifesting the current situation of COVID-19 spread, show that the STEM-COVID model with weighted evidence pooling has a higher level of accuracy and efficiency for identifying ACCs when compared with several baselines. Moreover, the model displays strong robustness against noisy data and different ACC proportions, which partially reflects the effect of breakthrough infections after vaccination on the virus transmission.","Hu Y, Subagdja B, Tan A, Quek C, Yin Q.",2021,2021-10-24,,,,https://europepmc.org/article/PPR/PPR410762,,['europe_pmc'],['europe_pmc_core'],indexed,world-model phrase absent from title and abstract
AUD-598ee162edd1,expanded_alternate_terms,WITHDRAWN: Understanding of Comorbidities Using Modeling Techniques on EHR,"Abstract Comorbidities refer to the existence of numerous, co-occurring diseases in medicine. The course of one comorbidity is typically extremely dependent on the course of the other condition due to their co-occurrence, and therapies can have major spill-over effects. Despite the high occurrence of comorbidities among patients, there is no complete statistical framework for modelling comorbidity longitudinal dynamics. We propose a probabilistic approach for studying comorbidity dynamics in patients over time in this paper. This approach is a non-homogenous transition technique/mechanism using Hidden Markov Model called as coupled-HMM. Clinical research influenced the design of our coupled-HMM: (1) It accounts for different disease stages (acute, stable) in disease progression by providing clinically meaningful latent phases. (2) It simulates a relationship between the trajectories of comorbidities and the dynamics of capturing co-evolution. (3) The transition mechanism takes into account between-patient heterogeneity (e.g., risk factors, treatments). Based on 675 health trajectories, we assessed our proposed Coupled-HMM, which investigates the concomitant evolution of diabetes mellitus and chronic liver disease. We find that our Coupled-HMM provides a superior fit when compared to competing models without coupling. We also assess the spill-over impact, or the amount to which diabetic therapies are linked to a shift in chronic liver disease from an acute to a stable condition. Immediate application in treatment planning and clinical research becomes possible as a result of our approach in context of comorbidities.",Meenal Badki,2022,2022,Springer Science and Business Media LLC,10.21203/rs.3.rs-1017334/v2,,https://doi.org/10.21203/rs.3.rs-1017334/v2,posted-content,['crossref'],"['""world model"" EHR']",registered,world-model phrase absent from title and abstract
AUD-b2434ae358b4,expanded_alternate_terms,X-ray fluoroscopy guided localization and steering of miniature robots using virtual reality enhancement.,"In developing medical interventions using untethered milli- and microrobots, ensuring safety and effectiveness relies on robust methods for real-time robot detection, tracking, and precise localization within the body. The inherent non-transparency of human tissues significantly challenges these efforts, as traditional imaging systems like fluoroscopy often lack crucial anatomical details, potentially compromising intervention safety and efficacy. To address this technological gap, in this study, we build a virtual reality environment housing an exact digital replica (digital twin) of the operational workspace and a robot avatar. We synchronize the virtual and real workspaces and continuously send the robot position data derived from the image stream into the digital twin with short average delay time around 20-25 ms. This allows the operator to steer the robot by tracking its avatar within the digital twin with near real-time temporal resolution. We demonstrate the feasibility of this approach with millirobots steered in confined phantoms. Our concept demonstration herein can pave the way for not only improved procedural safety by complementing fluoroscopic guidance with virtual reality enhancement, but also provides a platform for incorporating various additional real-time derivative data, e.g., instantaneous robot velocity, intraoperative physiological data obtained from the patient, e.g., blood flow rate, and pre-operative physical simulation models, e.g., periodic body motions, to further refine robot control capacity.","Alabay HH, Le TA, Ceylan H.",2024,2024-11-13,,10.3389/frobt.2024.1495445,,https://europepmc.org/article/MED/39605865,,['europe_pmc'],['europe_pmc_core'],indexed,world-model phrase absent from title and abstract
