candidate_id,title,field,reviewer_a,reviewer_b,reviewer_a_notes,reviewer_b_notes,reviewer_a_anchors,reviewer_b_anchors
MWM-XA9B007D895,A Blood Glucose Control Framework Based on Reinforcement Learning With Safety and Interpretability: In Silico Validation,dynamics_evidence,2,1,"Planning is demonstrated only in the UVA/Padova in-silico environment. Fifty-step imagined trajectories are used for learning, but performance is not reported as a function of rollout horizon. PID guides early training and is a control baseline, not an action-agnostic dynamics comparator. No formal uncertainty calibration or external cohort is reported.","Closed-loop simulator utility and safety are strong, but learned dynamics have only a fixed 30-minute error test; no calibration, action ablation, external validation, or public artifacts.","Official IEEE Access PDF, DOI 10.1109/ACCESS.2021.3100007: pp. 5-9 define the extended state, random-forest glucose transition model, 30-min prediction target, and safe-SAC actions; pp. 12-16 and Tables 3-5 report recursive prediction errors and 20-day closed-loop outcomes; Figs. 6-10 show virtual-subject control and safety behavior.","Methods Sec. III, Figs. 1–2, Algorithms 1–3; Experiments Sec. IV-A–C, Tables 1–2, Figs. 3–4; Appendix A."
MWM-XA9B007D895,A Blood Glucose Control Framework Based on Reinforcement Learning With Safety and Interpretability: In Silico Validation,uncertainty_evidence,1,0,"Planning is demonstrated only in the UVA/Padova in-silico environment. Fifty-step imagined trajectories are used for learning, but performance is not reported as a function of rollout horizon. PID guides early training and is a control baseline, not an action-agnostic dynamics comparator. No formal uncertainty calibration or external cohort is reported.","Closed-loop simulator utility and safety are strong, but learned dynamics have only a fixed 30-minute error test; no calibration, action ablation, external validation, or public artifacts.","Official IEEE Access PDF, DOI 10.1109/ACCESS.2021.3100007: pp. 5-9 define the extended state, random-forest glucose transition model, 30-min prediction target, and safe-SAC actions; pp. 12-16 and Tables 3-5 report recursive prediction errors and 20-day closed-loop outcomes; Figs. 6-10 show virtual-subject control and safety behavior.","Methods Sec. III, Figs. 1–2, Algorithms 1–3; Experiments Sec. IV-A–C, Tables 1–2, Figs. 3–4; Appendix A."
MWM-XD5F16C34AE,A Data-Driven Closed-Loop Control Approach to Drive Neural State Transitions for Mechanistic Insight.,rollout_evidence,1,2,"Planning is demonstrated only inside an individually fitted latent model. Region-restricted controls support action sensitivity, but there is no action-agnostic predictive comparator, formal calibration, external cohort, identified causal estimand, or physiological hazard test. Hyperparameters/model selection used test data in a subset.","Planning is demonstrated only in the learned fMRI model. The controls are simulated and not clinical interventions. Test-segment loss is used to select among five initialized models, and there is no external validation, formal calibration, causal treatment claim, or safety test.","PMC13370802 Methods: held-out fMRI reconstruction and closed-loop control; Results Figs. 2-6 report spectra, functional connectivity, target likelihood and control energy; Limitations state one dataset and no empirical stimulation validation; GitHub humml-lab/fmri-control.","Methods 'Data', 'Dynamical system reconstruction', and 'Control framework'; Results figures report power-spectrum Hellinger distance, functional-connectivity agreement, 80-step controlled trajectories, target proximity, control energy, and 11 region-restricted controls; Data Availability identifies humml-lab/fmri-control."
MWM-XD5F16C34AE,A Data-Driven Closed-Loop Control Approach to Drive Neural State Transitions for Mechanistic Insight.,action_evidence,1,2,"Planning is demonstrated only inside an individually fitted latent model. Region-restricted controls support action sensitivity, but there is no action-agnostic predictive comparator, formal calibration, external cohort, identified causal estimand, or physiological hazard test. Hyperparameters/model selection used test data in a subset.","Planning is demonstrated only in the learned fMRI model. The controls are simulated and not clinical interventions. Test-segment loss is used to select among five initialized models, and there is no external validation, formal calibration, causal treatment claim, or safety test.","PMC13370802 Methods: held-out fMRI reconstruction and closed-loop control; Results Figs. 2-6 report spectra, functional connectivity, target likelihood and control energy; Limitations state one dataset and no empirical stimulation validation; GitHub humml-lab/fmri-control.","Methods 'Data', 'Dynamical system reconstruction', and 'Control framework'; Results figures report power-spectrum Hellinger distance, functional-connectivity agreement, 80-step controlled trajectories, target proximity, control energy, and 11 region-restricted controls; Data Availability identifies humml-lab/fmri-control."
MWM-XD5F16C34AE,A Data-Driven Closed-Loop Control Approach to Drive Neural State Transitions for Mechanistic Insight.,causal_evidence,0,NA,"Planning is demonstrated only inside an individually fitted latent model. Region-restricted controls support action sensitivity, but there is no action-agnostic predictive comparator, formal calibration, external cohort, identified causal estimand, or physiological hazard test. Hyperparameters/model selection used test data in a subset.","Planning is demonstrated only in the learned fMRI model. The controls are simulated and not clinical interventions. Test-segment loss is used to select among five initialized models, and there is no external validation, formal calibration, causal treatment claim, or safety test.","PMC13370802 Methods: held-out fMRI reconstruction and closed-loop control; Results Figs. 2-6 report spectra, functional connectivity, target likelihood and control energy; Limitations state one dataset and no empirical stimulation validation; GitHub humml-lab/fmri-control.","Methods 'Data', 'Dynamical system reconstruction', and 'Control framework'; Results figures report power-spectrum Hellinger distance, functional-connectivity agreement, 80-step controlled trajectories, target proximity, control energy, and 11 region-restricted controls; Data Availability identifies humml-lab/fmri-control."
MWM-XD5F16C34AE,A Data-Driven Closed-Loop Control Approach to Drive Neural State Transitions for Mechanistic Insight.,horizon_resolved_results,no,yes,"Planning is demonstrated only inside an individually fitted latent model. Region-restricted controls support action sensitivity, but there is no action-agnostic predictive comparator, formal calibration, external cohort, identified causal estimand, or physiological hazard test. Hyperparameters/model selection used test data in a subset.","Planning is demonstrated only in the learned fMRI model. The controls are simulated and not clinical interventions. Test-segment loss is used to select among five initialized models, and there is no external validation, formal calibration, causal treatment claim, or safety test.","PMC13370802 Methods: held-out fMRI reconstruction and closed-loop control; Results Figs. 2-6 report spectra, functional connectivity, target likelihood and control energy; Limitations state one dataset and no empirical stimulation validation; GitHub humml-lab/fmri-control.","Methods 'Data', 'Dynamical system reconstruction', and 'Control framework'; Results figures report power-spectrum Hellinger distance, functional-connectivity agreement, 80-step controlled trajectories, target proximity, control energy, and 11 region-restricted controls; Data Availability identifies humml-lab/fmri-control."
MWM-XD5F16C34AE,A Data-Driven Closed-Loop Control Approach to Drive Neural State Transitions for Mechanistic Insight.,action_agnostic_comparator,no,yes,"Planning is demonstrated only inside an individually fitted latent model. Region-restricted controls support action sensitivity, but there is no action-agnostic predictive comparator, formal calibration, external cohort, identified causal estimand, or physiological hazard test. Hyperparameters/model selection used test data in a subset.","Planning is demonstrated only in the learned fMRI model. The controls are simulated and not clinical interventions. Test-segment loss is used to select among five initialized models, and there is no external validation, formal calibration, causal treatment claim, or safety test.","PMC13370802 Methods: held-out fMRI reconstruction and closed-loop control; Results Figs. 2-6 report spectra, functional connectivity, target likelihood and control energy; Limitations state one dataset and no empirical stimulation validation; GitHub humml-lab/fmri-control.","Methods 'Data', 'Dynamical system reconstruction', and 'Control framework'; Results figures report power-spectrum Hellinger distance, functional-connectivity agreement, 80-step controlled trajectories, target proximity, control energy, and 11 region-restricted controls; Data Availability identifies humml-lab/fmri-control."
MWM-XD5F16C34AE,A Data-Driven Closed-Loop Control Approach to Drive Neural State Transitions for Mechanistic Insight.,explicit_causal_estimand,no,NA,"Planning is demonstrated only inside an individually fitted latent model. Region-restricted controls support action sensitivity, but there is no action-agnostic predictive comparator, formal calibration, external cohort, identified causal estimand, or physiological hazard test. Hyperparameters/model selection used test data in a subset.","Planning is demonstrated only in the learned fMRI model. The controls are simulated and not clinical interventions. Test-segment loss is used to select among five initialized models, and there is no external validation, formal calibration, causal treatment claim, or safety test.","PMC13370802 Methods: held-out fMRI reconstruction and closed-loop control; Results Figs. 2-6 report spectra, functional connectivity, target likelihood and control energy; Limitations state one dataset and no empirical stimulation validation; GitHub humml-lab/fmri-control.","Methods 'Data', 'Dynamical system reconstruction', and 'Control framework'; Results figures report power-spectrum Hellinger distance, functional-connectivity agreement, 80-step controlled trajectories, target proximity, control energy, and 11 region-restricted controls; Data Availability identifies humml-lab/fmri-control."
MWM-X10E1E2640B,A Modular Framework to Predict Alzheimer’s Disease Progression Using Conditional Generative Adversarial Networks,rollout_evidence,0,1,"Visit-stage images and fractal trends are reported, but no held-out patient trajectory, demonstrated full cascade, calibration, baseline, or external test.","Recursive visit-conditioned generation is shown, but no patient split, matched future-image error, uncertainty, external validation, or clinical comparison is reported.",Primary PDF pp. 3-7; Fig. 3; Sec. V-A/V-B; Fig. 21; DOI 10.1109/IJCNN48605.2020.9206875,pp. 3-7; Fig. 3; Experiments V.A-V.B; Figs. 11-21
MWM-X10E1E2640B,A Modular Framework to Predict Alzheimer’s Disease Progression Using Conditional Generative Adversarial Networks,reproducibility_evidence,1,0,"Visit-stage images and fractal trends are reported, but no held-out patient trajectory, demonstrated full cascade, calibration, baseline, or external test.","Recursive visit-conditioned generation is shown, but no patient split, matched future-image error, uncertainty, external validation, or clinical comparison is reported.",Primary PDF pp. 3-7; Fig. 3; Sec. V-A/V-B; Fig. 21; DOI 10.1109/IJCNN48605.2020.9206875,pp. 3-7; Fig. 3; Experiments V.A-V.B; Figs. 11-21
MWM-X10E1E2640B,A Modular Framework to Predict Alzheimer’s Disease Progression Using Conditional Generative Adversarial Networks,free_running_rollout,unclear,yes,"Visit-stage images and fractal trends are reported, but no held-out patient trajectory, demonstrated full cascade, calibration, baseline, or external test.","Recursive visit-conditioned generation is shown, but no patient split, matched future-image error, uncertainty, external validation, or clinical comparison is reported.",Primary PDF pp. 3-7; Fig. 3; Sec. V-A/V-B; Fig. 21; DOI 10.1109/IJCNN48605.2020.9206875,pp. 3-7; Fig. 3; Experiments V.A-V.B; Figs. 11-21
MWM-X36A3691F14,A data-driven Alzheimer's disease progression simulator for retrospective validation and prospective Phase III power design.,closed_loop_evaluation,offline,simulation,"The paper implements intervention-conditioned trial simulations and explicit treated-versus-placebo endpoint/power calculations. Trial-specific and leave-one-trial-out calibration means the external trial comparison is not a fully frozen independent validation. Repeated simulations quantify Monte Carlo variation, but no reliability, coverage, or calibration-slope analysis is reported. Public source code is identified in the paper.","Six placebo/treatment profiles and power simulations support action evidence. External RCT comparison is adapted with trial-specific calibration, so it is not frozen; safety and full causal identification remain absent.","medRxiv full text, DOI 10.64898/2026.05.03.26352317: Abstract and pp. 2-4 state the six-trial retrospective/prospective design; Results pp. 5-11, Tables 1-2, and Figs. 1-5 report biomarker trajectories, placebo/treatment contrasts, endpoint predictions, and power curves; Methods pp. 14-21 define the VAE-neural-ODE state and amyloid-clearance intervention; pp. 13-14 discuss limitations.",Abstract; Methods pp. 6–16 and Algorithm 1; Results/trial figures pp. 17–27; code/data statements.
MWM-XB41D731350,A digital twin for hospital antimicrobial resistance forecasting and constrained intervention optimisation,causal_evidence,1,2,"This is strong within-simulator planning evidence with baseline containment, multiple policy perturbations and constraints. Causal evidence is partial because the estimand and matched random streams are explicit only within an assumed synthetic system; no real-hospital identification or external validation exists. Safety is a constraint/stress proxy, not clinical safety.","The causal/policy contrast is fully defined inside a known synthetic simulator, hence causal evidence is strong for that simulated data-generating process but does not establish real-hospital effects. The learned predictor is fixed-horizon, not shown consuming its own generated states recursively. Frozen validation is synthetic zero-shot shift.","medRxiv v1 Methods: synthetic hospital, H=7 graph forecasting, matched policy branches and MILP; Results report stress tests, held-out action-ranking accuracy/regret/non-worsening; official predictive and causal GitHub repositories.","Preprint Methods define the synthetic 10-ward/200-patient/300-staff hospital, T=7/H=7 prediction, partial surveillance, five-policy branch, common deterministic noise, and constrained optimization; Results report surveillance and distribution-shift stress tests and policy ranking; equation defines ΔB7(a)=B7(baseline)-B7(a)."
MWM-XB41D731350,A digital twin for hospital antimicrobial resistance forecasting and constrained intervention optimisation,external_evidence,0,1,"This is strong within-simulator planning evidence with baseline containment, multiple policy perturbations and constraints. Causal evidence is partial because the estimand and matched random streams are explicit only within an assumed synthetic system; no real-hospital identification or external validation exists. Safety is a constraint/stress proxy, not clinical safety.","The causal/policy contrast is fully defined inside a known synthetic simulator, hence causal evidence is strong for that simulated data-generating process but does not establish real-hospital effects. The learned predictor is fixed-horizon, not shown consuming its own generated states recursively. Frozen validation is synthetic zero-shot shift.","medRxiv v1 Methods: synthetic hospital, H=7 graph forecasting, matched policy branches and MILP; Results report stress tests, held-out action-ranking accuracy/regret/non-worsening; official predictive and causal GitHub repositories.","Preprint Methods define the synthetic 10-ward/200-patient/300-staff hospital, T=7/H=7 prediction, partial surveillance, five-policy branch, common deterministic noise, and constrained optimization; Results report surveillance and distribution-shift stress tests and policy ranking; equation defines ΔB7(a)=B7(baseline)-B7(a)."
MWM-XB41D731350,A digital twin for hospital antimicrobial resistance forecasting and constrained intervention optimisation,free_running_rollout,yes,no,"This is strong within-simulator planning evidence with baseline containment, multiple policy perturbations and constraints. Causal evidence is partial because the estimand and matched random streams are explicit only within an assumed synthetic system; no real-hospital identification or external validation exists. Safety is a constraint/stress proxy, not clinical safety.","The causal/policy contrast is fully defined inside a known synthetic simulator, hence causal evidence is strong for that simulated data-generating process but does not establish real-hospital effects. The learned predictor is fixed-horizon, not shown consuming its own generated states recursively. Frozen validation is synthetic zero-shot shift.","medRxiv v1 Methods: synthetic hospital, H=7 graph forecasting, matched policy branches and MILP; Results report stress tests, held-out action-ranking accuracy/regret/non-worsening; official predictive and causal GitHub repositories.","Preprint Methods define the synthetic 10-ward/200-patient/300-staff hospital, T=7/H=7 prediction, partial surveillance, five-policy branch, common deterministic noise, and constrained optimization; Results report surveillance and distribution-shift stress tests and policy ranking; equation defines ΔB7(a)=B7(baseline)-B7(a)."
MWM-XB41D731350,A digital twin for hospital antimicrobial resistance forecasting and constrained intervention optimisation,frozen_external_validation,no,yes,"This is strong within-simulator planning evidence with baseline containment, multiple policy perturbations and constraints. Causal evidence is partial because the estimand and matched random streams are explicit only within an assumed synthetic system; no real-hospital identification or external validation exists. Safety is a constraint/stress proxy, not clinical safety.","The causal/policy contrast is fully defined inside a known synthetic simulator, hence causal evidence is strong for that simulated data-generating process but does not establish real-hospital effects. The learned predictor is fixed-horizon, not shown consuming its own generated states recursively. Frozen validation is synthetic zero-shot shift.","medRxiv v1 Methods: synthetic hospital, H=7 graph forecasting, matched policy branches and MILP; Results report stress tests, held-out action-ranking accuracy/regret/non-worsening; official predictive and causal GitHub repositories.","Preprint Methods define the synthetic 10-ward/200-patient/300-staff hospital, T=7/H=7 prediction, partial surveillance, five-policy branch, common deterministic noise, and constrained optimization; Results report surveillance and distribution-shift stress tests and policy ranking; equation defines ΔB7(a)=B7(baseline)-B7(a)."
MWM-XB41D731350,A digital twin for hospital antimicrobial resistance forecasting and constrained intervention optimisation,safety_hazard_test,yes,no,"This is strong within-simulator planning evidence with baseline containment, multiple policy perturbations and constraints. Causal evidence is partial because the estimand and matched random streams are explicit only within an assumed synthetic system; no real-hospital identification or external validation exists. Safety is a constraint/stress proxy, not clinical safety.","The causal/policy contrast is fully defined inside a known synthetic simulator, hence causal evidence is strong for that simulated data-generating process but does not establish real-hospital effects. The learned predictor is fixed-horizon, not shown consuming its own generated states recursively. Frozen validation is synthetic zero-shot shift.","medRxiv v1 Methods: synthetic hospital, H=7 graph forecasting, matched policy branches and MILP; Results report stress tests, held-out action-ranking accuracy/regret/non-worsening; official predictive and causal GitHub repositories.","Preprint Methods define the synthetic 10-ward/200-patient/300-staff hospital, T=7/H=7 prediction, partial surveillance, five-policy branch, common deterministic noise, and constrained optimization; Results report surveillance and distribution-shift stress tests and policy ranking; equation defines ΔB7(a)=B7(baseline)-B7(a)."
MWM-XF6449FE2D4,AKI-twinX: explainable organ structured digital twin for sepsis AKI trajectory forecasting,uncertainty_evidence,0,1,"The withdrawal analysis is explicitly a sensitivity probe rather than a causal effect. External IUH evaluation is frozen, but forecasts are one-step and uncalibrated.","Strong next-window and external discrimination evidence; withdrawal is an altered-input forecast, not a causally identified effect. Main text is inconsistent about 12- versus 24-hour horizon.",Preprint pp. 16-24; Fig. 2; Fig. 4; Case-based intervention section; DOI 10.64898/2026.03.13.26346736,Figs. 2-5; Methods Phase 1/2 and external validation; Discussion counterfactual limitations
MWM-XF6449FE2D4,AKI-twinX: explainable organ structured digital twin for sepsis AKI trajectory forecasting,safety_evidence,0,1,"The withdrawal analysis is explicitly a sensitivity probe rather than a causal effect. External IUH evaluation is frozen, but forecasts are one-step and uncalibrated.","Strong next-window and external discrimination evidence; withdrawal is an altered-input forecast, not a causally identified effect. Main text is inconsistent about 12- versus 24-hour horizon.",Preprint pp. 16-24; Fig. 2; Fig. 4; Case-based intervention section; DOI 10.64898/2026.03.13.26346736,Figs. 2-5; Methods Phase 1/2 and external validation; Discussion counterfactual limitations
MWM-0011,Action-Conditioned World Model for Goal Plane Probe Guidance in Robotic Ultrasound,external_evidence,0,1,"Real closed-loop guidance and zero/inverse-action controls support planning and action evidence. The image model predicts offsets rather than recursively consuming generated images, and force safety is not measured.","Physical closed-loop guidance supports planning and decision evidence; zero/inverse-action controls support action evidence, but the world model itself is not recursively rolled out and force safety is not tested.",Sec.II pp.2-4; Table I p.5; Fig.4 and Tables II-IV pp.5-7; Discussion p.8,Sec. II pp.2-4; Table I p.5; Fig. 4 and Tables II-IV pp.5-7; Discussion p.8
MWM-0011,Action-Conditioned World Model for Goal Plane Probe Guidance in Robotic Ultrasound,reproducibility_evidence,0,1,"Real closed-loop guidance and zero/inverse-action controls support planning and action evidence. The image model predicts offsets rather than recursively consuming generated images, and force safety is not measured.","Physical closed-loop guidance supports planning and decision evidence; zero/inverse-action controls support action evidence, but the world model itself is not recursively rolled out and force safety is not tested.",Sec.II pp.2-4; Table I p.5; Fig.4 and Tables II-IV pp.5-7; Discussion p.8,Sec. II pp.2-4; Table I p.5; Fig. 4 and Tables II-IV pp.5-7; Discussion p.8
MWM-0013,Agentifying Patient Dynamics within LLMs through Interacting with Clinical World Model,external_evidence,2,1,"Planning is evaluated with model rollouts and OPE, including unsafe-action review, but transition fidelity is mainly one-step and causal identification, overlap, and calibrated uncertainty are incomplete.","Policy-value estimators justify partial causal and decision evidence, not identified individual counterfactuals; unsafe-dose rules and expert failure review are meaningful but lack severity/recovery testing.",Abstract and Secs.2-3 pp.1-5; Tables 3-4 pp.8-9; Apps.C-F pp.15-18; Apps.I-J pp.23-24,Secs.2-3 and Tables 1-2 pp.1-5; Sec.5 and Tables 3-4 pp.8-9; Apps.C-F and I-J pp.15-24
MWM-0018,Arti-JEPA: Adapting Video World Model to Real-Time MRI of the Vocal Tract for Speech-Production Analysis,frozen_external_validation,no,unclear,"Masked representation prediction and probes provide indirect temporal evidence, not a free-running clinical trajectory simulator. Audio conditioning was not an effective action channel.","Masked latent prediction and frozen probes support narrow dynamics evidence, not a free-running clinical trajectory model; external cohorts are small and target fitting is incompletely clear.",Abstract pp.1-2; Sec.3 pp.3-5; Sec.4 pp.6-9; clinical evaluations pp.10-15; Limitations p.16; Appendix pp.19-25,Abstract pp.1-2; Secs.3-4 pp.3-9; Tables 1-9; clinical evaluations pp.10-15; Limitations p.16
MWM-X6FB8E7370E,Autosomal Dominant Tubulointerstitial Kidney Disease Clinical Trial Simulator: Case Reports of Model-Informed Drug Development.,dynamics_evidence,2,1,"Alternative assumed treatment effects are simulated against placebo to support trial-design decisions. The disease models have prior test/VPC support, but intervention response is hypothetical rather than clinically validated, and no confounding or overlap analysis supports causal interpretation. The public Shiny interface and snippets aid inspection but do not constitute a complete downloadable analysis repository.","Placebo plus parameter-effect scenarios support action testing and trial utility, but treatment effects are imposed rather than empirically validated; external, causal, safety, and calibration evidence are absent.","Clinical and Translational Science full text, DOI 10.1002/psp4.70258: Methods sections 'Development of the CTS tool' and 'Clinical trial simulations' describe the UMOD/MUC1 registry models, synthetic cohorts, placebo and treatment parameter changes, durations, and 100 replicates; Results case reports and associated figures/tables report power across effect sizes and trial designs; Discussion states assumptions and validation limits; Data S1 supplies selected code examples.",Model/Methods and Fig. 1; case studies and Figs./Tables 2–5; Discussion and Data S1.
MWM-X6FB8E7370E,Autosomal Dominant Tubulointerstitial Kidney Disease Clinical Trial Simulator: Case Reports of Model-Informed Drug Development.,rollout_evidence,2,1,"Alternative assumed treatment effects are simulated against placebo to support trial-design decisions. The disease models have prior test/VPC support, but intervention response is hypothetical rather than clinically validated, and no confounding or overlap analysis supports causal interpretation. The public Shiny interface and snippets aid inspection but do not constitute a complete downloadable analysis repository.","Placebo plus parameter-effect scenarios support action testing and trial utility, but treatment effects are imposed rather than empirically validated; external, causal, safety, and calibration evidence are absent.","Clinical and Translational Science full text, DOI 10.1002/psp4.70258: Methods sections 'Development of the CTS tool' and 'Clinical trial simulations' describe the UMOD/MUC1 registry models, synthetic cohorts, placebo and treatment parameter changes, durations, and 100 replicates; Results case reports and associated figures/tables report power across effect sizes and trial designs; Discussion states assumptions and validation limits; Data S1 supplies selected code examples.",Model/Methods and Fig. 1; case studies and Figs./Tables 2–5; Discussion and Data S1.
MWM-X6FB8E7370E,Autosomal Dominant Tubulointerstitial Kidney Disease Clinical Trial Simulator: Case Reports of Model-Informed Drug Development.,causal_evidence,1,0,"Alternative assumed treatment effects are simulated against placebo to support trial-design decisions. The disease models have prior test/VPC support, but intervention response is hypothetical rather than clinically validated, and no confounding or overlap analysis supports causal interpretation. The public Shiny interface and snippets aid inspection but do not constitute a complete downloadable analysis repository.","Placebo plus parameter-effect scenarios support action testing and trial utility, but treatment effects are imposed rather than empirically validated; external, causal, safety, and calibration evidence are absent.","Clinical and Translational Science full text, DOI 10.1002/psp4.70258: Methods sections 'Development of the CTS tool' and 'Clinical trial simulations' describe the UMOD/MUC1 registry models, synthetic cohorts, placebo and treatment parameter changes, durations, and 100 replicates; Results case reports and associated figures/tables report power across effect sizes and trial designs; Discussion states assumptions and validation limits; Data S1 supplies selected code examples.",Model/Methods and Fig. 1; case studies and Figs./Tables 2–5; Discussion and Data S1.
MWM-X6FB8E7370E,Autosomal Dominant Tubulointerstitial Kidney Disease Clinical Trial Simulator: Case Reports of Model-Informed Drug Development.,external_evidence,1,0,"Alternative assumed treatment effects are simulated against placebo to support trial-design decisions. The disease models have prior test/VPC support, but intervention response is hypothetical rather than clinically validated, and no confounding or overlap analysis supports causal interpretation. The public Shiny interface and snippets aid inspection but do not constitute a complete downloadable analysis repository.","Placebo plus parameter-effect scenarios support action testing and trial utility, but treatment effects are imposed rather than empirically validated; external, causal, safety, and calibration evidence are absent.","Clinical and Translational Science full text, DOI 10.1002/psp4.70258: Methods sections 'Development of the CTS tool' and 'Clinical trial simulations' describe the UMOD/MUC1 registry models, synthetic cohorts, placebo and treatment parameter changes, durations, and 100 replicates; Results case reports and associated figures/tables report power across effect sizes and trial designs; Discussion states assumptions and validation limits; Data S1 supplies selected code examples.",Model/Methods and Fig. 1; case studies and Figs./Tables 2–5; Discussion and Data S1.
MWM-X6FB8E7370E,Autosomal Dominant Tubulointerstitial Kidney Disease Clinical Trial Simulator: Case Reports of Model-Informed Drug Development.,closed_loop_evaluation,offline,simulation,"Alternative assumed treatment effects are simulated against placebo to support trial-design decisions. The disease models have prior test/VPC support, but intervention response is hypothetical rather than clinically validated, and no confounding or overlap analysis supports causal interpretation. The public Shiny interface and snippets aid inspection but do not constitute a complete downloadable analysis repository.","Placebo plus parameter-effect scenarios support action testing and trial utility, but treatment effects are imposed rather than empirically validated; external, causal, safety, and calibration evidence are absent.","Clinical and Translational Science full text, DOI 10.1002/psp4.70258: Methods sections 'Development of the CTS tool' and 'Clinical trial simulations' describe the UMOD/MUC1 registry models, synthetic cohorts, placebo and treatment parameter changes, durations, and 100 replicates; Results case reports and associated figures/tables report power across effect sizes and trial designs; Discussion states assumptions and validation limits; Data S1 supplies selected code examples.",Model/Methods and Fig. 1; case studies and Figs./Tables 2–5; Discussion and Data S1.
MWM-X6FB8E7370E,Autosomal Dominant Tubulointerstitial Kidney Disease Clinical Trial Simulator: Case Reports of Model-Informed Drug Development.,public_code,no,yes,"Alternative assumed treatment effects are simulated against placebo to support trial-design decisions. The disease models have prior test/VPC support, but intervention response is hypothetical rather than clinically validated, and no confounding or overlap analysis supports causal interpretation. The public Shiny interface and snippets aid inspection but do not constitute a complete downloadable analysis repository.","Placebo plus parameter-effect scenarios support action testing and trial utility, but treatment effects are imposed rather than empirically validated; external, causal, safety, and calibration evidence are absent.","Clinical and Translational Science full text, DOI 10.1002/psp4.70258: Methods sections 'Development of the CTS tool' and 'Clinical trial simulations' describe the UMOD/MUC1 registry models, synthetic cohorts, placebo and treatment parameter changes, durations, and 100 replicates; Results case reports and associated figures/tables report power across effect sizes and trial designs; Discussion states assumptions and validation limits; Data S1 supplies selected code examples.",Model/Methods and Fig. 1; case studies and Figs./Tables 2–5; Discussion and Data S1.
MWM-0032,BLINK: Behavioral Latent Modeling of NK Cell Cytotoxicity,action_evidence,1,2,"A 30-step free latent forecast supports dynamics, but there is no horizon-resolved drift analysis. The no-action ablation is limited, and motion is observed rather than an intervention.","A 30-step free latent forecast is present but is not reported across multiple horizons; the no-action ablation supports action evidence, while observed cell motion is not a causal intervention.",Methods pp.3-5; dataset protocol p.6; Table 1 p.7; Fig.3 p.8,Methods pp.3-5; Dataset p.6; Table 1 p.7; Fig. 3 p.8
MWM-0032,BLINK: Behavioral Latent Modeling of NK Cell Cytotoxicity,uncertainty_evidence,0,1,"A 30-step free latent forecast supports dynamics, but there is no horizon-resolved drift analysis. The no-action ablation is limited, and motion is observed rather than an intervention.","A 30-step free latent forecast is present but is not reported across multiple horizons; the no-action ablation supports action evidence, while observed cell motion is not a causal intervention.",Methods pp.3-5; dataset protocol p.6; Table 1 p.7; Fig.3 p.8,Methods pp.3-5; Dataset p.6; Table 1 p.7; Fig. 3 p.8
MWM-0034,Brain-WM: Brain Glioblastoma World Model,action_evidence,0,1,"The paper claims a counterfactual sandbox, but evidence is one observed next-treatment/next-MRI transition without alternative-treatment ground truth or confounding adjustment.","Counterfactual sandbox language sets the claim level, but evidence is one-step factual treatment-conditioned synthesis without confounding control or alternative-treatment outcomes.",Abstract and Fig.1 p.1; Sec.III pp.2-5; Tables I-II pp.5-6; Figs.4-7 and Tables III-IV pp.7-9,Abstract and Fig. 1 p.1; Sec. III pp.2-5; Tables I-IV and Figs.4-7 pp.5-9
MWM-0034,Brain-WM: Brain Glioblastoma World Model,reproducibility_evidence,2,1,"The paper claims a counterfactual sandbox, but evidence is one observed next-treatment/next-MRI transition without alternative-treatment ground truth or confounding adjustment.","Counterfactual sandbox language sets the claim level, but evidence is one-step factual treatment-conditioned synthesis without confounding control or alternative-treatment outcomes.",Abstract and Fig.1 p.1; Sec.III pp.2-5; Tables I-II pp.5-6; Figs.4-7 and Tables III-IV pp.7-9,Abstract and Fig. 1 p.1; Sec. III pp.2-5; Tables I-IV and Figs.4-7 pp.5-9
MWM-0034,Brain-WM: Brain Glioblastoma World Model,closed_loop_evaluation,no,offline,"The paper claims a counterfactual sandbox, but evidence is one observed next-treatment/next-MRI transition without alternative-treatment ground truth or confounding adjustment.","Counterfactual sandbox language sets the claim level, but evidence is one-step factual treatment-conditioned synthesis without confounding control or alternative-treatment outcomes.",Abstract and Fig.1 p.1; Sec.III pp.2-5; Tables I-II pp.5-6; Figs.4-7 and Tables III-IV pp.7-9,Abstract and Fig. 1 p.1; Sec. III pp.2-5; Tables I-IV and Figs.4-7 pp.5-9
MWM-0239,CLARITY: Medical World Model for Guiding Treatment Decisions by Modeling Context-Aware Disease Trajectories in Latent Space,external_evidence,2,1,"Recursive candidate-treatment planning is shown, but no horizon-resolved rollout fidelity or causal identification supports optimal-treatment claims. UCSF is a frozen zero-shot component test; expert review is small.","Recursive planning is not validated by rollout horizon; Brier score is not formal calibration, and regimen matching/expert preference do not validate unobserved treatment counterfactuals.",Methods/rollout pp.5-10; datasets p.10; Tables 1-6 and Figs.5-6 pp.11-15; Appendix pp.19-24,Methods/rollout pp.5-10; datasets p.10; Tables 1-6 and Figs.5-6 pp.11-15; Appendix pp.19-24
MWM-XD3411F7D18,"CardamomOT: a mechanistic optimal transport-based framework for gene regulatory network inference, trajectory reconstruction and generative modeling",highest_capability_claim,action_conditioned,counterfactual,"Full-text-only sample totals, exact metric definitions, inferential tests and causal assumptions are NI because of HTTP 429. Scores rely on the accessible abstract and official executable artifacts. Multiple real datasets are fitted separately, so external evidence is limited and not frozen. No formal uncertainty calibration, decision task or safety test was verifiable.","Full PDF/HTML access was blocked by bioRxiv HTTP 1015, so exact sample counts, paper tables, numerical findings, complete baselines, statistical procedures, maximum horizon, and frozen-validation status are NI rather than guessed. Counterfactual language is present, but no explicit population intervention estimand or complete causal identification was found in accessible primary artifacts.","Accessible bioRxiv v2 abstract; official GitHub README/docs; experimental_datasets Schiebinger, Semrau and Kameneva; article result scripts figure3.py-figure8.py; wild-type, KO, partial-KO, overexpression, stimulus and weights artifacts. bioRxiv PDF/XML returned HTTP 429 repeatedly on 2026-09-12.","BioRxiv API abstract/version record states joint GRN/protein trajectory reconstruction and prediction of unseen perturbations; official CardamomOT README, configs, tests, dataset modules, and results/figure scripts document mechanistic transcription/translation/degradation, Semrau/Kameneva/Schiebinger data, synthetic networks, AUPR/velocity analyses, dropout/time-point noise, and KO/overexpression/stimulus operators."
MWM-XD3411F7D18,"CardamomOT: a mechanistic optimal transport-based framework for gene regulatory network inference, trajectory reconstruction and generative modeling",rollout_evidence,2,1,"Full-text-only sample totals, exact metric definitions, inferential tests and causal assumptions are NI because of HTTP 429. Scores rely on the accessible abstract and official executable artifacts. Multiple real datasets are fitted separately, so external evidence is limited and not frozen. No formal uncertainty calibration, decision task or safety test was verifiable.","Full PDF/HTML access was blocked by bioRxiv HTTP 1015, so exact sample counts, paper tables, numerical findings, complete baselines, statistical procedures, maximum horizon, and frozen-validation status are NI rather than guessed. Counterfactual language is present, but no explicit population intervention estimand or complete causal identification was found in accessible primary artifacts.","Accessible bioRxiv v2 abstract; official GitHub README/docs; experimental_datasets Schiebinger, Semrau and Kameneva; article result scripts figure3.py-figure8.py; wild-type, KO, partial-KO, overexpression, stimulus and weights artifacts. bioRxiv PDF/XML returned HTTP 429 repeatedly on 2026-09-12.","BioRxiv API abstract/version record states joint GRN/protein trajectory reconstruction and prediction of unseen perturbations; official CardamomOT README, configs, tests, dataset modules, and results/figure scripts document mechanistic transcription/translation/degradation, Semrau/Kameneva/Schiebinger data, synthetic networks, AUPR/velocity analyses, dropout/time-point noise, and KO/overexpression/stimulus operators."
MWM-XD3411F7D18,"CardamomOT: a mechanistic optimal transport-based framework for gene regulatory network inference, trajectory reconstruction and generative modeling",uncertainty_evidence,0,1,"Full-text-only sample totals, exact metric definitions, inferential tests and causal assumptions are NI because of HTTP 429. Scores rely on the accessible abstract and official executable artifacts. Multiple real datasets are fitted separately, so external evidence is limited and not frozen. No formal uncertainty calibration, decision task or safety test was verifiable.","Full PDF/HTML access was blocked by bioRxiv HTTP 1015, so exact sample counts, paper tables, numerical findings, complete baselines, statistical procedures, maximum horizon, and frozen-validation status are NI rather than guessed. Counterfactual language is present, but no explicit population intervention estimand or complete causal identification was found in accessible primary artifacts.","Accessible bioRxiv v2 abstract; official GitHub README/docs; experimental_datasets Schiebinger, Semrau and Kameneva; article result scripts figure3.py-figure8.py; wild-type, KO, partial-KO, overexpression, stimulus and weights artifacts. bioRxiv PDF/XML returned HTTP 429 repeatedly on 2026-09-12.","BioRxiv API abstract/version record states joint GRN/protein trajectory reconstruction and prediction of unseen perturbations; official CardamomOT README, configs, tests, dataset modules, and results/figure scripts document mechanistic transcription/translation/degradation, Semrau/Kameneva/Schiebinger data, synthetic networks, AUPR/velocity analyses, dropout/time-point noise, and KO/overexpression/stimulus operators."
MWM-XD3411F7D18,"CardamomOT: a mechanistic optimal transport-based framework for gene regulatory network inference, trajectory reconstruction and generative modeling",causal_evidence,NA,1,"Full-text-only sample totals, exact metric definitions, inferential tests and causal assumptions are NI because of HTTP 429. Scores rely on the accessible abstract and official executable artifacts. Multiple real datasets are fitted separately, so external evidence is limited and not frozen. No formal uncertainty calibration, decision task or safety test was verifiable.","Full PDF/HTML access was blocked by bioRxiv HTTP 1015, so exact sample counts, paper tables, numerical findings, complete baselines, statistical procedures, maximum horizon, and frozen-validation status are NI rather than guessed. Counterfactual language is present, but no explicit population intervention estimand or complete causal identification was found in accessible primary artifacts.","Accessible bioRxiv v2 abstract; official GitHub README/docs; experimental_datasets Schiebinger, Semrau and Kameneva; article result scripts figure3.py-figure8.py; wild-type, KO, partial-KO, overexpression, stimulus and weights artifacts. bioRxiv PDF/XML returned HTTP 429 repeatedly on 2026-09-12.","BioRxiv API abstract/version record states joint GRN/protein trajectory reconstruction and prediction of unseen perturbations; official CardamomOT README, configs, tests, dataset modules, and results/figure scripts document mechanistic transcription/translation/degradation, Semrau/Kameneva/Schiebinger data, synthetic networks, AUPR/velocity analyses, dropout/time-point noise, and KO/overexpression/stimulus operators."
MWM-XD3411F7D18,"CardamomOT: a mechanistic optimal transport-based framework for gene regulatory network inference, trajectory reconstruction and generative modeling",horizon_resolved_results,yes,no,"Full-text-only sample totals, exact metric definitions, inferential tests and causal assumptions are NI because of HTTP 429. Scores rely on the accessible abstract and official executable artifacts. Multiple real datasets are fitted separately, so external evidence is limited and not frozen. No formal uncertainty calibration, decision task or safety test was verifiable.","Full PDF/HTML access was blocked by bioRxiv HTTP 1015, so exact sample counts, paper tables, numerical findings, complete baselines, statistical procedures, maximum horizon, and frozen-validation status are NI rather than guessed. Counterfactual language is present, but no explicit population intervention estimand or complete causal identification was found in accessible primary artifacts.","Accessible bioRxiv v2 abstract; official GitHub README/docs; experimental_datasets Schiebinger, Semrau and Kameneva; article result scripts figure3.py-figure8.py; wild-type, KO, partial-KO, overexpression, stimulus and weights artifacts. bioRxiv PDF/XML returned HTTP 429 repeatedly on 2026-09-12.","BioRxiv API abstract/version record states joint GRN/protein trajectory reconstruction and prediction of unseen perturbations; official CardamomOT README, configs, tests, dataset modules, and results/figure scripts document mechanistic transcription/translation/degradation, Semrau/Kameneva/Schiebinger data, synthetic networks, AUPR/velocity analyses, dropout/time-point noise, and KO/overexpression/stimulus operators."
MWM-XD3411F7D18,"CardamomOT: a mechanistic optimal transport-based framework for gene regulatory network inference, trajectory reconstruction and generative modeling",frozen_external_validation,no,unclear,"Full-text-only sample totals, exact metric definitions, inferential tests and causal assumptions are NI because of HTTP 429. Scores rely on the accessible abstract and official executable artifacts. Multiple real datasets are fitted separately, so external evidence is limited and not frozen. No formal uncertainty calibration, decision task or safety test was verifiable.","Full PDF/HTML access was blocked by bioRxiv HTTP 1015, so exact sample counts, paper tables, numerical findings, complete baselines, statistical procedures, maximum horizon, and frozen-validation status are NI rather than guessed. Counterfactual language is present, but no explicit population intervention estimand or complete causal identification was found in accessible primary artifacts.","Accessible bioRxiv v2 abstract; official GitHub README/docs; experimental_datasets Schiebinger, Semrau and Kameneva; article result scripts figure3.py-figure8.py; wild-type, KO, partial-KO, overexpression, stimulus and weights artifacts. bioRxiv PDF/XML returned HTTP 429 repeatedly on 2026-09-12.","BioRxiv API abstract/version record states joint GRN/protein trajectory reconstruction and prediction of unseen perturbations; official CardamomOT README, configs, tests, dataset modules, and results/figure scripts document mechanistic transcription/translation/degradation, Semrau/Kameneva/Schiebinger data, synthetic networks, AUPR/velocity analyses, dropout/time-point noise, and KO/overexpression/stimulus operators."
MWM-XD3411F7D18,"CardamomOT: a mechanistic optimal transport-based framework for gene regulatory network inference, trajectory reconstruction and generative modeling",explicit_causal_estimand,NA,no,"Full-text-only sample totals, exact metric definitions, inferential tests and causal assumptions are NI because of HTTP 429. Scores rely on the accessible abstract and official executable artifacts. Multiple real datasets are fitted separately, so external evidence is limited and not frozen. No formal uncertainty calibration, decision task or safety test was verifiable.","Full PDF/HTML access was blocked by bioRxiv HTTP 1015, so exact sample counts, paper tables, numerical findings, complete baselines, statistical procedures, maximum horizon, and frozen-validation status are NI rather than guessed. Counterfactual language is present, but no explicit population intervention estimand or complete causal identification was found in accessible primary artifacts.","Accessible bioRxiv v2 abstract; official GitHub README/docs; experimental_datasets Schiebinger, Semrau and Kameneva; article result scripts figure3.py-figure8.py; wild-type, KO, partial-KO, overexpression, stimulus and weights artifacts. bioRxiv PDF/XML returned HTTP 429 repeatedly on 2026-09-12.","BioRxiv API abstract/version record states joint GRN/protein trajectory reconstruction and prediction of unseen perturbations; official CardamomOT README, configs, tests, dataset modules, and results/figure scripts document mechanistic transcription/translation/degradation, Semrau/Kameneva/Schiebinger data, synthetic networks, AUPR/velocity analyses, dropout/time-point noise, and KO/overexpression/stimulus operators."
MWM-XD3411F7D18,"CardamomOT: a mechanistic optimal transport-based framework for gene regulatory network inference, trajectory reconstruction and generative modeling",closed_loop_evaluation,no,offline,"Full-text-only sample totals, exact metric definitions, inferential tests and causal assumptions are NI because of HTTP 429. Scores rely on the accessible abstract and official executable artifacts. Multiple real datasets are fitted separately, so external evidence is limited and not frozen. No formal uncertainty calibration, decision task or safety test was verifiable.","Full PDF/HTML access was blocked by bioRxiv HTTP 1015, so exact sample counts, paper tables, numerical findings, complete baselines, statistical procedures, maximum horizon, and frozen-validation status are NI rather than guessed. Counterfactual language is present, but no explicit population intervention estimand or complete causal identification was found in accessible primary artifacts.","Accessible bioRxiv v2 abstract; official GitHub README/docs; experimental_datasets Schiebinger, Semrau and Kameneva; article result scripts figure3.py-figure8.py; wild-type, KO, partial-KO, overexpression, stimulus and weights artifacts. bioRxiv PDF/XML returned HTTP 429 repeatedly on 2026-09-12.","BioRxiv API abstract/version record states joint GRN/protein trajectory reconstruction and prediction of unseen perturbations; official CardamomOT README, configs, tests, dataset modules, and results/figure scripts document mechanistic transcription/translation/degradation, Semrau/Kameneva/Schiebinger data, synthetic networks, AUPR/velocity analyses, dropout/time-point noise, and KO/overexpression/stimulus operators."
MWM-X1BBCF32528,"CellPace: A temporal diffusion-forcing framework for simulation, interpolation and forecasting of single-cell dynamics",decision_evidence,0,1,Strong stage-resolved interpolation and extrapolation with public code/data. Stochastic samples are not calibrated and cross-sectional cells cannot validate individual-cell paths.,"Leakage-controlled held-out-stage interpolation/extrapolation and free-running sliding windows are strong; cross-sectional cells, no frozen transfer, and no formal calibration limit interpretation.","Preprint Figs. 1-5; pp. 23-30 Methods; stage-holdout, metrics, and Software/Data Availability sections; DOI 10.64898/2026.02.25.707938",Fig. 1; Figs. 2-5; Methods temporal splits/generation/metrics; Software and Data Availability
MWM-X962473BB89,Chreode: A Cell World Model for One-Step Temporal Dynamics and Perturbation Prediction,dynamics_evidence,1,2,"The action-conditioned claim is supported by architecture and perturbation transfer, but developmental pretraining uses a null action and no action-removal, shuffle, dose, or causal test. Frozen external validation refers only to the zero-shot Weinreb fate analysis; the time-transition and GEARS tasks involve downstream training.","Highest claim is action-conditioned because the paper defines a nominal intervention-conditioned transition and perturbation task. However, the action token is null during temporal pretraining and the Norman result replaces a GEARS embedding rather than evaluating a standalone action-conditioned Chreode operator. Multiple elapsed-time targets are one-step queries, not free-running rollout. Cross-dataset results use fine-tuning, so external evidence is adapted rather than frozen. The do(a) notation triggers causal scrutiny, but no effect contrast, identification strategy, overlap analysis, or counterfactual validation is provided. Qualitative dual-use discussion supports safety=1 without a hazard test.","Secs. 3-5 and Tables 1-4; Sec. 7; Apps. A.4, E, and I",Abstract and pp. 2-7; Tables 1-4 pp. 8-9; Scope pp. 9-10; Appendices A-C pp. 12-16; ablations pp. 17-18; NeurIPS checklist pp. 19-25
MWM-X962473BB89,Chreode: A Cell World Model for One-Step Temporal Dynamics and Perturbation Prediction,action_evidence,1,0,"The action-conditioned claim is supported by architecture and perturbation transfer, but developmental pretraining uses a null action and no action-removal, shuffle, dose, or causal test. Frozen external validation refers only to the zero-shot Weinreb fate analysis; the time-transition and GEARS tasks involve downstream training.","Highest claim is action-conditioned because the paper defines a nominal intervention-conditioned transition and perturbation task. However, the action token is null during temporal pretraining and the Norman result replaces a GEARS embedding rather than evaluating a standalone action-conditioned Chreode operator. Multiple elapsed-time targets are one-step queries, not free-running rollout. Cross-dataset results use fine-tuning, so external evidence is adapted rather than frozen. The do(a) notation triggers causal scrutiny, but no effect contrast, identification strategy, overlap analysis, or counterfactual validation is provided. Qualitative dual-use discussion supports safety=1 without a hazard test.","Secs. 3-5 and Tables 1-4; Sec. 7; Apps. A.4, E, and I",Abstract and pp. 2-7; Tables 1-4 pp. 8-9; Scope pp. 9-10; Appendices A-C pp. 12-16; ablations pp. 17-18; NeurIPS checklist pp. 19-25
MWM-X962473BB89,Chreode: A Cell World Model for One-Step Temporal Dynamics and Perturbation Prediction,uncertainty_evidence,1,0,"The action-conditioned claim is supported by architecture and perturbation transfer, but developmental pretraining uses a null action and no action-removal, shuffle, dose, or causal test. Frozen external validation refers only to the zero-shot Weinreb fate analysis; the time-transition and GEARS tasks involve downstream training.","Highest claim is action-conditioned because the paper defines a nominal intervention-conditioned transition and perturbation task. However, the action token is null during temporal pretraining and the Norman result replaces a GEARS embedding rather than evaluating a standalone action-conditioned Chreode operator. Multiple elapsed-time targets are one-step queries, not free-running rollout. Cross-dataset results use fine-tuning, so external evidence is adapted rather than frozen. The do(a) notation triggers causal scrutiny, but no effect contrast, identification strategy, overlap analysis, or counterfactual validation is provided. Qualitative dual-use discussion supports safety=1 without a hazard test.","Secs. 3-5 and Tables 1-4; Sec. 7; Apps. A.4, E, and I",Abstract and pp. 2-7; Tables 1-4 pp. 8-9; Scope pp. 9-10; Appendices A-C pp. 12-16; ablations pp. 17-18; NeurIPS checklist pp. 19-25
MWM-X962473BB89,Chreode: A Cell World Model for One-Step Temporal Dynamics and Perturbation Prediction,causal_evidence,NA,0,"The action-conditioned claim is supported by architecture and perturbation transfer, but developmental pretraining uses a null action and no action-removal, shuffle, dose, or causal test. Frozen external validation refers only to the zero-shot Weinreb fate analysis; the time-transition and GEARS tasks involve downstream training.","Highest claim is action-conditioned because the paper defines a nominal intervention-conditioned transition and perturbation task. However, the action token is null during temporal pretraining and the Norman result replaces a GEARS embedding rather than evaluating a standalone action-conditioned Chreode operator. Multiple elapsed-time targets are one-step queries, not free-running rollout. Cross-dataset results use fine-tuning, so external evidence is adapted rather than frozen. The do(a) notation triggers causal scrutiny, but no effect contrast, identification strategy, overlap analysis, or counterfactual validation is provided. Qualitative dual-use discussion supports safety=1 without a hazard test.","Secs. 3-5 and Tables 1-4; Sec. 7; Apps. A.4, E, and I",Abstract and pp. 2-7; Tables 1-4 pp. 8-9; Scope pp. 9-10; Appendices A-C pp. 12-16; ablations pp. 17-18; NeurIPS checklist pp. 19-25
MWM-X962473BB89,Chreode: A Cell World Model for One-Step Temporal Dynamics and Perturbation Prediction,decision_evidence,1,0,"The action-conditioned claim is supported by architecture and perturbation transfer, but developmental pretraining uses a null action and no action-removal, shuffle, dose, or causal test. Frozen external validation refers only to the zero-shot Weinreb fate analysis; the time-transition and GEARS tasks involve downstream training.","Highest claim is action-conditioned because the paper defines a nominal intervention-conditioned transition and perturbation task. However, the action token is null during temporal pretraining and the Norman result replaces a GEARS embedding rather than evaluating a standalone action-conditioned Chreode operator. Multiple elapsed-time targets are one-step queries, not free-running rollout. Cross-dataset results use fine-tuning, so external evidence is adapted rather than frozen. The do(a) notation triggers causal scrutiny, but no effect contrast, identification strategy, overlap analysis, or counterfactual validation is provided. Qualitative dual-use discussion supports safety=1 without a hazard test.","Secs. 3-5 and Tables 1-4; Sec. 7; Apps. A.4, E, and I",Abstract and pp. 2-7; Tables 1-4 pp. 8-9; Scope pp. 9-10; Appendices A-C pp. 12-16; ablations pp. 17-18; NeurIPS checklist pp. 19-25
MWM-X962473BB89,Chreode: A Cell World Model for One-Step Temporal Dynamics and Perturbation Prediction,safety_evidence,0,1,"The action-conditioned claim is supported by architecture and perturbation transfer, but developmental pretraining uses a null action and no action-removal, shuffle, dose, or causal test. Frozen external validation refers only to the zero-shot Weinreb fate analysis; the time-transition and GEARS tasks involve downstream training.","Highest claim is action-conditioned because the paper defines a nominal intervention-conditioned transition and perturbation task. However, the action token is null during temporal pretraining and the Norman result replaces a GEARS embedding rather than evaluating a standalone action-conditioned Chreode operator. Multiple elapsed-time targets are one-step queries, not free-running rollout. Cross-dataset results use fine-tuning, so external evidence is adapted rather than frozen. The do(a) notation triggers causal scrutiny, but no effect contrast, identification strategy, overlap analysis, or counterfactual validation is provided. Qualitative dual-use discussion supports safety=1 without a hazard test.","Secs. 3-5 and Tables 1-4; Sec. 7; Apps. A.4, E, and I",Abstract and pp. 2-7; Tables 1-4 pp. 8-9; Scope pp. 9-10; Appendices A-C pp. 12-16; ablations pp. 17-18; NeurIPS checklist pp. 19-25
MWM-X962473BB89,Chreode: A Cell World Model for One-Step Temporal Dynamics and Perturbation Prediction,frozen_external_validation,yes,no,"The action-conditioned claim is supported by architecture and perturbation transfer, but developmental pretraining uses a null action and no action-removal, shuffle, dose, or causal test. Frozen external validation refers only to the zero-shot Weinreb fate analysis; the time-transition and GEARS tasks involve downstream training.","Highest claim is action-conditioned because the paper defines a nominal intervention-conditioned transition and perturbation task. However, the action token is null during temporal pretraining and the Norman result replaces a GEARS embedding rather than evaluating a standalone action-conditioned Chreode operator. Multiple elapsed-time targets are one-step queries, not free-running rollout. Cross-dataset results use fine-tuning, so external evidence is adapted rather than frozen. The do(a) notation triggers causal scrutiny, but no effect contrast, identification strategy, overlap analysis, or counterfactual validation is provided. Qualitative dual-use discussion supports safety=1 without a hazard test.","Secs. 3-5 and Tables 1-4; Sec. 7; Apps. A.4, E, and I",Abstract and pp. 2-7; Tables 1-4 pp. 8-9; Scope pp. 9-10; Appendices A-C pp. 12-16; ablations pp. 17-18; NeurIPS checklist pp. 19-25
MWM-X962473BB89,Chreode: A Cell World Model for One-Step Temporal Dynamics and Perturbation Prediction,explicit_causal_estimand,NA,no,"The action-conditioned claim is supported by architecture and perturbation transfer, but developmental pretraining uses a null action and no action-removal, shuffle, dose, or causal test. Frozen external validation refers only to the zero-shot Weinreb fate analysis; the time-transition and GEARS tasks involve downstream training.","Highest claim is action-conditioned because the paper defines a nominal intervention-conditioned transition and perturbation task. However, the action token is null during temporal pretraining and the Norman result replaces a GEARS embedding rather than evaluating a standalone action-conditioned Chreode operator. Multiple elapsed-time targets are one-step queries, not free-running rollout. Cross-dataset results use fine-tuning, so external evidence is adapted rather than frozen. The do(a) notation triggers causal scrutiny, but no effect contrast, identification strategy, overlap analysis, or counterfactual validation is provided. Qualitative dual-use discussion supports safety=1 without a hazard test.","Secs. 3-5 and Tables 1-4; Sec. 7; Apps. A.4, E, and I",Abstract and pp. 2-7; Tables 1-4 pp. 8-9; Scope pp. 9-10; Appendices A-C pp. 12-16; ablations pp. 17-18; NeurIPS checklist pp. 19-25
MWM-0046,ChronoMedicalWorld: A Medical World Model for Learning Patient Trajectories from Longitudinal Care Data,action_evidence,1,2,"Free-running multiyear prediction is evaluated, but the what-if/counterfactual interface is explicitly not a causal estimator. Action tests vary channels and intensity without an action-agnostic causal comparator.","The paper explicitly disclaims causal estimation, so what-if wording receives causal score 0; free-running multiyear prediction and action-channel removal/intensity tests support rollout/action evidence.",Abstract p.1; Sec.2.4 pp.3-4; Sec.3 and Fig.1 pp.4-6; Sec.4 Tables 1-3 pp.6-8; Sec.5 Tables 4-5 pp.8-9; Sec.6 p.10,Sec.2.4 pp.3-4; Sec.3 and Fig.1 pp.4-6; Tables 1-5 pp.6-9; Secs.6.2 and 6.4 p.10
MWM-0046,ChronoMedicalWorld: A Medical World Model for Learning Patient Trajectories from Longitudinal Care Data,action_agnostic_comparator,no,yes,"Free-running multiyear prediction is evaluated, but the what-if/counterfactual interface is explicitly not a causal estimator. Action tests vary channels and intensity without an action-agnostic causal comparator.","The paper explicitly disclaims causal estimation, so what-if wording receives causal score 0; free-running multiyear prediction and action-channel removal/intensity tests support rollout/action evidence.",Abstract p.1; Sec.2.4 pp.3-4; Sec.3 and Fig.1 pp.4-6; Sec.4 Tables 1-3 pp.6-8; Sec.5 Tables 4-5 pp.8-9; Sec.6 p.10,Sec.2.4 pp.3-4; Sec.3 and Fig.1 pp.4-6; Tables 1-5 pp.6-9; Secs.6.2 and 6.4 p.10
MWM-XC0A20D0271,Clin-JEPA: A Multi-Phase Co-Training Framework for Joint-Embedding Predictive Pretraining on EHR Patient Trajectories,action_evidence,1,0,"The model consumes observed intervention text and claims proposed-action rollout, but action influence is not isolated. Rollout evidence is strong for latent fidelity, although predictions are not decoded to clinical measurements and all experiments use MIMIC-IV.","The model genuinely consumes its own predicted latent states in a 48-hour autoregressive rollout, with horizon-resolved L1 drift and collapse diagnostics. Actions are encoded, but their contribution is never isolated by an action-agnostic comparator or perturbation. All evidence is from MIMIC-IV, and downstream utility is an offline risk-probe result rather than clinician or policy evaluation. The paper makes no counterfactual or treatment-effect claim, so causal fields are NA. Public code plus detailed data construction and hyperparameters support reproducibility=2 despite credentialed MIMIC access.",Secs. 3.1-3.2; Secs. 5.1-5.4 and Figs. 2-4; App. A; linked GitHub repository,Fig. 1 and Secs. 3-4 pp. 3-6; Fig. 2 and Sec. 5.2 pp. 6-7; Fig. 3 pp. 8-9; Fig. 4 and Sec. 5.4 p. 9; Appendices A-D pp. 13-18
MWM-XA5A2F4844E,Control of Magnetic Surgical Robots With Model-Based Simulators and Reinforcement Learning.,dynamics_evidence,2,1,"A learned transition model is used to plan/control a physical magnetic robot, followed by frozen real-hardware evaluation. Recursive training is demonstrated, but no horizon-resolved degradation or uncertainty analysis is provided. Safety evidence concerns hardware constraints and overheating/dead-zone handling, not tissue or patient safety. No code or dataset release was found in the full text.","Real closed-loop transfer is demonstrated on the same apparatus that supplied training data. Physical hazards are discussed/managed, but no independent device, uncertainty, horizon-fidelity, or public implementation is provided.","IEEE Transactions on Medical Robotics and Bionics full text, DOI 10.1109/TMRB.2022.3214426: Sections II-B-II-D define the 34,742-transition physical dataset, state/action space, learned simulator, 5-30-step recursive episodes, and TD3 training; Section III and Figs. 4-7 compare validation/test loss and real-robot center, random-target, and square trajectories; safety-related reset, cooling, and dead-zone constraints appear in the methods and discussion.",Methods Sec. IV-B.1–5; Experiments Sec. V-A–D; Tables I–II and Figs. 4–6.
MWM-XA5A2F4844E,Control of Magnetic Surgical Robots With Model-Based Simulators and Reinforcement Learning.,safety_evidence,2,1,"A learned transition model is used to plan/control a physical magnetic robot, followed by frozen real-hardware evaluation. Recursive training is demonstrated, but no horizon-resolved degradation or uncertainty analysis is provided. Safety evidence concerns hardware constraints and overheating/dead-zone handling, not tissue or patient safety. No code or dataset release was found in the full text.","Real closed-loop transfer is demonstrated on the same apparatus that supplied training data. Physical hazards are discussed/managed, but no independent device, uncertainty, horizon-fidelity, or public implementation is provided.","IEEE Transactions on Medical Robotics and Bionics full text, DOI 10.1109/TMRB.2022.3214426: Sections II-B-II-D define the 34,742-transition physical dataset, state/action space, learned simulator, 5-30-step recursive episodes, and TD3 training; Section III and Figs. 4-7 compare validation/test loss and real-robot center, random-target, and square trajectories; safety-related reset, cooling, and dead-zone constraints appear in the methods and discussion.",Methods Sec. IV-B.1–5; Experiments Sec. V-A–D; Tables I–II and Figs. 4–6.
MWM-XA5A2F4844E,Control of Magnetic Surgical Robots With Model-Based Simulators and Reinforcement Learning.,frozen_external_validation,yes,no,"A learned transition model is used to plan/control a physical magnetic robot, followed by frozen real-hardware evaluation. Recursive training is demonstrated, but no horizon-resolved degradation or uncertainty analysis is provided. Safety evidence concerns hardware constraints and overheating/dead-zone handling, not tissue or patient safety. No code or dataset release was found in the full text.","Real closed-loop transfer is demonstrated on the same apparatus that supplied training data. Physical hazards are discussed/managed, but no independent device, uncertainty, horizon-fidelity, or public implementation is provided.","IEEE Transactions on Medical Robotics and Bionics full text, DOI 10.1109/TMRB.2022.3214426: Sections II-B-II-D define the 34,742-transition physical dataset, state/action space, learned simulator, 5-30-step recursive episodes, and TD3 training; Section III and Figs. 4-7 compare validation/test loss and real-robot center, random-target, and square trajectories; safety-related reset, cooling, and dead-zone constraints appear in the methods and discussion.",Methods Sec. IV-B.1–5; Experiments Sec. V-A–D; Tables I–II and Figs. 4–6.
MWM-S004,Cosmos-H-Surgical: Learning Surgical Robot Policies from Videos via World Modeling,highest_capability_claim,planning,action_conditioned,"Policy-learning is the highest claim, but the video model is not kinematic-action conditioned and evidence stops at offline trajectory MSE. Expert consistency/hallucination review is only a limited safety proxy.","Prompt/action-category comparisons and hallucination review provide limited action/safety evidence, but the world model is not kinematic-action conditioned and no closed-loop robot success is shown.",Abstract and links p.1; Sec.3 pp.4-5; Sec.4 Tables 1-2 and Figs.4-8 pp.5-9; Supplement pp.12-15,Abstract/access p.1; Sec.3 pp.4-5; Tables 1-2 and Figs.4-8 pp.5-9; Supplement pp.12-15
MWM-S004,Cosmos-H-Surgical: Learning Surgical Robot Policies from Videos via World Modeling,dynamics_evidence,1,2,"Policy-learning is the highest claim, but the video model is not kinematic-action conditioned and evidence stops at offline trajectory MSE. Expert consistency/hallucination review is only a limited safety proxy.","Prompt/action-category comparisons and hallucination review provide limited action/safety evidence, but the world model is not kinematic-action conditioned and no closed-loop robot success is shown.",Abstract and links p.1; Sec.3 pp.4-5; Sec.4 Tables 1-2 and Figs.4-8 pp.5-9; Supplement pp.12-15,Abstract/access p.1; Sec.3 pp.4-5; Tables 1-2 and Figs.4-8 pp.5-9; Supplement pp.12-15
MWM-S004,Cosmos-H-Surgical: Learning Surgical Robot Policies from Videos via World Modeling,action_perturbation,no,yes,"Policy-learning is the highest claim, but the video model is not kinematic-action conditioned and evidence stops at offline trajectory MSE. Expert consistency/hallucination review is only a limited safety proxy.","Prompt/action-category comparisons and hallucination review provide limited action/safety evidence, but the world model is not kinematic-action conditioned and no closed-loop robot success is shown.",Abstract and links p.1; Sec.3 pp.4-5; Sec.4 Tables 1-2 and Figs.4-8 pp.5-9; Supplement pp.12-15,Abstract/access p.1; Sec.3 pp.4-5; Tables 1-2 and Figs.4-8 pp.5-9; Supplement pp.12-15
MWM-S004,Cosmos-H-Surgical: Learning Surgical Robot Policies from Videos via World Modeling,safety_hazard_test,no,yes,"Policy-learning is the highest claim, but the video model is not kinematic-action conditioned and evidence stops at offline trajectory MSE. Expert consistency/hallucination review is only a limited safety proxy.","Prompt/action-category comparisons and hallucination review provide limited action/safety evidence, but the world model is not kinematic-action conditioned and no closed-loop robot success is shown.",Abstract and links p.1; Sec.3 pp.4-5; Sec.4 Tables 1-2 and Figs.4-8 pp.5-9; Supplement pp.12-15,Abstract/access p.1; Sec.3 pp.4-5; Tables 1-2 and Figs.4-8 pp.5-9; Supplement pp.12-15
MWM-0054,CrossScope: A Role-Asymmetric World Model for Joint Dual-Scope Surgical Video Prediction,dynamics_evidence,1,2,"The geometric trajectory is a visual conditioning proxy, not a commanded operator action. Eight-frame windows are independently predicted and explicitly not chained autoregressively.","Eight-frame windows are independent rather than autoregressive. Shuffled-target and constant-prior controls support action sensitivity, although the conditioning trajectory is only an action proxy.",Benchmark overview p.2; Methods pp.3-5; Tables 1-2 and Fig.6 pp.5-7; Appendix Tables 4-10 pp.11-15,Benchmark p.2; Methods pp.3-5; Tables 1-2 and Fig.6 pp.5-7; Appendix Tables 4-10 pp.11-15
MWM-0054,CrossScope: A Role-Asymmetric World Model for Joint Dual-Scope Surgical Video Prediction,action_evidence,1,2,"The geometric trajectory is a visual conditioning proxy, not a commanded operator action. Eight-frame windows are independently predicted and explicitly not chained autoregressively.","Eight-frame windows are independent rather than autoregressive. Shuffled-target and constant-prior controls support action sensitivity, although the conditioning trajectory is only an action proxy.",Benchmark overview p.2; Methods pp.3-5; Tables 1-2 and Fig.6 pp.5-7; Appendix Tables 4-10 pp.11-15,Benchmark p.2; Methods pp.3-5; Tables 1-2 and Fig.6 pp.5-7; Appendix Tables 4-10 pp.11-15
MWM-0054,CrossScope: A Role-Asymmetric World Model for Joint Dual-Scope Surgical Video Prediction,reproducibility_evidence,0,1,"The geometric trajectory is a visual conditioning proxy, not a commanded operator action. Eight-frame windows are independently predicted and explicitly not chained autoregressively.","Eight-frame windows are independent rather than autoregressive. Shuffled-target and constant-prior controls support action sensitivity, although the conditioning trajectory is only an action proxy.",Benchmark overview p.2; Methods pp.3-5; Tables 1-2 and Fig.6 pp.5-7; Appendix Tables 4-10 pp.11-15,Benchmark p.2; Methods pp.3-5; Tables 1-2 and Fig.6 pp.5-7; Appendix Tables 4-10 pp.11-15
MWM-0054,CrossScope: A Role-Asymmetric World Model for Joint Dual-Scope Surgical Video Prediction,horizon_resolved_results,yes,no,"The geometric trajectory is a visual conditioning proxy, not a commanded operator action. Eight-frame windows are independently predicted and explicitly not chained autoregressively.","Eight-frame windows are independent rather than autoregressive. Shuffled-target and constant-prior controls support action sensitivity, although the conditioning trajectory is only an action proxy.",Benchmark overview p.2; Methods pp.3-5; Tables 1-2 and Fig.6 pp.5-7; Appendix Tables 4-10 pp.11-15,Benchmark p.2; Methods pp.3-5; Tables 1-2 and Fig.6 pp.5-7; Appendix Tables 4-10 pp.11-15
MWM-0054,CrossScope: A Role-Asymmetric World Model for Joint Dual-Scope Surgical Video Prediction,action_agnostic_comparator,no,yes,"The geometric trajectory is a visual conditioning proxy, not a commanded operator action. Eight-frame windows are independently predicted and explicitly not chained autoregressively.","Eight-frame windows are independent rather than autoregressive. Shuffled-target and constant-prior controls support action sensitivity, although the conditioning trajectory is only an action proxy.",Benchmark overview p.2; Methods pp.3-5; Tables 1-2 and Fig.6 pp.5-7; Appendix Tables 4-10 pp.11-15,Benchmark p.2; Methods pp.3-5; Tables 1-2 and Fig.6 pp.5-7; Appendix Tables 4-10 pp.11-15
MWM-0054,CrossScope: A Role-Asymmetric World Model for Joint Dual-Scope Surgical Video Prediction,action_perturbation,no,yes,"The geometric trajectory is a visual conditioning proxy, not a commanded operator action. Eight-frame windows are independently predicted and explicitly not chained autoregressively.","Eight-frame windows are independent rather than autoregressive. Shuffled-target and constant-prior controls support action sensitivity, although the conditioning trajectory is only an action proxy.",Benchmark overview p.2; Methods pp.3-5; Tables 1-2 and Fig.6 pp.5-7; Appendix Tables 4-10 pp.11-15,Benchmark p.2; Methods pp.3-5; Tables 1-2 and Fig.6 pp.5-7; Appendix Tables 4-10 pp.11-15
MWM-XD7F5DAFF27,DITTO: A Visual Digital Twin for Interventions and Temporal Treatment Outcomes in Head and Neck Cancer.,dynamics_evidence,2,1,"Clinician workflow evaluation warrants decision evidence 2, but it is an offline prototype rather than prospective utility. Propensity matching and counterfactual displays provide partial causal evidence without an explicit estimand, overlap checks or complete censoring handling. No public code/data path was located; main text and appendix disagree on total n.","The accepted manuscript supports retrospective sequential treatment comparison and clinician-facing utility, not prospective planning efficacy. Main text reports 526 patients while Appendix A.2 reports 536=389+147; this discrepancy is retained. Nominal dropout intervals are not empirically calibrated, and no public code, weights, external validation, action-removal test, or hazard test was found.","arXiv:2407.13107 pp. 3-4 and Appendix pp. 12-16 describe the cohort, 389/147 split, three treatment stages, transition and survival metrics, MC-dropout intervals and limitations; Figs. 5-8 and clinician case studies evaluate the interface.","Accepted manuscript Sections 3-5, quantitative evaluation tables, DITTO workflow/interface figures, two case studies, and Appendix A.2; temporal outputs are shown at 12/24/36/48 months and to 5 years; MC dropout uses at least 20 samples; propensity matching requires at least 5 comparators within a caliper; formative work involved 11 physicians."
MWM-XD7F5DAFF27,DITTO: A Visual Digital Twin for Interventions and Temporal Treatment Outcomes in Head and Neck Cancer.,decision_evidence,2,1,"Clinician workflow evaluation warrants decision evidence 2, but it is an offline prototype rather than prospective utility. Propensity matching and counterfactual displays provide partial causal evidence without an explicit estimand, overlap checks or complete censoring handling. No public code/data path was located; main text and appendix disagree on total n.","The accepted manuscript supports retrospective sequential treatment comparison and clinician-facing utility, not prospective planning efficacy. Main text reports 526 patients while Appendix A.2 reports 536=389+147; this discrepancy is retained. Nominal dropout intervals are not empirically calibrated, and no public code, weights, external validation, action-removal test, or hazard test was found.","arXiv:2407.13107 pp. 3-4 and Appendix pp. 12-16 describe the cohort, 389/147 split, three treatment stages, transition and survival metrics, MC-dropout intervals and limitations; Figs. 5-8 and clinician case studies evaluate the interface.","Accepted manuscript Sections 3-5, quantitative evaluation tables, DITTO workflow/interface figures, two case studies, and Appendix A.2; temporal outputs are shown at 12/24/36/48 months and to 5 years; MC dropout uses at least 20 samples; propensity matching requires at least 5 comparators within a caliper; formative work involved 11 physicians."
MWM-XD7F5DAFF27,DITTO: A Visual Digital Twin for Interventions and Temporal Treatment Outcomes in Head and Neck Cancer.,action_agnostic_comparator,no,yes,"Clinician workflow evaluation warrants decision evidence 2, but it is an offline prototype rather than prospective utility. Propensity matching and counterfactual displays provide partial causal evidence without an explicit estimand, overlap checks or complete censoring handling. No public code/data path was located; main text and appendix disagree on total n.","The accepted manuscript supports retrospective sequential treatment comparison and clinician-facing utility, not prospective planning efficacy. Main text reports 526 patients while Appendix A.2 reports 536=389+147; this discrepancy is retained. Nominal dropout intervals are not empirically calibrated, and no public code, weights, external validation, action-removal test, or hazard test was found.","arXiv:2407.13107 pp. 3-4 and Appendix pp. 12-16 describe the cohort, 389/147 split, three treatment stages, transition and survival metrics, MC-dropout intervals and limitations; Figs. 5-8 and clinician case studies evaluate the interface.","Accepted manuscript Sections 3-5, quantitative evaluation tables, DITTO workflow/interface figures, two case studies, and Appendix A.2; temporal outputs are shown at 12/24/36/48 months and to 5 years; MC dropout uses at least 20 samples; propensity matching requires at least 5 comparators within a caliper; formative work involved 11 physicians."
MWM-XD7F5DAFF27,DITTO: A Visual Digital Twin for Interventions and Temporal Treatment Outcomes in Head and Neck Cancer.,action_perturbation,yes,no,"Clinician workflow evaluation warrants decision evidence 2, but it is an offline prototype rather than prospective utility. Propensity matching and counterfactual displays provide partial causal evidence without an explicit estimand, overlap checks or complete censoring handling. No public code/data path was located; main text and appendix disagree on total n.","The accepted manuscript supports retrospective sequential treatment comparison and clinician-facing utility, not prospective planning efficacy. Main text reports 526 patients while Appendix A.2 reports 536=389+147; this discrepancy is retained. Nominal dropout intervals are not empirically calibrated, and no public code, weights, external validation, action-removal test, or hazard test was found.","arXiv:2407.13107 pp. 3-4 and Appendix pp. 12-16 describe the cohort, 389/147 split, three treatment stages, transition and survival metrics, MC-dropout intervals and limitations; Figs. 5-8 and clinician case studies evaluate the interface.","Accepted manuscript Sections 3-5, quantitative evaluation tables, DITTO workflow/interface figures, two case studies, and Appendix A.2; temporal outputs are shown at 12/24/36/48 months and to 5 years; MC dropout uses at least 20 samples; propensity matching requires at least 5 comparators within a caliper; formative work involved 11 physicians."
MWM-0369,Data-Efficient Reinforcement Learning for Malaria Control,safety_evidence,0,1,"Closed-loop policy search is evaluated in defined simulators with public code. GP variance drives exploration but is not calibrated, and there is no field transport, mismatch stress, or deployment-safety analysis.","Closed-loop simulator policy value is directly tested and reproducible, but predictive variance is uncalibrated and neither model mismatch nor field safety/external validity is evaluated.",Problem and method pp.1-4; theorem pp.4-5; Table 1 and Fig.4 pp.5-6,Problem/method pp.1-4; theorem pp.4-5; Table 1 and Fig.4 pp.5-6
MWM-X2BD39C3B8E,Deep Generative Model of Macrophage Immune Response for Hepato-intestinal Tumor Therapy Optimization.,dynamics_evidence,1,2,Public primary XML ends mid-Methods and publisher PDF was inaccessible. Codes after that boundary are conservative; the nonrandomized outcome comparison does not identify treatment effects.,"Planning and real observational decision use are reported, but allocation was nonrandomized and the paper disclaims causal identification. Public code/checkpoint claims lack a stable inspectable repository link.","Europe PMC PMCID PMC13505573: Introduction, cohort, completeness, deployment, and architecture sections; DOI 10.34133/cbsystems.0559",Figs. 1-4; Tables 3-4 and S11-S16; temporal/external holdouts; deployment and limitations sections
MWM-X2BD39C3B8E,Deep Generative Model of Macrophage Immune Response for Hepato-intestinal Tumor Therapy Optimization.,rollout_evidence,0,1,Public primary XML ends mid-Methods and publisher PDF was inaccessible. Codes after that boundary are conservative; the nonrandomized outcome comparison does not identify treatment effects.,"Planning and real observational decision use are reported, but allocation was nonrandomized and the paper disclaims causal identification. Public code/checkpoint claims lack a stable inspectable repository link.","Europe PMC PMCID PMC13505573: Introduction, cohort, completeness, deployment, and architecture sections; DOI 10.34133/cbsystems.0559",Figs. 1-4; Tables 3-4 and S11-S16; temporal/external holdouts; deployment and limitations sections
MWM-X2BD39C3B8E,Deep Generative Model of Macrophage Immune Response for Hepato-intestinal Tumor Therapy Optimization.,uncertainty_evidence,0,1,Public primary XML ends mid-Methods and publisher PDF was inaccessible. Codes after that boundary are conservative; the nonrandomized outcome comparison does not identify treatment effects.,"Planning and real observational decision use are reported, but allocation was nonrandomized and the paper disclaims causal identification. Public code/checkpoint claims lack a stable inspectable repository link.","Europe PMC PMCID PMC13505573: Introduction, cohort, completeness, deployment, and architecture sections; DOI 10.34133/cbsystems.0559",Figs. 1-4; Tables 3-4 and S11-S16; temporal/external holdouts; deployment and limitations sections
MWM-X2BD39C3B8E,Deep Generative Model of Macrophage Immune Response for Hepato-intestinal Tumor Therapy Optimization.,causal_evidence,0,1,Public primary XML ends mid-Methods and publisher PDF was inaccessible. Codes after that boundary are conservative; the nonrandomized outcome comparison does not identify treatment effects.,"Planning and real observational decision use are reported, but allocation was nonrandomized and the paper disclaims causal identification. Public code/checkpoint claims lack a stable inspectable repository link.","Europe PMC PMCID PMC13505573: Introduction, cohort, completeness, deployment, and architecture sections; DOI 10.34133/cbsystems.0559",Figs. 1-4; Tables 3-4 and S11-S16; temporal/external holdouts; deployment and limitations sections
MWM-X2BD39C3B8E,Deep Generative Model of Macrophage Immune Response for Hepato-intestinal Tumor Therapy Optimization.,decision_evidence,1,2,Public primary XML ends mid-Methods and publisher PDF was inaccessible. Codes after that boundary are conservative; the nonrandomized outcome comparison does not identify treatment effects.,"Planning and real observational decision use are reported, but allocation was nonrandomized and the paper disclaims causal identification. Public code/checkpoint claims lack a stable inspectable repository link.","Europe PMC PMCID PMC13505573: Introduction, cohort, completeness, deployment, and architecture sections; DOI 10.34133/cbsystems.0559",Figs. 1-4; Tables 3-4 and S11-S16; temporal/external holdouts; deployment and limitations sections
MWM-X2BD39C3B8E,Deep Generative Model of Macrophage Immune Response for Hepato-intestinal Tumor Therapy Optimization.,safety_evidence,1,2,Public primary XML ends mid-Methods and publisher PDF was inaccessible. Codes after that boundary are conservative; the nonrandomized outcome comparison does not identify treatment effects.,"Planning and real observational decision use are reported, but allocation was nonrandomized and the paper disclaims causal identification. Public code/checkpoint claims lack a stable inspectable repository link.","Europe PMC PMCID PMC13505573: Introduction, cohort, completeness, deployment, and architecture sections; DOI 10.34133/cbsystems.0559",Figs. 1-4; Tables 3-4 and S11-S16; temporal/external holdouts; deployment and limitations sections
MWM-X2BD39C3B8E,Deep Generative Model of Macrophage Immune Response for Hepato-intestinal Tumor Therapy Optimization.,reproducibility_evidence,0,1,Public primary XML ends mid-Methods and publisher PDF was inaccessible. Codes after that boundary are conservative; the nonrandomized outcome comparison does not identify treatment effects.,"Planning and real observational decision use are reported, but allocation was nonrandomized and the paper disclaims causal identification. Public code/checkpoint claims lack a stable inspectable repository link.","Europe PMC PMCID PMC13505573: Introduction, cohort, completeness, deployment, and architecture sections; DOI 10.34133/cbsystems.0559",Figs. 1-4; Tables 3-4 and S11-S16; temporal/external holdouts; deployment and limitations sections
MWM-X2BD39C3B8E,Deep Generative Model of Macrophage Immune Response for Hepato-intestinal Tumor Therapy Optimization.,free_running_rollout,unclear,yes,Public primary XML ends mid-Methods and publisher PDF was inaccessible. Codes after that boundary are conservative; the nonrandomized outcome comparison does not identify treatment effects.,"Planning and real observational decision use are reported, but allocation was nonrandomized and the paper disclaims causal identification. Public code/checkpoint claims lack a stable inspectable repository link.","Europe PMC PMCID PMC13505573: Introduction, cohort, completeness, deployment, and architecture sections; DOI 10.34133/cbsystems.0559",Figs. 1-4; Tables 3-4 and S11-S16; temporal/external holdouts; deployment and limitations sections
MWM-X2BD39C3B8E,Deep Generative Model of Macrophage Immune Response for Hepato-intestinal Tumor Therapy Optimization.,horizon_resolved_results,unclear,no,Public primary XML ends mid-Methods and publisher PDF was inaccessible. Codes after that boundary are conservative; the nonrandomized outcome comparison does not identify treatment effects.,"Planning and real observational decision use are reported, but allocation was nonrandomized and the paper disclaims causal identification. Public code/checkpoint claims lack a stable inspectable repository link.","Europe PMC PMCID PMC13505573: Introduction, cohort, completeness, deployment, and architecture sections; DOI 10.34133/cbsystems.0559",Figs. 1-4; Tables 3-4 and S11-S16; temporal/external holdouts; deployment and limitations sections
MWM-X2BD39C3B8E,Deep Generative Model of Macrophage Immune Response for Hepato-intestinal Tumor Therapy Optimization.,formal_calibration,unclear,no,Public primary XML ends mid-Methods and publisher PDF was inaccessible. Codes after that boundary are conservative; the nonrandomized outcome comparison does not identify treatment effects.,"Planning and real observational decision use are reported, but allocation was nonrandomized and the paper disclaims causal identification. Public code/checkpoint claims lack a stable inspectable repository link.","Europe PMC PMCID PMC13505573: Introduction, cohort, completeness, deployment, and architecture sections; DOI 10.34133/cbsystems.0559",Figs. 1-4; Tables 3-4 and S11-S16; temporal/external holdouts; deployment and limitations sections
MWM-X2BD39C3B8E,Deep Generative Model of Macrophage Immune Response for Hepato-intestinal Tumor Therapy Optimization.,action_perturbation,unclear,yes,Public primary XML ends mid-Methods and publisher PDF was inaccessible. Codes after that boundary are conservative; the nonrandomized outcome comparison does not identify treatment effects.,"Planning and real observational decision use are reported, but allocation was nonrandomized and the paper disclaims causal identification. Public code/checkpoint claims lack a stable inspectable repository link.","Europe PMC PMCID PMC13505573: Introduction, cohort, completeness, deployment, and architecture sections; DOI 10.34133/cbsystems.0559",Figs. 1-4; Tables 3-4 and S11-S16; temporal/external holdouts; deployment and limitations sections
MWM-X2BD39C3B8E,Deep Generative Model of Macrophage Immune Response for Hepato-intestinal Tumor Therapy Optimization.,closed_loop_evaluation,offline,real,Public primary XML ends mid-Methods and publisher PDF was inaccessible. Codes after that boundary are conservative; the nonrandomized outcome comparison does not identify treatment effects.,"Planning and real observational decision use are reported, but allocation was nonrandomized and the paper disclaims causal identification. Public code/checkpoint claims lack a stable inspectable repository link.","Europe PMC PMCID PMC13505573: Introduction, cohort, completeness, deployment, and architecture sections; DOI 10.34133/cbsystems.0559",Figs. 1-4; Tables 3-4 and S11-S16; temporal/external holdouts; deployment and limitations sections
MWM-X2BD39C3B8E,Deep Generative Model of Macrophage Immune Response for Hepato-intestinal Tumor Therapy Optimization.,safety_hazard_test,no,yes,Public primary XML ends mid-Methods and publisher PDF was inaccessible. Codes after that boundary are conservative; the nonrandomized outcome comparison does not identify treatment effects.,"Planning and real observational decision use are reported, but allocation was nonrandomized and the paper disclaims causal identification. Public code/checkpoint claims lack a stable inspectable repository link.","Europe PMC PMCID PMC13505573: Introduction, cohort, completeness, deployment, and architecture sections; DOI 10.34133/cbsystems.0559",Figs. 1-4; Tables 3-4 and S11-S16; temporal/external holdouts; deployment and limitations sections
MWM-X872C154484,Development of a model-based clinical trial simulation platform to optimize the design of clinical trials for Duchenne muscular dystrophy.,action_evidence,1,2,"The longitudinal disease models receive genuinely independent non-US validation, and the platform can vary treatment timing and magnitude. However, the article mainly validates natural-history models and describes the simulation platform; it does not report a prospective decision-impact study or a clearly defined causal treatment estimand. Hypothetical treatment effects are assumptions, so causal evidence remains limited.",Frozen non-US natural-history validation is strong. Hypothetical treatment perturbations have no observed treatment-effect or causal validation; VPC intervals are uncertainty evidence but not formal calibration coverage.,"Clinical and Translational Science full text, DOI 10.1002/psp4.12753: Methods and Table 1 describe 15 studies, 1,505 participants, 27,252 observations, five outcomes, model-building and four non-US validation datasets; model-development and simulation sections define NLME trajectories, covariates, missing timed-test observations, placebo and hypothetical treatment scenarios; Results and Figs. 2-5 report internal and external VPCs; Appendix S5 contains model code.",Methods and Tables 1–3; development/external VPC Figs. 1–5 and supplement; Appendix S5.
MWM-X872C154484,Development of a model-based clinical trial simulation platform to optimize the design of clinical trials for Duchenne muscular dystrophy.,causal_evidence,1,0,"The longitudinal disease models receive genuinely independent non-US validation, and the platform can vary treatment timing and magnitude. However, the article mainly validates natural-history models and describes the simulation platform; it does not report a prospective decision-impact study or a clearly defined causal treatment estimand. Hypothetical treatment effects are assumptions, so causal evidence remains limited.",Frozen non-US natural-history validation is strong. Hypothetical treatment perturbations have no observed treatment-effect or causal validation; VPC intervals are uncertainty evidence but not formal calibration coverage.,"Clinical and Translational Science full text, DOI 10.1002/psp4.12753: Methods and Table 1 describe 15 studies, 1,505 participants, 27,252 observations, five outcomes, model-building and four non-US validation datasets; model-development and simulation sections define NLME trajectories, covariates, missing timed-test observations, placebo and hypothetical treatment scenarios; Results and Figs. 2-5 report internal and external VPCs; Appendix S5 contains model code.",Methods and Tables 1–3; development/external VPC Figs. 1–5 and supplement; Appendix S5.
MWM-X872C154484,Development of a model-based clinical trial simulation platform to optimize the design of clinical trials for Duchenne muscular dystrophy.,explicit_causal_estimand,no,yes,"The longitudinal disease models receive genuinely independent non-US validation, and the platform can vary treatment timing and magnitude. However, the article mainly validates natural-history models and describes the simulation platform; it does not report a prospective decision-impact study or a clearly defined causal treatment estimand. Hypothetical treatment effects are assumptions, so causal evidence remains limited.",Frozen non-US natural-history validation is strong. Hypothetical treatment perturbations have no observed treatment-effect or causal validation; VPC intervals are uncertainty evidence but not formal calibration coverage.,"Clinical and Translational Science full text, DOI 10.1002/psp4.12753: Methods and Table 1 describe 15 studies, 1,505 participants, 27,252 observations, five outcomes, model-building and four non-US validation datasets; model-development and simulation sections define NLME trajectories, covariates, missing timed-test observations, placebo and hypothetical treatment scenarios; Results and Figs. 2-5 report internal and external VPCs; Appendix S5 contains model code.",Methods and Tables 1–3; development/external VPC Figs. 1–5 and supplement; Appendix S5.
MWM-X872C154484,Development of a model-based clinical trial simulation platform to optimize the design of clinical trials for Duchenne muscular dystrophy.,closed_loop_evaluation,offline,simulation,"The longitudinal disease models receive genuinely independent non-US validation, and the platform can vary treatment timing and magnitude. However, the article mainly validates natural-history models and describes the simulation platform; it does not report a prospective decision-impact study or a clearly defined causal treatment estimand. Hypothetical treatment effects are assumptions, so causal evidence remains limited.",Frozen non-US natural-history validation is strong. Hypothetical treatment perturbations have no observed treatment-effect or causal validation; VPC intervals are uncertainty evidence but not formal calibration coverage.,"Clinical and Translational Science full text, DOI 10.1002/psp4.12753: Methods and Table 1 describe 15 studies, 1,505 participants, 27,252 observations, five outcomes, model-building and four non-US validation datasets; model-development and simulation sections define NLME trajectories, covariates, missing timed-test observations, placebo and hypothetical treatment scenarios; Results and Figs. 2-5 report internal and external VPCs; Appendix S5 contains model code.",Methods and Tables 1–3; development/external VPC Figs. 1–5 and supplement; Appendix S5.
MWM-X1305C7353F,Digital twin brain simulator for real-time consciousness monitoring and virtual intervention using primate electrocorticogram data,rollout_evidence,1,2,"Held-out animals are adapted through data assimilation, so external evidence is 1 rather than frozen validation. Stochastic latent sampling is an uncertainty proxy without calibration. Interventions are latent manipulations with no real action comparator, physiological dose validation, decision outcome or safety test.","The held-out animal is evaluated before subsequent assimilation, supporting a frozen population-transfer result, while adapted results are distinguished. Virtual drug action is a latent model perturbation, not administered treatment. Variational uncertainty is not formal calibration; no code, weights, causal estimand, or safety test was reported.","PMC11811282 Methods: leave-one-animal-out ECoG training, online data assimilation and z1/z2/z3 virtual interventions; Figs. 2-5 and Table 1 report prediction, latent organization and intervention classification; public h-idei/pvrnn_sa code.","Methods describe 4 macaques, 20 ECoG channels/10 regions, hierarchical z1/z2/z3 V-RNN, four-fold held-out-animal evaluation, rolling-500-observation/100-update assimilation, and virtual intervention; Results and supplement report power spectra, connectivity, latent clusters, 1-100-step prediction error, and 2,000-step virtual intervention."
MWM-X1305C7353F,Digital twin brain simulator for real-time consciousness monitoring and virtual intervention using primate electrocorticogram data,action_evidence,1,2,"Held-out animals are adapted through data assimilation, so external evidence is 1 rather than frozen validation. Stochastic latent sampling is an uncertainty proxy without calibration. Interventions are latent manipulations with no real action comparator, physiological dose validation, decision outcome or safety test.","The held-out animal is evaluated before subsequent assimilation, supporting a frozen population-transfer result, while adapted results are distinguished. Virtual drug action is a latent model perturbation, not administered treatment. Variational uncertainty is not formal calibration; no code, weights, causal estimand, or safety test was reported.","PMC11811282 Methods: leave-one-animal-out ECoG training, online data assimilation and z1/z2/z3 virtual interventions; Figs. 2-5 and Table 1 report prediction, latent organization and intervention classification; public h-idei/pvrnn_sa code.","Methods describe 4 macaques, 20 ECoG channels/10 regions, hierarchical z1/z2/z3 V-RNN, four-fold held-out-animal evaluation, rolling-500-observation/100-update assimilation, and virtual intervention; Results and supplement report power spectra, connectivity, latent clusters, 1-100-step prediction error, and 2,000-step virtual intervention."
MWM-X1305C7353F,Digital twin brain simulator for real-time consciousness monitoring and virtual intervention using primate electrocorticogram data,external_evidence,1,2,"Held-out animals are adapted through data assimilation, so external evidence is 1 rather than frozen validation. Stochastic latent sampling is an uncertainty proxy without calibration. Interventions are latent manipulations with no real action comparator, physiological dose validation, decision outcome or safety test.","The held-out animal is evaluated before subsequent assimilation, supporting a frozen population-transfer result, while adapted results are distinguished. Virtual drug action is a latent model perturbation, not administered treatment. Variational uncertainty is not formal calibration; no code, weights, causal estimand, or safety test was reported.","PMC11811282 Methods: leave-one-animal-out ECoG training, online data assimilation and z1/z2/z3 virtual interventions; Figs. 2-5 and Table 1 report prediction, latent organization and intervention classification; public h-idei/pvrnn_sa code.","Methods describe 4 macaques, 20 ECoG channels/10 regions, hierarchical z1/z2/z3 V-RNN, four-fold held-out-animal evaluation, rolling-500-observation/100-update assimilation, and virtual intervention; Results and supplement report power spectra, connectivity, latent clusters, 1-100-step prediction error, and 2,000-step virtual intervention."
MWM-X1305C7353F,Digital twin brain simulator for real-time consciousness monitoring and virtual intervention using primate electrocorticogram data,decision_evidence,0,1,"Held-out animals are adapted through data assimilation, so external evidence is 1 rather than frozen validation. Stochastic latent sampling is an uncertainty proxy without calibration. Interventions are latent manipulations with no real action comparator, physiological dose validation, decision outcome or safety test.","The held-out animal is evaluated before subsequent assimilation, supporting a frozen population-transfer result, while adapted results are distinguished. Virtual drug action is a latent model perturbation, not administered treatment. Variational uncertainty is not formal calibration; no code, weights, causal estimand, or safety test was reported.","PMC11811282 Methods: leave-one-animal-out ECoG training, online data assimilation and z1/z2/z3 virtual interventions; Figs. 2-5 and Table 1 report prediction, latent organization and intervention classification; public h-idei/pvrnn_sa code.","Methods describe 4 macaques, 20 ECoG channels/10 regions, hierarchical z1/z2/z3 V-RNN, four-fold held-out-animal evaluation, rolling-500-observation/100-update assimilation, and virtual intervention; Results and supplement report power spectra, connectivity, latent clusters, 1-100-step prediction error, and 2,000-step virtual intervention."
MWM-X1305C7353F,Digital twin brain simulator for real-time consciousness monitoring and virtual intervention using primate electrocorticogram data,reproducibility_evidence,2,1,"Held-out animals are adapted through data assimilation, so external evidence is 1 rather than frozen validation. Stochastic latent sampling is an uncertainty proxy without calibration. Interventions are latent manipulations with no real action comparator, physiological dose validation, decision outcome or safety test.","The held-out animal is evaluated before subsequent assimilation, supporting a frozen population-transfer result, while adapted results are distinguished. Virtual drug action is a latent model perturbation, not administered treatment. Variational uncertainty is not formal calibration; no code, weights, causal estimand, or safety test was reported.","PMC11811282 Methods: leave-one-animal-out ECoG training, online data assimilation and z1/z2/z3 virtual interventions; Figs. 2-5 and Table 1 report prediction, latent organization and intervention classification; public h-idei/pvrnn_sa code.","Methods describe 4 macaques, 20 ECoG channels/10 regions, hierarchical z1/z2/z3 V-RNN, four-fold held-out-animal evaluation, rolling-500-observation/100-update assimilation, and virtual intervention; Results and supplement report power spectra, connectivity, latent clusters, 1-100-step prediction error, and 2,000-step virtual intervention."
MWM-X1305C7353F,Digital twin brain simulator for real-time consciousness monitoring and virtual intervention using primate electrocorticogram data,horizon_resolved_results,no,yes,"Held-out animals are adapted through data assimilation, so external evidence is 1 rather than frozen validation. Stochastic latent sampling is an uncertainty proxy without calibration. Interventions are latent manipulations with no real action comparator, physiological dose validation, decision outcome or safety test.","The held-out animal is evaluated before subsequent assimilation, supporting a frozen population-transfer result, while adapted results are distinguished. Virtual drug action is a latent model perturbation, not administered treatment. Variational uncertainty is not formal calibration; no code, weights, causal estimand, or safety test was reported.","PMC11811282 Methods: leave-one-animal-out ECoG training, online data assimilation and z1/z2/z3 virtual interventions; Figs. 2-5 and Table 1 report prediction, latent organization and intervention classification; public h-idei/pvrnn_sa code.","Methods describe 4 macaques, 20 ECoG channels/10 regions, hierarchical z1/z2/z3 V-RNN, four-fold held-out-animal evaluation, rolling-500-observation/100-update assimilation, and virtual intervention; Results and supplement report power spectra, connectivity, latent clusters, 1-100-step prediction error, and 2,000-step virtual intervention."
MWM-X1305C7353F,Digital twin brain simulator for real-time consciousness monitoring and virtual intervention using primate electrocorticogram data,frozen_external_validation,no,yes,"Held-out animals are adapted through data assimilation, so external evidence is 1 rather than frozen validation. Stochastic latent sampling is an uncertainty proxy without calibration. Interventions are latent manipulations with no real action comparator, physiological dose validation, decision outcome or safety test.","The held-out animal is evaluated before subsequent assimilation, supporting a frozen population-transfer result, while adapted results are distinguished. Virtual drug action is a latent model perturbation, not administered treatment. Variational uncertainty is not formal calibration; no code, weights, causal estimand, or safety test was reported.","PMC11811282 Methods: leave-one-animal-out ECoG training, online data assimilation and z1/z2/z3 virtual interventions; Figs. 2-5 and Table 1 report prediction, latent organization and intervention classification; public h-idei/pvrnn_sa code.","Methods describe 4 macaques, 20 ECoG channels/10 regions, hierarchical z1/z2/z3 V-RNN, four-fold held-out-animal evaluation, rolling-500-observation/100-update assimilation, and virtual intervention; Results and supplement report power spectra, connectivity, latent clusters, 1-100-step prediction error, and 2,000-step virtual intervention."
MWM-X1305C7353F,Digital twin brain simulator for real-time consciousness monitoring and virtual intervention using primate electrocorticogram data,action_agnostic_comparator,no,yes,"Held-out animals are adapted through data assimilation, so external evidence is 1 rather than frozen validation. Stochastic latent sampling is an uncertainty proxy without calibration. Interventions are latent manipulations with no real action comparator, physiological dose validation, decision outcome or safety test.","The held-out animal is evaluated before subsequent assimilation, supporting a frozen population-transfer result, while adapted results are distinguished. Virtual drug action is a latent model perturbation, not administered treatment. Variational uncertainty is not formal calibration; no code, weights, causal estimand, or safety test was reported.","PMC11811282 Methods: leave-one-animal-out ECoG training, online data assimilation and z1/z2/z3 virtual interventions; Figs. 2-5 and Table 1 report prediction, latent organization and intervention classification; public h-idei/pvrnn_sa code.","Methods describe 4 macaques, 20 ECoG channels/10 regions, hierarchical z1/z2/z3 V-RNN, four-fold held-out-animal evaluation, rolling-500-observation/100-update assimilation, and virtual intervention; Results and supplement report power spectra, connectivity, latent clusters, 1-100-step prediction error, and 2,000-step virtual intervention."
MWM-X1305C7353F,Digital twin brain simulator for real-time consciousness monitoring and virtual intervention using primate electrocorticogram data,public_code,yes,no,"Held-out animals are adapted through data assimilation, so external evidence is 1 rather than frozen validation. Stochastic latent sampling is an uncertainty proxy without calibration. Interventions are latent manipulations with no real action comparator, physiological dose validation, decision outcome or safety test.","The held-out animal is evaluated before subsequent assimilation, supporting a frozen population-transfer result, while adapted results are distinguished. Virtual drug action is a latent model perturbation, not administered treatment. Variational uncertainty is not formal calibration; no code, weights, causal estimand, or safety test was reported.","PMC11811282 Methods: leave-one-animal-out ECoG training, online data assimilation and z1/z2/z3 virtual interventions; Figs. 2-5 and Table 1 report prediction, latent organization and intervention classification; public h-idei/pvrnn_sa code.","Methods describe 4 macaques, 20 ECoG channels/10 regions, hierarchical z1/z2/z3 V-RNN, four-fold held-out-animal evaluation, rolling-500-observation/100-update assimilation, and virtual intervention; Results and supplement report power spectra, connectivity, latent clusters, 1-100-step prediction error, and 2,000-step virtual intervention."
MWM-XF38CEA9063,Digital twin models for predicting venetoclax and azacitidine-induced neutropenia in patients with acute myeloid leukemia.,reproducibility_evidence,2,1,"Patient-specific ODE rollouts are tested over short and long horizons with public code. No external cohort, formal calibration, or validated alternative-dose effect is provided.","Patient-specific temporal tests and long-term ODE rollouts support dynamics evidence; no external cohort or calibrated predictive uncertainty, and the seven-cycle subset is selected.",Primary article Figs. 1-3; Model fitting; Data from multiple cycles; Parameter update; Statistical analysis; Code/Data availability; DOI 10.1038/s41746-025-01978-4,Fig. 1; Fig. 3/Table 2; Methods multi-cycle learning; Data/Code availability
MWM-0068,DreamReg: Belief-Driven World Model for 2D-3D Ultrasound Registration,dynamics_evidence,1,2,"Closed-loop imagined registration is demonstrated in synthetic slice rendering. Final registration supports task utility, but stepwise rollout drift, calibrated uncertainty, and live safety are absent.","Closed-loop imagined registration supports planning and decision evidence, but fidelity is reported mainly at the final horizon and no action-agnostic comparator or safety test is present.",Abstract p.1; Sec.2 and Figs.1-2 pp.3-6; Sec.3 and Tables 1-2 pp.6-8; Conclusion p.9,Abstract p.1; Sec.2 and Figs.1-2 pp.3-6; Sec.3 and Tables 1-2 pp.6-8; Conclusion p.9
MWM-0068,DreamReg: Belief-Driven World Model for 2D-3D Ultrasound Registration,uncertainty_evidence,0,1,"Closed-loop imagined registration is demonstrated in synthetic slice rendering. Final registration supports task utility, but stepwise rollout drift, calibrated uncertainty, and live safety are absent.","Closed-loop imagined registration supports planning and decision evidence, but fidelity is reported mainly at the final horizon and no action-agnostic comparator or safety test is present.",Abstract p.1; Sec.2 and Figs.1-2 pp.3-6; Sec.3 and Tables 1-2 pp.6-8; Conclusion p.9,Abstract p.1; Sec.2 and Figs.1-2 pp.3-6; Sec.3 and Tables 1-2 pp.6-8; Conclusion p.9
MWM-0073,ECG-WM: A Physiology-Informed ECG World Model for Clinical Intervention Simulation,causal_evidence,1,0,"Autoregressive horizon and stress tests are strong, with frozen ICU transfer. Candidate-drug comparisons and risk ranking still lack an explicit causal estimand, support analysis, or randomized individualized validation.","Autoregressive horizon tests and physiological stress audits are strong, but drug counterfactuals remain observational and stochastic variance is not calibrated.",Abstract and Secs.1-4 pp.1-5; Sec.5 Tables 1-4 pp.6-9; Sec.6 pp.9-10; Apps.A-B pp.13-19,Secs.1-4 and Figs.1-2 pp.1-5; Tables 1-4 pp.6-9; Apps.A-B pp.13-19
MWM-0074,EHRWorld: A Patient-Centric Medical World Model for Long-Horizon Clinical Trajectories,action_evidence,1,0,"Full trajectories are generated and compared with next-event performance, but causal and counterfactual wording exceeds observed-policy prediction. No action sensitivity, calibration, or external validation is reported.","Full-trajectory generation is evaluated at multiple event horizons, but medication/procedure conditioning is not isolated and causal wording is unsupported by identification or counterfactual validation.",Abstract pp.1-2; Sec.3 and Fig.2 pp.3-4; Sec.4 pp.4-5 and Algorithm 1 p.13; Sec.5 Tables 1-2 pp.5-8; Limitations p.9,Abstract pp.1-2; Secs.3-5 pp.3-8; Tables 1-2 and Fig.3; Limitations p.9; Appendix pp.11-14
MWM-0242,EchoWorld: Learning Motion-Aware World Models for Echocardiography Probe Guidance,highest_capability_claim,action_conditioned,planning,"Motion-removal/component ablations support action dependence, but imagined image fidelity is qualitative and guidance is direct offline prediction, not recursive closed-loop control.","Motion-removal ablation supports action evidence, but guidance is offline direct pose prediction without recursive imagination, quantitative image fidelity, or safety evaluation.",Abstract p.1; Secs.3-4 and Fig.4 pp.3-6; Sec.5 Tables 1-3 pp.6-8; supplement pp.12-14,Abstract p.1; Secs.3-4 and Fig.4 pp.3-6; Tables 1-3 pp.6-8; supplement pp.12-14
MWM-0077,EyeWorld: A Generative World Model of Ocular State and Dynamics,safety_evidence,0,1,"Prompt-edited pathology images motivate a counterfactual claim, but there is no intervention model, alternative-outcome ground truth, recursive rollout, or frozen longitudinal external test.",Prompt-edited pathology images are action sensitivity but not clinical intervention evidence; pooled sources do not establish frozen external validation and counterfactual claims lack a causal estimand.,Data overview pp.5-7; longitudinal synthesis Fig.7 pp.16-18; counterfactual edits Fig.8 pp.19-21; Limitations and Methods pp.24-31,Data pp.5-7; longitudinal synthesis Fig.7 pp.16-18; prompt edits Fig.8 pp.19-21; Limitations/Methods pp.24-31
MWM-0077,EyeWorld: A Generative World Model of Ocular State and Dynamics,frozen_external_validation,unclear,no,"Prompt-edited pathology images motivate a counterfactual claim, but there is no intervention model, alternative-outcome ground truth, recursive rollout, or frozen longitudinal external test.",Prompt-edited pathology images are action sensitivity but not clinical intervention evidence; pooled sources do not establish frozen external validation and counterfactual claims lack a causal estimand.,Data overview pp.5-7; longitudinal synthesis Fig.7 pp.16-18; counterfactual edits Fig.8 pp.19-21; Limitations and Methods pp.24-31,Data pp.5-7; longitudinal synthesis Fig.7 pp.16-18; prompt edits Fig.8 pp.19-21; Limitations/Methods pp.24-31
MWM-0078,Failure Detection for Surgical Robot Imitation Policies via Flow-Matching World Modeling,state_evidence,2,1,"Conformal thresholds and strong no-action/component controls support calibration and action evidence. Detection is offline and does not test interruption, recovery, or clinical harm severity.","Conformal calibration and explicit recorded failure tests are substantial, but the monitor is evaluated offline and endpoint prediction does not generate free-running observations.",Abstract p.1; Fig.1 p.2; Sec.III pp.3-4; Sec.IV and Table I pp.4-6; Figs.5-6 p.7; Limitations p.8,Abstract p.1; Sec. III pp.3-4; Sec. IV and Table I pp.4-6; Figs.5-6 p.7; Limitations p.8
MWM-0078,Failure Detection for Surgical Robot Imitation Policies via Flow-Matching World Modeling,safety_evidence,1,2,"Conformal thresholds and strong no-action/component controls support calibration and action evidence. Detection is offline and does not test interruption, recovery, or clinical harm severity.","Conformal calibration and explicit recorded failure tests are substantial, but the monitor is evaluated offline and endpoint prediction does not generate free-running observations.",Abstract p.1; Fig.1 p.2; Sec.III pp.3-4; Sec.IV and Table I pp.4-6; Figs.5-6 p.7; Limitations p.8,Abstract p.1; Sec. III pp.3-4; Sec. IV and Table I pp.4-6; Figs.5-6 p.7; Limitations p.8
MWM-0078,Failure Detection for Surgical Robot Imitation Policies via Flow-Matching World Modeling,reproducibility_evidence,1,0,"Conformal thresholds and strong no-action/component controls support calibration and action evidence. Detection is offline and does not test interruption, recovery, or clinical harm severity.","Conformal calibration and explicit recorded failure tests are substantial, but the monitor is evaluated offline and endpoint prediction does not generate free-running observations.",Abstract p.1; Fig.1 p.2; Sec.III pp.3-4; Sec.IV and Table I pp.4-6; Figs.5-6 p.7; Limitations p.8,Abstract p.1; Sec. III pp.3-4; Sec. IV and Table I pp.4-6; Figs.5-6 p.7; Limitations p.8
MWM-0095,"GEMEO: the first patient world model for rare disease, grounding generative clinical trajectories in the genome and a biomedical knowledge graph",dynamics_evidence,1,2,Current evidence supports prediction and actual-versus-masked treatment association. Level-3 counterfactual capability is prospective rather than demonstrated; external partition and calibration-method details remain sparse.,"Current evidence reaches an action-association test, while Level-3 counterfactual capability is stated as future work. Integrated calibration is reported, but external partition details are sparse.",Abstract p.1; Sec.2 pp.2-3; Sec.3 Tables 1-3 pp.3-6; Sec.4 p.6; Methods and limitations pp.7-8,Abstract p.1; Secs.2-4 pp.2-6; Tables 1-3; Methods and limitations pp.7-8
MWM-0095,"GEMEO: the first patient world model for rare disease, grounding generative clinical trajectories in the genome and a biomedical knowledge graph",action_evidence,1,2,Current evidence supports prediction and actual-versus-masked treatment association. Level-3 counterfactual capability is prospective rather than demonstrated; external partition and calibration-method details remain sparse.,"Current evidence reaches an action-association test, while Level-3 counterfactual capability is stated as future work. Integrated calibration is reported, but external partition details are sparse.",Abstract p.1; Sec.2 pp.2-3; Sec.3 Tables 1-3 pp.3-6; Sec.4 p.6; Methods and limitations pp.7-8,Abstract p.1; Secs.2-4 pp.2-6; Tables 1-3; Methods and limitations pp.7-8
MWM-0095,"GEMEO: the first patient world model for rare disease, grounding generative clinical trajectories in the genome and a biomedical knowledge graph",free_running_rollout,unclear,yes,Current evidence supports prediction and actual-versus-masked treatment association. Level-3 counterfactual capability is prospective rather than demonstrated; external partition and calibration-method details remain sparse.,"Current evidence reaches an action-association test, while Level-3 counterfactual capability is stated as future work. Integrated calibration is reported, but external partition details are sparse.",Abstract p.1; Sec.2 pp.2-3; Sec.3 Tables 1-3 pp.3-6; Sec.4 p.6; Methods and limitations pp.7-8,Abstract p.1; Secs.2-4 pp.2-6; Tables 1-3; Methods and limitations pp.7-8
MWM-0095,"GEMEO: the first patient world model for rare disease, grounding generative clinical trajectories in the genome and a biomedical knowledge graph",horizon_resolved_results,no,yes,Current evidence supports prediction and actual-versus-masked treatment association. Level-3 counterfactual capability is prospective rather than demonstrated; external partition and calibration-method details remain sparse.,"Current evidence reaches an action-association test, while Level-3 counterfactual capability is stated as future work. Integrated calibration is reported, but external partition details are sparse.",Abstract p.1; Sec.2 pp.2-3; Sec.3 Tables 1-3 pp.3-6; Sec.4 p.6; Methods and limitations pp.7-8,Abstract p.1; Secs.2-4 pp.2-6; Tables 1-3; Methods and limitations pp.7-8
MWM-X056BF65776,Generating whole-brain neural activity and behavior through unified latent dynamics,action_evidence,2,1,"Long free-running generation and structured latent perturbations are empirically tested, but all fitting and distributional comparison use one immobilized C. elegans recording without held-out animals. Targeted steering is a model-space intervention, not validated biological causation. State-dependent stochasticity is modeled without formal predictive calibration. No paper-specific public code or processed data release was identified.","Long stochastic rollouts and synthetic steering are well characterized, but all empirical evaluation uses one training recording and latent interventions lack biological, causal, external, or safety validation.","bioRxiv v2 full text, DOI 10.64898/2026.06.05.730482: Results sections on latent dynamics and generative modeling report a 109-neuron single-animal recording, 30,000-step free generation, 1,000 60-s rollouts, behavioral/transition-distribution tests, and connectivity reconstruction; perturbation and steering sections report global/local noise and targeted behavioral steering; Methods define the encoder, stochastic transition, recurrent decoders, and evaluation.","Results Secs. 2.2–2.5, Figs. 2–4; Methods Secs. 4.1–4.5; Fig. S1."
MWM-X056BF65776,Generating whole-brain neural activity and behavior through unified latent dynamics,safety_evidence,1,0,"Long free-running generation and structured latent perturbations are empirically tested, but all fitting and distributional comparison use one immobilized C. elegans recording without held-out animals. Targeted steering is a model-space intervention, not validated biological causation. State-dependent stochasticity is modeled without formal predictive calibration. No paper-specific public code or processed data release was identified.","Long stochastic rollouts and synthetic steering are well characterized, but all empirical evaluation uses one training recording and latent interventions lack biological, causal, external, or safety validation.","bioRxiv v2 full text, DOI 10.64898/2026.06.05.730482: Results sections on latent dynamics and generative modeling report a 109-neuron single-animal recording, 30,000-step free generation, 1,000 60-s rollouts, behavioral/transition-distribution tests, and connectivity reconstruction; perturbation and steering sections report global/local noise and targeted behavioral steering; Methods define the encoder, stochastic transition, recurrent decoders, and evaluation.","Results Secs. 2.2–2.5, Figs. 2–4; Methods Secs. 4.1–4.5; Fig. S1."
MWM-X056BF65776,Generating whole-brain neural activity and behavior through unified latent dynamics,reproducibility_evidence,0,1,"Long free-running generation and structured latent perturbations are empirically tested, but all fitting and distributional comparison use one immobilized C. elegans recording without held-out animals. Targeted steering is a model-space intervention, not validated biological causation. State-dependent stochasticity is modeled without formal predictive calibration. No paper-specific public code or processed data release was identified.","Long stochastic rollouts and synthetic steering are well characterized, but all empirical evaluation uses one training recording and latent interventions lack biological, causal, external, or safety validation.","bioRxiv v2 full text, DOI 10.64898/2026.06.05.730482: Results sections on latent dynamics and generative modeling report a 109-neuron single-animal recording, 30,000-step free generation, 1,000 60-s rollouts, behavioral/transition-distribution tests, and connectivity reconstruction; perturbation and steering sections report global/local noise and targeted behavioral steering; Methods define the encoder, stochastic transition, recurrent decoders, and evaluation.","Results Secs. 2.2–2.5, Figs. 2–4; Methods Secs. 4.1–4.5; Fig. S1."
MWM-0103,Intervention-Aware Clinical World Model for Post-Op Outcome Forecasting in Cardiology,reproducibility_evidence,0,1,"ECE plus event removal, shuffling, timing, and presence edits strongly test predictive dependence. The study explicitly disclaims causal effects and does not free-run treatment-policy trajectories.","Event removal, shuffling, timing and presence edits support action evidence, and ECE supports calibration; risk curves are horizon-resolved but are not recursive self-fed rollouts.",Methods and Table 1 pp.3-5; Tables 2-4 and Fig.3 pp.6-7; Fig.4 and Limitations p.8,Methods and Table 1 pp.3-5; Tables 2-4 and Fig.3 pp.6-7; Fig.4 and Limitations p.8
MWM-X6A64D732FB,Koopman-based linearization of preparatory EEG dynamics in Parkinson's disease during galvanic vestibular stimulation.,causal_evidence,NA,1,"Horizon-resolved multi-step prediction supports rollout evidence 2. LQR is evaluated only as abstract latent identity control, so action and decision evidence remain limited. Bounded control is a safety proxy without physiological constraints or adverse-event testing. Full EEG is request-based and no external cohort exists.","Observed GVS conditions provide partial causal support for stimulation-associated differences, but the LQR action and steering result remain model simulations without an explicit treatment estimand or real model-directed intervention. There is no external validation, calibrated uncertainty, or stimulation-hazard evaluation.","PMC12116581 Methods: subject-level six-fold CV, Deep Koopman and LQR; Fig. 4 reports NMSE through 15 prediction steps; Fig. 8 compares controlled and uncontrolled latent trajectories; official DeepKoopman_PD repository includes code and sample data.","Methods report 18 PD and 18 control participants, subject-level six-fold splits, three-dimensional Koopman state, 1-15-step m-step prediction, and LQR; Results report horizon-specific NMSE, observed sham/GVS1/GVS2 and medication contrasts, spatial maps, motor correlations, and controlled-versus-uncontrolled LQR trajectories; Code Availability reports a public repository."
MWM-X6A64D732FB,Koopman-based linearization of preparatory EEG dynamics in Parkinson's disease during galvanic vestibular stimulation.,safety_evidence,1,0,"Horizon-resolved multi-step prediction supports rollout evidence 2. LQR is evaluated only as abstract latent identity control, so action and decision evidence remain limited. Bounded control is a safety proxy without physiological constraints or adverse-event testing. Full EEG is request-based and no external cohort exists.","Observed GVS conditions provide partial causal support for stimulation-associated differences, but the LQR action and steering result remain model simulations without an explicit treatment estimand or real model-directed intervention. There is no external validation, calibrated uncertainty, or stimulation-hazard evaluation.","PMC12116581 Methods: subject-level six-fold CV, Deep Koopman and LQR; Fig. 4 reports NMSE through 15 prediction steps; Fig. 8 compares controlled and uncontrolled latent trajectories; official DeepKoopman_PD repository includes code and sample data.","Methods report 18 PD and 18 control participants, subject-level six-fold splits, three-dimensional Koopman state, 1-15-step m-step prediction, and LQR; Results report horizon-specific NMSE, observed sham/GVS1/GVS2 and medication contrasts, spatial maps, motor correlations, and controlled-versus-uncontrolled LQR trajectories; Code Availability reports a public repository."
MWM-X6A64D732FB,Koopman-based linearization of preparatory EEG dynamics in Parkinson's disease during galvanic vestibular stimulation.,explicit_causal_estimand,NA,no,"Horizon-resolved multi-step prediction supports rollout evidence 2. LQR is evaluated only as abstract latent identity control, so action and decision evidence remain limited. Bounded control is a safety proxy without physiological constraints or adverse-event testing. Full EEG is request-based and no external cohort exists.","Observed GVS conditions provide partial causal support for stimulation-associated differences, but the LQR action and steering result remain model simulations without an explicit treatment estimand or real model-directed intervention. There is no external validation, calibrated uncertainty, or stimulation-hazard evaluation.","PMC12116581 Methods: subject-level six-fold CV, Deep Koopman and LQR; Fig. 4 reports NMSE through 15 prediction steps; Fig. 8 compares controlled and uncontrolled latent trajectories; official DeepKoopman_PD repository includes code and sample data.","Methods report 18 PD and 18 control participants, subject-level six-fold splits, three-dimensional Koopman state, 1-15-step m-step prediction, and LQR; Results report horizon-specific NMSE, observed sham/GVS1/GVS2 and medication contrasts, spatial maps, motor correlations, and controlled-versus-uncontrolled LQR trajectories; Code Availability reports a public repository."
MWM-XEA4B3285B2,Learning Temporal Basis Vectors for Closed-Loop Neural Stimulation.,rollout_evidence,1,2,"Direct multistep forecasts and simulated controllers are evaluated with action/no-action data. The loop is not in vivo, uncertainty is uncalibrated, and data are request-based.","Action-conditioned forecasting and simulated control are operational, but evidence comes from sessions in only two animals; no external subject test or probabilistic calibration.",Detailed preprint pp. 4-12 and 20-25; Table 1; Fig. 12; Appendix 6.1-6.3; EMBC DOI 10.1109/EMBC58623.2025.11254522,Corresponding arXiv manuscript forecasting results and two closed-loop simulation experiments
MWM-XEA4B3285B2,Learning Temporal Basis Vectors for Closed-Loop Neural Stimulation.,uncertainty_evidence,0,1,"Direct multistep forecasts and simulated controllers are evaluated with action/no-action data. The loop is not in vivo, uncertainty is uncalibrated, and data are request-based.","Action-conditioned forecasting and simulated control are operational, but evidence comes from sessions in only two animals; no external subject test or probabilistic calibration.",Detailed preprint pp. 4-12 and 20-25; Table 1; Fig. 12; Appendix 6.1-6.3; EMBC DOI 10.1109/EMBC58623.2025.11254522,Corresponding arXiv manuscript forecasting results and two closed-loop simulation experiments
MWM-XEA4B3285B2,Learning Temporal Basis Vectors for Closed-Loop Neural Stimulation.,free_running_rollout,no,yes,"Direct multistep forecasts and simulated controllers are evaluated with action/no-action data. The loop is not in vivo, uncertainty is uncalibrated, and data are request-based.","Action-conditioned forecasting and simulated control are operational, but evidence comes from sessions in only two animals; no external subject test or probabilistic calibration.",Detailed preprint pp. 4-12 and 20-25; Table 1; Fig. 12; Appendix 6.1-6.3; EMBC DOI 10.1109/EMBC58623.2025.11254522,Corresponding arXiv manuscript forecasting results and two closed-loop simulation experiments
MWM-XEA4B3285B2,Learning Temporal Basis Vectors for Closed-Loop Neural Stimulation.,action_agnostic_comparator,no,yes,"Direct multistep forecasts and simulated controllers are evaluated with action/no-action data. The loop is not in vivo, uncertainty is uncalibrated, and data are request-based.","Action-conditioned forecasting and simulated control are operational, but evidence comes from sessions in only two animals; no external subject test or probabilistic calibration.",Detailed preprint pp. 4-12 and 20-25; Table 1; Fig. 12; Appendix 6.1-6.3; EMBC DOI 10.1109/EMBC58623.2025.11254522,Corresponding arXiv manuscript forecasting results and two closed-loop simulation experiments
MWM-0125,MRI Contrast Enhancement Kinetics World Model,reproducibility_evidence,0,1,"Time-conditioned image generation and adjacent-frame continuity directly assess kinetics, but generation is not autoregressive. Split details, uncertainty, and reader utility are not reported.","Continuous time-conditioned image generation and temporal continuity support dynamics, but generation is direct rather than autoregressive and the second cohort is not a frozen transport test.",Abstract and Sec.1 pp.1-2; Sec.3 pp.3-5; Sec.4.1 and Table 1 pp.5-7; supplementary kinetics figures pp.13-17,Abstract and Sec.1 pp.1-2; Sec.3 pp.3-5; Sec.4.1 and Table 1 pp.5-7; supplement pp.13-17
MWM-XC890A9B151,Machine Learning for Mechanical Ventilation Control,frozen_external_validation,yes,no,"The learned simulator supports controller optimization and the resulting controller is evaluated closed loop on real bench hardware across six lung settings. Action variation is present in data collection, but there is no action-agnostic model comparator, uncertainty analysis, or clinical/patient validation. The ventilator platform is open source, while the paper-specific learning code and datasets were not clearly released.","Horizon-resolved simulator error and real hardware control with explicit safeguards are strengths. Transfer remains on the same platform, and uncertainty, action-agnostic comparison, patient evidence, and learned artifacts are absent.","Author arXiv v4 full text corresponding to DOI 10.1101/2021.02.26.21252524: Sections 2-3 define QuickLung physical testing, six resistance/compliance settings, pressure/control histories, learned simulators, randomized valve perturbations, and residual-PID control; simulator-evaluation figures report recursive open-loop error through 30 steps; controller figures compare learned control with grid-searched PID on physical ventilators; safety overrides and pneumatic protections are described in the experimental setup.","Methods pp. 5–8, Secs. 3–5, Figs. 3–9; Fig. 5 for 25-step error; Appendix B, Tables 3–5."
MWM-0263,Medical World Model,highest_capability_claim,planning,counterfactual,Candidate-regimen simulation and assistant planning are retrospective and one-step. Factual-regimen images do not validate alternative-treatment outcomes; the external cohort is adapted before testing.,"Candidate TACE regimens define a textual individual intervention contrast, but only factual one-step outcomes are observed; external data are adapted before testing and toxic-combination rules are not hazard outcomes.",Abstract and Fig.1 p.1; Sec.3 Figs.2-3 and Algorithm 1 pp.3-6; Sec.4 Tables 1-3 and Figs.4-7 pp.6-8,Abstract/Fig.1 p.1; Sec.3 and Figs.2-3 pp.3-6; Tables 1-3 and Figs.4-7 pp.6-8
MWM-0263,Medical World Model,action_perturbation,no,yes,Candidate-regimen simulation and assistant planning are retrospective and one-step. Factual-regimen images do not validate alternative-treatment outcomes; the external cohort is adapted before testing.,"Candidate TACE regimens define a textual individual intervention contrast, but only factual one-step outcomes are observed; external data are adapted before testing and toxic-combination rules are not hazard outcomes.",Abstract and Fig.1 p.1; Sec.3 Figs.2-3 and Algorithm 1 pp.3-6; Sec.4 Tables 1-3 and Figs.4-7 pp.6-8,Abstract/Fig.1 p.1; Sec.3 and Figs.2-3 pp.3-6; Tables 1-3 and Figs.4-7 pp.6-8
MWM-X6C3AA8358E,Model-based reinforcement learning for ultrasound-driven autonomous microrobots.,state_evidence,2,1,"Closed-loop physical control and explicit collision, overshoot, loss-of-view recovery, and flow stress tests support decision and safety evidence at the artificial-platform stage. Dynamics fidelity is indirect because the world model is judged mainly through learning and control rather than held-out transition prediction.","Planning is supported because latent imagined trajectories train a sequential policy that executes real ultrasound commands in closed-loop image feedback. Direct state-transition fidelity and horizon-resolved imagined-rollout error are not evaluated, so state, dynamics, and rollout remain indirect/limited. Action settings and magnitudes are varied, but there is no action-agnostic comparator. Sim-to-real and unseen-channel results require continued adaptation, not frozen validation. Physical hazard evidence is unusually strong for this corpus: collision, overshoot, flow displacement, tracking loss, cavitation concern, constraints, shutdown, reset, and action-reversal rescue are tested or demonstrated. Public code, data, and checkpoints support reproducibility=2.",Figs. 2-6; Methods sections on RL and world-model learning; Discussion; Data and Code Availability,"Main article Figs. 1-6 and pp. 1076-1085; Methods pp. 1085-1088; Data and Code Availability p. 1088; Extended Data Figs. 1-4; Supplementary Notes S3, S5, S9-S11 and Figs. 11-16"
MWM-X21155DF63C,Modelling neural coding in the auditory midbrain with high resolution and accuracy.,dynamics_evidence,1,2,"ICNet is a high-quality stimulus-conditioned observation model, not a recursive state-transition rollout. New-animal transfer fits a decoder, so it is adapted external evidence. Predictive distributions and bootstrap CIs lack formal calibration. ASR is a downstream probe, not clinical decision utility.","ICNet predicts full response sequences conditional on the complete exogenous sound, so it is action/stimulus-conditioned but not autonomous free-running rollout. Cross-animal evidence requires decoder adaptation and is not frozen external validation. Controlled stimulus manipulations count as action perturbations, but there is no action-agnostic comparator framed for the claimed conditional model.","PMC12460167 Results Figs. 1-5 and Methods: unseen sounds, held-out animals, response-distribution metrics and neurophysiology tests; Data/Code Availability; official ICNet repository provides pretrained weights and executable notebook.","Methods describe 14 gerbils, high-resolution sound/MUA alignment, 64-dimensional bottleneck, categorical 0-4 event-count decoder, held-out sounds, random 10% validation, leave-one-animal encoder freezing with decoder adaptation, and bootstrap=1,000; Results evaluate RMSE, likelihood, Fano factor, explainable variance, forward masking, and adaptation; official ICNet repository includes code, config, examples, and DNN/model_weights.hdf5."
MWM-X772584A789,Multi-Objective Model-based Reinforcement Learning for Infectious Disease Control,causal_evidence,0,1,"Long Monte Carlo rollouts, prediction bands, policy baselines, and leave-one-city-out validation are present. Intervention effects remain observational and prior-driven without confounding or overlap analysis.","Long-horizon posterior policy rollouts, no-action comparisons, and explicit regime-value objectives are present; causal policy effects rely on a six-city observational transition model.",ArXiv 2009.04607 v3: Secs. 3-5; Figs. 4-6; Appendix C.1-C.4,Secs. 3-5; Figs. 3-6; Algorithms 1-3; Appendix C city holdout
MWM-X772584A789,Multi-Objective Model-based Reinforcement Learning for Infectious Disease Control,external_evidence,2,1,"Long Monte Carlo rollouts, prediction bands, policy baselines, and leave-one-city-out validation are present. Intervention effects remain observational and prior-driven without confounding or overlap analysis.","Long-horizon posterior policy rollouts, no-action comparisons, and explicit regime-value objectives are present; causal policy effects rely on a six-city observational transition model.",ArXiv 2009.04607 v3: Secs. 3-5; Figs. 4-6; Appendix C.1-C.4,Secs. 3-5; Figs. 3-6; Algorithms 1-3; Appendix C city holdout
MWM-X772584A789,Multi-Objective Model-based Reinforcement Learning for Infectious Disease Control,safety_evidence,1,0,"Long Monte Carlo rollouts, prediction bands, policy baselines, and leave-one-city-out validation are present. Intervention effects remain observational and prior-driven without confounding or overlap analysis.","Long-horizon posterior policy rollouts, no-action comparisons, and explicit regime-value objectives are present; causal policy effects rely on a six-city observational transition model.",ArXiv 2009.04607 v3: Secs. 3-5; Figs. 4-6; Appendix C.1-C.4,Secs. 3-5; Figs. 3-6; Algorithms 1-3; Appendix C city holdout
MWM-X772584A789,Multi-Objective Model-based Reinforcement Learning for Infectious Disease Control,frozen_external_validation,yes,no,"Long Monte Carlo rollouts, prediction bands, policy baselines, and leave-one-city-out validation are present. Intervention effects remain observational and prior-driven without confounding or overlap analysis.","Long-horizon posterior policy rollouts, no-action comparisons, and explicit regime-value objectives are present; causal policy effects rely on a six-city observational transition model.",ArXiv 2009.04607 v3: Secs. 3-5; Figs. 4-6; Appendix C.1-C.4,Secs. 3-5; Figs. 3-6; Algorithms 1-3; Appendix C city holdout
MWM-X772584A789,Multi-Objective Model-based Reinforcement Learning for Infectious Disease Control,action_agnostic_comparator,no,yes,"Long Monte Carlo rollouts, prediction bands, policy baselines, and leave-one-city-out validation are present. Intervention effects remain observational and prior-driven without confounding or overlap analysis.","Long-horizon posterior policy rollouts, no-action comparisons, and explicit regime-value objectives are present; causal policy effects rely on a six-city observational transition model.",ArXiv 2009.04607 v3: Secs. 3-5; Figs. 4-6; Appendix C.1-C.4,Secs. 3-5; Figs. 3-6; Algorithms 1-3; Appendix C city holdout
MWM-0136,NVIDIA Cosmos-H-Dreams: Real-Time Generative Physics Simulation for Surgical Robotics,highest_capability_claim,action_conditioned,planning,"Long autoregressive video and retrospective real-policy ranking support simulator evidence, but no systematic action perturbation or calibrated uncertainty is reported and some tasks rank policies negatively.","Long autoregressive video and real-policy ranking support planning utility, but action dependence is not isolated and physical-feasibility/hallucination tests are limited safety evidence.",Abstract and links p.1; Secs.1-3 pp.3-5; Sec.4 pp.6-8; Secs.5-6 Tables 1-4 and Figs.3-5 pp.9-12; Limitations p.14,Abstract/access links p.1; Secs.1-4 pp.3-8; Tables 1-4 and Figs.3-5 pp.9-12; Limitations p.14
MWM-0136,NVIDIA Cosmos-H-Dreams: Real-Time Generative Physics Simulation for Surgical Robotics,action_evidence,1,0,"Long autoregressive video and retrospective real-policy ranking support simulator evidence, but no systematic action perturbation or calibrated uncertainty is reported and some tasks rank policies negatively.","Long autoregressive video and real-policy ranking support planning utility, but action dependence is not isolated and physical-feasibility/hallucination tests are limited safety evidence.",Abstract and links p.1; Secs.1-3 pp.3-5; Sec.4 pp.6-8; Secs.5-6 Tables 1-4 and Figs.3-5 pp.9-12; Limitations p.14,Abstract/access links p.1; Secs.1-4 pp.3-8; Tables 1-4 and Figs.3-5 pp.9-12; Limitations p.14
MWM-0135,Nonstationary Battery,dynamics_evidence,2,1,"Closed-loop adaptation is measured across designed shifts, but the Markdown-only draft lacks code, result artifacts, and a fair equal-information comparator. Task outcomes indirectly evidence state quality.","Closed-loop adaptation is evaluated only in simulators with unequal-information concerns; absent code, simulator artifacts and full specification make most evidence non-reproducible.",Zenodo draft Abstract and Sec.1; Sec.2 Tables B1-B3; Sec.4 caveats; Zenodo file/status record,Zenodo draft Secs.1-2 and Tables B1-B3; Sec.4 caveats; deposit file/status listing
MWM-0135,Nonstationary Battery,rollout_evidence,2,1,"Closed-loop adaptation is measured across designed shifts, but the Markdown-only draft lacks code, result artifacts, and a fair equal-information comparator. Task outcomes indirectly evidence state quality.","Closed-loop adaptation is evaluated only in simulators with unequal-information concerns; absent code, simulator artifacts and full specification make most evidence non-reproducible.",Zenodo draft Abstract and Sec.1; Sec.2 Tables B1-B3; Sec.4 caveats; Zenodo file/status record,Zenodo draft Secs.1-2 and Tables B1-B3; Sec.4 caveats; deposit file/status listing
MWM-0135,Nonstationary Battery,uncertainty_evidence,0,1,"Closed-loop adaptation is measured across designed shifts, but the Markdown-only draft lacks code, result artifacts, and a fair equal-information comparator. Task outcomes indirectly evidence state quality.","Closed-loop adaptation is evaluated only in simulators with unequal-information concerns; absent code, simulator artifacts and full specification make most evidence non-reproducible.",Zenodo draft Abstract and Sec.1; Sec.2 Tables B1-B3; Sec.4 caveats; Zenodo file/status record,Zenodo draft Secs.1-2 and Tables B1-B3; Sec.4 caveats; deposit file/status listing
MWM-XBAD327876F,OMG-RL:Offline Model-based Guided Reward Learning for Heparin Treatment,state_evidence,2,1,"The study learns a sequential dosing policy, but model validity is inferred mainly from offline policy metrics and simulated success rather than direct transition-error or prospective clinical evaluation. The observational clinician-action data are not accompanied by a causal estimand, confounding adjustment, or overlap diagnostics. Ensemble variation is not calibrated. No public implementation or trained weights were identified.","Policy value is evaluated with WIS and model rollouts, but direct dynamics fidelity, action support, confounding, calibration, external validation, and explicit bleeding/thrombosis hazard tests are missing.","Author arXiv v2 full text for the matching OMG-RL study, arXiv:2409.13299; journal successor DOI 10.1016/j.bea.2025.100198: data/method sections define 1,911 MIMIC-III heparin patients, hourly preprocessing, 16-variable states, six dose actions, an ensemble probabilistic transition model, and 36-step simulated trajectories; experiment tables/figures compare offline-RL baselines, clinicians, WIS estimates, and simulated treatment success over repeated runs.","Methods pp. 5–7, Algorithms 1–2; Setup pp. 7–8; Results pp. 8–13, Figs. 2–8; limitations p. 13."
MWM-XBAD327876F,OMG-RL:Offline Model-based Guided Reward Learning for Heparin Treatment,causal_evidence,0,1,"The study learns a sequential dosing policy, but model validity is inferred mainly from offline policy metrics and simulated success rather than direct transition-error or prospective clinical evaluation. The observational clinician-action data are not accompanied by a causal estimand, confounding adjustment, or overlap diagnostics. Ensemble variation is not calibrated. No public implementation or trained weights were identified.","Policy value is evaluated with WIS and model rollouts, but direct dynamics fidelity, action support, confounding, calibration, external validation, and explicit bleeding/thrombosis hazard tests are missing.","Author arXiv v2 full text for the matching OMG-RL study, arXiv:2409.13299; journal successor DOI 10.1016/j.bea.2025.100198: data/method sections define 1,911 MIMIC-III heparin patients, hourly preprocessing, 16-variable states, six dose actions, an ensemble probabilistic transition model, and 36-step simulated trajectories; experiment tables/figures compare offline-RL baselines, clinicians, WIS estimates, and simulated treatment success over repeated runs.","Methods pp. 5–7, Algorithms 1–2; Setup pp. 7–8; Results pp. 8–13, Figs. 2–8; limitations p. 13."
MWM-XBAD327876F,OMG-RL:Offline Model-based Guided Reward Learning for Heparin Treatment,safety_evidence,0,1,"The study learns a sequential dosing policy, but model validity is inferred mainly from offline policy metrics and simulated success rather than direct transition-error or prospective clinical evaluation. The observational clinician-action data are not accompanied by a causal estimand, confounding adjustment, or overlap diagnostics. Ensemble variation is not calibrated. No public implementation or trained weights were identified.","Policy value is evaluated with WIS and model rollouts, but direct dynamics fidelity, action support, confounding, calibration, external validation, and explicit bleeding/thrombosis hazard tests are missing.","Author arXiv v2 full text for the matching OMG-RL study, arXiv:2409.13299; journal successor DOI 10.1016/j.bea.2025.100198: data/method sections define 1,911 MIMIC-III heparin patients, hourly preprocessing, 16-variable states, six dose actions, an ensemble probabilistic transition model, and 36-step simulated trajectories; experiment tables/figures compare offline-RL baselines, clinicians, WIS estimates, and simulated treatment success over repeated runs.","Methods pp. 5–7, Algorithms 1–2; Setup pp. 7–8; Results pp. 8–13, Figs. 2–8; limitations p. 13."
MWM-XBAD327876F,OMG-RL:Offline Model-based Guided Reward Learning for Heparin Treatment,reproducibility_evidence,0,1,"The study learns a sequential dosing policy, but model validity is inferred mainly from offline policy metrics and simulated success rather than direct transition-error or prospective clinical evaluation. The observational clinician-action data are not accompanied by a causal estimand, confounding adjustment, or overlap diagnostics. Ensemble variation is not calibrated. No public implementation or trained weights were identified.","Policy value is evaluated with WIS and model rollouts, but direct dynamics fidelity, action support, confounding, calibration, external validation, and explicit bleeding/thrombosis hazard tests are missing.","Author arXiv v2 full text for the matching OMG-RL study, arXiv:2409.13299; journal successor DOI 10.1016/j.bea.2025.100198: data/method sections define 1,911 MIMIC-III heparin patients, hourly preprocessing, 16-variable states, six dose actions, an ensemble probabilistic transition model, and 36-step simulated trajectories; experiment tables/figures compare offline-RL baselines, clinicians, WIS estimates, and simulated treatment success over repeated runs.","Methods pp. 5–7, Algorithms 1–2; Setup pp. 7–8; Results pp. 8–13, Figs. 2–8; limitations p. 13."
MWM-XBAD327876F,OMG-RL:Offline Model-based Guided Reward Learning for Heparin Treatment,explicit_causal_estimand,no,yes,"The study learns a sequential dosing policy, but model validity is inferred mainly from offline policy metrics and simulated success rather than direct transition-error or prospective clinical evaluation. The observational clinician-action data are not accompanied by a causal estimand, confounding adjustment, or overlap diagnostics. Ensemble variation is not calibrated. No public implementation or trained weights were identified.","Policy value is evaluated with WIS and model rollouts, but direct dynamics fidelity, action support, confounding, calibration, external validation, and explicit bleeding/thrombosis hazard tests are missing.","Author arXiv v2 full text for the matching OMG-RL study, arXiv:2409.13299; journal successor DOI 10.1016/j.bea.2025.100198: data/method sections define 1,911 MIMIC-III heparin patients, hourly preprocessing, 16-variable states, six dose actions, an ensemble probabilistic transition model, and 36-step simulated trajectories; experiment tables/figures compare offline-RL baselines, clinicians, WIS estimates, and simulated treatment success over repeated runs.","Methods pp. 5–7, Algorithms 1–2; Setup pp. 7–8; Results pp. 8–13, Figs. 2–8; limitations p. 13."
MWM-0138,Open-H-Embodiment: A Large-Scale Dataset for Enabling Foundation Models in Medical Robotics,action_evidence,1,0,"Action-replayed free-running chunks, drift analysis, and policy task success support strong empirical coverage. The evaluation remains open-loop with respect to action selection and lacks a formal simulator-hazard protocol.","Six autoregressive chunks and drift analyses support rollout evidence; recorded-action replay does not isolate action dependence, and safety evidence is limited to failure analysis rather than hazards or recovery.",Abstract pp.1-2; Results pp.7-9 and Table 1; C-H-S-S pp.18-22 and Fig.7; Methods pp.25-29; Data Availability p.36,Abstract pp.1-2; Results and Table 1 pp.7-9; C-H-S-S and Fig.7 pp.18-22; Methods pp.25-29; Data Availability p.36
MWM-0138,Open-H-Embodiment: A Large-Scale Dataset for Enabling Foundation Models in Medical Robotics,decision_evidence,2,1,"Action-replayed free-running chunks, drift analysis, and policy task success support strong empirical coverage. The evaluation remains open-loop with respect to action selection and lacks a formal simulator-hazard protocol.","Six autoregressive chunks and drift analyses support rollout evidence; recorded-action replay does not isolate action dependence, and safety evidence is limited to failure analysis rather than hazards or recovery.",Abstract pp.1-2; Results pp.7-9 and Table 1; C-H-S-S pp.18-22 and Fig.7; Methods pp.25-29; Data Availability p.36,Abstract pp.1-2; Results and Table 1 pp.7-9; C-H-S-S and Fig.7 pp.18-22; Methods pp.25-29; Data Availability p.36
MWM-0138,Open-H-Embodiment: A Large-Scale Dataset for Enabling Foundation Models in Medical Robotics,closed_loop_evaluation,simulation,offline,"Action-replayed free-running chunks, drift analysis, and policy task success support strong empirical coverage. The evaluation remains open-loop with respect to action selection and lacks a formal simulator-hazard protocol.","Six autoregressive chunks and drift analyses support rollout evidence; recorded-action replay does not isolate action dependence, and safety evidence is limited to failure analysis rather than hazards or recovery.",Abstract pp.1-2; Results pp.7-9 and Table 1; C-H-S-S pp.18-22 and Fig.7; Methods pp.25-29; Data Availability p.36,Abstract pp.1-2; Results and Table 1 pp.7-9; C-H-S-S and Fig.7 pp.18-22; Methods pp.25-29; Data Availability p.36
MWM-XB062A5A9FB,Optimized glycemic control of type 2 diabetes with reinforcement learning: a proof-of-concept trial.,rollout_evidence,1,2,"Strongest evidence in the batch for external, real decision and safety evaluation. Rollout is one day at fixed K=7, with no multi-horizon degradation or formal calibration. WIS and the single-arm trial support only partial causal validity; no explicit target-policy estimand or complete time-varying-confounding/overlap analysis is reported.","This is the strongest real closed-loop evidence in the batch, but the clinical trial is a small single-arm before/after feasibility study, not randomized policy comparison. Weighted interval score is uncertainty evaluation but not formal calibration. No action-removal/shuffle or randomized dose perturbation supports action-evidence level 2.","PMC10579102 Fig. 1 and Extended Data Fig. 1 define recurrent K=7 planning; Figs. 2-4 report frozen internal/external prediction and policy tests; Methods and Extended Data describe physician review, deployment, 16-patient trial, hazards, override and statistics; code/model/data package is public.","Methods report 12,981 inpatients/119,941 patient-days, seven daily periods, transformer patient model, model-based RL, patient-level internal and frozen external-hospital validation, physician review, 20-patient prospective deployment, and NCT05409391; trial Results report 16 patients, glucose reduction from 11.1±3.6 to 8.6±2.4 mmol/L (P<0.01), physician override, and no severe hypoglycemia or hyperglycemia with ketosis; Data/Code Availability reports RL-DITR and a minimum Zenodo dataset."
MWM-0149,Policy4OOD: A Knowledge-Guided World Model for Policy Intervention Simulation against the Opioid Overdose Crisis,uncertainty_evidence,0,1,"MCTS and explicit advance/replace/remove scenarios support planning and action tests. The paper defines policy contrasts but states predictions are noncausal; confounding, overlap, interference, and observed policy outcomes are absent.",Policy removal/timing/replacement tests support action evidence and held-out states support external evidence; planning outputs remain model-generated and the paper explicitly disclaims causal effects.,Dataset and Table 1 pp.3-4; Method pp.5-7; Tables 2-3 pp.7-8; Figs.4-5 pp.9-10,Dataset/Table 1 pp.3-4; Method pp.5-7; Tables 2-3 pp.7-8; case studies and caveat pp.9-10
MWM-0149,Policy4OOD: A Knowledge-Guided World Model for Policy Intervention Simulation against the Opioid Overdose Crisis,reproducibility_evidence,1,2,"MCTS and explicit advance/replace/remove scenarios support planning and action tests. The paper defines policy contrasts but states predictions are noncausal; confounding, overlap, interference, and observed policy outcomes are absent.",Policy removal/timing/replacement tests support action evidence and held-out states support external evidence; planning outputs remain model-generated and the paper explicitly disclaims causal effects.,Dataset and Table 1 pp.3-4; Method pp.5-7; Tables 2-3 pp.7-8; Figs.4-5 pp.9-10,Dataset/Table 1 pp.3-4; Method pp.5-7; Tables 2-3 pp.7-8; case studies and caveat pp.9-10
MWM-X7FD0DBDE79,Predictive modeling of hemodynamics during viscerosensory neurostimulation via neural computation mechanism in the brainstem.,horizon_resolved_results,yes,no,Mechanistic closed-loop simulations include open-loop and stability comparisons with public code/data. Evidence is limited to ten anesthetized rats and lacks in-vivo closed-loop validation.,"Real stimulation-response trajectories support individualized dynamics; closed-loop utility and unstable-target checks are in-silico only, with no external animal or human validation.","Primary article Figs. 1-7; pp. 12-18 Methods, H-BIND, cross-validation, NMPC, statistics, and availability; DOI 10.1038/s41746-025-01635-w","Figs. 6-7; Methods H-BIND, k-fold validation, NMPC; Data/Code availability"
MWM-X7FD0DBDE79,Predictive modeling of hemodynamics during viscerosensory neurostimulation via neural computation mechanism in the brainstem.,safety_hazard_test,yes,no,Mechanistic closed-loop simulations include open-loop and stability comparisons with public code/data. Evidence is limited to ten anesthetized rats and lacks in-vivo closed-loop validation.,"Real stimulation-response trajectories support individualized dynamics; closed-loop utility and unstable-target checks are in-silico only, with no external animal or human validation.","Primary article Figs. 1-7; pp. 12-18 Methods, H-BIND, cross-validation, NMPC, statistics, and availability; DOI 10.1038/s41746-025-01635-w","Figs. 6-7; Methods H-BIND, k-fold validation, NMPC; Data/Code availability"
MWM-0151,Progressive Experience Fusion for Multi-Task World Model Control in Endovascular Navigation,state_evidence,2,1,"Closed-loop phantom navigation provides direct task-state and decision evidence, but learned-transition fidelity is not reported. Dispersion is an uncalibrated proxy and safety coverage is limited to constraints and failures.","Closed-loop phantom navigation supports decision evidence, while direct dynamics fidelity is absent; action bounds and timeouts are safety constraints but no collision severity or override is tested.",Abstract and Sec.II-B pp.1-3; Secs.II-C-II-F pp.3-7; Sec.II-G Tables I-IV pp.7-10; Discussion pp.10-11,Secs.II-B-II-F and Figs.1-5 pp.1-7; Sec.II-G and Tables I-IV pp.7-10; Discussion pp.10-11
MWM-0157,SAW: Toward a Surgical Action World Model via Controllable and Scalable Video Generation,dynamics_evidence,1,2,"Trajectory-removal and component ablations support action dependence, but video is generated in one shot from a supplied path. No closed loop, calibrated uncertainty, physical safety, or decision utility is tested.","Condition-removal ablations support action evidence, but the trajectory is a 2D control proxy and generation is a short single-shot clip without closed-loop or physical safety validation.",Abstract p.1; Sec.2 and Fig.1 pp.2-4; Sec.3 Tables 1-2 pp.4-6; Sec.4 Table 3 pp.6-9; Conclusion p.10,Abstract p.1; Sec.2 and Fig.1 pp.2-4; Tables 1-3 pp.4-9; Conclusion p.10
MWM-0157,SAW: Toward a Surgical Action World Model via Controllable and Scalable Video Generation,decision_evidence,0,1,"Trajectory-removal and component ablations support action dependence, but video is generated in one shot from a supplied path. No closed loop, calibrated uncertainty, physical safety, or decision utility is tested.","Condition-removal ablations support action evidence, but the trajectory is a 2D control proxy and generation is a short single-shot clip without closed-loop or physical safety validation.",Abstract p.1; Sec.2 and Fig.1 pp.2-4; Sec.3 Tables 1-2 pp.4-6; Sec.4 Table 3 pp.6-9; Conclusion p.10,Abstract p.1; Sec.2 and Fig.1 pp.2-4; Tables 1-3 pp.4-9; Conclusion p.10
MWM-0157,SAW: Toward a Surgical Action World Model via Controllable and Scalable Video Generation,safety_evidence,0,1,"Trajectory-removal and component ablations support action dependence, but video is generated in one shot from a supplied path. No closed loop, calibrated uncertainty, physical safety, or decision utility is tested.","Condition-removal ablations support action evidence, but the trajectory is a 2D control proxy and generation is a short single-shot clip without closed-loop or physical safety validation.",Abstract p.1; Sec.2 and Fig.1 pp.2-4; Sec.3 Tables 1-2 pp.4-6; Sec.4 Table 3 pp.6-9; Conclusion p.10,Abstract p.1; Sec.2 and Fig.1 pp.2-4; Tables 1-3 pp.4-9; Conclusion p.10
MWM-0177,SWoMo: Neuro-Symbolic World Model for Cataract Surgery Simulation,dynamics_evidence,1,2,"Rule-based actions condition generated surgical video and clips can be chained, but long-horizon drift and physical constraint violations are not measured. Decision evidence is limited to augmentation/probes.",Autoregressive chaining and qualitative novel-motion tests provide limited rollout/action evidence; rule structure is a safety proxy without measured constraint violations.,Abstract p.1; Sec.2 and Fig.2 pp.3-6; Sec.3 Tables 1-2 pp.6-8; Conclusion p.9,Abstract p.1; Sec.2 and Fig.2 pp.3-6; Tables 1-2 pp.6-8; Conclusion p.9
MWM-0177,SWoMo: Neuro-Symbolic World Model for Cataract Surgery Simulation,closed_loop_evaluation,simulation,no,"Rule-based actions condition generated surgical video and clips can be chained, but long-horizon drift and physical constraint violations are not measured. Decision evidence is limited to augmentation/probes.",Autoregressive chaining and qualitative novel-motion tests provide limited rollout/action evidence; rule structure is a safety proxy without measured constraint violations.,Abstract p.1; Sec.2 and Fig.2 pp.3-6; Sec.3 Tables 1-2 pp.6-8; Conclusion p.9,Abstract p.1; Sec.2 and Fig.2 pp.3-6; Tables 1-2 pp.6-8; Conclusion p.9
MWM-XC71FC75483,SimulAD: a dynamical model for personalized simulation and disease staging in Alzheimer's disease.,highest_capability_claim,passive_forecasting,counterfactual,"This article empirically supports passive disease staging and forecasting, including application of an ADNI-derived model to an independent Geneva cohort. It does not evaluate an action or intervention in this study, despite citing earlier treatment-simulation work. Error and sensitivity analyses are reported without formal uncertainty calibration. Code, weights, and the private clinical cohort were not publicly released.","The paper repeats a treatment-impact capability claim, so the highest claim is counterfactual, but the empirical study tests only staging/natural-history prediction. GMC is independent yet adapted through imputation/harmonization and GMC-specific fitting.","Neurobiology of Aging final article, DOI 10.1016/j.neurobiolaging.2021.12.015: Methods describe 442 ADNI source participants, 93 independent Geneva Memory Center participants, multimodal biomarker preprocessing, ODE dynamics, and personalized forward/backward five-year trajectories; Results and Figs. 2-6 report stage separation, biomarker associations, external-cohort application, trajectory errors, and individual MMSE forecasts; sensitivity analyses address preprocessing choices.",Secs. 2.1–2.6 and Tables 1–2; Figs. 3–6 and Table 4; Discussion/Conclusion pp. 80–82.
MWM-XC71FC75483,SimulAD: a dynamical model for personalized simulation and disease staging in Alzheimer's disease.,rollout_evidence,2,1,"This article empirically supports passive disease staging and forecasting, including application of an ADNI-derived model to an independent Geneva cohort. It does not evaluate an action or intervention in this study, despite citing earlier treatment-simulation work. Error and sensitivity analyses are reported without formal uncertainty calibration. Code, weights, and the private clinical cohort were not publicly released.","The paper repeats a treatment-impact capability claim, so the highest claim is counterfactual, but the empirical study tests only staging/natural-history prediction. GMC is independent yet adapted through imputation/harmonization and GMC-specific fitting.","Neurobiology of Aging final article, DOI 10.1016/j.neurobiolaging.2021.12.015: Methods describe 442 ADNI source participants, 93 independent Geneva Memory Center participants, multimodal biomarker preprocessing, ODE dynamics, and personalized forward/backward five-year trajectories; Results and Figs. 2-6 report stage separation, biomarker associations, external-cohort application, trajectory errors, and individual MMSE forecasts; sensitivity analyses address preprocessing choices.",Secs. 2.1–2.6 and Tables 1–2; Figs. 3–6 and Table 4; Discussion/Conclusion pp. 80–82.
MWM-XC71FC75483,SimulAD: a dynamical model for personalized simulation and disease staging in Alzheimer's disease.,action_evidence,NA,0,"This article empirically supports passive disease staging and forecasting, including application of an ADNI-derived model to an independent Geneva cohort. It does not evaluate an action or intervention in this study, despite citing earlier treatment-simulation work. Error and sensitivity analyses are reported without formal uncertainty calibration. Code, weights, and the private clinical cohort were not publicly released.","The paper repeats a treatment-impact capability claim, so the highest claim is counterfactual, but the empirical study tests only staging/natural-history prediction. GMC is independent yet adapted through imputation/harmonization and GMC-specific fitting.","Neurobiology of Aging final article, DOI 10.1016/j.neurobiolaging.2021.12.015: Methods describe 442 ADNI source participants, 93 independent Geneva Memory Center participants, multimodal biomarker preprocessing, ODE dynamics, and personalized forward/backward five-year trajectories; Results and Figs. 2-6 report stage separation, biomarker associations, external-cohort application, trajectory errors, and individual MMSE forecasts; sensitivity analyses address preprocessing choices.",Secs. 2.1–2.6 and Tables 1–2; Figs. 3–6 and Table 4; Discussion/Conclusion pp. 80–82.
MWM-XC71FC75483,SimulAD: a dynamical model for personalized simulation and disease staging in Alzheimer's disease.,causal_evidence,NA,0,"This article empirically supports passive disease staging and forecasting, including application of an ADNI-derived model to an independent Geneva cohort. It does not evaluate an action or intervention in this study, despite citing earlier treatment-simulation work. Error and sensitivity analyses are reported without formal uncertainty calibration. Code, weights, and the private clinical cohort were not publicly released.","The paper repeats a treatment-impact capability claim, so the highest claim is counterfactual, but the empirical study tests only staging/natural-history prediction. GMC is independent yet adapted through imputation/harmonization and GMC-specific fitting.","Neurobiology of Aging final article, DOI 10.1016/j.neurobiolaging.2021.12.015: Methods describe 442 ADNI source participants, 93 independent Geneva Memory Center participants, multimodal biomarker preprocessing, ODE dynamics, and personalized forward/backward five-year trajectories; Results and Figs. 2-6 report stage separation, biomarker associations, external-cohort application, trajectory errors, and individual MMSE forecasts; sensitivity analyses address preprocessing choices.",Secs. 2.1–2.6 and Tables 1–2; Figs. 3–6 and Table 4; Discussion/Conclusion pp. 80–82.
MWM-XC71FC75483,SimulAD: a dynamical model for personalized simulation and disease staging in Alzheimer's disease.,external_evidence,2,1,"This article empirically supports passive disease staging and forecasting, including application of an ADNI-derived model to an independent Geneva cohort. It does not evaluate an action or intervention in this study, despite citing earlier treatment-simulation work. Error and sensitivity analyses are reported without formal uncertainty calibration. Code, weights, and the private clinical cohort were not publicly released.","The paper repeats a treatment-impact capability claim, so the highest claim is counterfactual, but the empirical study tests only staging/natural-history prediction. GMC is independent yet adapted through imputation/harmonization and GMC-specific fitting.","Neurobiology of Aging final article, DOI 10.1016/j.neurobiolaging.2021.12.015: Methods describe 442 ADNI source participants, 93 independent Geneva Memory Center participants, multimodal biomarker preprocessing, ODE dynamics, and personalized forward/backward five-year trajectories; Results and Figs. 2-6 report stage separation, biomarker associations, external-cohort application, trajectory errors, and individual MMSE forecasts; sensitivity analyses address preprocessing choices.",Secs. 2.1–2.6 and Tables 1–2; Figs. 3–6 and Table 4; Discussion/Conclusion pp. 80–82.
MWM-XC71FC75483,SimulAD: a dynamical model for personalized simulation and disease staging in Alzheimer's disease.,reproducibility_evidence,0,1,"This article empirically supports passive disease staging and forecasting, including application of an ADNI-derived model to an independent Geneva cohort. It does not evaluate an action or intervention in this study, despite citing earlier treatment-simulation work. Error and sensitivity analyses are reported without formal uncertainty calibration. Code, weights, and the private clinical cohort were not publicly released.","The paper repeats a treatment-impact capability claim, so the highest claim is counterfactual, but the empirical study tests only staging/natural-history prediction. GMC is independent yet adapted through imputation/harmonization and GMC-specific fitting.","Neurobiology of Aging final article, DOI 10.1016/j.neurobiolaging.2021.12.015: Methods describe 442 ADNI source participants, 93 independent Geneva Memory Center participants, multimodal biomarker preprocessing, ODE dynamics, and personalized forward/backward five-year trajectories; Results and Figs. 2-6 report stage separation, biomarker associations, external-cohort application, trajectory errors, and individual MMSE forecasts; sensitivity analyses address preprocessing choices.",Secs. 2.1–2.6 and Tables 1–2; Figs. 3–6 and Table 4; Discussion/Conclusion pp. 80–82.
MWM-XC71FC75483,SimulAD: a dynamical model for personalized simulation and disease staging in Alzheimer's disease.,horizon_resolved_results,yes,no,"This article empirically supports passive disease staging and forecasting, including application of an ADNI-derived model to an independent Geneva cohort. It does not evaluate an action or intervention in this study, despite citing earlier treatment-simulation work. Error and sensitivity analyses are reported without formal uncertainty calibration. Code, weights, and the private clinical cohort were not publicly released.","The paper repeats a treatment-impact capability claim, so the highest claim is counterfactual, but the empirical study tests only staging/natural-history prediction. GMC is independent yet adapted through imputation/harmonization and GMC-specific fitting.","Neurobiology of Aging final article, DOI 10.1016/j.neurobiolaging.2021.12.015: Methods describe 442 ADNI source participants, 93 independent Geneva Memory Center participants, multimodal biomarker preprocessing, ODE dynamics, and personalized forward/backward five-year trajectories; Results and Figs. 2-6 report stage separation, biomarker associations, external-cohort application, trajectory errors, and individual MMSE forecasts; sensitivity analyses address preprocessing choices.",Secs. 2.1–2.6 and Tables 1–2; Figs. 3–6 and Table 4; Discussion/Conclusion pp. 80–82.
MWM-XC71FC75483,SimulAD: a dynamical model for personalized simulation and disease staging in Alzheimer's disease.,frozen_external_validation,yes,no,"This article empirically supports passive disease staging and forecasting, including application of an ADNI-derived model to an independent Geneva cohort. It does not evaluate an action or intervention in this study, despite citing earlier treatment-simulation work. Error and sensitivity analyses are reported without formal uncertainty calibration. Code, weights, and the private clinical cohort were not publicly released.","The paper repeats a treatment-impact capability claim, so the highest claim is counterfactual, but the empirical study tests only staging/natural-history prediction. GMC is independent yet adapted through imputation/harmonization and GMC-specific fitting.","Neurobiology of Aging final article, DOI 10.1016/j.neurobiolaging.2021.12.015: Methods describe 442 ADNI source participants, 93 independent Geneva Memory Center participants, multimodal biomarker preprocessing, ODE dynamics, and personalized forward/backward five-year trajectories; Results and Figs. 2-6 report stage separation, biomarker associations, external-cohort application, trajectory errors, and individual MMSE forecasts; sensitivity analyses address preprocessing choices.",Secs. 2.1–2.6 and Tables 1–2; Figs. 3–6 and Table 4; Discussion/Conclusion pp. 80–82.
MWM-XC71FC75483,SimulAD: a dynamical model for personalized simulation and disease staging in Alzheimer's disease.,action_agnostic_comparator,NA,no,"This article empirically supports passive disease staging and forecasting, including application of an ADNI-derived model to an independent Geneva cohort. It does not evaluate an action or intervention in this study, despite citing earlier treatment-simulation work. Error and sensitivity analyses are reported without formal uncertainty calibration. Code, weights, and the private clinical cohort were not publicly released.","The paper repeats a treatment-impact capability claim, so the highest claim is counterfactual, but the empirical study tests only staging/natural-history prediction. GMC is independent yet adapted through imputation/harmonization and GMC-specific fitting.","Neurobiology of Aging final article, DOI 10.1016/j.neurobiolaging.2021.12.015: Methods describe 442 ADNI source participants, 93 independent Geneva Memory Center participants, multimodal biomarker preprocessing, ODE dynamics, and personalized forward/backward five-year trajectories; Results and Figs. 2-6 report stage separation, biomarker associations, external-cohort application, trajectory errors, and individual MMSE forecasts; sensitivity analyses address preprocessing choices.",Secs. 2.1–2.6 and Tables 1–2; Figs. 3–6 and Table 4; Discussion/Conclusion pp. 80–82.
MWM-XC71FC75483,SimulAD: a dynamical model for personalized simulation and disease staging in Alzheimer's disease.,action_perturbation,NA,no,"This article empirically supports passive disease staging and forecasting, including application of an ADNI-derived model to an independent Geneva cohort. It does not evaluate an action or intervention in this study, despite citing earlier treatment-simulation work. Error and sensitivity analyses are reported without formal uncertainty calibration. Code, weights, and the private clinical cohort were not publicly released.","The paper repeats a treatment-impact capability claim, so the highest claim is counterfactual, but the empirical study tests only staging/natural-history prediction. GMC is independent yet adapted through imputation/harmonization and GMC-specific fitting.","Neurobiology of Aging final article, DOI 10.1016/j.neurobiolaging.2021.12.015: Methods describe 442 ADNI source participants, 93 independent Geneva Memory Center participants, multimodal biomarker preprocessing, ODE dynamics, and personalized forward/backward five-year trajectories; Results and Figs. 2-6 report stage separation, biomarker associations, external-cohort application, trajectory errors, and individual MMSE forecasts; sensitivity analyses address preprocessing choices.",Secs. 2.1–2.6 and Tables 1–2; Figs. 3–6 and Table 4; Discussion/Conclusion pp. 80–82.
MWM-XC71FC75483,SimulAD: a dynamical model for personalized simulation and disease staging in Alzheimer's disease.,explicit_causal_estimand,NA,no,"This article empirically supports passive disease staging and forecasting, including application of an ADNI-derived model to an independent Geneva cohort. It does not evaluate an action or intervention in this study, despite citing earlier treatment-simulation work. Error and sensitivity analyses are reported without formal uncertainty calibration. Code, weights, and the private clinical cohort were not publicly released.","The paper repeats a treatment-impact capability claim, so the highest claim is counterfactual, but the empirical study tests only staging/natural-history prediction. GMC is independent yet adapted through imputation/harmonization and GMC-specific fitting.","Neurobiology of Aging final article, DOI 10.1016/j.neurobiolaging.2021.12.015: Methods describe 442 ADNI source participants, 93 independent Geneva Memory Center participants, multimodal biomarker preprocessing, ODE dynamics, and personalized forward/backward five-year trajectories; Results and Figs. 2-6 report stage separation, biomarker associations, external-cohort application, trajectory errors, and individual MMSE forecasts; sensitivity analyses address preprocessing choices.",Secs. 2.1–2.6 and Tables 1–2; Figs. 3–6 and Table 4; Discussion/Conclusion pp. 80–82.
MWM-0164,Simulating clinical interventions with a generative multimodal model of human physiology,highest_capability_claim,action_conditioned,counterfactual,"The paper explicitly disclaims a causal/counterfactual engine, so intervention-token simulations are coded action-conditioned. Frozen cohort tests and active-control/dose comparisons are strong, but horizon queries are not recursive rollouts.","Paired dose/intervention queries and aggregate trial comparisons justify action and partial causal evidence, but curves are independent queries and observational training does not identify individual effects.",Claims and cohorts pp.2-4; Figs.2-4 pp.6-12; Figs.5-6 pp.14-20; Methods pp.28-33 and pp.42-49; Data/Code p.50,Claims/cohorts pp.2-4; Figs.2-6 pp.6-20; Methods pp.28-49; Data/Code Availability p.50
MWM-0164,Simulating clinical interventions with a generative multimodal model of human physiology,causal_evidence,NA,1,"The paper explicitly disclaims a causal/counterfactual engine, so intervention-token simulations are coded action-conditioned. Frozen cohort tests and active-control/dose comparisons are strong, but horizon queries are not recursive rollouts.","Paired dose/intervention queries and aggregate trial comparisons justify action and partial causal evidence, but curves are independent queries and observational training does not identify individual effects.",Claims and cohorts pp.2-4; Figs.2-4 pp.6-12; Figs.5-6 pp.14-20; Methods pp.28-33 and pp.42-49; Data/Code p.50,Claims/cohorts pp.2-4; Figs.2-6 pp.6-20; Methods pp.28-49; Data/Code Availability p.50
MWM-0164,Simulating clinical interventions with a generative multimodal model of human physiology,explicit_causal_estimand,NA,yes,"The paper explicitly disclaims a causal/counterfactual engine, so intervention-token simulations are coded action-conditioned. Frozen cohort tests and active-control/dose comparisons are strong, but horizon queries are not recursive rollouts.","Paired dose/intervention queries and aggregate trial comparisons justify action and partial causal evidence, but curves are independent queries and observational training does not identify individual effects.",Claims and cohorts pp.2-4; Figs.2-4 pp.6-12; Figs.5-6 pp.14-20; Methods pp.28-33 and pp.42-49; Data/Code p.50,Claims/cohorts pp.2-4; Figs.2-6 pp.6-20; Methods pp.28-49; Data/Code Availability p.50
MWM-0164,Simulating clinical interventions with a generative multimodal model of human physiology,closed_loop_evaluation,no,offline,"The paper explicitly disclaims a causal/counterfactual engine, so intervention-token simulations are coded action-conditioned. Frozen cohort tests and active-control/dose comparisons are strong, but horizon queries are not recursive rollouts.","Paired dose/intervention queries and aggregate trial comparisons justify action and partial causal evidence, but curves are independent queries and observational training does not identify individual effects.",Claims and cohorts pp.2-4; Figs.2-4 pp.6-12; Figs.5-6 pp.14-20; Methods pp.28-33 and pp.42-49; Data/Code p.50,Claims/cohorts pp.2-4; Figs.2-6 pp.6-20; Methods pp.28-49; Data/Code Availability p.50
MWM-XB6F8EC5868,Simulating the outcome of amyloid treatments in Alzheimer's disease from imaging and clinical data.,dynamics_evidence,1,2,"Action evidence is strong because dose and timing are explicitly perturbed against natural progression. Causal evidence remains partial: effects are generated from assumed ODE structure without treatment-confounding identification. Independent-cohort validation concerns disease severity rather than intervention response, and frozen status was not verifiable because the supplement was inaccessible. No code or hazard model.","The paper defines a clear no-treatment versus dose/timing intervention contrast, but no treated outcomes identify that contrast. Causal evidence is therefore partial: confounding, empirical overlap, and treatment-effect validation are unavailable. Long trajectories are generated, but performance degradation is not reported at multiple rollout horizons. No code, trained parameters, formal calibration, or safety model was found.","PMC8168944 Methods: 442-person ADNI cohort, latent ODE and intervention definition; Figs. 3-7 and Table 2 compare placebo with 50%/100% lowering across intervention years and sample sizes; Discussion states a conditional causal interpretation and cautions about unmodeled mechanisms; supplement link could not be retrieved.","Methods define 442 amyloid-positive ADNI participants/2,781 observations, irregular multimodal data, four coupled latent disease components, Gaussian decoders, and intervention simulation; Results figures compare natural history with 50%/100% amyloid lowering over intervention times and long disease-course trajectories; Discussion explicitly bounds conclusions as hypothetical model-based scenarios."
MWM-XB6F8EC5868,Simulating the outcome of amyloid treatments in Alzheimer's disease from imaging and clinical data.,reproducibility_evidence,1,0,"Action evidence is strong because dose and timing are explicitly perturbed against natural progression. Causal evidence remains partial: effects are generated from assumed ODE structure without treatment-confounding identification. Independent-cohort validation concerns disease severity rather than intervention response, and frozen status was not verifiable because the supplement was inaccessible. No code or hazard model.","The paper defines a clear no-treatment versus dose/timing intervention contrast, but no treated outcomes identify that contrast. Causal evidence is therefore partial: confounding, empirical overlap, and treatment-effect validation are unavailable. Long trajectories are generated, but performance degradation is not reported at multiple rollout horizons. No code, trained parameters, formal calibration, or safety model was found.","PMC8168944 Methods: 442-person ADNI cohort, latent ODE and intervention definition; Figs. 3-7 and Table 2 compare placebo with 50%/100% lowering across intervention years and sample sizes; Discussion states a conditional causal interpretation and cautions about unmodeled mechanisms; supplement link could not be retrieved.","Methods define 442 amyloid-positive ADNI participants/2,781 observations, irregular multimodal data, four coupled latent disease components, Gaussian decoders, and intervention simulation; Results figures compare natural history with 50%/100% amyloid lowering over intervention times and long disease-course trajectories; Discussion explicitly bounds conclusions as hypothetical model-based scenarios."
MWM-XB6F8EC5868,Simulating the outcome of amyloid treatments in Alzheimer's disease from imaging and clinical data.,horizon_resolved_results,yes,no,"Action evidence is strong because dose and timing are explicitly perturbed against natural progression. Causal evidence remains partial: effects are generated from assumed ODE structure without treatment-confounding identification. Independent-cohort validation concerns disease severity rather than intervention response, and frozen status was not verifiable because the supplement was inaccessible. No code or hazard model.","The paper defines a clear no-treatment versus dose/timing intervention contrast, but no treated outcomes identify that contrast. Causal evidence is therefore partial: confounding, empirical overlap, and treatment-effect validation are unavailable. Long trajectories are generated, but performance degradation is not reported at multiple rollout horizons. No code, trained parameters, formal calibration, or safety model was found.","PMC8168944 Methods: 442-person ADNI cohort, latent ODE and intervention definition; Figs. 3-7 and Table 2 compare placebo with 50%/100% lowering across intervention years and sample sizes; Discussion states a conditional causal interpretation and cautions about unmodeled mechanisms; supplement link could not be retrieved.","Methods define 442 amyloid-positive ADNI participants/2,781 observations, irregular multimodal data, four coupled latent disease components, Gaussian decoders, and intervention simulation; Results figures compare natural history with 50%/100% amyloid lowering over intervention times and long disease-course trajectories; Discussion explicitly bounds conclusions as hypothetical model-based scenarios."
MWM-XB6F8EC5868,Simulating the outcome of amyloid treatments in Alzheimer's disease from imaging and clinical data.,frozen_external_validation,unclear,no,"Action evidence is strong because dose and timing are explicitly perturbed against natural progression. Causal evidence remains partial: effects are generated from assumed ODE structure without treatment-confounding identification. Independent-cohort validation concerns disease severity rather than intervention response, and frozen status was not verifiable because the supplement was inaccessible. No code or hazard model.","The paper defines a clear no-treatment versus dose/timing intervention contrast, but no treated outcomes identify that contrast. Causal evidence is therefore partial: confounding, empirical overlap, and treatment-effect validation are unavailable. Long trajectories are generated, but performance degradation is not reported at multiple rollout horizons. No code, trained parameters, formal calibration, or safety model was found.","PMC8168944 Methods: 442-person ADNI cohort, latent ODE and intervention definition; Figs. 3-7 and Table 2 compare placebo with 50%/100% lowering across intervention years and sample sizes; Discussion states a conditional causal interpretation and cautions about unmodeled mechanisms; supplement link could not be retrieved.","Methods define 442 amyloid-positive ADNI participants/2,781 observations, irregular multimodal data, four coupled latent disease components, Gaussian decoders, and intervention simulation; Results figures compare natural history with 50%/100% amyloid lowering over intervention times and long disease-course trajectories; Discussion explicitly bounds conclusions as hypothetical model-based scenarios."
MWM-XB6F8EC5868,Simulating the outcome of amyloid treatments in Alzheimer's disease from imaging and clinical data.,closed_loop_evaluation,simulation,offline,"Action evidence is strong because dose and timing are explicitly perturbed against natural progression. Causal evidence remains partial: effects are generated from assumed ODE structure without treatment-confounding identification. Independent-cohort validation concerns disease severity rather than intervention response, and frozen status was not verifiable because the supplement was inaccessible. No code or hazard model.","The paper defines a clear no-treatment versus dose/timing intervention contrast, but no treated outcomes identify that contrast. Causal evidence is therefore partial: confounding, empirical overlap, and treatment-effect validation are unavailable. Long trajectories are generated, but performance degradation is not reported at multiple rollout horizons. No code, trained parameters, formal calibration, or safety model was found.","PMC8168944 Methods: 442-person ADNI cohort, latent ODE and intervention definition; Figs. 3-7 and Table 2 compare placebo with 50%/100% lowering across intervention years and sample sizes; Discussion states a conditional causal interpretation and cautions about unmodeled mechanisms; supplement link could not be retrieved.","Methods define 442 amyloid-positive ADNI participants/2,781 observations, irregular multimodal data, four coupled latent disease components, Gaussian decoders, and intervention simulation; Results figures compare natural history with 50%/100% amyloid lowering over intervention times and long disease-course trajectories; Discussion explicitly bounds conclusions as hypothetical model-based scenarios."
MWM-X9C071A2447,Structure-aware World Model for Probe Guidance via Large-scale Self-supervised Pre-train,state_evidence,1,2,The 2D-only objective removes pose conditioning and supports action evidence. World-model dynamics are evaluated only indirectly through one-step downstream guidance on same-source scans.,"Large person-disjoint held-out scan evaluation supports offline guidance utility, but transition fidelity is only a downstream proxy and there is no rollout, uncertainty, external site, code, or data release.",ArXiv 2406.19756 v2 pp. 3-8; Sec. 2.2; Sec. 3.1; Table 1; Fig. 4,Sec. 2.2/Fig. 2; Sec. 3.1; Table 1; Fig. 4
MWM-X9C071A2447,Structure-aware World Model for Probe Guidance via Large-scale Self-supervised Pre-train,action_evidence,2,1,The 2D-only objective removes pose conditioning and supports action evidence. World-model dynamics are evaluated only indirectly through one-step downstream guidance on same-source scans.,"Large person-disjoint held-out scan evaluation supports offline guidance utility, but transition fidelity is only a downstream proxy and there is no rollout, uncertainty, external site, code, or data release.",ArXiv 2406.19756 v2 pp. 3-8; Sec. 2.2; Sec. 3.1; Table 1; Fig. 4,Sec. 2.2/Fig. 2; Sec. 3.1; Table 1; Fig. 4
MWM-X9C071A2447,Structure-aware World Model for Probe Guidance via Large-scale Self-supervised Pre-train,action_perturbation,yes,no,The 2D-only objective removes pose conditioning and supports action evidence. World-model dynamics are evaluated only indirectly through one-step downstream guidance on same-source scans.,"Large person-disjoint held-out scan evaluation supports offline guidance utility, but transition fidelity is only a downstream proxy and there is no rollout, uncertainty, external site, code, or data release.",ArXiv 2406.19756 v2 pp. 3-8; Sec. 2.2; Sec. 3.1; Table 1; Fig. 4,Sec. 2.2/Fig. 2; Sec. 3.1; Table 1; Fig. 4
MWM-0170,Surg-UniWorld: A Unified Surgical World Model with Multimodal Control Experts,action_evidence,1,2,"Multimodal controls and video/geometry metrics support action-conditioned dynamics. Entire future control sequences are supplied, so this is not autonomous or free-running closed-loop control.","Extensive control-modality removal supports action evidence, but future controls expose the full sequence and generation is neither autonomous nor closed-loop.",Abstract and Secs.I-III pp.1-3; Sec.IV-V.A pp.3-7; Sec.V.B-D and Sec.VI pp.8-10,Abstract and Secs.I-III pp.1-3; Secs.IV-V and Tables II-V pp.3-10
MWM-0170,Surg-UniWorld: A Unified Surgical World Model with Multimodal Control Experts,action_agnostic_comparator,no,yes,"Multimodal controls and video/geometry metrics support action-conditioned dynamics. Entire future control sequences are supplied, so this is not autonomous or free-running closed-loop control.","Extensive control-modality removal supports action evidence, but future controls expose the full sequence and generation is neither autonomous nor closed-loop.",Abstract and Secs.I-III pp.1-3; Sec.IV-V.A pp.3-7; Sec.V.B-D and Sec.VI pp.8-10,Abstract and Secs.I-III pp.1-3; Secs.IV-V and Tables II-V pp.3-10
MWM-0174,SurgVista: Long-Horizon Surgical World Modeling with Plausible Instrument-Tissue Dynamics,action_perturbation,yes,no,"Explicit 80- versus 800-frame self-fed evaluation supports rollout evidence. Split/adaptation provenance is insufficient for frozen external coding, and actions omit force/contact with no safety test.","Chained 80/800-frame evaluations support rollout evidence. Control-module ablations are limited action evidence; absent split provenance, appendix and code weaken external/reproducibility judgments.",Introduction/formulation pp.1-3; Methods pp.4-6; Benchmark pp.6-7; Tables 1-5 pp.8-9,Formulation pp.1-3; Methods pp.4-6; benchmark pp.6-7; Tables 1-5 pp.8-9
MWM-0175,SurgWMBench: A Vision-Based Benchmark for World-Modeling Surgical Instrument Motion Planning,highest_capability_claim,passive_forecasting,planning,"Observed 2D trajectories are forecast rather than commanded actions, so the benchmark is coded passive despite planning motivation. Autoregressive error is reported at 5, 10, and 15 steps.","Autoregressive errors at 5/10/15 steps support rollout evidence, but historical 2D trajectories are observations rather than commanded actions and no planner is evaluated.",Abstract and Introduction pp.1-4; Sec.3 pp.4-5; Sec.4 Tables 1-2 pp.7-9; Appendix pp.12-15,Introduction pp.1-4; data pp.4-5; Tables 1-3 and Fig.3 pp.7-15
MWM-0175,SurgWMBench: A Vision-Based Benchmark for World-Modeling Surgical Instrument Motion Planning,action_evidence,NA,0,"Observed 2D trajectories are forecast rather than commanded actions, so the benchmark is coded passive despite planning motivation. Autoregressive error is reported at 5, 10, and 15 steps.","Autoregressive errors at 5/10/15 steps support rollout evidence, but historical 2D trajectories are observations rather than commanded actions and no planner is evaluated.",Abstract and Introduction pp.1-4; Sec.3 pp.4-5; Sec.4 Tables 1-2 pp.7-9; Appendix pp.12-15,Introduction pp.1-4; data pp.4-5; Tables 1-3 and Fig.3 pp.7-15
MWM-0175,SurgWMBench: A Vision-Based Benchmark for World-Modeling Surgical Instrument Motion Planning,action_agnostic_comparator,NA,no,"Observed 2D trajectories are forecast rather than commanded actions, so the benchmark is coded passive despite planning motivation. Autoregressive error is reported at 5, 10, and 15 steps.","Autoregressive errors at 5/10/15 steps support rollout evidence, but historical 2D trajectories are observations rather than commanded actions and no planner is evaluated.",Abstract and Introduction pp.1-4; Sec.3 pp.4-5; Sec.4 Tables 1-2 pp.7-9; Appendix pp.12-15,Introduction pp.1-4; data pp.4-5; Tables 1-3 and Fig.3 pp.7-15
MWM-0175,SurgWMBench: A Vision-Based Benchmark for World-Modeling Surgical Instrument Motion Planning,action_perturbation,NA,no,"Observed 2D trajectories are forecast rather than commanded actions, so the benchmark is coded passive despite planning motivation. Autoregressive error is reported at 5, 10, and 15 steps.","Autoregressive errors at 5/10/15 steps support rollout evidence, but historical 2D trajectories are observations rather than commanded actions and no planner is evaluated.",Abstract and Introduction pp.1-4; Sec.3 pp.4-5; Sec.4 Tables 1-2 pp.7-9; Appendix pp.12-15,Introduction pp.1-4; data pp.4-5; Tables 1-3 and Fig.3 pp.7-15
MWM-0173,Surgical WAM: A World-Action Model for Data-Efficient Surgical Robot Learning,action_evidence,1,0,"Receding-horizon replanning supports simulated closed-loop utility. Direct state and transition fidelity, uncertainty, real-robot quantitative evaluation, and safety tests are missing.",Receding-horizon task success supports planning but not direct world-state or transition fidelity; quantitative evidence is simulation-only and action dependence is not tested.,Abstract pp.1-2; Sec.3 and Fig.2 pp.4-5; Sec.4 Tables 1-3 and Fig.3 pp.5-8; Conclusion pp.7-8,Abstract pp.1-2; Sec.3 and Fig.2 pp.4-5; Sec.4 and Tables 1-3 pp.5-8
MWM-XCC1C1352D9,The Coupled Stochastic Dynamical System: A Generative Model for Simulating and Forecasting Youth Mental Health Trajectories,uncertainty_evidence,1,2,"The architecture is explicitly intended for intervention and counterfactual simulation, but the current empirical batch validates passive simulation/forecasting only; no administered-action response or causal estimand is tested. Horizon-resolved forecasts and uncertainty intervals are substantial, yet reported calibration R-squared plots do not meet the rubric's formal reliability/coverage criterion. Code release is prospective, and data require application.","Counterfactual/intervention capability is claimed, but reported tests are passive generation and rolling forecasts. Forecasts are horizon-resolved with calibration plots; no action perturbation, causal estimand, external cohort, prospective utility, or current public code.","medRxiv full text, DOI 10.64898/2026.07.26.26358943: Abstract and model overview describe the coupled trait, burden, behavior, physiology, and observation processes; cohort/method sections report GLOBEM N=496, four clusters, the 200-person detailed evaluation, particle inference, and repeated simulations; validation figures/tables report occupancy, transition, target-corridor, and 1/3/7/14/21-day forecasting against persistence/prefix-mean nulls with subject-block bootstrap intervals; limitations discuss held-out design and absent external validation.",Abstract; Methods Secs. 2.1–2.7 pp. 5–15; Results Tables 3–4/Figs. 3–5 pp. 16–20; Discussion pp. 20–25.
MWM-XCC1C1352D9,The Coupled Stochastic Dynamical System: A Generative Model for Simulating and Forecasting Youth Mental Health Trajectories,safety_evidence,0,1,"The architecture is explicitly intended for intervention and counterfactual simulation, but the current empirical batch validates passive simulation/forecasting only; no administered-action response or causal estimand is tested. Horizon-resolved forecasts and uncertainty intervals are substantial, yet reported calibration R-squared plots do not meet the rubric's formal reliability/coverage criterion. Code release is prospective, and data require application.","Counterfactual/intervention capability is claimed, but reported tests are passive generation and rolling forecasts. Forecasts are horizon-resolved with calibration plots; no action perturbation, causal estimand, external cohort, prospective utility, or current public code.","medRxiv full text, DOI 10.64898/2026.07.26.26358943: Abstract and model overview describe the coupled trait, burden, behavior, physiology, and observation processes; cohort/method sections report GLOBEM N=496, four clusters, the 200-person detailed evaluation, particle inference, and repeated simulations; validation figures/tables report occupancy, transition, target-corridor, and 1/3/7/14/21-day forecasting against persistence/prefix-mean nulls with subject-block bootstrap intervals; limitations discuss held-out design and absent external validation.",Abstract; Methods Secs. 2.1–2.7 pp. 5–15; Results Tables 3–4/Figs. 3–5 pp. 16–20; Discussion pp. 20–25.
MWM-XCC1C1352D9,The Coupled Stochastic Dynamical System: A Generative Model for Simulating and Forecasting Youth Mental Health Trajectories,formal_calibration,no,yes,"The architecture is explicitly intended for intervention and counterfactual simulation, but the current empirical batch validates passive simulation/forecasting only; no administered-action response or causal estimand is tested. Horizon-resolved forecasts and uncertainty intervals are substantial, yet reported calibration R-squared plots do not meet the rubric's formal reliability/coverage criterion. Code release is prospective, and data require application.","Counterfactual/intervention capability is claimed, but reported tests are passive generation and rolling forecasts. Forecasts are horizon-resolved with calibration plots; no action perturbation, causal estimand, external cohort, prospective utility, or current public code.","medRxiv full text, DOI 10.64898/2026.07.26.26358943: Abstract and model overview describe the coupled trait, burden, behavior, physiology, and observation processes; cohort/method sections report GLOBEM N=496, four clusters, the 200-person detailed evaluation, particle inference, and repeated simulations; validation figures/tables report occupancy, transition, target-corridor, and 1/3/7/14/21-day forecasting against persistence/prefix-mean nulls with subject-block bootstrap intervals; limitations discuss held-out design and absent external validation.",Abstract; Methods Secs. 2.1–2.7 pp. 5–15; Results Tables 3–4/Figs. 3–5 pp. 16–20; Discussion pp. 20–25.
MWM-0199,Toward Safe Autonomous Robotic Endovascular Interventions using World Models,dynamics_evidence,0,1,"Physical closed-loop trials, tip force threshold, and failure categories support decision and safety evidence. Direct learned-model transition error and uncertainty fallback are not evaluated.","Real phantom closed-loop control and measured force/speed/failure categories support decision and safety evidence, but learned-dynamics error and uncertainty are not evaluated.",Methods and data pp.2-4; Tables I-II p.5; Results pp.5-6; Limitations/Safety pp.6-7,Methods pp.2-4; Tables I-II and Results pp.5-6; Limitations/Safety pp.6-7
MWM-0200,Toward World Modeling of Physiological Signals with Chaos-Theoretic Balancing and Latent Dynamics,reproducibility_evidence,1,2,Free-running long/short-horizon signal metrics are reported. Counterfactual and action-awareness claims rely on observational conditioning and qualitative channel replacement without ground-truth alternative outcomes.,"Long-versus-short free rollouts and public code support strong forecasting evidence, but qualitative replacement of observational action channels does not validate counterfactual effects.",Abstract p.1; Sec.3 and Table 1 pp.3-5; Secs.3.5-4 pp.5-10; Appendix Tables 4-6 pp.13-14; Table 10 p.25,Abstract p.1; Sec.3 and Table 1 pp.3-5; Figs.2-3 and Tables 2-3 pp.5-10; Appendix Tables 4-10
MWM-X009A6E0F91,Towards Causality-Aware Inferring: A Sequential Discriminative Approach for Medical Diagnosis.,dynamics_evidence,2,1,"The method plans sequential inquiries in a simulator and defines individual potential symptom responses, but does not identify effects on real clinical outcomes. Cross-dataset transfer uses semantic remapping and is not frozen. Bootstrap confidence drives stopping without formal calibration; conservative stopping and human override are discussed without a clinical harm/severity test.","The closed loop is a short patient-simulator dialogue, not live clinical use. Matching and intervention-inspired masking address two observed inquiry biases but do not specify a causal treatment estimand or complete identification assumptions. Confidence thresholds and limited query budgets are safety-adjacent, not an explicit hazard test. Cross-dataset/OOD evidence is useful but not frozen institutional validation.","arXiv:2003.06534v5 pp. 1-10, Tables 1-7 and Figs. 7-10 report counterfactual-answer metrics, closed-loop diagnosis, ablations, OOD and cross-dataset transfer; Appendix pp. 11-19 gives potential-outcome assumptions, training, human evaluation and limitations; CAMAD code is public.","Methods define MZ (586/142; 66 symptoms/4 diseases) and DX (423/104; 41 symptoms/5 diseases), propensity latent matching, progressive assurance inquiry/diagnosis, Ptrain-to-Pall OOD evaluation, 1/3-symptom inquiry budgets, five-fold analysis, and five seeds; Results include matching/masking ablations, sequential diagnostic success, OOD comparisons, and six-physician blinded evaluation; official CAMAD repository provides code."
MWM-X009A6E0F91,Towards Causality-Aware Inferring: A Sequential Discriminative Approach for Medical Diagnosis.,action_evidence,1,2,"The method plans sequential inquiries in a simulator and defines individual potential symptom responses, but does not identify effects on real clinical outcomes. Cross-dataset transfer uses semantic remapping and is not frozen. Bootstrap confidence drives stopping without formal calibration; conservative stopping and human override are discussed without a clinical harm/severity test.","The closed loop is a short patient-simulator dialogue, not live clinical use. Matching and intervention-inspired masking address two observed inquiry biases but do not specify a causal treatment estimand or complete identification assumptions. Confidence thresholds and limited query budgets are safety-adjacent, not an explicit hazard test. Cross-dataset/OOD evidence is useful but not frozen institutional validation.","arXiv:2003.06534v5 pp. 1-10, Tables 1-7 and Figs. 7-10 report counterfactual-answer metrics, closed-loop diagnosis, ablations, OOD and cross-dataset transfer; Appendix pp. 11-19 gives potential-outcome assumptions, training, human evaluation and limitations; CAMAD code is public.","Methods define MZ (586/142; 66 symptoms/4 diseases) and DX (423/104; 41 symptoms/5 diseases), propensity latent matching, progressive assurance inquiry/diagnosis, Ptrain-to-Pall OOD evaluation, 1/3-symptom inquiry budgets, five-fold analysis, and five seeds; Results include matching/masking ablations, sequential diagnostic success, OOD comparisons, and six-physician blinded evaluation; official CAMAD repository provides code."
MWM-X009A6E0F91,Towards Causality-Aware Inferring: A Sequential Discriminative Approach for Medical Diagnosis.,action_agnostic_comparator,no,yes,"The method plans sequential inquiries in a simulator and defines individual potential symptom responses, but does not identify effects on real clinical outcomes. Cross-dataset transfer uses semantic remapping and is not frozen. Bootstrap confidence drives stopping without formal calibration; conservative stopping and human override are discussed without a clinical harm/severity test.","The closed loop is a short patient-simulator dialogue, not live clinical use. Matching and intervention-inspired masking address two observed inquiry biases but do not specify a causal treatment estimand or complete identification assumptions. Confidence thresholds and limited query budgets are safety-adjacent, not an explicit hazard test. Cross-dataset/OOD evidence is useful but not frozen institutional validation.","arXiv:2003.06534v5 pp. 1-10, Tables 1-7 and Figs. 7-10 report counterfactual-answer metrics, closed-loop diagnosis, ablations, OOD and cross-dataset transfer; Appendix pp. 11-19 gives potential-outcome assumptions, training, human evaluation and limitations; CAMAD code is public.","Methods define MZ (586/142; 66 symptoms/4 diseases) and DX (423/104; 41 symptoms/5 diseases), propensity latent matching, progressive assurance inquiry/diagnosis, Ptrain-to-Pall OOD evaluation, 1/3-symptom inquiry budgets, five-fold analysis, and five seeds; Results include matching/masking ablations, sequential diagnostic success, OOD comparisons, and six-physician blinded evaluation; official CAMAD repository provides code."
MWM-X009A6E0F91,Towards Causality-Aware Inferring: A Sequential Discriminative Approach for Medical Diagnosis.,explicit_causal_estimand,yes,no,"The method plans sequential inquiries in a simulator and defines individual potential symptom responses, but does not identify effects on real clinical outcomes. Cross-dataset transfer uses semantic remapping and is not frozen. Bootstrap confidence drives stopping without formal calibration; conservative stopping and human override are discussed without a clinical harm/severity test.","The closed loop is a short patient-simulator dialogue, not live clinical use. Matching and intervention-inspired masking address two observed inquiry biases but do not specify a causal treatment estimand or complete identification assumptions. Confidence thresholds and limited query budgets are safety-adjacent, not an explicit hazard test. Cross-dataset/OOD evidence is useful but not frozen institutional validation.","arXiv:2003.06534v5 pp. 1-10, Tables 1-7 and Figs. 7-10 report counterfactual-answer metrics, closed-loop diagnosis, ablations, OOD and cross-dataset transfer; Appendix pp. 11-19 gives potential-outcome assumptions, training, human evaluation and limitations; CAMAD code is public.","Methods define MZ (586/142; 66 symptoms/4 diseases) and DX (423/104; 41 symptoms/5 diseases), propensity latent matching, progressive assurance inquiry/diagnosis, Ptrain-to-Pall OOD evaluation, 1/3-symptom inquiry budgets, five-fold analysis, and five seeds; Results include matching/masking ablations, sequential diagnostic success, OOD comparisons, and six-physician blinded evaluation; official CAMAD repository provides code."
MWM-X5E3C456867,Towards Surgical World-Action Modeling: A Preliminary Joint Visual-Trajectory Forecasting for Surgical Motion Planning,highest_capability_claim,passive_forecasting,planning,"Despite the world-action label and motion-planning motivation, the model receives no exogenous action or robot command; it passively forecasts future visual states and observed instrument trajectories. The qualitative repository is not a verified implementation of training and evaluation.","The title and framing claim relevance to surgical motion planning, so coding is against planning. The experiment nevertheless forecasts the recorded expert trajectory as an output and never conditions on, selects, optimizes, or executes a chosen action. It earns direct state/dynamics and free-running rollout evidence because decoded visual states and trajectory errors are reported across five segments of a fully autoregressive 15-step rollout. Decision evidence is only an offline planning proxy. The single benchmark, missing split details, no repeated-run statistics, absent uncertainty, and lack of public training code limit external and reproducibility evidence.","Secs. 2-3, Table 1, and Sec. 4; qualitative-results repository",Secs. 1-2 pp. 2-6; Fig. 1 p. 4; Sec. 3 pp. 6-8 and Table 1 p. 8; Fig. 2 and conclusion pp. 8-9
MWM-X5E3C456867,Towards Surgical World-Action Modeling: A Preliminary Joint Visual-Trajectory Forecasting for Surgical Motion Planning,action_evidence,NA,0,"Despite the world-action label and motion-planning motivation, the model receives no exogenous action or robot command; it passively forecasts future visual states and observed instrument trajectories. The qualitative repository is not a verified implementation of training and evaluation.","The title and framing claim relevance to surgical motion planning, so coding is against planning. The experiment nevertheless forecasts the recorded expert trajectory as an output and never conditions on, selects, optimizes, or executes a chosen action. It earns direct state/dynamics and free-running rollout evidence because decoded visual states and trajectory errors are reported across five segments of a fully autoregressive 15-step rollout. Decision evidence is only an offline planning proxy. The single benchmark, missing split details, no repeated-run statistics, absent uncertainty, and lack of public training code limit external and reproducibility evidence.","Secs. 2-3, Table 1, and Sec. 4; qualitative-results repository",Secs. 1-2 pp. 2-6; Fig. 1 p. 4; Sec. 3 pp. 6-8 and Table 1 p. 8; Fig. 2 and conclusion pp. 8-9
MWM-X5E3C456867,Towards Surgical World-Action Modeling: A Preliminary Joint Visual-Trajectory Forecasting for Surgical Motion Planning,action_agnostic_comparator,NA,no,"Despite the world-action label and motion-planning motivation, the model receives no exogenous action or robot command; it passively forecasts future visual states and observed instrument trajectories. The qualitative repository is not a verified implementation of training and evaluation.","The title and framing claim relevance to surgical motion planning, so coding is against planning. The experiment nevertheless forecasts the recorded expert trajectory as an output and never conditions on, selects, optimizes, or executes a chosen action. It earns direct state/dynamics and free-running rollout evidence because decoded visual states and trajectory errors are reported across five segments of a fully autoregressive 15-step rollout. Decision evidence is only an offline planning proxy. The single benchmark, missing split details, no repeated-run statistics, absent uncertainty, and lack of public training code limit external and reproducibility evidence.","Secs. 2-3, Table 1, and Sec. 4; qualitative-results repository",Secs. 1-2 pp. 2-6; Fig. 1 p. 4; Sec. 3 pp. 6-8 and Table 1 p. 8; Fig. 2 and conclusion pp. 8-9
MWM-X5E3C456867,Towards Surgical World-Action Modeling: A Preliminary Joint Visual-Trajectory Forecasting for Surgical Motion Planning,action_perturbation,NA,no,"Despite the world-action label and motion-planning motivation, the model receives no exogenous action or robot command; it passively forecasts future visual states and observed instrument trajectories. The qualitative repository is not a verified implementation of training and evaluation.","The title and framing claim relevance to surgical motion planning, so coding is against planning. The experiment nevertheless forecasts the recorded expert trajectory as an output and never conditions on, selects, optimizes, or executes a chosen action. It earns direct state/dynamics and free-running rollout evidence because decoded visual states and trajectory errors are reported across five segments of a fully autoregressive 15-step rollout. Decision evidence is only an offline planning proxy. The single benchmark, missing split details, no repeated-run statistics, absent uncertainty, and lack of public training code limit external and reproducibility evidence.","Secs. 2-3, Table 1, and Sec. 4; qualitative-results repository",Secs. 1-2 pp. 2-6; Fig. 1 p. 4; Sec. 3 pp. 6-8 and Table 1 p. 8; Fig. 2 and conclusion pp. 8-9
MWM-X2E0B832A46,Type 1 diabetes prevention clinical trial simulator: Case reports of model-informed drug development tool.,highest_capability_claim,action_conditioned,counterfactual,"The placebo arm and drug-effect slider support action sensitivity, but drug effects are imposed rather than estimated and this paper adds no trajectory calibration or prospective decision validation.","The public simulator performs placebo-versus-assumed-effect trial rollouts and go/no-go design analyses, but effects are user imposed, not estimated or causally validated; current simulator validation is absent.",Primary PMC article: Introduction; GUI sections; Case Studies I-II; Impact assessment; Figs. 1-4; DOI 10.1002/psp4.13193,Clinical Trial Design/Power Curve; Case Studies I-II and Figs. 2-4; Conclusion
MWM-X2E0B832A46,Type 1 diabetes prevention clinical trial simulator: Case reports of model-informed drug development tool.,rollout_evidence,1,2,"The placebo arm and drug-effect slider support action sensitivity, but drug effects are imposed rather than estimated and this paper adds no trajectory calibration or prospective decision validation.","The public simulator performs placebo-versus-assumed-effect trial rollouts and go/no-go design analyses, but effects are user imposed, not estimated or causally validated; current simulator validation is absent.",Primary PMC article: Introduction; GUI sections; Case Studies I-II; Impact assessment; Figs. 1-4; DOI 10.1002/psp4.13193,Clinical Trial Design/Power Curve; Case Studies I-II and Figs. 2-4; Conclusion
MWM-X2E0B832A46,Type 1 diabetes prevention clinical trial simulator: Case reports of model-informed drug development tool.,action_evidence,2,1,"The placebo arm and drug-effect slider support action sensitivity, but drug effects are imposed rather than estimated and this paper adds no trajectory calibration or prospective decision validation.","The public simulator performs placebo-versus-assumed-effect trial rollouts and go/no-go design analyses, but effects are user imposed, not estimated or causally validated; current simulator validation is absent.",Primary PMC article: Introduction; GUI sections; Case Studies I-II; Impact assessment; Figs. 1-4; DOI 10.1002/psp4.13193,Clinical Trial Design/Power Curve; Case Studies I-II and Figs. 2-4; Conclusion
MWM-X2E0B832A46,Type 1 diabetes prevention clinical trial simulator: Case reports of model-informed drug development tool.,causal_evidence,NA,0,"The placebo arm and drug-effect slider support action sensitivity, but drug effects are imposed rather than estimated and this paper adds no trajectory calibration or prospective decision validation.","The public simulator performs placebo-versus-assumed-effect trial rollouts and go/no-go design analyses, but effects are user imposed, not estimated or causally validated; current simulator validation is absent.",Primary PMC article: Introduction; GUI sections; Case Studies I-II; Impact assessment; Figs. 1-4; DOI 10.1002/psp4.13193,Clinical Trial Design/Power Curve; Case Studies I-II and Figs. 2-4; Conclusion
MWM-X2E0B832A46,Type 1 diabetes prevention clinical trial simulator: Case reports of model-informed drug development tool.,decision_evidence,1,2,"The placebo arm and drug-effect slider support action sensitivity, but drug effects are imposed rather than estimated and this paper adds no trajectory calibration or prospective decision validation.","The public simulator performs placebo-versus-assumed-effect trial rollouts and go/no-go design analyses, but effects are user imposed, not estimated or causally validated; current simulator validation is absent.",Primary PMC article: Introduction; GUI sections; Case Studies I-II; Impact assessment; Figs. 1-4; DOI 10.1002/psp4.13193,Clinical Trial Design/Power Curve; Case Studies I-II and Figs. 2-4; Conclusion
MWM-X2E0B832A46,Type 1 diabetes prevention clinical trial simulator: Case reports of model-informed drug development tool.,closed_loop_evaluation,offline,simulation,"The placebo arm and drug-effect slider support action sensitivity, but drug effects are imposed rather than estimated and this paper adds no trajectory calibration or prospective decision validation.","The public simulator performs placebo-versus-assumed-effect trial rollouts and go/no-go design analyses, but effects are user imposed, not estimated or causally validated; current simulator validation is absent.",Primary PMC article: Introduction; GUI sections; Case Studies I-II; Impact assessment; Figs. 1-4; DOI 10.1002/psp4.13193,Clinical Trial Design/Power Curve; Case Studies I-II and Figs. 2-4; Conclusion
MWM-X2E0B832A46,Type 1 diabetes prevention clinical trial simulator: Case reports of model-informed drug development tool.,public_code,unclear,no,"The placebo arm and drug-effect slider support action sensitivity, but drug effects are imposed rather than estimated and this paper adds no trajectory calibration or prospective decision validation.","The public simulator performs placebo-versus-assumed-effect trial rollouts and go/no-go design analyses, but effects are user imposed, not estimated or causally validated; current simulator validation is absent.",Primary PMC article: Introduction; GUI sections; Case Studies I-II; Impact assessment; Figs. 1-4; DOI 10.1002/psp4.13193,Clinical Trial Design/Power Curve; Case Studies I-II and Figs. 2-4; Conclusion
MWM-0315,World Models for General Surgical Grasping,reproducibility_evidence,2,1,"Real-robot closed-loop grasping, disturbance, and re-grasping tests support utility and limited safety. World-state/transition fidelity and uncertainty calibration are not directly evaluated.","Real-robot closed-loop task and disturbance tests support planning and limited safety evidence, but direct world-state/dynamics fidelity and calibrated uncertainty are absent.",Abstract and Secs.I-IV pp.1-4; Sec.V and Table III pp.8-9; Secs.VI-VII Table IV pp.10-11; Appendix p.13,Secs.I-IV and Figs.1-3 pp.1-4; Sec.V and Table III pp.8-9; Secs.VI-VII and Table IV pp.10-11
MWM-0290,X-WIN: Building Chest Radiograph World Model via Predictive Sensing,dynamics_evidence,1,2,"The action is a known simulated imaging rotation, not treatment. Spatial next-view prediction and downstream transfer are evaluated, but there is no recursive rollout or frozen clinical external validation.","Simulated rotation is a geometric action with angular-step ablations, but there is no action-agnostic comparator or temporal rollout; external datasets mainly support fitted downstream probes.",Architecture and predictive action pp.1-4; Sec.4 Tables 1-4 pp.5-7; Table 5 p.8,Architecture/action pp.1-4; Sec.4 and Tables 1-4 pp.5-7; Table 5 p.8
MWM-0114,medDreamer: Model-Based Reinforcement Learning with Latent Imagination on Complex EHRs for Clinical Decision Support,reproducibility_evidence,1,0,"The model free-runs for policy imagination, but direct state/transition validation is weak. Mortality claims rest on OPE without confounding or overlap analysis; reported sepsis intervals and split details need checking.","Policy claims rely on latent imagination and OPE without direct transition validation, overlap analysis, or identified causal estimand; reported mortality intervals and split details require adjudication.",Abstract and Introduction pp.1-3; Sec.3 pp.3-8; Sec.4 Tables 1-2 and Figs.2-8 pp.8-13; appendices pp.18-19,Secs.1-3 pp.1-8; Sec.4 and Tables 1-2 pp.8-13; appendices pp.18-19
