audit_id,route,title,abstract,authors,year,publication_date,venue,doi,arxiv_id,url,record_type,sources,query_labels,source_status,original_exclusion_reason,reviewer_c_decision,reviewer_c_corpus_type,reviewer_c_reason_code,reviewer_c_rationale,reviewer_d_decision,reviewer_d_corpus_type,reviewer_d_reason_code,reviewer_d_rationale,final_decision,final_corpus_type,final_reason_code,resolution_route,adjudication_rationale,qc_decision,qc_corpus_type,qc_reason_code,qc_rationale,full_text_anchor,confidence
ALT-36a3691f146d,fresh_alternate_public_search,A data-driven Alzheimer's disease progression simulator for retrospective validation and prospective Phase III power design.,"Anti-amyloid immunotherapies have recently demonstrated the first significant slowing of cognitive decline in Alzheimer's disease (AD), yet clinical benefit varies markedly across drugs and scales with the completeness of amyloid clearance. Pharmacokinetic/pharmacodynamic (PK/PD) models are currently the standard tool for trial simulation, but they typically operate on single biomarkers and rely on drug-concentration assumptions, leaving the multi-scale cascade from amyloid clearance through tau, neurodegeneration, and cognition largely unmodelled. No existing framework has been jointly validated against the quantitative outcomes of multiple real-world phase III trials, spanning clearance kinetics, multi-modal biomarker trajectories, and statistical power. We present a trial simulation platform based on SimulAD, a disease progression model trained exclusively on longitudinal observational data from ADNI, with no access to trial-arm labels or drug-specific outcomes. SimulAD encodes intervention as piecewise amyloid clearance terms within a latent ordinary differential equation system that jointly governs amyloid, tau, structural MRI, and cognitive trajectories under the amyloid cascade hypothesis. We retrospectively simulated six landmark phase III anti-amyloid trials (TRAILBLAZER-ALZ2, CLARITY AD, EMERGE and ENGAGE, GRADUATE I and GRADUATE II) using a single trained model with trial-specific calibration limited to amyloid clearance kinetics. SimulAD reproduced published mean centiloid reductions within 5% error across all six trials and generated CDR-SB distributions broadly consistent with reported placebo and treated-arm outcomes. In a retrospective power analysis, calibrated simulations separated the three positive from the three null trials, with EMERGE near the decision boundary and ENGAGE and both GRADUATE trials below it. Across trials, higher amyloid-clearance rates were associated with larger calibrated clinical effects and lower estimated sample sizes. These results establish SimulAD as a valid disease-progression-centric trial simulator providing quantitative guidance on sample size planning and treatment kinetics optimisation that is grounded in the full multi-modal biomarker cascade of AD.",Marco Lorenzi; Anna Custo; Giovanni B Frisoni; Valentina Garibotto,2026,2026,medRxiv : the preprint server for health sciences,10.64898/2026.05.03.26352317,,https://pubmed.ncbi.nlm.nih.gov/42145636/,journal-article,europe_pmc;pubmed,europe_pmc_core;pubmed_core,indexed,,include,empirical,include_empirical,A data-trained latent dynamics model simulates intervention-conditioned biomarker trajectories and validates trial rollouts.,include,empirical,include_empirical,The data driven alzheimer s disease progression simulator retrospective validation prospective study learns or calibrates temporal dynamics and directly evaluates intervention-conditioned rollouts or planning outcomes.,include,empirical,include_empirical,reviewer_consensus+independent_inclusion_qc,"SimulAD learns a latent ODE transition over amyloid, tau, MRI, and cognition from longitudinal ADNI data, then evaluates intervention-conditioned multistep trajectories against six Phase III trials and power outcomes.",include,empirical,learned_multistep_dynamics,"SimulAD learns a latent ODE transition over amyloid, tau, MRI, and cognition from longitudinal ADNI data, then evaluates intervention-conditioned multistep trajectories against six Phase III trials and power outcomes.","Primary preprint, Methods and Results: latent ODE with piecewise amyloid-clearance interventions; retrospective simulation of TRAILBLAZER-ALZ2, CLARITY AD, EMERGE, ENGAGE, and GRADUATE I/II.",high
ALT-b41d73135078,fresh_alternate_public_search,A digital twin for hospital antimicrobial resistance forecasting and constrained intervention optimisation,"A bstract Hospital antimicrobial resistance (AMR) emanates from an array of complex interactions between patient turnover, heterogeneous patient–staff contact patterns, antibiotic-driven within-host selection, and imperfect surveillance. We present a hospital AMR digital twin that combines mechanistic simulation with temporal graph learning to forecast resistance emergence from evolving daily contact networks and enable support intervention planning. Our approach is twofold: graph neural networks and transformers to model predictions and mathematical programming optimization to provide decision support. The main predictive task asks whether future spread of resistant infections is more likely to be driven by endogenous hospital transmission and selection or from importation on admission. We evaluated this task under both fully observed and partially observed settings, using baseline benchmarks together with ablations, surveillance perturbations, and distribution-shift stress tests. Under canonical conditions, the model achieved very strong predictive performance, especially when ground-truth system states were available, and remained informative under partial observation. Ablations showed that contact-weight information was relatively robust, whereas compressed node-feature representations weakened performance more noticeably when observations were incomplete. Surveillance stress tests further showed that delayed or less frequent reporting can be tolerated in some settings, but threshold calibration becomes fragile under more severe observation changes. Across broader epidemiological and surveillance shifts, the ground-truth model generally preserved strong ranking ability, while partial-observation performance was less stable. When models were trained directly in the shifted regime, performance improved compared with zero-shot transfer, indicating that the digital twin can adapt to new and previously unseen operating conditions but that portability across regimes can improve, particularly when only partial surveillance data are available. We also evaluated intervention-conditioned forecasting by branching hospital states into a small library of screening and isolation policies under a shock-and-superspreader regime. The learned models supported useful within-state action ranking and frequently identified policies that improved on the baseline containment protocols or avoided worsening outcomes. The same digital twin can also support constrained intervention selection, although reliable deployment will require careful calibration, improved robustness under partial observation, and broader policy libraries.","Triantafyllidis CP, Aguas R.",2026,2026-05-22,openRxiv,10.64898/2026.05.15.26353296,,https://europepmc.org/article/PPR/PPR1237042,posted-content,crossref;europe_pmc,"""clinical digital twin"" intervention;""intervention-conditioned forecasting"" clinical;europe_pmc_core",indexed,,include,empirical,include_empirical,Temporal graph models forecast resistance dynamics and evaluate intervention-conditioned policy branches and rankings.,include,empirical,include_empirical,The digital twin hospital antimicrobial resistance forecasting constrained intervention optimisation study learns or calibrates temporal dynamics and directly evaluates intervention-conditioned rollouts or planning outcomes.,include,empirical,include_empirical,reviewer_consensus+independent_inclusion_qc,Temporal graph and transformer models learn resistance-spread transitions from evolving hospital contact states; branched screening and isolation policies are evaluated by future-state forecasts and within-state action ranking.,include,empirical,action_conditioned_closed_loop_control,Temporal graph and transformer models learn resistance-spread transitions from evolving hospital contact states; branched screening and isolation policies are evaluated by future-state forecasts and within-state action ranking.,"Primary preprint, forecasting and intervention experiments: daily contact-network prediction, surveillance stress tests, distribution shifts, and policy branching under shock and superspreader conditions.",high
ALT-10e1e2640b93,fresh_alternate_public_search,A Modular Framework to Predict Alzheimer’s Disease Progression Using Conditional Generative Adversarial Networks,,Shoumik Roychowdhury; Shounak Roychowdhury,2020,2020,2020 International Joint Conference on Neural Networks (IJCNN),10.1109/ijcnn48605.2020.9206875,,https://doi.org/10.1109/ijcnn48605.2020.9206875,proceedings-article,crossref,"""disease progression model"" generative intervention",registered,,uncertain,empirical,insufficient_abstract,"The title suggests generative disease progression, but no abstract confirms temporal rollouts or evaluation.",uncertain,empirical,insufficient_abstract,"The modular predict alzheimer s disease progression conditional generative adversarial networks title plausibly denotes learned medical dynamics, but the missing abstract does not establish direct future or action evaluation.",include,empirical,include_empirical,reviewer_consensus+independent_inclusion_qc,A conditional GAN learns longitudinal Alzheimer state progression and recursively generates later disease-stage trajectories; future stage outputs are directly compared with held-out longitudinal patient sequences.,include,empirical,learned_multistep_dynamics,A conditional GAN learns longitudinal Alzheimer state progression and recursively generates later disease-stage trajectories; future stage outputs are directly compared with held-out longitudinal patient sequences.,"Author-hosted full paper, framework and experiments: modular cGAN progression across sequential Alzheimer stages with generated-versus-observed trajectory evaluation.",medium
ALT-99717b78a904,fresh_alternate_public_search,"AI-powered in silico twins: redefining precision medicine through simulation, personalization, and predictive healthcare.","In silico twins (ISTs) are emerging as a transformative paradigm in precision medicine, offering dynamic, high-fidelity representations of individual patients through real-time integration of multimodal data. In this work, we define an in silico twin (IST) as a high-fidelity, artificial intelligence(AI)-augmented computational replica of an individual's biological systems that integrates mechanistic modeling (e.g., PBPK, QSP) with patient-specific data streams to simulate, predict, and optimize therapeutic outcomes in real time. By combining AI, physiological and biomechanical modeling, and advanced simulation engines, these systems enable continuous monitoring, predictive diagnostics, and personalized treatment planning. Unlike conventional digital tools, ISTs provide iterative, adaptive simulations that evolve with patient states, fostering a shift from reactive to proactive healthcare. This review explores the technological foundations underpinning ISTs -including machine learning architectures, multi-scale physiological modeling, data integration, and cloud-edge infrastructure- and maps their clinical applications across the patient care continuum. We also distinguish ISTs from digital twins, virtual patients, and traditional computational models, emphasizing their unique contribution to decision support, drug development, and therapeutic optimization. As digital healthcare ecosystems mature, ISTs represent a crucial step toward simulation-driven, individualized medicine. Their continued development offers substantial potential for improving outcomes, accelerating discovery, and reshaping the clinical landscape. Uniquely, this review introduces a practical taxonomy of IST architectures, a verification and validation checklist for model credibility, and a deployment blueprint to guide their clinical translation and real-world adoption.",Alharthi S.,2025,2025-12-24,,10.1007/s44446-025-00055-x,,https://europepmc.org/article/MED/41441931,,europe_pmc,europe_pmc_core,indexed,,include,review,include_review,"This medical-twin review provides an architecture taxonomy, validation checklist, and clinical-translation blueprint.",include,review,include_review,"This review primarily synthesizes dynamic medical digital twins for ai powered silico twins redefining precision medicine through simulation personalization, including prediction, simulation, or intervention use.",include,review,include_review,reviewer_consensus+independent_inclusion_qc,"Learned and personalized medical dynamics are central: the review organizes in-silico twins around model layers, simulation engines, feedback loops, disease-progression simulation, treatment optimization, calibration, and validation.",include,review,substantive_dynamic_simulator_review,"Learned and personalized medical dynamics are central: the review organizes in-silico twins around model layers, simulation engines, feedback loops, disease-progression simulation, treatment optimization, calibration, and validation.","Full text sections: Core components; Simulation of disease progression; Treatment simulation and optimization; Model calibration and personalization; Verification, validation, and uncertainty quantification.",high
ALT-f6449fe2d40f,fresh_alternate_public_search,AKI-twinX: explainable organ structured digital twin for sepsis AKI trajectory forecasting,"Abstract Acute kidney injury in sepsis evolves over hours to days, yet most ICU models emphasize onset and provide limited insight into cardio-renal interactions. We developed AKI-twinX, an organ-structured, explainable digital twin that jointly forecasts acute kidney injury onset, acute kidney injury trajectory, and near-term mortality risk. The model learns renal and cardiovascular latent states with sparse feature gating and captures cross-organ coupling with attention. We trained AKI-twinX on MIMIC-IV sepsis using 5-fold cross-validation and evaluated it on an Indiana University Health cohort. Discrimination was consistent across systems (AUC: mortality 0.86-0.88, acute kidney injury onset 0.78-0.82, acute kidney injury trajectory 0.73-0.78). In vasopressor-treated windows, 12-hour systolic blood pressure forecasts tracked observed values (mean absolute error 8.5 mmHg). Counterfactual vasopressor withdrawal shifted predicted blood pressure downward and increased predicted risk, supporting sensitivity to clinically meaningful interventions. AKI-twinX enables trajectory-aware forecasting with bedside auditability in sepsis.",Jinjin Cai; Allison E Gatz; Jiangqiong Li; Deborupa Pal; Haixu Tang; Michael T Eadon; Baijian Yang; Lingzhong Meng; Jing Su,2026,2026,openRxiv,10.64898/2026.03.13.26346736,,https://doi.org/10.64898/2026.03.13.26346736,posted-content,crossref,"""medical digital twin"" trajectory;""physiological trajectory"" forecasting",registered,,include,empirical,include_empirical,Learned organ states support future blood-pressure forecasts and counterfactual vasopressor-withdrawal evaluation.,include,empirical,include_empirical,The aki twinx explainable organ structured digital twin sepsis aki trajectory study learns or calibrates temporal dynamics and directly evaluates intervention-conditioned rollouts or planning outcomes.,include,empirical,include_empirical,reviewer_consensus+independent_inclusion_qc,"The model learns coupled renal and cardiovascular latent transitions from MIMIC-IV, validates AKI and blood-pressure trajectories externally, and tests vasopressor-withdrawal counterfactual responses.",include,empirical,action_conditioned_closed_loop_control,"The model learns coupled renal and cardiovascular latent transitions from MIMIC-IV, validates AKI and blood-pressure trajectories externally, and tests vasopressor-withdrawal counterfactual responses.","Primary preprint, Methods and Results: organ-structured latent states, Indiana University Health external cohort, 12-hour blood-pressure forecasts, and vasopressor withdrawal perturbation.",high
ALT-db944a487acf,fresh_alternate_public_search,ARE-GAN: Adaptive Regression and ROI-Enhanced Generative Adversarial Network for Alzheimer Disease Progression Prediction,,U Bharathi; S Chitrakala,2026,2026,International Journal of Computational Intelligence Systems,10.1007/s44196-025-01133-7,,https://doi.org/10.1007/s44196-025-01133-7,journal-article,crossref,"""disease progression model"" generative intervention",registered,,uncertain,not_applicable,insufficient_abstract,Missing abstract prevents distinguishing generative trajectory forecasting from ordinary Alzheimer progression prediction.,uncertain,empirical,insufficient_abstract,"The are gan adaptive regression roi enhanced generative adversarial network alzheimer title plausibly denotes learned medical dynamics, but the missing abstract does not establish direct future or action evaluation.",include,empirical,include_empirical,reviewer_consensus+independent_inclusion_qc,ARE-GAN learns longitudinal MRI progression conditioned on patient information and evaluates generated future brain states and progression classification against observed Alzheimer follow-up data.,include,empirical,learned_multistep_dynamics,ARE-GAN learns longitudinal MRI progression conditioned on patient information and evaluates generated future brain states and progression classification against observed Alzheimer follow-up data.,"Springer full article, Methods and Results: adaptive regression and ROI-enhanced GAN generation of future MRIs with image-similarity and disease-stage evaluation.",high
ALT-6fb8e7370e1e,fresh_alternate_public_search,Autosomal Dominant Tubulointerstitial Kidney Disease Clinical Trial Simulator: Case Reports of Model-Informed Drug Development.,"Autosomal Dominant Tubulointerstitial Kidney Disease (ADTKD) is the third most common inherited monogenic kidney disorder. Mutations in UMOD and MUC1 account for most cases, with the disease characterized by progressive eGFR decline leading to kidney failure. No disease-modifying therapies exist, and transplantation is the only current option. Designing trials for ADTKD is hampered by small patient numbers, variable progression rates, and uncertainty around optimal endpoints. Building on natural history data from Wake Forest School of Medicine, nonlinear mixed-effects models were developed to describe eGFR decline in UMOD and MUC1 variants. These models formed the foundation for a web-based clinical trial simulation (CTS) tool (https://app.cop.ufl.edu/adtkd/) built in R Shiny. The tool allows users to define trial populations, configure design parameters, and estimate statistical power by simulating placebo vs. assumed treatment arms. Drug effects were modeled as percentage changes in key parameters of the developed disease progression models describing individual-level eGFR trajectory over age: DPT50 (age at which eGFR is half of its maximum decline), γ 1 $$ {\gamma}_1 $$ and γ 2 $$ {\gamma}_2 $$ (steepness before and after DPT50). Both slope-based eGFR change and end-of-trial eGFR measures functioned as effective surrogate endpoints. Herein, we present the model-based CTS tool developed for ADTKD and demonstrate its use in designing and evaluating clinical trial scenarios, illustrated by two representative case studies. The CTS tool provides a pragmatic framework for optimizing ADTKD trial design. By enabling scenario testing and highlighting genotype-specific considerations, it supports efficient, cost-effective planning and represents an example of model-informed drug development in rare kidney diseases.",Shyam S Ramesh; Mark Rogge; Jongjin Kim; Sanghoon Kang; Kendrah Kidd; Adrienne Williams; Julie Roignot; Katherine Blakeslee; Anthony J Bleyer; Sarah Kim,2026,2026,CPT: pharmacometrics & systems pharmacology,10.1002/psp4.70258,,https://pubmed.ncbi.nlm.nih.gov/42062819/,journal-article,europe_pmc;pubmed,europe_pmc_core;pubmed_core,indexed,,include,empirical,include_empirical,Data-fitted progression models simulate individualized eGFR trajectories under alternative treatment scenarios.,include,empirical,include_empirical,The autosomal dominant tubulointerstitial kidney disease clinical trial simulator case reports study learns or calibrates temporal dynamics and directly evaluates intervention-conditioned rollouts or planning outcomes.,include,empirical,include_empirical,reviewer_consensus+independent_inclusion_qc,Nonlinear mixed-effects models fit individual eGFR trajectories from longitudinal natural-history data; placebo and treatment trajectories are simulated across trial designs and evaluated by statistical power.,include,empirical,fitted_multistep_dynamics,Nonlinear mixed-effects models fit individual eGFR trajectories from longitudinal natural-history data; placebo and treatment trajectories are simulated across trial designs and evaluated by statistical power.,"Full text, Natural History Models and Case Studies: SAEM-fitted genotype-specific eGFR curves, parameterized drug effects, virtual populations, and trial power simulations.",high
ALT-1dfb4e7629f9,fresh_alternate_public_search,Brain Amyloid Plaque Levels Affect Clinical Progression in Alzheimer Disease: Assessment of Amyloid PET and Change in CDR-SB Utilizing Semi-Mechanistic Model.,"Lecanemab is a humanized IgG1 monoclonal antibody binding with high affinity to protofibrils of amyloid-beta (Aβ) protein. In clinical studies, lecanemab has been shown to reduce amyloid markers in early symptomatic Alzheimer's disease and slow decline on clinical endpoints of cognition and function. Nonlinear mixed-effects modeling assessed the correlation between amyloid PET and change in CDR-SB using data from lecanemab phase 2 study (Study 201) and phase 3 study (Study 301; Clarity AD). Data from placebo-treated subjects were used to establish a disease-progression model; the effect of amyloid reduction on disease progression was defined using data from lecanemab-treated subjects. CDR-SB scores were used with beta regression to fit a Richard's function parameterized in terms of baseline CDR-SB, intrinsic rate of disease progression, shape, and precision of the beta distribution. Simulations were conducted to evaluate the impact of lecanemab treatment over 4 years. Baseline CDR-SB was predicted by diagnosis and baseline mini-mental state examination (BMMSE) score. Intrinsic rate of disease progression was predicted by amyloid PET and BMMSE. Amyloid PET was a better predictor of drug effect than lecanemab exposure, demonstrating amyloid reduction as a surrogate marker of efficacy. Simulations projected the difference in CDR-SB between lecanemab and placebo treated subjects continued increasing over 4 years. Patients with low baseline amyloid and less severe disease were projected to have slower disease progression and better outcomes with lecanemab treatment.",Pratik Bhagunde; Natasha Penner; Brian A Willis; Robert Bell; Arnaud Charil; Michael C Irizarry; Steven Hersch; Larisa Reyderman,2026,2026,CPT: pharmacometrics & systems pharmacology,10.1002/psp4.70173,,https://pubmed.ncbi.nlm.nih.gov/41543367/,journal-article,europe_pmc;pubmed,europe_pmc_core;pubmed_core,indexed,,include,empirical,include_empirical,A data-fitted semi-mechanistic model simulates four-year clinical trajectories under treatment and placebo conditions.,exclude,not_applicable,no_learned_dynamics,The brain amyloid plaque levels affect clinical progression alzheimer disease assessment study uses prescribed mechanistic or statistical dynamics rather than a learned transition mechanism.,include,empirical,include_empirical,reviewer_consensus+independent_inclusion_qc,"A nonlinear mixed-effects disease-progression transition is fitted to placebo and lecanemab trial trajectories, links amyloid reduction to CDR-SB evolution, and is evaluated through four-year treatment simulations.",include,empirical,fitted_intervention_dynamics,"A nonlinear mixed-effects disease-progression transition is fitted to placebo and lecanemab trial trajectories, links amyloid reduction to CDR-SB evolution, and is evaluated through four-year treatment simulations.","Full text, Model development and Simulations: Richard's-function CDR-SB progression fit to Studies 201 and 301, amyloid-mediated treatment effect, and four-year projections.",high
ALT-ea1902cbb70e,fresh_alternate_public_search,Brain Latent Progression: Individual-based spatiotemporal disease progression on 3D Brain MRIs via latent diffusion,,Lemuel Puglisi; Daniel C. Alexander; Daniele Ravì,2025,2025,Medical Image Analysis,10.1016/j.media.2025.103734,,https://doi.org/10.1016/j.media.2025.103734,journal-article,crossref,"""latent dynamics"" medical",registered,,uncertain,empirical,insufficient_abstract,"Title suggests learned MRI progression dynamics, but no abstract confirms rollout, forecasting evaluation, or empirical results.",uncertain,empirical,insufficient_abstract,"The brain latent progression individual spatiotemporal disease progression 3d brain mris title plausibly denotes learned medical dynamics, but the missing abstract does not establish direct future or action evaluation.",include,empirical,include_empirical,reviewer_consensus+independent_inclusion_qc,A latent diffusion model learns subject-specific spatiotemporal MRI transitions and directly evaluates generated future brain anatomy across longitudinal follow-up horizons.,include,empirical,learned_multistep_dynamics,A latent diffusion model learns subject-specific spatiotemporal MRI transitions and directly evaluates generated future brain anatomy across longitudinal follow-up horizons.,"PMC full text, Method and Experiments: individual-conditioned latent diffusion over longitudinal 3D MRI with future-image similarity, morphometry, and progression evaluation.",high
ALT-d3411f7d184d,fresh_alternate_public_search,"CardamomOT: a mechanistic optimal transport-based framework for gene regulatory network inference, trajectory reconstruction and generative modeling","A key challenge in inferring gene regulatory networks (GRNs) governing cellular processes such as differentiation and reprogramming from experimental data lies in the impossibility of directly measuring protein dynamics at the single-cell level, which prevents establishing causal relationships between regulator activity and target responses. In earlier work, we introduced CARDAMOM, an algorithm that uses temporal snapshots of scRNA-seq data to calibrate a GRN-driven mechanistic model of gene expression. However, this method had several limitations: it could only rely on the relative ordering of time points rather than their exact labels, imposed restrictive quasi-stationary assumptions on protein dynamics, and depended on multiple hyperparameters. Here, we present CardamomOT, a new method based on the same mechanistic model that jointly reconstructs the GRN and unobserved protein trajectories from the data within a mechanistic optimal transport framework. By incorporating exact time labels and priors on protein kinetic rates from the literature, and substantially reducing the number of required hyperparameters, our approach addresses these limitations and substantially improves the accuracy and robustness of GRN calibration. We validate our framework on both in silico and experimental datasets, demonstrating computational scalability and consistently improved performance over state-of-the-art methods in both GRN and trajectory reconstruction. In particular, CardamomOT accurately recovers velocity fields driving cellular trajectories and unobserved protein levels, alongside reliable GRN structures. We also show that these improvements make the calibrated mechanistic model suitable to be used as a generative model to predict cellular responses to unseen perturbations. To our knowledge, this is among the first methods to explicitly integrate mechanistic GRN inference, trajectory reconstruction, and simulation of realistic datasets into a unified framework for scRNA-seq time series analysis. Author summary Predicting gene regulatory interactions and understanding how cellular trajectories respond to perturbations are central challenges in cell biology and bioinformatics, yet they have long been addressed as separate problems. Only a few recent approaches leverage temporal single-cell RNA sequencing data to jointly infer gene regulatory networks (GRNs) and cellular trajectories, including our previous method CARDAMOM. In this work, we introduce CardamomOT, a new framework that integrates optimal transport—a mathematical theory that has become widely used in computational biology in recent years—within a mechanistic modeling approach. This allows us to link cells across timepoints while jointly reconstructing the underlying, unobserved protein trajectories that drive gene regulation. By explicitly modeling these latent dynamics, our method substantially improves the robustness and accuracy of GRN inference. In contrast to many black-box approaches, CardamomOT is grounded in a biologically interpretable mechanistic model of gene expression, incorporating key processes such as transcriptional bursting, protein translation, and degradation. This framework naturally accommodates prior knowledge on RNA and protein kinetic rates available in the literature and remains consistent with the statistical properties of single-cell transcriptomic data. We demonstrate on both simulated and experimental datasets that CardamomOT accurately infers GRNs and reconstructs cellular trajectories. Moreover, because it provides a fully calibrated generative model, it can be used to predict cellular responses to unseen perturbations by modifying the inferred regulatory interactions.","Maugé Y, Ventre E.",2026,2026-04-02,,10.64898/2026.03.31.715390,,https://europepmc.org/article/PPR/PPR1215662,,europe_pmc,europe_pmc_core,indexed,,include,empirical,include_empirical,CardamomOT calibrates temporal cellular dynamics from data and evaluates generative responses to unseen perturbations.,include,empirical,include_empirical,The cardamomot mechanistic optimal transport gene regulatory network inference trajectory reconstruction study learns or calibrates temporal dynamics and directly evaluates temporal rollouts or simulated trajectories.,include,empirical,include_empirical,reviewer_consensus+independent_inclusion_qc,"CardamomOT calibrates gene-regulatory and latent protein transitions from time-labeled single-cell data, reconstructs trajectories, and evaluates generation under unseen regulatory perturbations.",include,empirical,calibrated_perturbation_dynamics,"CardamomOT calibrates gene-regulatory and latent protein transitions from time-labeled single-cell data, reconstructs trajectories, and evaluates generation under unseen regulatory perturbations.","Primary preprint, Results: GRN and protein-trajectory reconstruction on simulated and experimental data, velocity-field recovery, and unseen-perturbation response simulation.",high
ALT-1bbcf3252882,fresh_alternate_public_search,"CellPace: A temporal diffusion-forcing framework for simulation, interpolation and forecasting of single-cell dynamics","Abstract Single-cell omics technologies resolve cellular heterogeneity at high resolution but provide only static snapshots of continuous developmental processes. This makes it difficult to recover coherent temporal dynamics when developmental stages are irregularly sampled or missing. While recent generative models can simulate observed cell states, they often treat timepoints as discrete categories, hindering interpolation across gaps and extrapolation to unobserved future stages. We present CellPace, a generative model that learns and generates developmental dynamics by leveraging a transformer-based temporal diffusion backbone conditioned on continuous, gap-aware temporal encodings. Across diverse mouse developmental lineages, CellPace achieves state-of-the-art performance in simulation, interpolation, and forecasting tasks. Beyond recovering global population statistics, generated cells preserve fine-grained biological structure, retaining dynamic gene regulatory programs and mapping accurately to anatomical regions in spatial transcriptomics data. Furthermore, CellPace extends naturally to multi-modal data, modeling joint RNA-chromatin dynamics even when temporal ordering is inferred from pseudotime. Together, these results position CellPace as a robust framework for modeling and generating continuous developmental dynamics from sparse, cross-sectional single-cell data.",Chen Su; Amin Emad,2026,2026,openRxiv,10.64898/2026.02.25.707938,,https://doi.org/10.64898/2026.02.25.707938,posted-content,crossref,"""virtual cell"" temporal dynamics",registered,,include,empirical,include_empirical,"CellPace learns continuous cellular dynamics and directly evaluates simulation, interpolation, and future-stage forecasting.",include,empirical,include_empirical,The cellpace temporal diffusion forcing simulation interpolation forecasting single cell dynamics study learns or calibrates temporal dynamics and directly evaluates held-out future states or multi-step forecasts.,include,empirical,include_empirical,reviewer_consensus+independent_inclusion_qc,"CellPace learns continuous developmental transitions with a temporal diffusion transformer and directly evaluates simulation, missing-time interpolation, and extrapolation to unseen future stages.",include,empirical,learned_multistep_dynamics,"CellPace learns continuous developmental transitions with a temporal diffusion transformer and directly evaluates simulation, missing-time interpolation, and extrapolation to unseen future stages.","Primary preprint, Methods and Results: gap-aware continuous-time conditioning with developmental, spatial-transcriptomic, and joint RNA-chromatin trajectory evaluation.",high
ALT-949bc7547612,fresh_alternate_public_search,Clinical-GAN: Trajectory Forecasting of Clinical Events using Transformer and Generative Adversarial Networks,,Vignesh Shankar; Elnaz Yousefi; Alireza Manashty; Dayne Blair; Deepika Teegapuram,2023,2023,Artificial Intelligence in Medicine,10.1016/j.artmed.2023.102507,,https://doi.org/10.1016/j.artmed.2023.102507,journal-article,crossref,"""physiological trajectory"" forecasting",registered,,uncertain,empirical,insufficient_abstract,"The title suggests learned clinical-event trajectory forecasting, but no abstract confirms temporal rollout evaluation.",uncertain,empirical,insufficient_abstract,"The clinical gan trajectory forecasting clinical events transformer generative adversarial networks title plausibly denotes learned medical dynamics, but the missing abstract does not establish direct future or action evaluation.",include,empirical,include_empirical,reviewer_consensus+independent_inclusion_qc,Clinical-GAN learns next-visit clinical-code transitions from ordered MIMIC-IV histories and evaluates generated multivisit trajectories against recurrent and generative baselines.,include,empirical,learned_multistep_dynamics,Clinical-GAN learns next-visit clinical-code transitions from ordered MIMIC-IV histories and evaluates generated multivisit trajectories against recurrent and generative baselines.,"Primary article abstract and repository-linked methods: transformer generator/discriminator trained on more than 500,000 visits from about 196,000 patients; subsequent-visit forecasting experiments.",high
ALT-531ffbb6add3,fresh_alternate_public_search,Data-driven discovery of digital twins in biomedical research.,"Recent technological advances have expanded the availability of high-throughput biological datasets, opening the way to the reliable design of digital twins of biomedical systems or patients. Such computational tools represent key chemical reaction networks driving perturbation or drug response and can profoundly guide drug discovery and personalized therapeutics. Yet, their development still depends on laborious data integration by the human modeler, so that automated approaches are critically needed. The successes of data-driven system discovery in Physics, rooted in clean datasets and well-defined governing laws, have fueled interest in applying similar techniques in Biology, which presents unique challenges. Here, we reviewed 177 methodologies for automatically inferring digital twins from biological time series, which mostly involved symbolic or sparse regression, and recapitulated them in a Shiny app. We evaluated algorithms according to eight biological and methodological challenges, associated with integrating noisy/incomplete data, multiple conditions, prior knowledge, latent variables, or dealing with high dimensionality, unobserved variable derivatives, candidate library design, and uncertainty quantification. Upon these criteria, sparse regression generally outperformed symbolic regression, particularly when using Bayesian frameworks. Next, deep learning and large language models further emerge as innovative tools to integrate prior knowledge, although their reliability and consistency need to be improved. While no single method addresses all challenges, we argue that progress in learning digital twins will come from hybrid and modular frameworks combining chemical reaction network-based mechanistic grounding, Bayesian uncertainty quantification, and the generative and knowledge integration capacities of deep learning. To support their development, we further highlight key components required for future benchmark development to evaluate methods across all challenges.","Métayer C, Ballesta A, Martinelli J.",2026,2026-01-01,,10.1093/bib/bbaf722,,https://europepmc.org/article/MED/41668337,,europe_pmc,europe_pmc_core,indexed,,include,review,include_review,This biomedical digital-twin review systematically compares dynamics-discovery methods and proposes benchmark criteria.,include,review,include_review,"This review primarily synthesizes dynamic medical digital twins for data driven discovery digital twins biomedical research, including prediction, simulation, or intervention use.",include,review,include_review,reviewer_consensus+independent_inclusion_qc,"The review specifically synthesizes 177 methods that infer governing dynamics from biological time series, including learned differential equations, latent variables, perturbations, uncertainty, and benchmark needs.",include,review,substantive_dynamic_simulator_review,"The review specifically synthesizes 177 methods that infer governing dynamics from biological time series, including learned differential equations, latent variables, perturbations, uncertainty, and benchmark needs.",Full text sections: State-of-the-art of digital twin inference from temporal data; symbolic and sparse regression; biological challenges; uncertainty; benchmark development.,high
ALT-61ae05403063,fresh_alternate_public_search,Data-driven Huntington's disease progression modelling and estimation of societal cost in the UK.,"We develop a Huntington's disease (HD) progression model and integrate this with a novel economic model, accounting for the major factors of the HD's societal cost. Data from the Enroll-HD observational study were used to fit a continuous-time hidden Markov disease progression model, which identified five distinct states. The number of disease states was determined using a cross-validated maximum likelihood approach. A novel data augmentation method was used to correct the biased life expectancy of the progression model. Multiple sources of cost data were then mapped to Enroll-HD variables using expert experience. A simulation of a synthetic patient population was used to show the feasibility of the approach in estimating population costs and the impact of hypothetical intervention scenarios. Our results confirm that early cognitive decline, which is not captured by the total functional capacity score currently used by clinicians but flagged up in HD integrated staging system, can be quantified from participants' visits. Finally, the results of the UK cost modelling show that indirect costs of HD such as state benefits and lost gross domestic product contribution could be the driving factors for the societal cost, over and above health and social care costs.",Andrew Pollard; Danica Greetham; James Myatt; Hugh Rickards; Cath Stanley; Dave Dungate,2024,2024,Royal Society open science,10.1098/rsos.240824,,https://pubmed.ncbi.nlm.nih.gov/39569347/,journal-article,europe_pmc;pubmed,europe_pmc_core;pubmed_core,indexed,,include,empirical,include_empirical,A data-fitted continuous-time hidden Markov model simulates disease trajectories and hypothetical intervention scenarios.,exclude,not_applicable,no_learned_dynamics,The data driven huntington s disease progression estimation societal cost uk study uses prescribed mechanistic or statistical dynamics rather than a learned transition mechanism.,include,empirical,include_empirical,reviewer_consensus+independent_inclusion_qc,"A continuous-time hidden Markov model learns five Huntington disease states and transition speeds from Enroll-HD visits, then evaluates synthetic patient progression and hypothetical intervention scenarios.",include,empirical,learned_multistate_dynamics,"A continuous-time hidden Markov model learns five Huntington disease states and transition speeds from Enroll-HD visits, then evaluates synthetic patient progression and hypothetical intervention scenarios.","Full text, Methods and Results: cross-validated state-number selection, transition-rate estimation, life-expectancy correction, and population simulation under interventions.",high
ALT-57f713cb9c2e,fresh_alternate_public_search,Data-driven model discovery and model selection for noisy biological systems.,"Biological systems exhibit complex dynamics that differential equations can often adeptly represent. Ordinary differential equation models are widespread; until recently their construction has required extensive prior knowledge of the system. Machine learning methods offer alternative means of model construction: differential equation models can be learnt from data via model discovery using sparse identification of nonlinear dynamics (SINDy). However, SINDy struggles with realistic levels of biological noise and is limited in its ability to incorporate prior knowledge of the system. We propose a data-driven framework for model discovery and model selection using hybrid dynamical systems: partial models containing missing terms. Neural networks are used to approximate the unknown dynamics of a system, enabling the denoising of the data while simultaneously learning the latent dynamics. Simulations from the fitted neural network are then used to infer models using sparse regression. We show, via model selection, that model discovery using hybrid dynamical systems outperforms alternative approaches. We find it possible to infer models correctly up to high levels of biological noise of different types. We demonstrate the potential to learn models from sparse, noisy data in application to a canonical cell state transition using data derived from single-cell transcriptomics. Overall, this approach provides a practical framework for model discovery in biology in cases where data are noisy and sparse, of particular utility when the underlying biological mechanisms are partially but incompletely known.",Xiaojun Wu; MeiLu McDermott; Adam L MacLean,2025,2025,PLoS computational biology,10.1371/journal.pcbi.1012762,,https://pubmed.ncbi.nlm.nih.gov/39836686/,journal-article,europe_pmc;pubmed,europe_pmc_core;pubmed_core,indexed,,include,empirical,include_empirical,Neural networks learn biological dynamics whose simulations recover a single-cell state-transition model.,exclude,not_applicable,no_learned_dynamics,The data driven discovery selection noisy biological systems study uses prescribed mechanistic or statistical dynamics rather than a learned transition mechanism.,include,empirical,include_empirical,reviewer_consensus+independent_inclusion_qc,"A neural hybrid dynamical model learns missing biological transition terms from noisy observations, then direct simulations are used to recover governing equations and cell-state transitions.",include,empirical,learned_biological_dynamics,"A neural hybrid dynamical model learns missing biological transition terms from noisy observations, then direct simulations are used to recover governing equations and cell-state transitions.","Full text, Methods and Results: neural latent-dynamics fitting, SINDy model recovery, noise stress tests, and single-cell transcriptomic state-transition application.",high
ALT-66f6aefba9e2,fresh_alternate_public_search,Decomposing heterogeneity in disease progression speeds and pathways.,"Understanding why patients with the same diagnosis exhibit markedly different disease progression-some rapidly, others slowly, with distinct symptom patterns-remains a major challenge in medicine. Here, we developed a machine learning framework called DiSPAH (Disease-progression Speed and Pathway Analysis based on a Hidden Markov model) to estimate both the pathway and speed of disease progression in individual patients. DiSPAH models disease progression as continuous-time transitions among latent disease states with a patient-specific progression speed. We applied DiSPAH to longitudinal clinical scores from an amyotrophic lateral sclerosis (ALS) cohort and inferred each patient's trajectory of the latent disease states and progression speed. These dynamics were associated with baseline clinical features and enabled prediction of future course from first-visit data. Our results highlight that jointly modeling progression pathway and speed improves prediction of heterogeneous disease courses, offering a powerful tool for personalized care and research in ALS and other chronic conditions.","Yada Y, Naoki H.",2026,2026-05-12,,10.1038/s41746-026-02665-8,,https://europepmc.org/article/MED/42115692,,europe_pmc,europe_pmc_core,indexed,,include,empirical,include_empirical,The learned continuous-time hidden Markov model infers transitions and predicts future ALS trajectories.,exclude,not_applicable,no_learned_dynamics,The decomposing heterogeneity disease progression speeds pathways study is an ordinary prognostic or static prediction analysis without a learned rollout mechanism.,include,empirical,include_empirical,reviewer_consensus+independent_inclusion_qc,"DiSPAH learns continuous-time latent disease-state transitions and patient-specific progression speeds from longitudinal ALS scores, reconstructs trajectories, and predicts future course.",include,empirical,learned_multistate_dynamics,"DiSPAH learns continuous-time latent disease-state transitions and patient-specific progression speeds from longitudinal ALS scores, reconstructs trajectories, and predicts future course.","Full text, Model and Results: hidden Markov transition framework, individualized speed parameter, inferred ALS pathways, and held-out future-course prediction.",high
ALT-cf60ad3588b1,fresh_alternate_public_search,Deep neural networks for endemic measles dynamics: Comparative analysis and integration with mechanistic models.,"Measles is an important infectious disease system both for its burden on public health and as an opportunity for studying nonlinear spatio-temporal disease dynamics. Traditional mechanistic models often struggle to fully capture the complex nonlinear spatio-temporal dynamics inherent in measles outbreaks. In this paper, we first develop a high-dimensional feed-forward neural network model with spatial features (SFNN) to forecast endemic measles outbreaks and systematically compare its predictive power with that of a classical mechanistic model (TSIR). We illustrate the utility of our model using England and Wales measles data from 1944-1965. These data present multiple modeling challenges due to the interplay between metapopulations, seasonal trends, and nonlinear dynamics related to demographic changes. Our results show that while the TSIR model yields similarly performant short-term (1 to 2 biweeks ahead) forecasts for highly populous cities, our neural network model (SFNN) consistently achieves lower root mean squared error (RMSE) across other forecasting windows. Furthermore, we show that our spatial-feature neural network model, without imposing mechanistic assumptions a priori, can uncover gravity-model-like spatial hierarchy of measles spread in which major cities play an important role in driving regional outbreaks. We then turn our attention to integrative approaches that combine mechanistic and machine learning models. Specifically, we investigate how the TSIR can be utilized to improve a state-of-the-art approach known as Physics-Informed-Neural-Networks (PINN) which explicitly combines compartmental models and neural networks. Our results show that the TSIR can facilitate the reconstruction of latent susceptible dynamics, thereby enhancing both forecasts in terms of mean absolute error (MAE) and parameter inference of measles dynamics within the PINN. In summary, our results show that appropriately designed neural network-based models can outperform traditional mechanistic models for short to long-term forecasts, while simultaneously providing mechanistic interpretability. Our work also provides valuable insights into more effectively integrating machine learning models with mechanistic models to enhance public health responses to measles and similar infectious disease systems.","Madden WG, Jin W, Lopman B, Zufle A, Dalziel B, E Metcalf CJ, Grenfell BT, Lau MSY.",2024,2024-11-21,,10.1371/journal.pcbi.1012616,,https://europepmc.org/article/MED/39570994,,europe_pmc,europe_pmc_core,indexed,,include,empirical,include_empirical,Data-learned spatiotemporal measles dynamics are evaluated through multi-horizon forecasts and latent-state reconstruction.,exclude,not_applicable,no_learned_dynamics,The deep neural networks endemic measles dynamics comparative integration mechanistic study uses prescribed mechanistic or statistical dynamics rather than a learned transition mechanism.,include,empirical,include_empirical,reviewer_consensus+independent_inclusion_qc,A spatial neural model learns measles transitions from historical incidence and directly evaluates multi-horizon outbreak forecasts; a hybrid PINN also reconstructs latent susceptible dynamics.,include,empirical,learned_multistep_dynamics,A spatial neural model learns measles transitions from historical incidence and directly evaluates multi-horizon outbreak forecasts; a hybrid PINN also reconstructs latent susceptible dynamics.,"Full text, Forecasting experiments: England and Wales biweekly incidence, 1- to multi-step RMSE comparisons with TSIR, and latent-susceptible reconstruction.",high
ALT-50502bb290be,fresh_alternate_public_search,Deep recurrent model for individualized prediction of Alzheimer’s disease progression,,Wonsik Jung; Eunji Jun; Heung-Il Suk,2021,2021,NeuroImage,10.1016/j.neuroimage.2021.118143,,https://doi.org/10.1016/j.neuroimage.2021.118143,journal-article,crossref,"""disease progression model"" generative intervention",registered,,uncertain,empirical,insufficient_abstract,"The title suggests temporal disease modeling, but missing details prevent confirming transition or rollout evaluation.",exclude,not_applicable,no_future_or_action_evaluation,"The deep recurrent individualized prediction alzheimer s disease progression study analyzes or reconstructs dynamics but does not directly evaluate future states, actions, rollouts, or planning.",include,empirical,include_empirical,reviewer_consensus+independent_inclusion_qc,"An end-to-end recurrent model learns longitudinal MRI, cognitive, and clinical-state transitions and evaluates predictions at multiple future time points on the TADPOLE cohort.",include,empirical,learned_multistep_dynamics,"An end-to-end recurrent model learns longitudinal MRI, cognitive, and clinical-state transitions and evaluates predictions at multiple future time points on the TADPOLE cohort.","Primary article abstract, Methods and Experiments: joint imputation, biomarker forecasting, cognitive trajectory estimation, and future clinical-status prediction with ablations.",high
ALT-8b76200f7bab,fresh_alternate_public_search,Development and validation of a chronic kidney disease progression model using patient-level simulations.,"Chronic disease progression models are available for several highly prevalent conditions. For chronic kidney disease (CKD), the scope of existing progression models is limited to the risk of kidney failure and major cardiovascular (CV) events. The aim of this project was to develop a comprehensive CKD progression model (CKD-PM) that simulates the risk of CKD progression and a broad range of complications in patients with CKD. A series of literature reviews informed the selection of risk factors and identified existing risk equations/algorithms for kidney replacement therapy (KRT), CV events, other CKD-related complications, and mortality. Risk equations and transition probabilities were primarily sourced from publications produced by large US and international CKD registries. A patient-level, state-transition model was developed with health states defined by the Kidney Disease Improving Global Outcomes categories. Model validation was performed by comparing predicted outcomes with observed outcomes in the source cohorts used in model development (internal validation) and other cohorts (external validation). The CKD-PM demonstrated satisfactory modeling properties. Accurate prediction of all-cause and CV mortality was achieved without calibration, while prediction of CV events through CKD-specific equations required implementation of a calibration factor to balance time-dependent versus baseline risk. Predicted annual changes in estimated glomerular filtration rate (eGFR) and urine albumin-creatinine ratio were acceptable in comparison to external values. A flexible eGFR threshold for KRT equations enabled accurate prediction of these events. This CKD-PM demonstrated reliable modeling properties. Both internal and external validation revealed robust outcomes.",Mafalda Ramos; Laetitia Gerlier; Anastasia Uster; Louise Muttram; Dominik Steubl; Andrew H Frankel; Mark Lamotte,2024,2024,Renal failure,10.1080/0886022x.2024.2406402,,https://pubmed.ncbi.nlm.nih.gov/39431558/,journal-article,europe_pmc;pubmed,europe_pmc_core;pubmed_core,indexed,,include,empirical,include_empirical,A data-informed patient-level state-transition model simulates and validates longitudinal CKD progression and complications.,exclude,not_applicable,review_not_primary,This review centers on validation chronic kidney disease progression patient level simulations rather than evaluated medical learned world-model dynamics as its primary subject.,include,empirical,include_empirical,reviewer_consensus+independent_inclusion_qc,"The patient-level model combines fitted risk equations and calibrated transition probabilities for CKD states and complications, then evaluates evolving outcomes through internal and external validation.",include,empirical,fitted_multistate_dynamics,"The patient-level model combines fitted risk equations and calibrated transition probabilities for CKD states and complications, then evaluates evolving outcomes through internal and external validation.","Full text, Model development and Validation: KDIGO state transitions, time-dependent eGFR and complication risks, calibration, and comparison with multiple source cohorts.",high
ALT-872c15448450,fresh_alternate_public_search,Development of a model-based clinical trial simulation platform to optimize the design of clinical trials for Duchenne muscular dystrophy.,"Early clinical trials of therapies to treat Duchenne muscular dystrophy (DMD), a fatal genetic X-linked pediatric disease, have been designed based on the limited understanding of natural disease progression and variability in clinical measures over different stages of the continuum of the disease. The objective was to inform the design of DMD clinical trials by developing a disease progression model-based clinical trial simulation (CTS) platform based on measures commonly used in DMD trials. Data were integrated from past studies through the Duchenne Regulatory Science Consortium founded by the Critical Path Institute (15 clinical trials and studies, 1505 subjects, 27,252 observations). Using a nonlinear mixed-effects modeling approach, longitudinal dynamics of five measures were modeled (NorthStar Ambulatory Assessment, forced vital capacity, and the velocities of the following three timed functional tests: time to stand from supine, time to climb 4 stairs, and 10 meter walk-run time). The models were validated on external data sets and captured longitudinal changes in the five measures well, including both early disease when function improves as a result of growth and development and the decline in function in later stages. The models can be used in the CTS platform to perform trial simulations to optimize the selection of inclusion/exclusion criteria, selection of measures, and other trial parameters. The data sets and models have been reviewed by the US Food and Drug Administration and the European Medicines Agency; have been accepted into the Fit-for-Purpose and Qualification for Novel Methodologies pathways, respectively; and will be submitted for potential endorsement by both agencies.",Karthik Lingineni; Varun Aggarwal; Juan Francisco Morales; Daniela J Conrado; Diane Corey; Camille Vong; Jackson Burton; Jane Larkindale; Klaus Romero; Stephan Schmidt; Sarah Kim; Cooperative International Neuromuscular Research Group investigators and Duchenne Regulatory Science Consortium members,2022,2022,CPT: pharmacometrics & systems pharmacology,10.1002/psp4.12753,,https://pubmed.ncbi.nlm.nih.gov/34877803/,journal-article,europe_pmc;pubmed,europe_pmc_core;pubmed_core,indexed,,include,empirical,include_empirical,Data-fitted longitudinal dynamics are externally validated and used for multi-outcome clinical-trial simulations.,include,empirical,include_empirical,The clinical trial simulation platform optimize design clinical trials duchenne muscular study learns or calibrates temporal dynamics and directly evaluates temporal rollouts or simulated trajectories.,include,empirical,include_empirical,reviewer_consensus+independent_inclusion_qc,"Nonlinear mixed-effects models fit five longitudinal Duchenne measures from 27,252 observations, externally validate their trajectories, and drive repeated clinical-trial simulations.",include,empirical,fitted_multistep_dynamics,"Nonlinear mixed-effects models fit five longitudinal Duchenne measures from 27,252 observations, externally validate their trajectories, and drive repeated clinical-trial simulations.","Full text, Model development and Qualification: five disease trajectories, external datasets, and trial-design simulations for eligibility, endpoints, and assessment schedules.",high
ALT-d6d9b0f712ec,fresh_alternate_public_search,Development of a Novel Machine Learning Method for Estimation of Life-Long Chronic Disease Progression and Its Application to Type 2 Diabetes.,"Individual predictions of long-term chronic disease progression from data of limited duration provide valuable insights into estimating patient outcomes and therapeutic needs. Statistical Restoration of Fragmented Time course (SReFT) was developed to address this challenge, yet it is computationally too intensive for large-scale datasets. Although diabetes is a representative chronic disease with significant medical needs, it has been challenging to analyze long-term changes using large-scale patient data due to this limitation. In this study, we aimed to develop a new method (SReFT-machine learning, SReFT-ML) by applying machine learning to the concept of SReFT, and to confirm its performance using synthetic data and the data from a clinical trial, the Action to Control Cardiovascular Risk in Diabetes (ACCORD) trial (N = 10,251). SReFT-ML has successfully analyzed both synthetic and clinical data, and reconstructed biomarker trajectories over a 30-year period in patients with diabetes. Decreases in diastolic blood pressure and renal function may be important indicators of disease progression. Furthermore, although age and mortality data were not included in the model, survival analysis demonstrated a clear trend of hazard increases in mortality and diabetes-related outcomes with disease progression. This study introduced machine learning to enhance long-term disease progression modeling. The resulting model characterized a 30-year trajectory of disease risk in diabetes. The results provide a clinically meaningful hypothesis that incorporating systemic factors such as renal function and blood pressure, in addition to classic glycemic control, may enhance comprehensive diabetes care. Trial Registration: ClinicalTrials.gov number: NCT00000620.","Sano Y, Jin R, Yoshioka H, Nakazato Y, Sato H, Hisaka A.",2025,2025-10-01,,10.1111/cts.70351,,https://europepmc.org/article/MED/41127917,,europe_pmc,europe_pmc_core,indexed,,include,empirical,include_empirical,The machine-learned model reconstructs and evaluates thirty-year biomarker trajectories from longitudinal clinical data.,exclude,not_applicable,no_learned_dynamics,The machine learning method estimation life long chronic disease progression its study is an ordinary prognostic or static prediction analysis without a learned rollout mechanism.,include,empirical,include_empirical,reviewer_consensus+independent_inclusion_qc,"SReFT-ML learns how fragmented longitudinal observations align on a common disease course, reconstructs 30-year biomarker trajectories, and evaluates recovery on synthetic data and ACCORD patients.",include,empirical,learned_multistep_dynamics,"SReFT-ML learns how fragmented longitudinal observations align on a common disease course, reconstructs 30-year biomarker trajectories, and evaluates recovery on synthetic data and ACCORD patients.","Full text, Method and Results: synthetic trajectory-recovery tests, ACCORD reconstruction, long-term biomarker evolution, and outcome-risk associations.",medium
ALT-1305c7353fe7,fresh_alternate_public_search,Digital twin brain simulator for real-time consciousness monitoring and virtual intervention using primate electrocorticogram data,"Abstract At the forefront of bridging computational brain modeling with personalized medicine, this study introduces a novel, real-time, electrocorticogram (ECoG) simulator, based on the digital twin brain concept. Utilizing advanced data assimilation techniques, specifically a Variational Bayesian Recurrent Neural Network model with hierarchical latent units, the simulator dynamically predicts ECoG signals reflecting real-time brain latent states. By assimilating broad ECoG signals from macaque monkeys across awake and anesthetized conditions, the model successfully updated its latent states in real-time, enhancing precision of ECoG signal simulations. Behind successful data assimilation, self-organization of latent states in the model was observed, reflecting brain states and individuality. This self-organization facilitated simulation of virtual drug administration and uncovered functional networks underlying changes in brain function during anesthesia. These results show that the proposed model can simulate brain signals in real-time with high accuracy and is also useful for revealing underlying information processing dynamics.",Yuta Takahashi; Hayato Idei; Misako Komatsu; Jun Tani; Hiroaki Tomita; Yuichi Yamashita,2025,2025,npj Digital Medicine,10.1038/s41746-025-01444-1,,https://doi.org/10.1038/s41746-025-01444-1,journal-article,crossref,"""clinical digital twin"" intervention",registered,,include,empirical,include_empirical,A recurrent neural dynamics model assimilates ECoG data and evaluates real-time simulation plus virtual drug interventions.,include,empirical,include_empirical,The digital twin brain simulator real time consciousness monitoring virtual intervention study learns or calibrates temporal dynamics and directly evaluates intervention-conditioned rollouts or planning outcomes.,include,empirical,include_empirical,reviewer_consensus+independent_inclusion_qc,"A variational Bayesian recurrent model learns latent ECoG transitions with online data assimilation, evaluates real-time signal rollout, and simulates virtual anesthetic intervention effects.",include,empirical,action_conditioned_closed_loop_control,"A variational Bayesian recurrent model learns latent ECoG transitions with online data assimilation, evaluates real-time signal rollout, and simulates virtual anesthetic intervention effects.","Full text, Data assimilation and Virtual intervention Results: macaque awake/anesthetized ECoG prediction, latent-state updating, and drug-administration simulation.",high
ALT-f38cea90635e,fresh_alternate_public_search,Digital twin models for predicting venetoclax and azacitidine-induced neutropenia in patients with acute myeloid leukemia.,"Therapeutic toxicity, which can be life-threatening, presents a major challenge in treating patients with acute myeloid leukemia (AML). Medical digital twins, which are virtual representations of patient disease, have the potential to forecast disease progression and simulate potential treatments. Using neutrophil counts and blast percentages, we developed mechanistic models to predict toxicity (neutropenia) in AML patients receiving combination venetoclax and azacitidine treatment. We identified a best-fitting model, though patient-specific accuracy was highly variable. To address this variability, we investigated subsets of patients based on their accordance with model assumptions, and were able to identify features predictive of model fit. In addition, we found that continuous updating over time improves model accuracy. The model evaluated in this study could be further validated in a larger clinical setting and may support a digital twin for decision making in forecasting therapeutic toxicity of venetoclax and azacitidine treatment.","Zhang Y, Martinez J, Tercan B, Kuusanmäki H, Emmert-Streib F, Chandraseelan JG, Farea A, Yli-Harja O, Heckman CA, Gibbs DL, Thorsson V, Shmulevich I, Kontro M, Qin G, Aguilar B.",2025,2025-10-06,,10.1038/s41746-025-01978-4,,https://europepmc.org/article/MED/41053343,,europe_pmc,europe_pmc_core,indexed,,include,empirical,include_empirical,Patient-updated mechanistic dynamics forecast treatment-induced neutropenia and evaluate individualized predictive accuracy.,include,empirical,include_empirical,The digital twin predicting venetoclax azacitidine induced neutropenia patients acute myeloid study learns or calibrates temporal dynamics and directly evaluates intervention-conditioned rollouts or planning outcomes.,include,empirical,include_empirical,reviewer_consensus+independent_inclusion_qc,"Patient-specific mechanistic transitions for blasts and neutrophils are fitted and continuously updated from treatment data, with future neutropenia trajectories evaluated across patients.",include,empirical,fitted_personalized_dynamics,"Patient-specific mechanistic transitions for blasts and neutrophils are fitted and continuously updated from treatment data, with future neutropenia trajectories evaluated across patients.","Full text, Model fitting and Results: venetoclax/azacitidine response equations, patient-level parameter estimation, forecast-error analysis, subgroup fit, and sequential updating.",high
ALT-f58f7b29b390,fresh_alternate_public_search,Disease Modeling and External Model Evaluation Through Clinical Data Sharing Platform for HR+/HER2- Breast Cancer.,"Predictive models for disease progression are valuable for clinical trial design and interpretation; however, suitable data are needed for the development of such models. This study aimed to develop a Tumor Growth Inhibition-Overall Survival (TGI-OS) model for hormone receptor-positive (HR+)/human epidermal growth factor receptor 2 negative (HER2-) breast cancer using clinical trial data available through Vivli, a clinical trial data sharing platform. The CONFIRM study (Phase 3 study comparing fulvestrant 250 vs. 500 mg) was used for model development, and the PALOMA-3 and SANDPIPER Phase 3 studies (palbociclib and taselisib) were used for external model qualifications. Longitudinal tumor size profiles were first analyzed with the TGI model. The TGI-OS model, a parametric model linking TGI metrics and baseline predictors of survival outcomes, was then developed using data from the CONFIRM study and showed successful internal qualification, including the prediction of the survival difference between two dose groups. The TGI-OS model showed large underestimation for the OS for PALOMA-3; nevertheless, the predicted treatment effect (hazard ratio of OS) was in good agreement with the observation for both studies, suggesting its potential as a tool to support drug development decisions. While integrating shared clinical trial data from multiple sources, facilitated by platforms like Vivli, is crucial for advancing predictive modeling efforts, caution should be exercised when such models are applied for new studies, especially when there are breakthroughs in the treatment landscape.","Yoshida K, Bruno R, Chanu P.",2025,2025-07-17,,10.1002/psp4.70073,,https://europepmc.org/article/MED/40671643,,europe_pmc,europe_pmc_core,indexed,,exclude,empirical,no_learned_dynamics,This pharmacometric tumor-growth and survival model lacks learned state-transition dynamics.,include,empirical,include_empirical,The disease external through clinical data sharing platform hr her2 breast study learns or calibrates temporal dynamics and directly evaluates intervention-conditioned rollouts or planning outcomes.,include,empirical,include_empirical,reviewer_consensus+independent_inclusion_qc,"A tumor-growth inhibition transition is fitted to longitudinal breast-cancer measurements and linked to survival, then externally evaluated on two independent Phase III trials.",include,empirical,fitted_multistep_dynamics,"A tumor-growth inhibition transition is fitted to longitudinal breast-cancer measurements and linked to survival, then externally evaluated on two independent Phase III trials.","Full text, TGI and TGI-OS model development and External qualification: CONFIRM fitting with PALOMA-3 and SANDPIPER validation.",high
ALT-d7f5daff27f0,fresh_alternate_public_search,DITTO: A Visual Digital Twin for Interventions and Temporal Treatment Outcomes in Head and Neck Cancer.,"Digital twin models are of high interest to Head and Neck Cancer (HNC) oncologists, who have to navigate a series of complex treatment decisions that weigh the efficacy of tumor control against toxicity and mortality risks. Evaluating individual risk profiles necessitates a deeper understanding of the interplay between different factors such as patient health, spatial tumor location and spread, and risk of subsequent toxicities that can not be adequately captured through simple heuristics. To support clinicians in better understanding tradeoffs when deciding on treatment courses, we developed DITTO, a digital-twin and visual computing system that allows clinicians to analyze detailed risk profiles for each patient, and decide on a treatment plan. DITTO relies on a sequential Deep Reinforcement Learning digital twin (DT) to deliver personalized risk of both long-term and short-term disease outcome and toxicity risk for HNC patients. Based on a participatory collaborative design alongside oncologists, we also implement several visual explainability methods to promote clinical trust and encourage healthy skepticism when using our system. We evaluate the efficacy of DITTO through quantitative evaluation of performance and case studies with qualitative feedback. Finally, we discuss design lessons for developing clinical visual XAI applications for clinical end users.","Wentzel A, Attia S, Zhang X, Canahuate G, Fuller CD, Marai GE.",2025,2024-11-25,,10.1109/tvcg.2024.3456160,,https://europepmc.org/article/MED/39255169,,europe_pmc,europe_pmc_core,indexed,,exclude,empirical,no_learned_dynamics,The sequential reinforcement-learning twin predicts risks but does not describe a learned dynamics model.,include,empirical,include_empirical,The ditto visual digital twin interventions temporal treatment outcomes head neck study learns or calibrates temporal dynamics and directly evaluates intervention-conditioned rollouts or planning outcomes.,include,empirical,include_empirical,reviewer_consensus+independent_inclusion_qc,"DITTO learns sequential treatment-state and outcome relationships from head-and-neck cancer histories, evaluates personalized short- and long-term outcomes under treatment sequences, and exposes action tradeoffs to clinicians.",include,empirical,action_conditioned_treatment_dynamics,"DITTO learns sequential treatment-state and outcome relationships from head-and-neck cancer histories, evaluates personalized short- and long-term outcomes under treatment sequences, and exposes action tradeoffs to clinicians.","Full text, Digital twin model and Evaluation: sequential deep-reinforcement-learning state/action representation, quantitative outcome prediction, treatment-policy comparison, and clinician case studies.",medium
ALT-531d7f078a79,fresh_alternate_public_search,EczemaPred: A computational framework for personalised prediction of eczema severity dynamics.,"BACKGROUND: Atopic dermatitis (AD) is a chronic inflammatory skin disease leading to substantial quality of life impairment with heterogeneous treatment responses. People with AD would benefit from personalised treatment strategies, whose design requires predicting how AD severity evolves for each individual. OBJECTIVE: This study aims to develop a computational framework for personalised prediction of AD severity dynamics. METHODS: We introduced EczemaPred, a computational framework to predict patient-dependent dynamic evolution of AD severity using Bayesian state-space models that describe latent dynamics of AD severity items and how they are measured. We used EczemaPred to predict the dynamic evolution of validated patient-oriented scoring atopic dermatitis (PO-SCORAD) by combining predictions from the models for the nine severity items of PO-SCORAD (six intensity signs, extent of eczema, and two subjective symptoms). We validated this approach using longitudinal data from two independent studies: a published clinical study in which PO-SCORAD was measured twice weekly for 347 AD patients over 17 weeks, and another one in which PO-SCORAD was recorded daily by 16 AD patients for 12 weeks. RESULTS: EczemaPred achieved good performance for personalised predictions of PO-SCORAD and its severity items daily to weekly. EczemaPred outperformed standard time-series forecasting models such as a mixed effect autoregressive model. The uncertainty in predicting PO-SCORAD was mainly attributed to that in predicting intensity signs (75% of the overall uncertainty). CONCLUSIONS: EczemaPred serves as a computational framework to make a personalised prediction of AD severity dynamics relevant to clinical practice. EczemaPred is available as an R package.",Guillem Hurault; Jean François Stalder; Sophie Mery; Alain Delarue; Markéta Saint Aroman; Gwendal Josse; Reiko J Tanaka,2022,2022,Clinical and translational allergy,10.1002/clt2.12140,,https://pubmed.ncbi.nlm.nih.gov/35344305/,journal-article,europe_pmc;pubmed,europe_pmc_core;pubmed_core,indexed,,include,empirical,include_empirical,Bayesian state-space transitions are learned from longitudinal eczema data and evaluated for multi-horizon future severity prediction.,include,empirical,include_empirical,The eczemapred computational personalised prediction eczema severity dynamics study learns or calibrates temporal dynamics and directly evaluates intervention-conditioned rollouts or planning outcomes.,include,empirical,include_empirical,reviewer_consensus+independent_inclusion_qc,"Bayesian state-space models learn latent eczema-severity transitions and measurement processes, then directly forecast daily-to-weekly patient trajectories in two independent longitudinal cohorts.",include,empirical,learned_multistep_dynamics,"Bayesian state-space models learn latent eczema-severity transitions and measurement processes, then directly forecast daily-to-weekly patient trajectories in two independent longitudinal cohorts.","Full text, Methods and Validation: nine latent severity-item models, PO-SCORAD trajectory composition, and comparison with autoregressive baselines across two studies.",high
ALT-75c423c80690,fresh_alternate_public_search,Exploring the suitability of piecewise-linear dynamical system models for cognitive neural dynamics.,"Dynamical system models have proven useful for decoding the current brain state from neural activity. So far, neuroscience has largely relied on either linear models or non-linear models based on artificial neural networks (ANNs). Piecewise linear approximations of non-linear dynamics have proven useful in other technical applications. Moreover, such explicit models provide a clear advantage over ANN-based models when the dynamical system is not only supposed to be observed, but also controlled, in particular when a controller with guarantees is needed. Here we explore whether piecewise-linear dynamical system models (recurrent Switching Linear Dynamical System or rSLDS models) could be useful for modeling brain dynamics, in particular in the context of cognitive tasks. These models have the advantage that they can be estimated not only from continuous observations like field potentials or smoothed firing rates, but also from sparser single-unit spiking data. We first generate artificial neural data based on a non-linear computational model of perceptual decision-making and demonstrate that piecewise-linear dynamics can be successfully recovered from these observations. We then demonstrate that the piecewise-linear model outperforms a linear model in terms of predicting future states of the system and associated neural activity. Finally, we apply our approach to a publicly available dataset recorded from monkeys performing perceptual decisions. Much to our surprise, the piecewise-linear model did not provide a significant advantage over a linear model for these particular data, although linear models that were estimated from different trial epochs showed qualitatively different dynamics. In summary, we present a dynamical system modeling approach that could prove useful in situations, where the brain state needs to be controlled in a closed-loop fashion, for example, in new neuromodulation applications for treating cognitive deficits. Future work will have to show under what conditions the brain dynamics are sufficiently non-linear to warrant the use of a piecewise-linear model over a linear one.","Wu J, Asamoah B, Kong Z, Ditterich J.",2025,2025-05-12,,10.3389/fnins.2025.1582080,,https://europepmc.org/article/MED/40421134,,europe_pmc,europe_pmc_core,indexed,,include,empirical,include_empirical,Data-fitted rSLDS models predict future neural states and are evaluated on simulated and monkey recordings.,exclude,not_applicable,no_future_or_action_evaluation,"The exploring suitability piecewise linear dynamical system cognitive neural dynamics study analyzes or reconstructs dynamics but does not directly evaluate future states, actions, rollouts, or planning.",include,empirical,include_empirical,reviewer_consensus+independent_inclusion_qc,Recurrent switching linear dynamical systems are fitted to neural time series and directly evaluated for future-state and neural-activity prediction on synthetic and macaque data.,include,empirical,learned_one_step_state_transition,Recurrent switching linear dynamical systems are fitted to neural time series and directly evaluated for future-state and neural-activity prediction on synthetic and macaque data.,"Full text, rSLDS model and Evaluation metrics: held-out R2, mean Euclidean distance, synthetic recovery, and future-state prediction on monkey decision-task recordings.",high
ALT-27768d84fbdd,fresh_alternate_public_search,Exposure-safety Markov modeling of ocular adverse events in patient populations treated with tisotumab vedotin.,"Tisotumab vedotin (TV), a tissue factor-directed antibody-drug conjugate (ADC), is approved in the US at 2.0 mg/kg every 3 weeks (Q3W) for adult patients with recurrent or metastatic cervical cancer following disease progression on or after chemotherapy. Previous logistic regression analysis showed a positive association between TV exposure and ocular adverse events (OAEs), which were identified as prespecified AEs of interest in TV clinical studies. To further optimize TV dose from a safety perspective, we developed a discrete-time Markov model (DTMM) to characterize exposure-response (E-R) relationships of exposures of both ADC and the microtubule-disrupting agent monomethyl auristatin E to the incidence, severity, and longitudinal time course of grade ≥ 2 OAEs in patients with advanced solid tumors. A total of 757 patients who received TV as monotherapy or combination (with carboplatin, bevacizumab, or pembrolizumab) across seven clinical studies were included in this analysis. Of multiple covariates modeled, implementation of an eye care plan was the only covariate to significantly reduce risk of grade ≥ 2 OAEs. The DTMM suggested an association between ADC exposure and risk of grade ≥ 2 OAEs. Based on the totality of data from clinical outcomes, pharmacokinetics, and E-R analyses, as well as DTMM modeling results, TV 1.7 mg/kg every 2 weeks may provide higher efficacy with slightly increased risk of OAEs compared with 2.0 mg/kg Q3W, although these OAEs are manageable with an appropriate eye care plan. ClinicalTrials.gov ID (first submission): NCT03485209 (2018-03-08), NCT03657043 (2018-08-22), NCT03438396 (2018-02-08), NCT03786081 (2018-12-13), NCT03913741 (2019-03-29), NCT02001623 (2013-11-14), and NCT02552121 (2015-09-14).","Feng S, Gunawan R, Passey C, Voellinger J, Polhamus D, Gerritsen A, O'Day C, Carret AS, Soumaoro I, Gupta M, Hanley WD.",2025,2025-10-03,,10.1007/s10928-025-10003-w,,https://europepmc.org/article/MED/41044356,,europe_pmc,europe_pmc_core,indexed,,include,empirical,include_empirical,A data-fitted Markov transition model evaluates longitudinal ocular-state responses under alternative drug exposures.,exclude,not_applicable,review_not_primary,This review centers on exposure safety markov ocular adverse events patient populations treated tisotumab rather than evaluated medical learned world-model dynamics as its primary subject.,include,empirical,include_empirical,reviewer_consensus+independent_inclusion_qc,"A discrete-time Markov transition model is fitted to daily ocular-event states and drug exposure from seven trials, validated by predictive checks, and used for regimen simulations.",include,empirical,fitted_multistate_dynamics,"A discrete-time Markov transition model is fitted to daily ocular-event states and drug exposure from seven trials, validated by predictive checks, and used for regimen simulations.","Full text, Model development, Model evaluation, and Model application: daily state transitions, exposure effects, VPCs, and alternative-dose trajectory simulations.",high
ALT-0cdd85000e2e,fresh_alternate_public_search,Forecasting Alzheimer’s Disease Progression via Identity-preserved Denoising Diffusion Generative Adversarial Network,"Abstract Forecasting the progression of Alzheimer’s disease (AD) is essential for evaluating secondary prevention measures thought to modify the disease trajectory. However, accurate prediction of longitudinal MRIs remains challenging, particularly in preserving subject identity, as deep generative models may potentially generate plausible future MRIs of different individuals from a single baseline scan. In the present study, we developed a novel identity-preserved denoising diffusion generative adversarial network (IP-DDGAN) capable of rapidly generating subject-specific longitudinal MRIs conditioned on metadata. Concretely, we developed an identity-preservation strategy with a metadata-guided module and identity-preserved regularization terms to maintain subject identity in synthetic longitudinal MRIs. Furthermore, we comprehensively integrated the morphometrics, subject identity consistency and image-level quality metrics to evaluate the fidelity and biological plausibility of synthetic longitudinal MRIs. The results demonstrate that the synthetic MRIs generated by IP-DDGAN retain biological and disease-related phenotypes, exhibiting sufficient realism to support their application in downstream tasks. Our proposed model is capable of capturing temporal biological and disease-related changes and forecasting the different progression trajectories, including critical transitions from cognitively normal (CN) to mild cognitive impairment (MCI) and from MCI to AD.",Zhuangzhuang Li; Tongtong Che; Shaozhen Yan; Dong Wang; Yong Liu; Kun Zhao,2025,2025,Springer Science and Business Media LLC,10.21203/rs.3.rs-7846693/v1,,https://doi.org/10.21203/rs.3.rs-7846693/v1,posted-content,crossref,"""disease progression model"" generative intervention",registered,,include,empirical,include_empirical,IP-DDGAN learns subject-specific temporal MRI transitions and directly evaluates generated longitudinal disease trajectories.,include,empirical,include_empirical,The forecasting alzheimer s disease progression identity preserved denoising diffusion generative study learns or calibrates temporal dynamics and directly evaluates held-out future states or multi-step forecasts.,include,empirical,include_empirical,reviewer_consensus+independent_inclusion_qc,"IP-DDGAN learns subject-conditioned longitudinal MRI transitions and directly evaluates generated future scans for identity preservation, morphology, image fidelity, and disease-stage progression.",include,empirical,learned_multistep_dynamics,"IP-DDGAN learns subject-conditioned longitudinal MRI transitions and directly evaluates generated future scans for identity preservation, morphology, image fidelity, and disease-stage progression.","Primary preprint, Method and Results: metadata-guided diffusion-GAN forecasting of longitudinal ADNI MRI with multi-horizon image and phenotype evaluation.",high
ALT-056bf65776d0,fresh_alternate_public_search,Generating whole-brain neural activity and behavior through unified latent dynamics,"Abstract Understanding how high-dimensional neural activity and behavior emerge from shared underlying dynamics remains a fundamental challenge in neuroscience. Addressing this problem is key to enabling digital twins that can faithfully reproduce and predict the multiscale brain–behavior dynamics of living systems. Here we present NEBULA (NEural and Behavioral modeling through Unified LAtent dynamics), a generative framework that jointly models whole-brain neural activity and behavior. By applying NEBULA to brain-wide recordings from C. elegans , we identify a shared low-dimensional dynamical manifold that underlies both neural activity and behavior, enabling long-horizon generation and targeted in silico interventions. Perturbations of the learned dynamics reveal behaviorally relevant transition points, whereas steering interventions enable controlled manipulation of neural and behavioral states without retraining. These results establish a framework for linking brain dynamics to behavior in a living organism and provide a foundation for scalable virtual experimentation in neuroscience.",Davide Nuzzi; Maurizio Mattia; Giovanni Pezzulo,2026,2026,openRxiv,10.64898/2026.06.05.730482,,https://doi.org/10.64898/2026.06.05.730482,posted-content,crossref,"""latent dynamics"" medical;""latent dynamics"" physiological",registered,,include,empirical,include_empirical,"NEBULA learns generative neural-behavioral dynamics and evaluates long-horizon rollouts, interventions, and state steering.",include,empirical,include_empirical,The generating whole brain neural activity behavior through unified latent dynamics study learns or calibrates temporal dynamics and directly evaluates intervention-conditioned rollouts or planning outcomes.,include,empirical,include_empirical,third_full_text_adjudication+independent_inclusion_qc,"NEBULA learns shared neural-behavioral latent transitions from whole-brain recordings, evaluates long-horizon free generation, and performs targeted perturbation and steering interventions.",include,empirical,learned_multistep_dynamics,"NEBULA learns shared neural-behavioral latent transitions from whole-brain recordings, evaluates long-horizon free generation, and performs targeted perturbation and steering interventions.","Primary preprint, Results: C. elegans whole-brain and behavior generation, transition-point perturbations, and controlled state steering without retraining.",high
ALT-49858f3d90ed,fresh_alternate_public_search,Generative modeling of clinical time series via latent stochastic differential equations.,"Clinical time series data from electronic health records and medical registries offer unprecedented opportunities to understand patient trajectories and inform medical decision-making. However, leveraging such data presents significant challenges due to irregular sampling, complex latent physiology, and inherent uncertainties in both measurements and disease progression. To address these challenges, we propose a generative modeling framework based on latent neural stochastic differential equations (SDEs) that views clinical time series as discrete-time partial observations of an underlying controlled stochastic dynamical system. Our approach models latent dynamics via neural SDEs with modality-dependent emission models, while performing state estimation and parameter learning through variational inference. This formulation naturally handles irregularly sampled observations, learns complex nonlinear interactions, and captures the stochasticity of disease progression and measurement noise within a unified scalable probabilistic framework. We validate the framework on three complementary tasks: (i) individual treatment effect estimation using a simulated pharmacokinetic-pharmacodynamic (PKPD) model of lung cancer, (ii) probabilistic glucose forecasting using synthetic data from the Bergman Minimal Model, and (iii) probabilistic forecasting of physiological signals using real-world intensive care unit (ICU) data from 12,000 patients. Results show that our framework achieves the strongest overall performance compared to latent ordinary differential equation (ODE), controlled differential equation (CDE), and long short-term memory (LSTM) baselines, with consistent advantages in uncertainty calibration across all datasets. These results highlight its potential for enabling precise, uncertainty-aware predictions to support clinical decision-making.",Muhammad Aslanimoghanloo; Ahmed ElGazzar; Marcel van Gerven,2026,2026,Journal of biomedical informatics,10.1016/j.jbi.2026.105043,,https://pubmed.ncbi.nlm.nih.gov/42000010/,journal-article,europe_pmc;pubmed,europe_pmc_core;pubmed_core,indexed,,include,empirical,include_empirical,The learned controlled neural SDE directly evaluates treatment counterfactuals and probabilistic physiological forecasting.,include,empirical,include_empirical,The generative clinical time series latent stochastic differential equations study learns or calibrates temporal dynamics and directly evaluates intervention-conditioned rollouts or planning outcomes.,include,empirical,include_empirical,reviewer_consensus+independent_inclusion_qc,"A latent neural SDE learns controlled stochastic clinical transitions and directly evaluates probabilistic rollout and uncertainty calibration on simulated PK/PD, glucose, and real ICU trajectories.",include,empirical,learned_multistep_dynamics,"A latent neural SDE learns controlled stochastic clinical transitions and directly evaluates probabilistic rollout and uncertainty calibration on simulated PK/PD, glucose, and real ICU trajectories.","Primary article abstract and methods: variational state estimation, modality-specific emissions, and comparisons with latent ODE, CDE, and LSTM baselines.",high
ALT-77e8f9271a36,fresh_alternate_public_search,Hierarchical Bayesian modelling of disease progression to inform clinical trial design in centronuclear myopathy.,"BACKGROUND: Centronuclear myopathies are severe rare congenital diseases. The clinical variability and genetic heterogeneity of these myopathies result in major challenges in clinical trial design. Alternative strategies to large placebo-controlled trials that have been used in other rare diseases (e.g., the use of surrogate markers or of historical controls) have limitations that Bayesian statistics may address. Here we present a Bayesian model that uses each patient's own natural history study data to predict progression in the absence of treatment. This prospective multicentre natural history evaluated 4-year follow-up data from 59 patients carrying mutations in the MTM1 or DNM2 genes. METHODS: Our approach focused on evaluation of forced expiratory volume in 1 s (FEV1) in 6- to 18-year-old children. A patient was defined as a responder if an improvement was observed after treatment and the predictive probability of such improvement in absence of intervention was less than 0.01. An FEV1 response was considered clinically relevant if it corresponded to an increase of more than 8%. RESULTS: The key endpoint of a clinical trial using this model is the rate of response. The power of the study is based on the posterior probability that the rate of response observed is greater than the rate of response that would be observed in the absence of treatment predicted based on the individual patient's previous natural history. In order to appropriately control for Type 1 error, the threshold probability by which the difference in response rates exceeds zero was adapted to 91%, ensuring a 5% overall Type 1 error rate for the trial. CONCLUSIONS: Bayesian statistical analysis of natural history data allowed us to reliably simulate the evolution of symptoms for individual patients over time and to probabilistically compare these simulated trajectories to actual observed post-treatment outcomes. The proposed model adequately predicted the natural evolution of patients over the duration of the study and will facilitate a sufficiently powerful trial design that can cope with the disease's rarity. Further research and ongoing dialog with regulatory authorities are needed to allow for more applications of Bayesian statistics in orphan disease research.",Eve Fouarge; Arnaud Monseur; Bruno Boulanger; Mélanie Annoussamy; Andreea M Seferian; Silvana De Lucia; Charlotte Lilien; Leen Thielemans; Khazal Paradis; Belinda S Cowling; Chris Freitag; Bradley P Carlin; Laurent Servais; NatHis-MTM Study Group,2021,2021,Orphanet journal of rare diseases,10.1186/s13023-020-01663-7,,https://pubmed.ncbi.nlm.nih.gov/33407688/,journal-article,europe_pmc;pubmed,europe_pmc_core;pubmed_core,indexed,,include,empirical,include_empirical,The Bayesian model learns natural-history trajectories and evaluates simulated untreated counterfactuals against post-treatment outcomes.,exclude,not_applicable,no_future_or_action_evaluation,"The hierarchical bayesian disease progression inform clinical trial design centronuclear myopathy study analyzes or reconstructs dynamics but does not directly evaluate future states, actions, rollouts, or planning.",include,empirical,include_empirical,reviewer_consensus+independent_inclusion_qc,"A hierarchical Bayesian transition is fitted to each patient's natural-history FEV1 trajectory, then untreated futures are simulated and prospectively compared with observed post-treatment outcomes.",include,empirical,fitted_personalized_dynamics,"A hierarchical Bayesian transition is fitted to each patient's natural-history FEV1 trajectory, then untreated futures are simulated and prospectively compared with observed post-treatment outcomes.","Full text, Statistical model and Results: four-year natural history, posterior untreated trajectories, responder criterion, type-I-error calibration, and trial-power assessment.",high
ALT-11ca23d625dd,fresh_alternate_public_search,How to improve statistical power in a trial with SCA2 patients using natural history data.,"Randomized, double-blind, placebo-controlled trials are the gold standard for evaluating treatment effects, as they minimize biases. However, they raise ethical concerns regarding participant exposure to potentially ineffective interventions. For rare neurodegenerative diseases, these trials are further challenged by the limited number of patients. Our goal is to leverage recent advancements in statistical methodologies to enhance the statistical power of these trials. We aim to test these methods to the ATRIL study, which evaluated the efficacy of riluzole in patients with dominant cerebellar ataxia SCA2. We trained a progression model on natural history data to capture the progression of the disease, using Disease Course Mapping. We explored the prediction-powered inference for clinical trials method (PPCT), which leverages the prognostic scores predicted by this model, to offer an unbiased comparison between the observed progression in treated patients and the predicted progression if they had not been treated. Then, we compared PPCT to the prognostic covariate adjustment and the Hybrid Augmented Inverse Probability Weighting (H-AIPW) methods, which respectively incorporate the prognostic score to the analysis of covariance or to the Augmented Inverse Probability Weighting (AIPW) method. These methods were applied to the ATRIL trial, which included treated and placebo SCA2 patients, using a model trained on patients from US and European cohorts (EUROSCA, SPATAX, CRC-SCA). Disease Course Mapping models accurately forecasted the prognostic scores, namely the predicted one-year SARA score progression, with correlations around 0.15. The treatment effect estimator had a lower variance using the PPCT (0.342), prognostic covariate adjustment (0.344), and H-AIPW (0.348) methods compared to the classical variance (0.407). Notably, PPCT would reduce the sample size by 14.5% (6 patients). Using the PPCT estimator of the average treatment effect, the same variance reported in the ATRIL paper could have been achieved with 39 patients instead of 45. Our study addresses the challenge of statistical power in clinical trials and explores new methodological advancements. Applying the PPCT, prognostic covariate adjustment, or H-AIPW methods helps reduce confidence intervals, enhance statistical power, or decrease the required sample size for the trial by leveraging information from external data. Although the ATRIL's trial conclusion on riluzole remains unchanged, these methods could have enabled the selection of fewer patients, which is crucial for rare neurodegenerative diseases.","Tran M, Poulet PE, Petit E, Durr A, Klockgether T, Ashizawa T, Coarelli G, du Montcel ST.",2026,2026-03-05,,10.1186/s13063-026-09591-w,,https://europepmc.org/article/MED/41787540,,europe_pmc,europe_pmc_core,indexed,,include,empirical,include_empirical,The learned progression model forecasts untreated trajectories and evaluates their counterfactual use in a clinical trial.,exclude,not_applicable,no_future_or_action_evaluation,"The how improve statistical power trial sca2 patients natural history data study analyzes or reconstructs dynamics but does not directly evaluate future states, actions, rollouts, or planning.",include,empirical,include_empirical,reviewer_consensus+independent_inclusion_qc,Disease Course Mapping learns natural-history progression and forecasts one-year SARA change; the predicted transition is operationally tested in trial estimators and sample-size reduction analyses.,include,empirical,learned_one_step_state_transition,Disease Course Mapping learns natural-history progression and forecasts one-year SARA change; the predicted transition is operationally tested in trial estimators and sample-size reduction analyses.,"Full text, Methods and Results: external natural-history training, one-year prognostic scores, ATRIL trial application, variance comparison, and power calculations.",high
ALT-cf089f5a91f0,fresh_alternate_public_search,Hybrid deep learning-mechanistic modeling of cellular dynamics from a spatiotemporal single-cell atlas.,"Single-cell measurement technologies provide a powerful framework for studying cellular heterogeneity, transitions, and regulatory networks, yet reconstructing the underlying dynamical processes governing these transitions remains a major challenge due to the high dimensionality of gene expression data. To address this, we develop a variational autoencoder (VAE)–latent neural ordinary differential equation (ODE) approach that learns a low-dimensional latent representation of cellular states and models their temporal evolution. We apply our framework to the single-cell fluorescence imaging spatiotemporal atlas of Drosophila melanogaster blastoderm embryos via spatial registration, which comprises six registered developmental time points prior to gastrulation. In our approach, gene expression profiles are encoded into a latent space where a neural ordinary differential equation (ODE) is trained to capture the continuous dynamics of cellular states over time, and a decoder subsequently maps these evolving latent representations back to the original high-dimensional gene expression space, enabling accurate reconstruction of observed transcriptional patterns. While such black-box deep learning approaches excel at capturing complex dynamical trajectories, they are inherently limited in their ability to predict the effects of combinatorial perturbations. To overcome this limitation, we leverage the inferred latent dynamics as a foundation for fitting a mechanistic Hill-function model of gene regulation, which—guided by the black-box representations—enables interpretable predictions by systematically perturbing couplings between specific gene pairs and thus provides mechanistic insight into developmental regulatory programs. Author summary We set out to learn how genes interact over time during early development using data measured from individual cells. Many powerful deep learning models can fit complex patterns, but they are hard to edit or use for “what-if” genetic changes. Classical mechanistic models are easier to interpret but struggle when the data are sparse. We built a hybrid approach that combines both strengths. First, we trained a deep learning model to place each cell’s gene activity into a smooth, low-dimensional space and to estimate how these states change over time. We then used those estimates to fit a simple, editable model of gene regulation based on standard biochemical response curves. This second model lets us turn specific regulatory connections on or off and predict the effects without retraining the whole system. Using a spatiotemporal atlas of the fruit fly embryo, we show that the hybrid model makes accurate short-term predictions and yields clear, testable hypotheses about which genes control others. Our study demonstrates a practical way to turn flexible deep learning into interpretable, mechanistic insight for dynamic single-cell data.",Xiaoyu Duan; Vipul Periwal,2025,2025,bioRxiv : the preprint server for biology,10.1101/2025.10.02.679951,,https://pubmed.ncbi.nlm.nih.gov/41256408/,journal-article,europe_pmc;pubmed,europe_pmc_core;pubmed_core,indexed,,include,empirical,include_empirical,Learned latent cellular dynamics support short-term forecasts and data-adapted counterfactual gene-regulation perturbations.,include,empirical,include_empirical,The hybrid deep learning mechanistic cellular dynamics spatiotemporal single cell atlas study learns or calibrates temporal dynamics and directly evaluates intervention-conditioned rollouts or planning outcomes.,include,empirical,include_empirical,reviewer_consensus+independent_inclusion_qc,A VAE-neural-ODE learns continuous cell-state transitions and provides trajectories used to fit an interpretable regulatory model; short-term forecasts and gene-pair perturbations are directly evaluated.,include,empirical,learned_multistep_dynamics,A VAE-neural-ODE learns continuous cell-state transitions and provides trajectories used to fit an interpretable regulatory model; short-term forecasts and gene-pair perturbations are directly evaluated.,"Primary preprint, Methods and Results: latent neural-ODE reconstruction of six developmental time points, held-out prediction, and mechanistic coupling perturbations.",high
ALT-ad2c2c11044d,fresh_alternate_public_search,Inferring Trajectories of Psychotic Disorders Using Dynamic Causal Modeling.,"INTRODUCTION: Illness course plays a crucial role in delineating psychiatric disorders. However, existing nosologies consider only its most basic features (e.g., symptom sequence, duration). We developed a Dynamic Causal Model (DCM) that characterizes course patterns more fully using dense timeseries data. This foundational study introduces the new modeling approach and evaluates its validity using empirical and simulated data. METHODS: A three-level DCM was constructed to model how latent dynamics produce symptoms of depression, mania, and psychosis. This model was fit to symptom scores of nine patients collected prospectively over four years, following first hospitalization. Simulated subjects based on these empirical data were used to evaluate model parameters at the subject-level. At the group-level, we tested the accuracy with which the DCM can estimate the latent course patterns using Parametric Empirical Bayes (PEB) and leave-one-out cross-validation. RESULTS: Analyses of empirical data showed that DCM accurately captured symptom trajectories for all nine subjects. Simulation results showed that parameters could be estimated accurately (correlations between generative and estimated parameters >= 0.76). Moreover, the model could distinguish different latent course patterns, with PEB correctly assigning simulated patients for eight of nine course patterns. When testing any pair of two specific course patterns using leave-one-out cross-validation, 30 out of 36 pairs showed a moderate or high out-of-samples correlation between the true group-membership and the estimated group-membership values. CONCLUSION: DCM has been widely used in neuroscience to infer latent neuronal processes from neuroimaging data. Our findings highlight the potential of adopting this methodology for modeling symptom trajectories to explicate nosologic entities, temporal patterns that define them, and facilitate personalized treatment.",Jingwen Jin; Peter Zeidman; Karl J Friston; Roman Kotov,2023,2023,"Computational psychiatry (Cambridge, Mass.)",10.5334/cpsy.94,,https://pubmed.ncbi.nlm.nih.gov/38774642/,journal-article,europe_pmc;pubmed,europe_pmc_core;pubmed_core,indexed,,include,empirical,include_empirical,The fitted generative dynamics model simulates symptom trajectories and empirically evaluates trajectory and parameter recovery.,exclude,not_applicable,review_not_primary,This review centers on inferring trajectories psychotic disorders dynamic causal rather than evaluated medical learned world-model dynamics as its primary subject.,include,empirical,include_empirical,reviewer_consensus+independent_inclusion_qc,"A hierarchical dynamic causal model is fitted to four years of dense symptom time series, reconstructs latent psychosis-course transitions, and is evaluated through parameter-recovery and held-out pattern classification.",include,empirical,fitted_latent_dynamics,"A hierarchical dynamic causal model is fitted to four years of dense symptom time series, reconstructs latent psychosis-course transitions, and is evaluated through parameter-recovery and held-out pattern classification.","Full text, Model and Validation: nine empirical patients, simulated-subject parameter recovery, PEB course-pattern estimation, and leave-one-out comparisons.",high
ALT-d3993e000d34,fresh_alternate_public_search,Integrated Longitudinal Population Dose-Hemoglobin Response of Daprodustat Following Dose Titration in Patients With Anemia in Chronic Kidney Disease.,"Daprodustat, a novel oral hypoxia-inducible factor prolyl hydroxylase inhibitor is approved in the United States for the treatment of anemia due to chronic kidney disease (CKD) in adults receiving dialysis for at least 4 months. Pharmacodynamic dose-hemoglobin (Dose-Hgb) models were developed as daprodustat progressed through development. To support global phase III development, a dose-titration algorithm, guided by simulations from the initial Dose-Hgb model based on phase II clinical data, was implemented. This work was to update and re-calibrate this model to support the dose titration algorithm. Data from five pivotal phase III studies in CKD patients with anemia treated with daprodustat once daily (q.d.) and/or three times a week (t.i.w.) using a titration dosing schedule were included. The data comprised 2,770 CKD patients with anemia providing 53,535 Hgb observations over a period of 6 months up to 4 years. This final Dose-Hgb model consisted of a precursor cell compartment and 12 transit compartments to describe the red blood cell (RBC) lifespan. Treatment increased the precursor cell production rate (K in ) by a power of allometrically scaled dose. Disease progression, as an exponential decline of Hgb production rate over time, varied with dialysis status. The dose-titration algorithm resulted in comparable response for t.i.w. dosing relative to q.d. dosing. Titration-based visual predictive checks for Hgb target criteria for the analysis dataset and the prediction dataset showed that the model adequately predicted the observed data. This re-calibrated Dose-Hgb model will provide further support for the individualized dosing strategy in CKD patients with anemia treated with daprodustat.","Mahar KM, van Noort M, van den Berg P, Yang S, Visser SAG, Post TM.",2025,2025-01-28,,10.1002/cpt.3544,,https://europepmc.org/article/MED/39876087,,europe_pmc,europe_pmc_core,indexed,,include,empirical,include_empirical,A data-calibrated dose-conditioned transit model predicts hemoglobin responses and validates titration simulations.,exclude,not_applicable,no_learned_dynamics,The integrated longitudinal population dose hemoglobin response daprodustat following dose titration study uses prescribed mechanistic or statistical dynamics rather than a learned transition mechanism.,include,empirical,include_empirical,reviewer_consensus+independent_inclusion_qc,"A population dose-response transition with precursor and red-cell transit compartments is fitted to 53,535 longitudinal observations and evaluated by titration-based predictive checks.",include,empirical,fitted_action_response_dynamics,"A population dose-response transition with precursor and red-cell transit compartments is fitted to 53,535 longitudinal observations and evaluated by titration-based predictive checks.","Full text, Model development and Evaluation: five Phase III studies, dose-driven production-rate dynamics, dialysis-dependent progression, and observed-versus-simulated hemoglobin trajectories.",high
ALT-8e4690fb56cd,fresh_alternate_public_search,Interpretable learning of temporal cellular dynamics from single-cell data.,"Reconstructing temporal cellular dynamics from static single-cell transcriptomics remains a major challenge. Methods based on RNA velocity are useful, but interpreting their results to learn new biology remains difficult, and their predictive power is limited. Here, we propose NeuroVelo, a method that couples learning of an optimal linear projection with non-linear neural ordinary differential equations. Using dynamical systems theory in the optimized latent space, NeuroVelo can at the same time determine cellular transitions and identify gene interactions that drive the observed temporal dynamics of gene expression. We benchmark NeuroVelo against several state-of-the-art methods using single-cell datasets, demonstrating that NeuroVelo simultaneously reconstructs correct cell-type transitions and identifies gene-regulatory networks that drive cell fate directly from the data.","Kouadri Boudjelthia I, Milite S, El Kazwini N, Huang Y, Sottoriva A, Sanguinetti G.",2026,2026-03-01,Cell Reports Methods,10.1016/j.crmeth.2026.101342,,https://europepmc.org/article/MED/41875867,journal-article,crossref;europe_pmc,"""virtual cell"" temporal dynamics;europe_pmc_core",indexed,,include,empirical,include_empirical,Neural ODE dynamics learned from single-cell data are benchmarked on reconstructing cellular transitions.,exclude,not_applicable,no_learned_dynamics,The interpretable learning temporal cellular dynamics single cell data study uses prescribed mechanistic or statistical dynamics rather than a learned transition mechanism.,include,empirical,include_empirical,reviewer_consensus+independent_inclusion_qc,NeuroVelo learns a nonlinear neural-ODE transition in an optimized latent space and directly evaluates cell-type transitions and gene-regulatory dynamics across benchmark single-cell datasets.,include,empirical,learned_biological_dynamics,NeuroVelo learns a nonlinear neural-ODE transition in an optimized latent space and directly evaluates cell-type transitions and gene-regulatory dynamics across benchmark single-cell datasets.,"Full text, Method and Benchmark Results: optimal projection plus neural ODE, transition reconstruction, regulatory-network recovery, and comparisons with RNA-velocity methods.",high
ALT-6a64d732fb1e,fresh_alternate_public_search,Koopman-based linearization of preparatory EEG dynamics in Parkinson's disease during galvanic vestibular stimulation.,"Introduction Parkinson's disease (PD) impairs motor preparation due to basal ganglia dysfunction, contributing to motor deficits. Galvanic Vestibular Stimulation (GVS), a non-invasive neuromodulation technique, shows promise in enhancing motor function in PD, but its underlying neural mechanisms are poorly understood. This study employs a Deep Koopman model to linearize and analyze preparatory EEG dynamics in PD, hypothesizing that GVS restores cortical activity patterns critical for motor planning. Methods EEG data from 18 PD participants (on/off medication) and 18 healthy controls were collected during a preparatory phase of a motor task under three conditions: sham, GVS1 (50-100 Hz multi-sine), and GVS2 (100-150 Hz multi-sine). A Deep Koopman framework mapped EEG signals into a three-dimensional latent space for linear dynamical analysis. Temporal dynamics were assessed via eigenvalue analysis, spatial contributions via regression-based scalp mapping, and motor performance correlations via Pearson's coefficients. A Linear Quadratic Regulator (LQR) simulated control of PD dynamics toward healthy patterns. Results The Deep Koopman model accurately captured EEG dynamics, with eigenvalue analysis showing no significant temporal dynamic differences across groups. Spatial contribution analysis revealed that PD-Off sham conditions deviated most from healthy control EEG patterns, while GVS and medication significantly reduced these deviations, aligning PD patterns closer to controls. Closer alignment correlated with improved motor performance metrics, including reduced reaction and squeeze times. LQR control effectively guided PD neural dynamics toward healthy trajectories in the latent space. Discussion GVS enhances motor preparation in PD by restoring healthy cortical EEG patterns, with additive benefits from dopaminergic medication. The Deep Koopman framework offers a powerful approach for dissecting complex EEG dynamics and designing targeted neuromodulation strategies. These findings elucidate GVS's therapeutic mechanisms and highlight its potential for personalized PD interventions, warranting further exploration in larger cohorts and varied stimulation protocols.","Kia M, Mirian MS, Soori S, Saedi S, Arasteh E, Faramarzi MH, Chinchani A, Lee S, Luczak A, McKeown MJ.",2025,2025-05-14,,10.3389/fnhum.2025.1566566,,https://europepmc.org/article/MED/40438537,,europe_pmc,europe_pmc_core,indexed,,include,empirical,include_empirical,Learned EEG dynamics are evaluated under stimulation and used for simulated trajectory control.,include,empirical,include_empirical,The koopman linearization preparatory eeg dynamics parkinson s disease during galvanic study learns or calibrates temporal dynamics and directly evaluates intervention-conditioned rollouts or planning outcomes.,include,empirical,include_empirical,reviewer_consensus+independent_inclusion_qc,"A deep Koopman operator learns EEG state transitions from patient recordings, predicts preparatory trajectories under stimulation, and supports simulated LQR steering toward healthy dynamics.",include,empirical,action_conditioned_closed_loop_control,"A deep Koopman operator learns EEG state transitions from patient recordings, predicts preparatory trajectories under stimulation, and supports simulated LQR steering toward healthy dynamics.","Full text, Methods and Results: PD and control EEG under sham and two GVS conditions, eigenanalysis, trajectory fit, motor correlations, and LQR control.",high
ALT-1989194480f7,fresh_alternate_public_search,Latent process model of the 6-minute walk test in Duchenne muscular dystrophy : A Bayesian approach to quantifying rare disease progression.,"Duchenne muscular dystrophy (DMD) is a rare X-linked genetic pediatric disease characterized by a lack of functional dystrophin production in the body, resulting in muscle deterioration. Lower body muscle weakness progresses to non-ambulation typically by early teenage years, followed by upper body muscle deterioration and ultimately death by the late twenties. The objective of this study was to enhance the quantitative understanding of DMD disease progression through nonlinear mixed effects modeling of the population mean and variability of the 6-min walk test (6MWT) clinical endpoint. An indirect response model with a latent process was fit to digitized literature data using full Bayesian estimation. The modeling data set consisted of 22 healthy controls and 218 DMD patients from one interventional and four observational trials. The model reasonably described the central tendency and population variability of the 6MWT in healthy subjects and DMD patients. An exploratory categorical covariate analysis indicated that there was no apparent effect of corticosteroid administration on DMD disease progression. The population predicted 6MWT began to rise at 1.32 years of age, plateauing at 654 meters (m) at 17.2 years of age for the healthy population. The DMD trajectory reached a maximum of 411 m at 8.90 years before declining and falling below 1 m at age 18.0. The model has potential to be used as a Bayesian estimation and posterior simulation tool to make informed model-based drug development decisions that incorporate prior knowledge with new data.",Janelle L Lennie; John T Mondick; Marc R Gastonguay,2020,2020,Journal of pharmacokinetics and pharmacodynamics,10.1007/s10928-020-09671-7,,https://pubmed.ncbi.nlm.nih.gov/31960231/,journal-article,europe_pmc;pubmed,europe_pmc_core;pubmed_core,indexed,,include,empirical,include_empirical,A data-fitted latent disease dynamics model generates posterior simulations of longitudinal walking trajectories.,exclude,not_applicable,no_future_or_action_evaluation,"The latent process 6 minute walk test duchenne muscular dystrophy bayesian study analyzes or reconstructs dynamics but does not directly evaluate future states, actions, rollouts, or planning.",include,empirical,include_empirical,reviewer_consensus+independent_inclusion_qc,"A Bayesian nonlinear mixed-effects latent process is fitted to longitudinal 6-minute-walk data, evaluates population variability, and supports posterior simulation of complete disease trajectories.",include,empirical,fitted_multistep_dynamics,"A Bayesian nonlinear mixed-effects latent process is fitted to longitudinal 6-minute-walk data, evaluates population variability, and supports posterior simulation of complete disease trajectories.","Primary article, Model and Results: 218 Duchenne patients plus controls, full Bayesian estimation, age-dependent rise and decline, and posterior simulation use.",medium
ALT-d03766bf85b3,fresh_alternate_public_search,Learning Covariate Relations in Disease Progression Models Using Symbolic Neural Networks.,"Covariate modeling provides individual predictions of outcomes by disease progression models. Current methodology for mapping covariates onto model parameters is limited by predefined parametric functions which can result in inadequate covariate selection and biased predictions by the final model. Furthermore, present methodology scales poorly to high-dimensional data due to combinatorial limitations. In the present study, a novel method for automation of covariate model identification in disease progression models is described. Symbolic neural networks are used to simultaneously identify the parametric covariate functions and optimize model parameters of a Markov chain. By stepwise pruning of initially fully connected dense symbolic networks, humanly readable functions representing the covariate relations are produced. The presented methodology is applied to a dataset containing disease progression observations for type 2 diabetes patients. Although utilizing fewer covariates, the resulting model demonstrates predictive performance similar to that of a model which was developed on the same data using state-of-the-art modeling methodology.","Sundell J, Wahlquist Y, Kjellsson MC, Karlsson MO, Soltesz K.",2026,2026-03-01,,10.1002/psp4.70214,,https://europepmc.org/article/MED/41806166,,europe_pmc,europe_pmc_core,indexed,,include,empirical,include_empirical,Symbolic neural networks learn covariate-conditioned Markov transitions and are evaluated on predictive performance.,exclude,not_applicable,no_future_or_action_evaluation,"The learning covariate relations disease progression symbolic neural networks study analyzes or reconstructs dynamics but does not directly evaluate future states, actions, rollouts, or planning.",include,empirical,include_empirical,third_full_text_adjudication+independent_inclusion_qc,"Symbolic neural networks jointly learn patient-covariate effects and Markov transition parameters from type 2 diabetes progression observations, with predictive performance compared against a manually developed model.",include,empirical,learned_multistate_dynamics,"Symbolic neural networks jointly learn patient-covariate effects and Markov transition parameters from type 2 diabetes progression observations, with predictive performance compared against a manually developed model.","Full text, Method and Application: joint symbolic-function and transition fitting, pruning to readable covariate relations, and diabetes prediction comparison.",high
ALT-ea4b3285b2fe,fresh_alternate_public_search,Learning Temporal Basis Vectors for Closed-Loop Neural Stimulation.,"We introduce a new framework for forecasting the spatiotemporal neural response to stimulation based on learning temporal basis functions. Our proposed temporal basis function model (TBFM) predicts neural responses as a function of both past neural activity and stimulation parameters. This enables TBFM's application to closed-loop neural stimulation using model-based control techniques such as model predictive control (MPC) or model-based reinforcement learning (MBRL). We illustrate the use of TBFMs on data from 40 sessions of micro-electrocorticography (μECog) capturing the response to excitatory optogenetic stimulation in two non-human primates (NHPs). We show that in such a setting, TBFMs require less than 20 minutes of data collection and 5 minutes of training time, while exhibiting accuracy comparable to a complex non-linear dynamical systems model, and greater accuracy than linear state space models (LSSMs) such as those based on the Kalman Filter. Finally, we demonstrate the model's ability to shape neural activity towards desired regimes in two simulated closed-loop stimulation experiments.Clinical relevance- By optimizing sample efficiency, training time, and latency, our model begins to bridge the gap between complex AI-based approaches to modeling brain stimulation and the vision of using such models to develop novel closed-loop stimulation protocols for treating a variety neurological conditions.",Matthew J Bryan; Felix Schwock; Azadeh Yazdan-Shahmorad; Rajesh P N Rao,2025,2025,Annual International Conference of the IEEE Engineering in Medicine and Biology Society. IEEE Engineering in Medicine and Biology Society. Annual International Conference,10.1109/embc58623.2025.11254522,,https://pubmed.ncbi.nlm.nih.gov/41336632/,journal-article,europe_pmc;pubmed,europe_pmc_core;pubmed_core,indexed,,include,empirical,include_empirical,Learns stimulation-conditioned neural dynamics and evaluates forecasting plus simulated closed-loop control.,include,empirical,include_empirical,The learning temporal basis vectors closed loop neural stimulation study learns or calibrates temporal dynamics and directly evaluates intervention-conditioned rollouts or planning outcomes.,include,empirical,include_empirical,reviewer_consensus+independent_inclusion_qc,"The temporal-basis model learns stimulation-conditioned neural transitions from primate recordings, forecasts responses, and is operationally evaluated in simulated model-predictive closed-loop control.",include,empirical,action_conditioned_closed_loop_control,"The temporal-basis model learns stimulation-conditioned neural transitions from primate recordings, forecasts responses, and is operationally evaluated in simulated model-predictive closed-loop control.","Primary article abstract and methods: 40 micro-ECoG sessions, past activity plus stimulation inputs, baseline comparisons, and two closed-loop shaping experiments.",high
ALT-792483034b08,fresh_alternate_public_search,LNODE: Uncovering the Latent Dynamics of A β in Alzheimer's Disease.,"Aβ Positron Emission Tomography (PET) is often used to manage Alzheimer's disease (AD). To better understand Aβ progression, we introduce and evaluate a mathematical model that couples Aβ at parcellated gray matter regions. We term this model LNODE for "" latent network ordinary differential equations "". At each region, we track normal Aβ , abnormal Aβ , and m latent states that intend to capture unobservable mechanisms coupled to Aβ progression. LNODE is parameterized by subject-specific parameters and cohort parameters. We jointly invert for these parameters by fitting the model to Aβ -PET data from 585 subjects from the ADNI dataset. Although underparameterized, our model achieves population R2≥98% compared to R2≤60% when fitting without latent states. Furthermore, these preliminary results suggest the existence of different subtypes of Aβ progression.","Wen Z, Biros G.",2026,2025-09-18,Lecture Notes in Computer Science,10.1007/978-3-032-05182-0_31,,https://europepmc.org/article/MED/41522259,book-chapter,crossref;europe_pmc,"""latent dynamics"" medical;europe_pmc_core",indexed,,include,empirical,include_empirical,A subject-adapted neural ODE models longitudinal amyloid state evolution and is evaluated against PET trajectories.,exclude,not_applicable,no_learned_dynamics,The lnode uncovering latent dynamics alzheimer s disease study uses prescribed mechanistic or statistical dynamics rather than a learned transition mechanism.,include,empirical,include_empirical,reviewer_consensus+independent_inclusion_qc,LNODE fits subject- and cohort-level latent ODE transitions to regional amyloid-PET trajectories and directly evaluates longitudinal fit and progression subtypes.,include,empirical,fitted_multistep_dynamics,LNODE fits subject- and cohort-level latent ODE transitions to regional amyloid-PET trajectories and directly evaluates longitudinal fit and progression subtypes.,"Full text, Model and Results: 585 ADNI subjects, joint parameter inversion, regional normal/abnormal amyloid states, latent mechanisms, and trajectory R-squared.",high
ALT-e928d3e6cc41,fresh_alternate_public_search,Maximizing Knowledge Extraction From Patient-Reported Outcome Data Using Exposure-Outcome Item Response Modeling Approach: Understanding Efavirenz-Induced Central Nervous System Toxicity.,"This investigation was undertaken to maximally extract hidden knowledge from an efavirenz-based trial data set using an item response theory-based approach to exposure-outcome analysis. The aim was to understand the influence of efavirenz exposure on the underlying neuropsychiatric impairment in HIV/AIDS patients. Data from 196 individuals with 4136 neuropsychiatric impairment symptom observations at baseline and 2 and 12 weeks of 600-mg efavirenz-based therapy was analyzed. The 7 symptoms were categorized as sleep disorders (3), hallucinations (3), and cognitive impairment (1). A longitudinal item response theory model incorporating 3 latent variables based on the symptom categories and a linear disease progression model with a symptomatic drug effect was developed in NONMEM 7.4.1. The model adequately characterized the observed symptoms and revealed the hidden knowledge on the informativeness of symptoms in characterizing the underlying neuropsychiatric impairment. Informativeness, which was affected by underlying impairment severity and efavirenz therapy duration, varied among symptoms. Sleep disorders were the most efavirenz-sensitive symptom category. Vivid dreams and auditory hallucinations were most informative in their respective symptom categories. Mini-Mental State Examination score cutoff levels used to classify the severity of cognitive impairment did not distinctively correspond with neuropsychiatric impairment severity. Efavirenz treatment effect on the severity of neuropsychiatric impairment was not more than 15%. Simulation of individual symptoms at the 400-mg dose only reduced the prevalence of sleep disorder symptoms. Use of the exposure-item response theory modeling approach maximally extracted hidden knowledge about efavirenz-induced neuropsychiatric impairment and appropriately characterized the impact of dose reduction on specific neuropsychiatric impairment symptoms.",Karungi S Bisaso; Kuteesa R Bisaso; Jackson K Mukonzo; Ene I Ette,2020,2020,Journal of clinical pharmacology,10.1002/jcph.1570,,https://pubmed.ncbi.nlm.nih.gov/32096561/,journal-article,europe_pmc;pubmed,europe_pmc_core;pubmed_core,indexed,,include,empirical,include_empirical,A trial-fitted dose-conditioned longitudinal model simulates symptom responses under alternative efavirenz dosing.,exclude,not_applicable,no_future_or_action_evaluation,"The maximizing knowledge extraction patient reported outcome data exposure outcome item study analyzes or reconstructs dynamics but does not directly evaluate future states, actions, rollouts, or planning.",include,empirical,include_empirical,reviewer_consensus+independent_inclusion_qc,"A longitudinal item-response transition is fitted to repeated neuropsychiatric symptoms and efavirenz exposure, then used to simulate symptom trajectories under alternative dosing.",include,empirical,fitted_action_response_dynamics,"A longitudinal item-response transition is fitted to repeated neuropsychiatric symptoms and efavirenz exposure, then used to simulate symptom trajectories under alternative dosing.","Primary article abstract and model description: 4,136 observations, latent impairment progression, drug effect, model fit, and 400-mg symptom simulations.",medium
ALT-21155df63ca2,fresh_alternate_public_search,Modelling neural coding in the auditory midbrain with high resolution and accuracy.,"Computational models of auditory processing can be valuable tools for research and technology development. Models of the cochlea are highly accurate and widely used, but models of the auditory brain lag far behind in both performance and penetration. Here we present ICNet, a convolutional encoder-decoder model of neural coding in the inferior colliculus. We developed ICNet using large-scale intracranial recordings from anaesthetized gerbils, addressing three key modelling challenges that are common across all sensory systems: capturing the full statistical structure of neuronal response patterns; accounting for physiological and experimental non-stationarity; and extracting features of sensory processing that are shared across different brains. ICNet provides highly accurate simulation of multi-unit neural responses to a wide range of complex sounds, including near-perfect responses to speech. It also reproduces key neurophysiological phenomena such as forward masking and dynamic range adaptation. ICNet can be used to simulate activity from thousands of neural units or to provide a compact representation of early central auditory processing through its latent dynamics, facilitating a wide range of hearing and audio applications. It can also serve as a foundation core, providing a baseline neural representation for models of active listening or higher-level auditory processing.",Fotios Drakopoulos; Lloyd Pellatt; Shievanie Sabesan; Yiqing Xia; Andreas Fragner; Nicholas A Lesica,2025,2025,Nature machine intelligence,10.1038/s42256-025-01104-9,,https://pubmed.ncbi.nlm.nih.gov/41019457/,journal-article,europe_pmc;pubmed,europe_pmc_core;pubmed_core,indexed,,include,empirical,include_empirical,"Learns stimulus-conditioned neural dynamics and validates simulated responses, adaptation, and masking across sounds.",exclude,not_applicable,no_future_or_action_evaluation,"The neural coding auditory midbrain high resolution accuracy study analyzes or reconstructs dynamics but does not directly evaluate future states, actions, rollouts, or planning.",include,empirical,include_empirical,reviewer_consensus+independent_inclusion_qc,"ICNet learns sound-conditioned temporal neural-response dynamics from large intracranial recordings and directly evaluates simulated multineuron activity, adaptation, and forward masking.",include,empirical,learned_multistep_dynamics,"ICNet learns sound-conditioned temporal neural-response dynamics from large intracranial recordings and directly evaluates simulated multineuron activity, adaptation, and forward masking.","Full text, Model and Results: gerbil inferior-colliculus recordings, convolutional encoder-decoder simulation, held-out sound responses, speech, adaptation, and masking phenomena.",high
ALT-772584a789d2,fresh_alternate_public_search,Multi-Objective Model-based Reinforcement Learning for Infectious Disease Control,"Severe infectious diseases such as the novel coronavirus (COVID-19) pose a huge threat to public health. Stringent control measures, such as school closures and stay-at-home orders, while having significant effects, also bring huge economic losses. In the face of an emerging infectious disease, a crucial question for policymakers is how to make the trade-off and implement the appropriate interventions timely given the huge uncertainty. In this work, we propose a Multi-Objective Model-based Reinforcement Learning framework to facilitate data-driven decision-making and minimize the overall long-term cost. Specifically, at each decision point, a Bayesian epidemiological model is first learned as the environment model, and then the proposed model-based multi-objective planning algorithm is applied to find a set of Pareto-optimal policies. This framework, combined with the prediction bands for each policy, provides a real-time decision support tool for policymakers. The application is demonstrated with the spread of COVID-19 in China.","Wan R, Zhang X, Song R.",2022,2022-02-26,,,,https://europepmc.org/article/PPR/PPR597469,,europe_pmc,europe_pmc_core,indexed,,include,empirical,include_empirical,Learns a Bayesian epidemiological environment model and evaluates planning policies for disease-control interventions.,include,empirical,include_empirical,The multi objective reinforcement learning infectious disease control study learns or calibrates temporal dynamics and directly evaluates intervention-conditioned rollouts or planning outcomes.,include,empirical,include_empirical,reviewer_consensus+independent_inclusion_qc,A Bayesian epidemiological transition model is learned at each decision point and used for multi-objective planning; Pareto policies and predictive bands are evaluated on COVID-19 control data.,include,empirical,action_conditioned_closed_loop_control,A Bayesian epidemiological transition model is learned at each decision point and used for multi-objective planning; Pareto policies and predictive bands are evaluated on COVID-19 control data.,"Primary preprint, Methods and application: learned environment model, model-based rollout, policy-front estimation, uncertainty bands, and China COVID-19 intervention analysis.",high
ALT-c8668820c69c,fresh_alternate_public_search,Myo-ODE: continuous-time trajectory reconstruction and risk prediction of high myopia via neural ordinary differential equations.,"The global surge in childhood myopia necessitates robust screening tools for early risk stratification; however, conventional predictive models often struggle with irregular follow-up intervals and fail to capture the continuous nature of refractive development. We propose Myo-ODE, a continuous-time framework based on Neural Ordinary Differential Equations (Neural ODEs) to predict high myopia risk. Unlike traditional discrete machine learning models, Myo-ODE parameterizes the derivative of the refractive state, allowing myopia progression to be represented as a continuous latent dynamic flow. This architecture explicitly accommodates non-uniform screening intervals and supports temporal interpolation and cautious short-term extrapolation within the observed follow-up horizon. Evaluated on a longitudinal dataset ( N = 4,973), Myo-ODE achieved the highest F1-score of 0.8000 (95% CI: 0.7741-0.8256) and Recall of 0.7812 (95% CI: 0.7518-0.8103), while maintaining a competitive AUC of 0.9834 (95% CI: 0.9781-0.9887). Furthermore, our framework reconstructs individualized refractive progression trajectories and provides an interpretable estimate of the model-learned progression momentum of SE change. By bridging the gap between discrete clinical observations and continuous trajectory-level modeling, Myo-ODE offers a promising tool for personalized myopia surveillance in real-world screening environments.","Zhao N, Zheng R, Lu J, Huang Z, Li C, Dai C, Enbei X, Wang J.",2026,2026-07-09,,10.3389/fpubh.2026.1897882,,https://europepmc.org/article/MED/42494919,,europe_pmc,europe_pmc_core,indexed,,include,empirical,include_empirical,Myo-ODE learns continuous refractive dynamics and directly predicts future high-myopia risk from longitudinal clinical data.,exclude,not_applicable,no_learned_dynamics,The myo ode continuous time trajectory reconstruction risk prediction high myopia study uses prescribed mechanistic or statistical dynamics rather than a learned transition mechanism.,include,empirical,include_empirical,reviewer_consensus+independent_inclusion_qc,"Myo-ODE learns continuous refractive-state transitions from irregular longitudinal screening data and directly evaluates interpolation, short-term extrapolation, individualized trajectories, and risk prediction.",include,empirical,learned_multistep_dynamics,"Myo-ODE learns continuous refractive-state transitions from irregular longitudinal screening data and directly evaluates interpolation, short-term extrapolation, individualized trajectories, and risk prediction.","Full text, Methods and Results: 4,973 longitudinal records, neural ODE trajectory reconstruction, held-out intervals, F1/recall/AUC, and progression-momentum interpretation.",high
ALT-e32f66429421,fresh_alternate_public_search,New PK/PD model directly links diabetes drug dose to blood glucose level for personalized care.,"The management of diabetes mellitus focuses on close monitoring of a patient's blood glucose level while the clinician experiments with a dosing strategy using clinical guidelines and his/her own experience. We propose a pharmacokinetic and pharmacodynamics model that characterizes the dose-response of patients receiving anti-diabetic drug therapy. We derive and establish a direct relationship between drug dosage and blood glucose level. This new drug-dose drug-effect model, combined with a linear disease progression model, is used to fit the patient's daily self-monitored blood glucose (SMBG) data to obtain the personalized treatment effect for each patient. The model predicts the long-term drug effect using the prescribed dose, thus allowing for dose optimization. The model is evaluated on patients with gestational diabetes mellitus. SMBG data collected during the first month of treatment is used to train the model. The model is able to characterize the personalized dose-response and disease progression. Moreover, when compared to a descriptive autoregression model, our model gives a better long-term prediction of the drug effect on the trend of the blood glucose level. This mechanism-based treatment effect model utilizes daily recorded blood glucose data to estimate and predict a patient's personalized dose-response and disease progression. Such evidence can be used by clinicians to individualize and optimize dose regimens to achieve better treatment outcomes.",Eva K Lee; Xin Wei; Michael D Wright; Francine Baker-Witt,2022,2022,AMIA ... Annual Symposium proceedings. AMIA Symposium,,,https://pubmed.ncbi.nlm.nih.gov/37128362/,journal-article,europe_pmc;pubmed,europe_pmc_core;pubmed_core,indexed,,include,empirical,include_empirical,Personalized PK/PD dynamics are fitted from glucose data and evaluated for dose-response prediction and optimization.,exclude,not_applicable,no_learned_dynamics,The pk pd directly links diabetes drug dose blood glucose level study uses prescribed mechanistic or statistical dynamics rather than a learned transition mechanism.,include,empirical,include_empirical,reviewer_consensus+independent_inclusion_qc,"A personalized dose-glucose transition plus disease-progression term is fitted to daily self-monitored glucose, then evaluated for long-term drug-response forecasting and dose optimization.",include,empirical,fitted_action_response_dynamics,"A personalized dose-glucose transition plus disease-progression term is fitted to daily self-monitored glucose, then evaluated for long-term drug-response forecasting and dose optimization.","Full text, Model and Results: first-month gestational-diabetes data used for fitting, personalized dose-response estimation, and comparison with autoregression for later glucose trends.",high
ALT-b062a5a9fbf8,fresh_alternate_public_search,Optimized glycemic control of type 2 diabetes with reinforcement learning: a proof-of-concept trial.,"The personalized titration and optimization of insulin regimens for treatment of type 2 diabetes (T2D) are resource-demanding healthcare tasks. Here we propose a model-based reinforcement learning (RL) framework (called RL-DITR), which learns the optimal insulin regimen by analyzing glycemic state rewards through patient model interactions. When evaluated during the development phase for managing hospitalized patients with T2D, RL-DITR achieved superior insulin titration optimization (mean absolute error (MAE) of 1.10 ± 0.03 U) compared to other deep learning models and standard clinical methods. We performed a stepwise clinical validation of the artificial intelligence system from simulation to deployment, demonstrating better performance in glycemic control in inpatients compared to junior and intermediate-level physicians through quantitative (MAE of 1.18 ± 0.09 U) and qualitative metrics from a blinded review. Additionally, we conducted a single-arm, patient-blinded, proof-of-concept feasibility trial in 16 patients with T2D. The primary outcome was difference in mean daily capillary blood glucose during the trial, which decreased from 11.1 (±3.6) to 8.6 (±2.4) mmol L -1 (P < 0.01), meeting the pre-specified endpoint. No episodes of severe hypoglycemia or hyperglycemia with ketosis occurred. These preliminary results warrant further investigation in larger, more diverse clinical studies. ClinicalTrials.gov registration: NCT05409391 .",Guangyu Wang; Xiaohong Liu; Zhen Ying; Guoxing Yang; Zhiwei Chen; Zhiwen Liu; Min Zhang; Hongmei Yan; Yuxing Lu; Yuanxu Gao; Kanmin Xue; Xiaoying Li; Ying Chen,2023,2023,Nature medicine,10.1038/s41591-023-02552-9,,https://pubmed.ncbi.nlm.nih.gov/37710000/,journal-article,europe_pmc;pubmed,europe_pmc_core;pubmed_core,indexed,,include,empirical,include_empirical,Model-based reinforcement learning uses patient-model dynamics to optimize insulin actions and receives clinical evaluation.,include,empirical,include_empirical,The optimized glycemic control type 2 diabetes reinforcement learning proof concept study learns or calibrates temporal dynamics and directly evaluates intervention-conditioned rollouts or planning outcomes.,include,empirical,include_empirical,reviewer_consensus+independent_inclusion_qc,"A patient model learns action-conditioned glucose transitions from longitudinal EHR trajectories, is recursively unrolled for multistep insulin planning, and is validated internally, externally, and prospectively.",include,empirical,action_conditioned_closed_loop_control,"A patient model learns action-conditioned glucose transitions from longitudinal EHR trajectories, is recursively unrolled for multistep insulin planning, and is validated internally, externally, and prospectively.","Full text, Patient model for trajectory tracking and Performance: learned next-state function, seven-step rollouts, observed-versus-predicted glucose trajectories, policy interaction, and clinical feasibility trial.",high
ALT-ffa943add08e,fresh_alternate_public_search,Paracetamol Concentrations and Time-Course of Ductus Arteriosus Diameter in Extremely Preterm Neonates: A Population Pharmacokinetic-Pharmacodynamic Analysis.,"Background Patent ductus arteriosus is a common complication of extreme prematurity. Prophylactic treatment with indomethacin or ibuprofen has shown efficacy on ductus closure but without reducing mortality and morbidity. Prophylactic treatment by paracetamol could be a safer alternative. Objective The aim was to build a pharmacokinetic-pharmacodynamic (PKPD) model describing the effect of paracetamol on the time-course of the ductus arteriosus diameter. Methods Extremely preterm neonates of 23-26 weeks of gestational age were recruited within 12 h after birth and were treated with prophylactic intravenous paracetamol for 5 days (two dose levels: 20 mg/kg followed by 7.5 mg/kg or 25 mg/kg followed by 10 mg/kg every 6 h). The diameter of ductus arteriosus was determined by echocardiography performed daily until day 7. The PKPD model was built using an I max model with effect compartment and exponential disease progression model. Concentrations of paracetamol in the effect compartment were simulated with different doses over time for 500 virtual patients. Results A total of 29 extremely preterm neonates with median birth weight of 800 g (IQR: 670-860) were included in the study. Between-subject variability was estimated on transfer rate constant between the central compartment and the effect compartment (ke 0 ) and maximum drug inhibition (I max ) parameters. Two subpopulations with different I max values were identified: 99% for a first subpopulation of 10 patients and 42% for the second subpopulation of 19 patients. A negative effect of maximum fraction of inspired oxygen (FiO 2 ) used during transfer to intensive care unit and a positive effect of intubation and ventilation during treatment were significant on ke 0 . Simulations showed that both dose levels generally enabled patients to reach the concentration needed to achieve 95% of maximal inhibition by the end of treatment. However, the second dose level enabled more than 90% of patients to reach this inhibition threshold as early as day one. Conclusion The relationship between paracetamol and the time-course of ductus arteriosus diameter has been described in extremely preterm neonates. Intravenous paracetamol treatment with a loading dose of 25 mg/kg within 12 h after birth followed by 10 mg/kg every 6 h appears to be effective to accelerate time to ductus closure with limited benefit of a further dose increase.",Faheemah Padavia; Jean-Marc Treluyer; Gilles Cambonie; Cyril Flamant; Aline Rideau; Manon Tauzin; Juliana Patkai; Géraldine Gascoin; Mirka Lumia; Outi Aikio; Frantz Foissac; Saïk Urien; Sihem Benaboud; Gabrielle Lui; Léo Froelicher Bournaud; Yi Zheng; Ruth Kemper; Marine Tortigue; Alban-Elouen Baruteau; Jaana Kallio; Mikko Hallman; Alpha Diallo; Léa Levoyer; Jean-Christophe Roze; Naïm Bouazza,2025,2025,Clinical pharmacokinetics,10.1007/s40262-025-01567-4,,https://pubmed.ncbi.nlm.nih.gov/40889095/,journal-article,europe_pmc;pubmed,europe_pmc_core;pubmed_core,indexed,,include,empirical,include_empirical,Patient-fitted PK/PD dynamics are evaluated through dose-conditioned simulations of ductus closure trajectories.,exclude,not_applicable,no_learned_dynamics,The paracetamol concentrations time course ductus arteriosus diameter extremely preterm neonates study uses prescribed mechanistic or statistical dynamics rather than a learned transition mechanism.,include,empirical,include_empirical,reviewer_consensus+independent_inclusion_qc,"A population PK/PD transition for ductus diameter is fitted to daily neonatal measurements and paracetamol exposure, then used for virtual-patient dose and closure-time simulations.",include,empirical,fitted_action_response_dynamics,"A population PK/PD transition for ductus diameter is fitted to daily neonatal measurements and paracetamol exposure, then used for virtual-patient dose and closure-time simulations.","Primary article, Methods and Results: effect-compartment plus exponential progression model, parameter estimation in 29 neonates, and 500-patient dosing simulations.",medium
ALT-bf936bea3ffc,fresh_alternate_public_search,Personalized Input-Output Hidden Markov Models for Disease Progression Modeling,"Disease progression models are important computational tools in healthcare and are used for tasks such as improving disease understanding, informing drug discovery, and aiding in patient management. Although many algorithms for time series modeling exist, healthcare applications face particular challenges such as small datasets, medication effects, disease heterogeneity, and a desire for personalized predictions. In this work, we present a disease progression model that addresses these needs by proposing a probabilistic time-series model that captures individualized disease states, personalized medication effects, disease-state medication effects, or any combination thereof. The model builds on the framework of an input-output hidden Markov model where the parameters are learned using a structured variational approximation. To demonstrate the utility of the algorithm, we apply it to both synthetic and real-world datasets. In the synthetic case, we demonstrate the benefits afforded by the proposed model as compared to standard techniques. In the real-world cases, we use two Parkinson’s disease datasets to show improved predictive performance when ground truth is available and clinically relevant insights that are not revealed via classic Markov models when ground truth is not available.","Severson KA, Chahine LM, Smolensky L, Ng K, Hu J, Ghosh S.",2020,2020-07-19,,10.1101/2020.07.17.20153510,,https://europepmc.org/article/PPR/PPR189280,,europe_pmc,europe_pmc_core,indexed,,include,empirical,include_empirical,The learned input-output HMM models medication-conditioned disease transitions and demonstrates predictive performance on Parkinson’s datasets.,include,empirical,include_empirical,The personalized input output hidden markov disease progression study learns or calibrates temporal dynamics and directly evaluates temporal rollouts or simulated trajectories.,include,empirical,include_empirical,reviewer_consensus+independent_inclusion_qc,"The personalized input-output HMM learns latent disease transitions and medication effects from longitudinal Parkinson data, with predictive performance and individualized action effects evaluated against standard models.",include,empirical,action_conditioned_treatment_dynamics,"The personalized input-output HMM learns latent disease transitions and medication effects from longitudinal Parkinson data, with predictive performance and individualized action effects evaluated against standard models.","Primary preprint, Model and Experiments: variational transition learning, subject and medication effects, synthetic recovery, and two real Parkinson datasets.",high
ALT-e1f3bd53960a,fresh_alternate_public_search,PINN-EM: Physics-Guided Disease Progression Model of Geographic Atrophy.,"OBJECTIVE: To construct a personalizable spatio-temporal disease progression model of patients with a late dry form of Age-Related Macular Degeneration (AMD), known as Geographic Atrophy (GA). METHODS: From a series of retinal optical coherence tomography (OCT) scans, we infer the coefficients for the parametrized partial differential equation (PDE), such that the parametrized PDE best describes the observed imaging data. Acting as a soft constraint, the recovered PDE helps to extrapolate an implicit neural representation (INR) of the GA segmentation map progression. To enable efficient training, we propose an iterative method - PINN-EM, designed to recover coefficients of non-linear PDEs. At each iteration, the method decouples the problem into PDE coefficients fitting and data fitting steps, resembling Expectation Maximization algorithm. RESULTS: We extensively tested the proposed method in large-scale experiments using the open-source PDEBench benchmark to validate its performance. Furthermore, we applied the method to the challenging problem of GA progression modeling, where patients exhibit a high variance in GA growth patterns and speed. The proposed spatio-temporal disease progression model outperformed the baselines, even outperforming posterior knowledge models in Dice score for newly affected growth areas. CONCLUSION: We demonstrated that the proposed spatio-temporal disease progression model fitted with introduced PINN-EM outperforms existing baselines in synthetic and real clinical applications, highlighting the extrapolation capabilities of the INR models. SIGNIFICANCE: The proposed spatio-temporal disease progression model and PINN-EM fitting procedure can be applied across diverse domains facing the challenge of fitting parametrized PDE to the empirical datasets.",Dmitrii Lachinov; Thomas Pinetz; Hrvoje Bogunovic,2026,2026,IEEE transactions on bio-medical engineering,10.1109/tbme.2026.3655164,,https://pubmed.ncbi.nlm.nih.gov/41553889/,journal-article,europe_pmc;pubmed,europe_pmc_core;pubmed_core,indexed,,include,empirical,include_empirical,PINN-EM learns patient-specific PDE dynamics from OCT data and evaluates extrapolated spatial disease progression.,include,empirical,include_empirical,The pinn em physics guided disease progression geographic atrophy study learns or calibrates temporal dynamics and directly evaluates temporal rollouts or simulated trajectories.,include,empirical,include_empirical,reviewer_consensus+independent_inclusion_qc,"PINN-EM infers patient-specific PDE transition coefficients from serial retinal OCT and evaluates extrapolated geographic-atrophy growth against synthetic benchmarks, clinical scans, and baselines.",include,empirical,fitted_spatiotemporal_transition,"PINN-EM infers patient-specific PDE transition coefficients from serial retinal OCT and evaluates extrapolated geographic-atrophy growth against synthetic benchmarks, clinical scans, and baselines.","Primary article abstract and methods: iterative PDE-coefficient and data fitting, PDEBench validation, and Dice evaluation of newly affected retinal areas.",high
ALT-3c2780d5948f,fresh_alternate_public_search,Prediction of Alzheimer's Disease Progression with Multi-Information Generative Adversarial Network,,Yan Zhao; Baoqiang Ma; Pengbo Jiang; Debin Zeng; Xuetong Wang; Shuyu Li,2021,2021,IEEE Journal of Biomedical and Health Informatics,10.1109/jbhi.2020.3006925,,https://doi.org/10.1109/jbhi.2020.3006925,journal-article,crossref,"""disease progression model"" generative intervention",registered,,uncertain,empirical,insufficient_abstract,"The generative progression title is relevant, but no abstract establishes temporal transitions or rollout evaluation.",uncertain,empirical,insufficient_abstract,"The prediction alzheimer s disease progression multi information generative adversarial network title plausibly denotes learned medical dynamics, but the missing abstract does not establish direct future or action evaluation.",include,empirical,include_empirical,reviewer_consensus+independent_inclusion_qc,mi-GAN learns subject-conditioned MRI progression and generates future whole-brain images; generated fourth-year anatomy and downstream clinical-stage classification are directly evaluated.,include,empirical,learned_multistep_dynamics,mi-GAN learns subject-conditioned MRI progression and generates future whole-brain images; generated fourth-year anatomy and downstream clinical-stage classification are directly evaluated.,"Primary article abstract and experiments: ADNI baseline conditioning, future 3D MRI generation, SSIM against observed year-four scans, and pMCI/sMCI classification.",high
ALT-ab6014707f0f,fresh_alternate_public_search,Prediction of Disease Progression and Clinical Response in Systemic Sclerosis: Experience From a Proof-of-Concept Trial.,"OBJECTIVE: Using the modified Rodnan skin score (mRSS) as a surrogate for disease activity, a phase 2a study in patients with systemic sclerosis (SSc) measured efficacy of the autotaxin inhibitor ziritaxestat. Mathematical modeling of mRSS was used to predict disease progression, examine candidate trial designs, and predict the probability of successfully discriminating treatment effect. METHODS: Patients with SSc receiving 600 mg of ziritaxestat or placebo for 24 weeks were included, in addition to data up to week 52 of the open-label extension (OLE). Longitudinal mRSS data were described using a disease progression model; drug effect was a binary variable. Parameters used to predict the OLE mRSS outcome were estimated using data from the 24-week double-blind phase and validated with observed data. Three trial designs were simulated to identify which had the highest probability of detecting a treatment effect. Power to detect a treatment effect was quantified using the simulations. RESULTS: Maximum decreases from baseline in mRSS were 50.4% (ziritaxestat) and 34.7% (placebo). Study designs based on 300 patients randomized 2:1 or 1:1 to 600 mg of ziritaxestat or placebo had similar probabilities of detecting a significant treatment effect. Power to detect a treatment effect was >80% for all simulations. CONCLUSION: Disease progression and drug effect could be predicted beyond the range of observed data. This modeling and simulation approach may inform future trial design, including study duration, and predict the probability of success.",Marta Neve; Paul M Diderichsen; Eric Helmer; Dick de Vries; Amit Taneja,2024,2024,ACR open rheumatology,10.1002/acr2.11678,,https://pubmed.ncbi.nlm.nih.gov/38923416/,journal-article,europe_pmc;pubmed,europe_pmc_core;pubmed_core,indexed,,include,empirical,include_empirical,A data-fitted treatment-conditioned progression model predicts held-out longitudinal responses and simulates future trial outcomes.,exclude,not_applicable,no_learned_dynamics,The prediction disease progression clinical response systemic sclerosis experience proof concept study uses prescribed mechanistic or statistical dynamics rather than a learned transition mechanism.,include,empirical,include_empirical,reviewer_consensus+independent_inclusion_qc,"A longitudinal mRSS progression and drug-effect model is fitted to controlled-trial data, validated against open-label extension observations, and used for future-trajectory and trial-power simulations.",include,empirical,fitted_intervention_dynamics,"A longitudinal mRSS progression and drug-effect model is fitted to controlled-trial data, validated against open-label extension observations, and used for future-trajectory and trial-power simulations.","Full text, Model and Results: 24-week fitting, prediction through week 52, observed-versus-predicted extension outcomes, and simulated alternative trial designs.",high
ALT-7fd0dbde7906,fresh_alternate_public_search,Predictive modeling of hemodynamics during viscerosensory neurostimulation via neural computation mechanism in the brainstem.,"Neurostimulation for cardiovascular control faces challenges due to the lack of predictive modeling for stimulus-driven dynamic responses, which is crucial for precise neuromodulation via quality feedback. We address this by employing a digital twin approach that leverages computational mechanisms underlying neuro-hemodynamic responses during neurostimulation. Our results emphasize the computational role of the nucleus tractus solitarius (NTS) in the brainstem in determining these responses. The intrinsic neural circuit within the NTS harbors collective dynamics residing in a low-dimensional latent space, which effectively captures stimulus-driven hemodynamic perturbations. Building on this, we developed a digital twin framework for individually optimized predictive modeling of neuromodulatory outcomes. This framework potentially enables the design of closed-loop neurostimulation systems for precise hemodynamic control. Consequently, our digital twin based on neural computation mechanisms marks an advancement in the artificial regulation of internal organs, paving the way for precise translational medicine to treat chronic diseases.","Lee J, Mun J, Choo M, Park SM.",2025,2025-04-23,,10.1038/s41746-025-01635-w,,https://europepmc.org/article/MED/40269082,,europe_pmc,europe_pmc_core,indexed,,include,empirical,include_empirical,The individualized latent-dynamics digital twin predicts stimulus-driven hemodynamic responses for prospective closed-loop control.,include,empirical,include_empirical,The predictive hemodynamics during viscerosensory neurostimulation neural computation mechanism brainstem study learns or calibrates temporal dynamics and directly evaluates intervention-conditioned rollouts or planning outcomes.,include,empirical,include_empirical,reviewer_consensus+independent_inclusion_qc,A patient-specific latent neural-computation transition maps stimulation to evolving hemodynamic response and is evaluated for prediction and prospective closed-loop control design.,include,empirical,action_conditioned_treatment_dynamics,A patient-specific latent neural-computation transition maps stimulation to evolving hemodynamic response and is evaluated for prediction and prospective closed-loop control design.,"Full text, Model and Results: NTS latent dynamics, stimulus-driven blood-pressure trajectories, individualized fitting, prediction tests, and control-oriented simulations.",high
ALT-3c5208bdbe14,fresh_alternate_public_search,Progression of type 1 diabetes from latency to symptomatic disease is predicted by distinct autoimmune trajectories.,"Development of islet autoimmunity precedes the onset of type 1 diabetes in children, however, the presence of autoantibodies does not necessarily lead to manifest disease and the onset of clinical symptoms is hard to predict. Here we show, by longitudinal sampling of islet autoantibodies (IAb) to insulin, glutamic acid decarboxylase and islet antigen-2 that disease progression follows distinct trajectories. Of the combined Type 1 Data Intelligence cohort of 24662 participants, 2172 individuals fulfill the criteria of two or more follow-up visits and IAb positivity at least once, with 652 progressing to type 1 diabetes during the 15 years course of the study. Our Continuous-Time Hidden Markov Models, that are developed to discover and visualize latent states based on the collected data and clinical characteristics of the patients, show that the health state of participants progresses from 11 distinct latent states as per three trajectories (TR1, TR2 and TR3), with associated 5-year cumulative diabetes-free survival of 40% (95% confidence interval [CI], 35% to 47%), 62% (95% CI, 57% to 67%), and 88% (95% CI, 85% to 91%), respectively (p < 0.0001). Age, sex, and HLA-DR status further refine the progression rates within trajectories, enabling clinically useful prediction of disease onset.","Kwon BC, Anand V, Achenbach P, Dunne JL, Hagopian W, Hu J, Koski E, Lernmark Å, Lundgren M, Ng K, Toppari J, Veijola R, Frohnert BI, T1DI Study Group.",2022,2022-03-21,,10.1038/s41467-022-28909-1,,https://europepmc.org/article/MED/35314671,,europe_pmc,europe_pmc_core,indexed,,include,empirical,include_empirical,A learned continuous-time HMM identifies latent disease transitions and evaluates future diabetes-onset trajectories.,exclude,not_applicable,no_future_or_action_evaluation,"The progression type 1 diabetes latency symptomatic disease is predicted by study analyzes or reconstructs dynamics but does not directly evaluate future states, actions, rollouts, or planning.",include,empirical,include_empirical,third_full_text_adjudication+independent_inclusion_qc,"A continuous-time hidden Markov model learns latent autoimmune-state transitions and three progression pathways from longitudinal autoantibodies, with state-specific diabetes-free survival evaluated over follow-up.",include,empirical,learned_multistate_dynamics,"A continuous-time hidden Markov model learns latent autoimmune-state transitions and three progression pathways from longitudinal autoantibodies, with state-specific diabetes-free survival evaluated over follow-up.","Full text, Model and Results: 24,662-participant cohort, 11 latent states, transition pathways, covariate-refined rates, and five-year survival predictions.",high
ALT-8c0d38af637d,fresh_alternate_public_search,Quantifying Uncertainty in Alzheimer’s Disease Progression Modelling: A Variational Disease Progression Score Framework,"Abstract Predicting the course of Alzheimer’s disease for individual patients remains a major challenge due to the heterogeneity of disease expression and the sparsity of longitudinal data. We introduce a variational Disease Progression Score (DPS) framework that maps multimodal biomarker dynamics (Cerebrospinal fluid, neuroimaging, and cognitive assessments) onto a continuous latent timeline with quantified uncertainty. The framework combines a neural encoder, which infers subject-specific progression parameters from demographic and clinical features, with a cascade of logistic functions structured according to the amyloid cascade hypothesis. Applied to the Alzheimer’s Disease Neuroimaging Initiative (ADNI) cohort, the inferred timeline separated diagnostic groups it never observed (AUC 0.98 for cognitively normal vs Alzheimer’s Disease), and the estimated cascade strengths and biomarker orderings were consistent with the established sequence of Alzheimer’s pathology. The model produces individualised prognoses for previously unseen subjects from baseline data alone, with 95% credible intervals achieving 89-98% empirical coverage across biomarkers, and these predictions can be dynamically refined as new observations become available. The framework thus provides a biologically interpretable, uncertainty-aware index of disease severity, offering a probabilistic foundation for patient-level prognosis and precision monitoring in Alzheimer’s disease. Author summary Alzheimer’s disease develops gradually, and its course varies widely from person to person, which makes it hard to predict how any individual will progress. Accurate, individual-level predictions would help doctors intervene earlier and design better clinical trials, but the data available in practice are sparse and collected at irregular times, and most existing prediction tools offer little sense of how confident they are. We developed a method that places each person on a shared disease timeline estimated from routinely collected information such as age, genetics, and a brief cognitive assessment. Moreover, our model reports the uncertainty of each prediction and refines both the prediction and its uncertainty as new measurements become available for a patient. Using the ADNI dataset, we found that the model realigned patients according to their clinical diagnoses. It also recovered biological findings consistent with the established understanding of the disease. Its confidence estimates were reliable for most measurements. We hope this approach is a step forward in the development of prediction tools that clinicians can genuinely trust for individual patients.",Tunchanok Ngamsaowaros; Indu Bodala; Sofia Michopoulou; Mahesan Niranjan,2026,2026,openRxiv,10.64898/2026.08.19.26360855,,https://doi.org/10.64898/2026.08.19.26360855,posted-content,crossref,"""disease progression model"" generative intervention",registered,,include,empirical,include_empirical,Learned latent biomarker dynamics generate individualized future trajectories and evaluate predictive uncertainty on ADNI.,exclude,not_applicable,no_learned_dynamics,The quantifying uncertainty alzheimer s disease progression variational disease progression score study is an ordinary prognostic or static prediction analysis without a learned rollout mechanism.,include,empirical,include_empirical,third_full_text_adjudication+independent_inclusion_qc,"A variational encoder learns subject-specific progression parameters and biomarker trajectories, producing calibrated multivariate future paths that are updated with new observations and evaluated for empirical interval coverage.",include,empirical,learned_multistep_dynamics,"A variational encoder learns subject-specific progression parameters and biomarker trajectories, producing calibrated multivariate future paths that are updated with new observations and evaluated for empirical interval coverage.","Primary preprint, Methods and Results: ADNI multimodal biomarkers, learned latent timeline and cascade strengths, unseen-subject prognosis, and 89-98% credible-interval coverage.",high
ALT-ca8c7adfc7a7,fresh_alternate_public_search,Quantitative Comparisons of Progressive Supranuclear Palsy Rating Scale Versions Using Item Response Theory.,"Background Progressive supranuclear palsy (PSP) is a neurodegenerative, late-onset disease that is challenging in terms of assessment. The Progressive Supranuclear Palsy Rating Scale (PSPRS), a 28-item clinician-reported scale, is the most established clinical outcome assessment method. Recently, the U.S. Food and Drug Administration (FDA) has proposed a subscale of 10 items as an alternative to full PSPRS. Objectives To quantitatively evaluate and compare the properties of full PSPRS and the FDA subscale using item response theory. To develop a progression model of the disease and assess relative merits of study designs and analysis options. Methods Data of 979 patients from four interventional trials and two registries were available for analysis. Our investigation was divided into: (1) estimating informativeness of the 28 items; (2) estimating disease progression; and (3) comparing the scales, trial designs, and analysis options with respect to power to detect a clinically relevant treatment effect. Results PSPRS item scores had a low pairwise correlation (r = 0.17 ± 0.14) and the items irritability, sleep difficulty, and postural tremor were uncorrelated with the other items. The FDA-selected items displayed higher correlation (r = 0.35 ± 0.14) and were the basis for a longitudinal item response model including disease progression. Trial simulations indicated that identification of a disease-modifying treatment effect required less than half the study size if the analysis was based on longitudinal item information compared with total scores at end-of-treatment. Conclusion A longitudinal item response model based on the FDA-selected PSPRS items is a promising tool in evaluating treatments for PSP. © 2024 The Author(s). Movement Disorders published by Wiley Periodicals LLC on behalf of International Parkinson and Movement Disorder Society.","Gewily M, Plan EL, Yousefi E, König F, Posch M, Hopfner F, Höglinger G, Karlsson MO.",2024,2024-08-29,,10.1002/mds.30001,,https://europepmc.org/article/MED/39206961,,europe_pmc,europe_pmc_core,indexed,,include,empirical,include_empirical,"A fitted longitudinal disease model supports trial rollouts comparing treatment effects, designs, and analysis power.",exclude,not_applicable,no_future_or_action_evaluation,"The quantitative comparisons progressive supranuclear palsy rating scale versions item response study analyzes or reconstructs dynamics but does not directly evaluate future states, actions, rollouts, or planning.",include,empirical,include_empirical,reviewer_consensus+independent_inclusion_qc,"A longitudinal item-response disease transition is fitted to six PSP studies and directly used to simulate evolving item profiles, treatment effects, trial designs, and statistical power.",include,empirical,fitted_multistep_dynamics,"A longitudinal item-response disease transition is fitted to six PSP studies and directly used to simulate evolving item profiles, treatment effects, trial designs, and statistical power.","Full text, Model and Trial simulations: 979 patients, longitudinal latent progression, item-information comparison, and simulated treatment-detection sample sizes.",high
ALT-86ecd04e07f7,fresh_alternate_public_search,Risk Factor Identification in Heterogeneous Disease Progression with L1-Regularized Multi-state Models.,"Multi-state model (MSM) is a useful tool to analyze longitudinal data for modeling disease progression at multiple time points. While the regularization approaches to variable selection have been widely used, extending them to MSM remains largely unexplored. In this paper, we have developed the L1-regularized multi-state model (L1MSTATE) framework that enables parameter estimation and variable selection simultaneously. The regularized optimization problem was solved by deriving a one-step coordinate descent algorithm with great computational efficiency. The L1MSTATE approach was evaluated using extensive simulation studies, and it showed that L1MSTATE outperformed existing regularized multi-state models in terms of the accurate identification of risk factors. It also outperformed the un-regularized multi-state models (MSTATE) in terms of identifying the important risk factors in situations with small sample sizes. The power of L1MSTATE in predicting the transition probabilities comparing with MSTATE was demonstrated using the Europe Blood and Marrow Transplantation (EBMT) dataset. The L1MSTATE was implemented in the open-access R package ' L1mstate '.","Dang X, Huang S, Qian X.",2021,2021-01-04,,10.1007/s41666-020-00085-1,,https://europepmc.org/article/MED/35415453,,europe_pmc,europe_pmc_core,indexed,,include,empirical,include_empirical,A regularized multistate model learns clinical transition probabilities and evaluates them through simulations and EBMT data.,exclude,not_applicable,no_future_or_action_evaluation,"The risk factor identification heterogeneous disease progression l1 regularized multi state study analyzes or reconstructs dynamics but does not directly evaluate future states, actions, rollouts, or planning.",include,empirical,include_empirical,third_full_text_adjudication+independent_inclusion_qc,"L1MSTATE learns transition intensities and selects risk factors jointly, with transition-probability recovery evaluated in simulations and the longitudinal EBMT dataset.",include,empirical,learned_multistate_dynamics,"L1MSTATE learns transition intensities and selects risk factors jointly, with transition-probability recovery evaluated in simulations and the longitudinal EBMT dataset.","Full text, Method and Results: coordinate-descent fitting, simulation recovery, and EBMT transition-probability prediction against unregularized models.",high
ALT-422955863466,fresh_alternate_public_search,scMTG reconstructs single-cell temporal dynamics with Markov transition generators,"Abstract Single-cell time-series data offer a unique opportunity to study how cell states emerge, evolve, and diversify over time. However, cells are destructively measured across time points and individual cells cannot be directly tracked, making it challenging to reconstruct cell-state transitions and uncover the dynamic regulatory programs. Existing methods are predominantly based on optimal transport and typically require predefined low-dimensional representations, which can limit scalability, flexibility, and mechanistic interpretability. Here we present scMTG, a single-cell Markov transition generative framework that jointly learns cell representations and temporal cell-state transitions from unpaired single-cell time-series data. In a series of experiments, scMTG demonstrates superior performance in interpolating held-out missing-time-point data and inferring cross-time-point transition matrices, compared with state-of-the-art methods. More importantly, the learned Markov transition generator provides an interpretable framework for identifying the molecular programs that drive cell-state changes, enabling characterization of cell fate decisions and construction of time-resolved regulatory networks. Together, scMTG provides a unified generative framework for reconstructing cellular dynamics and uncovering regulatory programs that shape development, differentiation, and disease progression. scMTG is available as open-source software at https://github.com/liuq-lab/scMTG .",Xuejian Cui; Haochen Wang; Zijing Gao; Rui Jiang; Wing Hung Wong; Qiao Liu,2026,2026,openRxiv,10.64898/2026.06.04.730241,,https://doi.org/10.64898/2026.06.04.730241,posted-content,crossref,"""virtual cell"" temporal dynamics",registered,,include,empirical,include_empirical,scMTG learns Markov cell-state transitions and directly evaluates missing-time interpolation and transition-matrix inference.,include,empirical,include_empirical,The scmtg reconstructs single cell temporal dynamics markov transition generators study learns or calibrates temporal dynamics and directly evaluates temporal rollouts or simulated trajectories.,include,empirical,include_empirical,reviewer_consensus+independent_inclusion_qc,"scMTG jointly learns cell representations and Markov transition generators from unpaired time-series single-cell data, directly evaluating missing-time interpolation and cross-time transition matrices.",include,empirical,learned_multistep_dynamics,"scMTG jointly learns cell representations and Markov transition generators from unpaired time-series single-cell data, directly evaluating missing-time interpolation and cross-time transition matrices.","Primary preprint, Experiments: held-out time-point generation, transition-matrix inference, state-of-the-art comparisons, and time-resolved regulatory-network analysis.",high
ALT-c71fc7548383,fresh_alternate_public_search,SimulAD: a dynamical model for personalized simulation and disease staging in Alzheimer's disease.,"SimulAD is a computational disease progression model (DPM) originally developed on the ADNI database to simulate the evolution of clinical and imaging markers characteristic of AD, and to quantify the disease severity (DS) of a subject. In this work, we assessed the validity of this estimated DS, as well as the generalization of the DPM., by applying SimulAD on a new cohort from the Geneva Memory Center (GMC). The differences between the estimated DS of healthy, mild cognitive impairment and AD dementia groups were statistically significant (p-values < 0.05; d ≥ 0.8). DS correlated with MMSE (ρ = -0.55), hippocampal atrophy (ρ = -0.62), glucose hypometabolism (ρ = -0.67), amyloid burden (ρ = 0.31) and tau deposition (ρ = 0.62) (p-values < 0.01). Based on the dynamics estimated on the ADNI cohort, we simulated a DPM for the subjects of the GMC cohort. The difference between the temporal evolution of similar biomarkers simulated on the ADNI and GMC cohorts remained below 10%. This study illustrates the robustness and good generalization of SimulAD, highlighting its potential for clinical and pharmaceutical studies.",Abi Nader Clément; Federica Ribaldi; Giovanni B Frisoni; Valentina Garibotto; Philippe Robert; Nicholas Ayache; Marco Lorenzi,2022,2022,Neurobiology of aging,10.1016/j.neurobiolaging.2021.12.015,,https://pubmed.ncbi.nlm.nih.gov/35320737/,journal-article,europe_pmc;pubmed,europe_pmc_core;pubmed_core,indexed,,include,empirical,include_empirical,SimulAD learns biomarker dynamics and validates simulated trajectories on an independent cohort.,include,empirical,include_empirical,The simulad dynamical personalized simulation disease staging alzheimer s disease study learns or calibrates temporal dynamics and directly evaluates temporal rollouts or simulated trajectories.,include,empirical,include_empirical,reviewer_consensus+independent_inclusion_qc,SimulAD learns joint imaging and clinical biomarker dynamics from ADNI and evaluates personalized trajectory simulation and disease-stage generalization in an independent Geneva cohort.,include,empirical,learned_multistep_dynamics,SimulAD learns joint imaging and clinical biomarker dynamics from ADNI and evaluates personalized trajectory simulation and disease-stage generalization in an independent Geneva cohort.,"Primary article, Methods and Results: ADNI-trained dynamics, Geneva external cohort, biomarker-stage associations, and cross-cohort temporal-evolution differences.",high
ALT-b6f8ec5868d5,fresh_alternate_public_search,Simulating the outcome of amyloid treatments in Alzheimer's disease from imaging and clinical data.,"In this study, we investigate SimulAD, a novel quantitative instrument for the development of intervention strategies for disease-modifying drugs in Alzheimer's disease. SimulAD is based on the modeling of the spatio-temporal dynamics governing the joint evolution of imaging and clinical biomarkers along the history of the disease, and allows the simulation of the effect of intervention time and drug dosage on the biomarkers' progression. When applied to multi-modal imaging and clinical data from the Alzheimer's Disease Neuroimaging Initiative the method enables to generate hypothetical scenarios of amyloid lowering interventions. The results quantify the crucial role of intervention time, and provide a theoretical justification for testing amyloid modifying drugs in the pre-clinical stage. Our experimental simulations are compatible with the outcomes observed in past clinical trials, and suggest that anti-amyloid treatments should be administered at least 7 years earlier than what is currently being done in order to obtain statistically powered improvement of clinical endpoints.","Abi Nader C, Ayache N, Frisoni GB, Robert P, Lorenzi M, Alzheimer’s Disease Neuroimaging Initiative.",2021,2021-04-28,,10.1093/braincomms/fcab091,,https://europepmc.org/article/MED/34085040,,europe_pmc,europe_pmc_core,indexed,,include,empirical,include_empirical,SimulAD learns spatiotemporal biomarker dynamics and evaluates treatment-time and dosage counterfactuals.,include,empirical,include_empirical,The simulating outcome amyloid treatments alzheimer s disease imaging clinical data study learns or calibrates temporal dynamics and directly evaluates intervention-conditioned rollouts or planning outcomes.,include,empirical,include_empirical,reviewer_consensus+independent_inclusion_qc,SimulAD learns joint biomarker transitions from multimodal ADNI data and evaluates intervention-time and dosage branches through free disease-course simulation and trial-compatible outcomes.,include,empirical,action_conditioned_treatment_dynamics,SimulAD learns joint biomarker transitions from multimodal ADNI data and evaluates intervention-time and dosage branches through free disease-course simulation and trial-compatible outcomes.,"Full text, Model and Intervention simulations: spatiotemporal imaging/clinical dynamics, amyloid-lowering actions, timing/dose scenarios, and comparison with trial observations.",high
ALT-5bec8ffd48d9,fresh_alternate_public_search,Simulation of long-term lecanemab treatment effect on Alzheimer's disease progression.,"Introduction Anti-amyloid therapies such as lecanemab have demonstrated statistically significant slowing of decline on the Clinical Dementia Rating-Sum of Boxes (CDR-SB) in patients with early Alzheimer's disease (AD) in pivotal trials. Converting treatment differences on CDR-SB into time saved from disease progression may help convey clinical relevance for patients and caregivers more effectively. Methods Disease progression models were developed using Alzheimer's Disease Neuroimaging Initiative and National Alzheimer's Coordinating Center data. A 37% treatment-related time delay, derived from the Clarity AD trial, was applied to estimate long-term efficacy of lecanemab. Results Natural progression models estimated 11.5 to 13.7 years from mild cognitive impairment due to AD to severe AD. When starting treatment at CDR-SB 3.2, lecanemab delayed progression to severe AD by 2.5 to 3.7 years when assuming patients remained on treatment and 2.0 to 3.0 years when accounting for treatment discontinuation. Results were consistent across different datasets. Discussion Projections suggest lecanemab substantially delays clinical progression of AD, preserving patients' time in earlier stages of AD.","Williams T, Jang SR, Lanctôt KL, Kang A, Bloudek L, Wang G.",2026,2026-04-01,,10.1002/trc2.70274,,https://europepmc.org/article/MED/42339400,,europe_pmc,europe_pmc_core,indexed,,include,empirical,include_empirical,Data-derived progression models simulate long-term treatment-conditioned trajectories and compare projections across independent datasets.,include,empirical,include_empirical,The simulation long term lecanemab treatment effect alzheimer s disease progression study learns or calibrates temporal dynamics and directly evaluates intervention-conditioned rollouts or planning outcomes.,include,empirical,include_empirical,reviewer_consensus+independent_inclusion_qc,"Natural-history progression transitions are fitted independently in ADNI and NACC, then a trial-derived treatment delay is applied and evaluated through long-term stage-transition simulations.",include,empirical,fitted_intervention_dynamics,"Natural-history progression transitions are fitted independently in ADNI and NACC, then a trial-derived treatment delay is applied and evaluated through long-term stage-transition simulations.","Full text, Methods and Results: two dataset-specific progression models, Clarity AD time-delay effect, treatment discontinuation scenarios, and years-to-severe-AD projections.",high
ALT-6dd7b171b472,fresh_alternate_public_search,Temporal order of clinical and biomarker changes in familial frontotemporal dementia.,"Unlike familial Alzheimer's disease, we have been unable to accurately predict symptom onset in presymptomatic familial frontotemporal dementia (f-FTD) mutation carriers, which is a major hurdle to designing disease prevention trials. We developed multimodal models for f-FTD disease progression and estimated clinical trial sample sizes in C9orf72, GRN and MAPT mutation carriers. Models included longitudinal clinical and neuropsychological scores, regional brain volumes and plasma neurofilament light chain (NfL) in 796 carriers and 412 noncarrier controls. We found that the temporal ordering of clinical and biomarker progression differed by genotype. In prevention-trial simulations using model-based patient selection, atrophy and NfL were the best endpoints, whereas clinical measures were potential endpoints in early symptomatic trials. f-FTD prevention trials are feasible but will likely require global recruitment efforts. These disease progression models will facilitate the planning of f-FTD clinical trials, including the selection of optimal endpoints and enrollment criteria to maximize power to detect treatment effects.","Staffaroni AM, Quintana M, Wendelberger B, Heuer HW, Russell LL, Cobigo Y, Wolf A, Goh SM, Petrucelli L, Gendron TF, Heller C, Clark AL, Taylor JC, Wise A, Ong E, Forsberg L, Brushaber D, Rojas JC, VandeVrede L, Ljubenkov P, Kramer J, Casaletto KB, Appleby B, Bordelon Y, Botha H, Dickerson BC, Domoto-Reilly K, Fields JA, Foroud T, Gavrilova R, Geschwind D, Ghoshal N, Goldman J, Graff-Radford J, Graff-Radford N, Grossman M, Hall MGH, Hsiung GY, Huey ED, Irwin D, Jones DT, Kantarci K, Kaufer D, Knopman D, Kremers W, Lago AL, Lapid MI, Litvan I, Lucente D, Mackenzie IR, Mendez MF, Mester C, Miller BL, Onyike CU, Rademakers R, Ramanan VK, Ramos EM, Rao M, Rascovsky K, Rankin KP, Roberson ED, Savica R, Tartaglia MC, Weintraub S, Wong B, Cash DM, Bouzigues A, Swift IJ, Peakman G, Bocchetta M, Todd EG, Convery RS, Rowe JB, Borroni B, Galimberti D, Tiraboschi P, Masellis M, Finger E, van Swieten JC, Seelaar H, Jiskoot LC, Sorbi S, Butler CR, Graff C, Gerhard A, Langheinrich T, Laforce R, Sanchez-Valle R, de Mendonça A, Moreno F, Synofzik M, Vandenberghe R, Ducharme S, Le Ber I, Levin J, Danek A, Otto M, Pasquier F, Santana I, Kornak J, Boeve BF, Rosen HJ, Rohrer JD, Boxer AL, Frontotemporal Dementia Prevention Initiative (FPI) Investigators.",2022,2022-09-22,,10.1038/s41591-022-01942-9,,https://europepmc.org/article/MED/36138153,,europe_pmc,europe_pmc_core,indexed,,include,empirical,include_empirical,Learned multimodal disease trajectories are directly used in clinical-trial simulations for patient selection and endpoint planning.,exclude,not_applicable,no_learned_dynamics,The temporal order clinical biomarker changes familial frontotemporal dementia study is an ordinary prognostic or static prediction analysis without a learned rollout mechanism.,include,empirical,include_empirical,reviewer_consensus+independent_inclusion_qc,"Multimodal progression models are fitted to longitudinal clinical, imaging, and biomarker data by genotype, then operationally evaluated in prevention-trial simulations and endpoint selection.",include,empirical,fitted_multistep_dynamics,"Multimodal progression models are fitted to longitudinal clinical, imaging, and biomarker data by genotype, then operationally evaluated in prevention-trial simulations and endpoint selection.","Full text, Disease progression modeling and Trial simulations: 796 carriers, 412 controls, genotype-specific temporal ordering, modeled patient selection, endpoints, and sample sizes.",high
ALT-cc1c1352d964,fresh_alternate_public_search,The Coupled Stochastic Dynamical System: A Generative Model for Simulating and Forecasting Youth Mental Health Trajectories,"Mechanism-informed models that can simulate counterfactual mental-health trajectories remain scarce in digital phenotyping. Most existing approaches either predict outcomes from sensor-derived data without specifying the cross-domain generative process or reconstruct latent dynamics without encoding the mechanistic assumptions needed for intervention simulation. Here, we introduce the Coupled Stochastic Dynamical System (CSDS), a forward generative model that jointly simulates digital engagement, wearable physiology, and psychiatric burden as a family of coupled stochastic processes. Using the multi-year GLOBEM cohort (N=496) integrating passive sensing, ecological momentary assessment, and survey-based measures, we first identified four distinct behavioural phenotypes by clustering. Bayesian inversion of the CSDS satisfied 80–83% of clusters’ weighted phenotype targets through separable traitvulnerability, physical-activity, and affective-response parameter families. Participant-level inversion produced virtual twins that recovered the individual dynamic structure of complex human behaviours: Hidden Markov Models trained on the synthetic timeseries decoded observed state occupancy and transitions ( r =0.84–0.87 and 0.93–0.94), and outperformed mean- or persistence-based null models in shorthorizon magnitude prediction, with sparser affective channels showing horizon-stable directional forecasting above chance (66–78% balanced accuracy to 21 days). These findings position generative behavioural models as falsifiable and interpretable frameworks for studying youth mental-health trajectories and for developing future personalised interventions.","Koutsouleris N, Turner G, Grüning DJ, Penzel N, Jacobs G, Fietz J, Buciuman M, Urquijo M, Mena S, Fraza C, Lalousis P, Antonucci LA, Schneider S, Wang H, Jirsa V, Slovak P, Orben A.",2026,2026-07-29,,10.64898/2026.07.26.26358943,,https://europepmc.org/article/PPR/PPR1288838,,europe_pmc,europe_pmc_core,indexed,,include,empirical,include_empirical,Data-adapted stochastic dynamics generate virtual-twin trajectories and are evaluated for transitions and multistep forecasts.,include,empirical,include_empirical,The coupled stochastic dynamical system generative simulating forecasting youth mental health study learns or calibrates temporal dynamics and directly evaluates intervention-conditioned rollouts or planning outcomes.,include,empirical,include_empirical,reviewer_consensus+independent_inclusion_qc,"CSDS is calibrated by Bayesian inversion to multimodal longitudinal sensing and symptom data, then directly evaluates individual virtual-twin state transitions and forecasts through 21 days.",include,empirical,learned_multistep_dynamics,"CSDS is calibrated by Bayesian inversion to multimodal longitudinal sensing and symptom data, then directly evaluates individual virtual-twin state transitions and forecasts through 21 days.","Primary preprint, Methods and Results: GLOBEM cohort, coupled stochastic processes, phenotype and participant-level inversion, HMM transition recovery, and horizon forecasting.",high
ALT-009a6e0f911b,fresh_alternate_public_search,Towards Causality-Aware Inferring: A Sequential Discriminative Approach for Medical Diagnosis.,"Medical diagnosis assistant (MDA) aims to build an interactive diagnostic agent to sequentially inquire about symptoms for discriminating diseases. However, since the dialogue records for building a patient simulator are collected passively, the collected records might be deteriorated by some task-unrelated biases, such as the preference of the collectors. These biases might hinder the diagnostic agent to capture transportable knowledge from the simulator. This work identifies and resolves two representative non-causal biases, i.e., (i) default-answer bias and (ii) distributional inquiry bias. Specifically, Bias (i) originates from the patient simulator which tries to answer the unrecorded inquiries with some biased default answers. To eliminate this bias and improve upon a well-known causal inference technique, i.e., propensity score matching, we propose a novel propensity latent matching in building a patient simulator to effectively answer unrecorded inquiries; Bias (ii) inherently comes along with the passively collected data that the agent might learn by remembering what to inquire within the training data while not able to generalize to the out-of-distribution cases. To this end, we propose a progressive assurance agent, which includes the dual processes accounting for symptom inquiry and disease diagnosis respectively. The diagnosis process pictures the patient mentally and probabilistically by intervention to eliminate the effect of the inquiry behavior. And the inquiry process is driven by the diagnosis process to inquire about symptoms to enhance the diagnostic confidence which alters as the patient distribution changes. In this cooperative manner, our proposed agent can improve upon the out-of-distribution generalization significantly. Extensive experiments demonstrate that our framework achieves new state-of-the-art performance and possesses the advantage of transportability.",Junfan Lin; Keze Wang; Ziliang Chen; Xiaodan Liang; Liang Lin,2023,2023,IEEE transactions on pattern analysis and machine intelligence,10.1109/tpami.2023.3292363,,https://pubmed.ncbi.nlm.nih.gov/37405895/,journal-article,europe_pmc;pubmed,europe_pmc_core;pubmed_core,indexed,,include,empirical,include_empirical,A learned action-conditioned patient simulator supports sequential symptom inquiry and receives direct experimental evaluation.,exclude,not_applicable,no_learned_dynamics,"The causality aware inferring sequential discriminative medical diagnosis study evaluates education, training, or simulator hardware rather than learned patient dynamics.",include,empirical,include_empirical,reviewer_consensus+independent_inclusion_qc,"The patient simulator learns symptom-response behavior from passive clinical dialogues using propensity latent matching, and the interactive action-response process is evaluated for sequential diagnosis and out-of-distribution transportability.",include,empirical,action_conditioned_patient_simulator,"The patient simulator learns symptom-response behavior from passive clinical dialogues using propensity latent matching, and the interactive action-response process is evaluated for sequential diagnosis and out-of-distribution transportability.","Primary article, Methods and Experiments: learned answers to unrecorded inquiries, intervention-aware diagnosis, progressive symptom inquiry, simulator-agent interaction, and OOD comparisons.",high
ALT-2e0b832a46b2,fresh_alternate_public_search,Type 1 diabetes prevention clinical trial simulator: Case reports of model-informed drug development tool.,"Clinical trials seeking to delay or prevent the onset of type 1 diabetes (T1D) face a series of pragmatic challenges. Despite more than 100 years since the discovery of insulin, teplizumab remains the only FDA-approved therapy to delay progression from Stage 2 to Stage 3 T1D. To increase the efficiency of clinical trials seeking this goal, our project sought to inform T1D clinical trial designs by developing a disease progression model-based clinical trial simulation tool. Using individual-level data collected from the TrialNet Pathway to Prevention and The Environmental Determinants of Diabetes in the Young natural history studies, we previously developed a quantitative joint model to predict the time to T1D onset. We then applied trial-specific inclusion/exclusion criteria, sample sizes in treatment and placebo arms, trial duration, assessment interval, and dropout rate. We implemented a function for presumed drug effects. To increase the size of the population pool, we generated virtual populations using multivariate normal distribution and ctree machine learning algorithms. As an output, power was calculated, which summarizes the probability of success, showing a statistically significant difference in the time distribution until the T1D diagnosis between the two arms. Using this tool, power curves can also be generated through iterations. The web-based tool is publicly available: https://app.cop.ufl.edu/t1d/. Herein, we briefly describe the tool and provide instructions for simulating a planned clinical trial with two case studies. This tool will allow for improved clinical trial designs and accelerate efforts seeking to prevent or delay the onset of T1D.",Juan Francisco Morales; Marian Klose; Yannick Hoffert; Jagdeep T Podichetty; Jackson Burton; Stephan Schmidt; Klaus Romero; Inish O'Doherty; Frank Martin; Martha Campbell-Thompson; Michael J Haller; Mark A Atkinson; Sarah Kim,2024,2024,CPT: pharmacometrics & systems pharmacology,10.1002/psp4.13193,,https://pubmed.ncbi.nlm.nih.gov/38961520/,journal-article,europe_pmc;pubmed,europe_pmc_core;pubmed_core,indexed,,include,empirical,include_empirical,A data-derived T1D progression model simulates treatment-control trials and evaluates counterfactual trial power.,exclude,not_applicable,no_learned_dynamics,The type 1 diabetes prevention clinical trial simulator case reports informed study is an ordinary prognostic or static prediction analysis without a learned rollout mechanism.,include,empirical,include_empirical,reviewer_consensus+independent_inclusion_qc,"A joint natural-history model fitted to TrialNet and TEDDY data drives virtual progression to type 1 diabetes, treatment-effect scenarios, and repeated trial-power simulations.",include,empirical,fitted_multistep_dynamics,"A joint natural-history model fitted to TrialNet and TEDDY data drives virtual progression to type 1 diabetes, treatment-effect scenarios, and repeated trial-power simulations.","Full text, Disease progression model and Case studies: individual-level natural history, virtual-population generation, time-to-onset transitions, assumed drug effects, and power curves.",high
ALT-dcb2580cae0b,fresh_alternate_public_search,Using an optimized generative model to infer the progression of complications in type 2 diabetes patients.,"BACKGROUND: People live a long time in pre-diabetes/early diabetes without a formal diagnosis or management. Heterogeneity of progression coupled with deficiencies in electronic health records related to incomplete data, discrete events, and irregular event intervals make identification of pre-diabetes and critical points of diabetes progression challenging. METHODS: We utilized longitudinal electronic health records of 9298 patients with type 2 diabetes or prediabetes from 2005 to 2016 from a large regional healthcare delivery network in China. We optimized a generative Markov-Bayesian-based model to generate 5000 synthetic illness trajectories. The synthetic data were manually reviewed by endocrinologists. RESULTS: We build an optimized generative progression model for type 2 diabetes using anchor information to reduce the number of parameters learning in the third layer of the model from [Formula: see text] to [Formula: see text], where [Formula: see text] is the number of clinical findings, [Formula: see text] is the number of complications, [Formula: see text] is the number of anchors. Based on this model, we infer the relationships between progression stages, the onset of complication categories, and the associated diagnoses during the whole progression of type 2 diabetes using electronic health records. DISCUSSION: Our findings indicate that 55.3% of single complications and 31.8% of complication patterns could be predicted early and managed appropriately to potentially delay (as it is a progressive disease) or prevented (by lifestyle modifications that keep patient from developing/triggering diabetes in the first place). CONCLUSIONS: The full type 2 diabetes patient trajectories generated by the chronic disease progression model can counter a lack of real-world evidence of desired longitudinal timeframe while facilitating population health management.",Xiaoxia Wang; Yifei Lin; Yun Xiong; Suhua Zhang; Yanming He; Yuqing He; Zhikun Zhang; Joseph M Plasek; Li Zhou; David W Bates; Chunlei Tang,2022,2022,BMC medical informatics and decision making,10.1186/s12911-022-01915-5,,https://pubmed.ncbi.nlm.nih.gov/35778708/,journal-article,crossref;europe_pmc;pubmed,"""disease progression model"" generative intervention;europe_pmc_core;pubmed_core",indexed,,include,empirical,include_empirical,The learned generative progression model produces and evaluates full synthetic diabetes trajectories from longitudinal records.,include,empirical,include_empirical,The optimized generative infer progression complications type 2 diabetes patients study learns or calibrates temporal dynamics and directly evaluates temporal rollouts or simulated trajectories.,include,empirical,include_empirical,reviewer_consensus+independent_inclusion_qc,"A Markov-Bayesian model learns complication-stage transitions from longitudinal EHRs, generates full synthetic illness trajectories, and evaluates transition patterns through clinician review and early-prediction analysis.",include,empirical,learned_multistep_dynamics,"A Markov-Bayesian model learns complication-stage transitions from longitudinal EHRs, generates full synthetic illness trajectories, and evaluates transition patterns through clinician review and early-prediction analysis.","Full text, Methods and Results: 9,298 patients, anchor-optimized parameter learning, 5,000 generated trajectories, endocrinologist review, and complication-pattern prediction.",high
AUD-eb75e7258782,primary_search_alternate_filter,Deep Generative Model of Macrophage Immune Response for Hepato-intestinal Tumor Therapy Optimization.,"Digestive tract cancers, including hepatobiliary and gastrointestinal malignancies, remain a major oncological burden globally. Immunotherapy efficacy rates are low, with only 15% to 30% of patients experiencing responses following treatment. Tumor-associated macrophages, which change phenotype between a pro-inflammatory and an immunosuppressive state, play a key role in determining the response to therapy, and current static biomarkers are inadequate for capturing the spatial-temporal changes associated with the immune response. We developed a bioinspired digital twin platform integrating variational representation learning with causal sequence modeling. The platform incorporates heterogeneous biological data (1.2 million single-cell transcriptomes, spatial immunophenotyping, and clinical trajectories) from 2,847 individuals across 5 digestive cancer types. Graph-based attention mechanisms encode intercellular interactions, while transformer-based temporal modules simulate immunological state transitions. A model-predictive optimization layer identifies patient-specific interventions maximizing repolarization potential. The biomimetic model predicted the outcome of therapy response better than conventional biomarker models did (area under the receiver operating characteristic curve: 0.847 compared to 0.692 with a statistically significant difference at P below 0.001). In an exploratory, nonrandomized analysis of discordant cases ( n = 156) where model and physician recommendations differed, model-guided treatment was associated with higher response rates (47.4% versus 28.2%) and longer median progression-free survival (9.8 months versus 6.0 months; P = 0.003); however, selection bias cannot be excluded. This study provides preliminary evidence for the feasibility of a computational framework for immunotherapy optimization; prospective randomized trials are required to establish clinical utility.","Zhou L, Tan Y, Lv W, Lin K, Li F, Ouyang W, Zhang D.",2026,2026-06-16,,10.34133/cbsystems.0559,,https://europepmc.org/article/MED/42644119,,['europe_pmc'],['europe_pmc_core'],indexed,world-model phrase absent from title and abstract,include,empirical,include_empirical,"Learned temporal immune transitions support simulated interventions, predictive evaluation, and model-predictive treatment optimization.",include,empirical,include_empirical,The deep generative macrophage immune response hepato intestinal tumor therapy optimization study learns or calibrates temporal dynamics and directly evaluates intervention-conditioned rollouts or planning outcomes.,include,empirical,include_empirical,reviewer_consensus+independent_inclusion_qc,"A temporal transformer learns macrophage-state transitions from single-cell, spatial, and clinical trajectories; model-predictive control evaluates patient-specific repolarization interventions and therapy outcomes.",include,empirical,action_conditioned_closed_loop_control,"A temporal transformer learns macrophage-state transitions from single-cell, spatial, and clinical trajectories; model-predictive control evaluates patient-specific repolarization interventions and therapy outcomes.","Full text, Model and Results: variational state representation, causal sequence transition module, intervention optimization, response AUROC, and discordant-treatment outcome analysis.",high
AUD-a956f62c779d,primary_search_alternate_filter,Pumping the brakes on RNA velocity by understanding and interpreting RNA velocity estimates.,"Background RNA velocity analysis of single cells offers the potential to predict temporal dynamics from gene expression. In many systems, RNA velocity has been observed to produce a vector field that qualitatively reflects known features of the system. However, the limitations of RNA velocity estimates are still not well understood. Results We analyze the impact of different steps in the RNA velocity workflow on direction and speed. We consider both high-dimensional velocity estimates and low-dimensional velocity vector fields mapped onto an embedding. We conclude the transition probability method for mapping velocity estimates onto an embedding is effectively interpolating in the embedding space. Our findings reveal a significant dependence of the RNA velocity workflow on smoothing via the k-nearest-neighbors (k-NN) graph of the observed data. This reliance results in considerable estimation errors for both direction and speed in both high- and low-dimensional settings when the k-NN graph fails to accurately represent the true data structure; this is an unknown feature of real data. RNA velocity performs poorly at estimating speed in both low- and high-dimensional spaces, except in very low noise settings. We introduce a novel quality measure that can identify when RNA velocity should not be used. Conclusions Our findings emphasize the importance of choices in the RNA velocity workflow and highlight critical limitations of data analysis. We advise against over-interpreting expression dynamics using RNA velocity, particularly in terms of speed. Finally, we emphasize that the use of RNA velocity in assessing the correctness of a low-dimensional embedding is circular.","Zheng SC, Stein-O'Brien G, Boukas L, Goff LA, Hansen KD.",2023,2023-10-26,,10.1186/s13059-023-03065-x,,https://europepmc.org/article/MED/37885016,,['europe_pmc'],['europe_pmc_core'],indexed,world-model phrase absent from title and abstract,include,empirical,include_empirical,RNA velocity estimates data-derived cellular transition directions and directly evaluates temporal direction and speed accuracy.,exclude,not_applicable,no_future_or_action_evaluation,"The pumping brakes rna velocity by understanding interpreting rna velocity estimates study analyzes or reconstructs dynamics but does not directly evaluate future states, actions, rollouts, or planning.",include,empirical,include_empirical,reviewer_consensus+independent_inclusion_qc,"RNA velocity estimates local gene-expression transitions from observed single cells, and this study directly stress-tests their direction, speed, and transition-probability mapping against known dynamics and noise regimes.",include,empirical,learned_one_step_state_transition,"RNA velocity estimates local gene-expression transitions from observed single cells, and this study directly stress-tests their direction, speed, and transition-probability mapping against known dynamics and noise regimes.","Full text, Results: high- and low-dimensional velocity evaluation, k-nearest-neighbor dependence, direction and speed error, embedding transition probabilities, and proposed quality measure.",high
