audit_id,route,title,abstract,authors,year,publication_date,venue,doi,arxiv_id,url,record_type,sources,query_labels,source_status,original_exclusion_reason,reviewer_c_decision,reviewer_c_corpus_type,reviewer_c_reason_code,reviewer_c_rationale,reviewer_d_decision,reviewer_d_corpus_type,reviewer_d_reason_code,reviewer_d_rationale,final_decision,final_corpus_type,final_reason_code,resolution_route,adjudication_rationale
ALT-8803de121c39,fresh_alternate_public_search,[Digital twins in uro-oncology].,"BACKGROUND: Uro-oncology is moving toward precision medicine, driven by high-dimensional longitudinal data from imaging, pathology, molecular profiling, and follow-up. However, clinical decision-making often relies on static risk scores that cannot fully capture individual disease dynamics. Digital twins aim to integrate multimodal patient data and to provide patient-specific, dynamically updated simulation models, thereby enabling ""what-if"" testing of interventions. OBJECTIVE: How is a medical digital twin defined, which data foundation is available in uro-oncology, and which clinical use cases can be envisaged? METHODS: This work comprises a narrative review including a description of the digital twin concept, a structured presentation of multimodal data (laboratory parameters, imaging, pathology, omics, long-term outcomes), and an overview of representative published applications (e.g., tumor growth reconstruction, virtual pathology, surgical 3D twins). RESULTS: Current digital twin research in uro-oncology largely represents partial digital twins (e.g., tumor progression models, virtual assessment, patient-specific 3D surgical planning). Potential clinical value of digital twins includes dynamic risk stratification, individualized treatment planning, and adaptive follow-up strategies. Major limitations relate to data quality, interoperability, external validation, interpretability, data privacy, and regulatory requirements for clinical deployment. CONCLUSION: Digital twins have the potential to enable a new era of predictive precision medicine in uro-oncology. Progress toward clinically actionable digital twins requires multimodal architectures, rigorous monitoring, and seamless integration into clinical workflows under robust governance and regulatory frameworks.",Johanna Smielowski; Maximilian Glienke; Sherif Mehralivand; Gregor Duwe; Felix Chun; Hendrik Borgmann; Magdalena Görtz,2026,2026,"Urologie (Heidelberg, Germany)",10.1007/s00120-026-02827-2,,https://pubmed.ncbi.nlm.nih.gov/42018198/,journal-article,europe_pmc;pubmed,europe_pmc_core;pubmed_core,indexed,,include,review,include_review,This primary medical digital-twin review defines the concept and synthesizes clinical applications and translation barriers.,include,review,include_review,"This review primarily synthesizes dynamic medical digital twins for digital twins uro oncology, including prediction, simulation, or intervention use.",include,review,include_review,reviewer_consensus,A: Synthesizes dynamic uro-oncology twins and tumor progression models; reviews simulation and intervention use cases. B: Substantially synthesizes medical dynamic twins or closely equivalent learned simulation systems and their evaluation.
ALT-36a3691f146d,fresh_alternate_public_search,A data-driven Alzheimer's disease progression simulator for retrospective validation and prospective Phase III power design.,"Anti-amyloid immunotherapies have recently demonstrated the first significant slowing of cognitive decline in Alzheimer's disease (AD), yet clinical benefit varies markedly across drugs and scales with the completeness of amyloid clearance. Pharmacokinetic/pharmacodynamic (PK/PD) models are currently the standard tool for trial simulation, but they typically operate on single biomarkers and rely on drug-concentration assumptions, leaving the multi-scale cascade from amyloid clearance through tau, neurodegeneration, and cognition largely unmodelled. No existing framework has been jointly validated against the quantitative outcomes of multiple real-world phase III trials, spanning clearance kinetics, multi-modal biomarker trajectories, and statistical power. We present a trial simulation platform based on SimulAD, a disease progression model trained exclusively on longitudinal observational data from ADNI, with no access to trial-arm labels or drug-specific outcomes. SimulAD encodes intervention as piecewise amyloid clearance terms within a latent ordinary differential equation system that jointly governs amyloid, tau, structural MRI, and cognitive trajectories under the amyloid cascade hypothesis. We retrospectively simulated six landmark phase III anti-amyloid trials (TRAILBLAZER-ALZ2, CLARITY AD, EMERGE and ENGAGE, GRADUATE I and GRADUATE II) using a single trained model with trial-specific calibration limited to amyloid clearance kinetics. SimulAD reproduced published mean centiloid reductions within 5% error across all six trials and generated CDR-SB distributions broadly consistent with reported placebo and treated-arm outcomes. In a retrospective power analysis, calibrated simulations separated the three positive from the three null trials, with EMERGE near the decision boundary and ENGAGE and both GRADUATE trials below it. Across trials, higher amyloid-clearance rates were associated with larger calibrated clinical effects and lower estimated sample sizes. These results establish SimulAD as a valid disease-progression-centric trial simulator providing quantitative guidance on sample size planning and treatment kinetics optimisation that is grounded in the full multi-modal biomarker cascade of AD.",Marco Lorenzi; Anna Custo; Giovanni B Frisoni; Valentina Garibotto,2026,2026,medRxiv : the preprint server for health sciences,10.64898/2026.05.03.26352317,,https://pubmed.ncbi.nlm.nih.gov/42145636/,journal-article,europe_pmc;pubmed,europe_pmc_core;pubmed_core,indexed,,include,empirical,include_empirical,A data-trained latent dynamics model simulates intervention-conditioned biomarker trajectories and validates trial rollouts.,include,empirical,include_empirical,The data driven alzheimer s disease progression simulator retrospective validation prospective study learns or calibrates temporal dynamics and directly evaluates intervention-conditioned rollouts or planning outcomes.,include,empirical,include_empirical,reviewer_consensus,"A: Fits latent ODE Alzheimer biomarker dynamics from ADNI; validates intervention-conditioned trial rollouts against six trials. B: Primary methods and results establish data-adapted medical or biomedical dynamics with direct trajectory, simulator, or action-response evaluation."
ALT-b41d73135078,fresh_alternate_public_search,A digital twin for hospital antimicrobial resistance forecasting and constrained intervention optimisation,"A bstract Hospital antimicrobial resistance (AMR) emanates from an array of complex interactions between patient turnover, heterogeneous patient–staff contact patterns, antibiotic-driven within-host selection, and imperfect surveillance. We present a hospital AMR digital twin that combines mechanistic simulation with temporal graph learning to forecast resistance emergence from evolving daily contact networks and enable support intervention planning. Our approach is twofold: graph neural networks and transformers to model predictions and mathematical programming optimization to provide decision support. The main predictive task asks whether future spread of resistant infections is more likely to be driven by endogenous hospital transmission and selection or from importation on admission. We evaluated this task under both fully observed and partially observed settings, using baseline benchmarks together with ablations, surveillance perturbations, and distribution-shift stress tests. Under canonical conditions, the model achieved very strong predictive performance, especially when ground-truth system states were available, and remained informative under partial observation. Ablations showed that contact-weight information was relatively robust, whereas compressed node-feature representations weakened performance more noticeably when observations were incomplete. Surveillance stress tests further showed that delayed or less frequent reporting can be tolerated in some settings, but threshold calibration becomes fragile under more severe observation changes. Across broader epidemiological and surveillance shifts, the ground-truth model generally preserved strong ranking ability, while partial-observation performance was less stable. When models were trained directly in the shifted regime, performance improved compared with zero-shot transfer, indicating that the digital twin can adapt to new and previously unseen operating conditions but that portability across regimes can improve, particularly when only partial surveillance data are available. We also evaluated intervention-conditioned forecasting by branching hospital states into a small library of screening and isolation policies under a shock-and-superspreader regime. The learned models supported useful within-state action ranking and frequently identified policies that improved on the baseline containment protocols or avoided worsening outcomes. The same digital twin can also support constrained intervention selection, although reliable deployment will require careful calibration, improved robustness under partial observation, and broader policy libraries.","Triantafyllidis CP, Aguas R.",2026,2026-05-22,openRxiv,10.64898/2026.05.15.26353296,,https://europepmc.org/article/PPR/PPR1237042,posted-content,crossref;europe_pmc,"""clinical digital twin"" intervention;""intervention-conditioned forecasting"" clinical;europe_pmc_core",indexed,,include,empirical,include_empirical,Temporal graph models forecast resistance dynamics and evaluate intervention-conditioned policy branches and rankings.,include,empirical,include_empirical,The digital twin hospital antimicrobial resistance forecasting constrained intervention optimisation study learns or calibrates temporal dynamics and directly evaluates intervention-conditioned rollouts or planning outcomes.,include,empirical,include_empirical,reviewer_consensus,"A: Learns temporal graph dynamics of hospital resistance spread; tests forecasts and policy-conditioned action ranking. B: Primary methods and results establish data-adapted medical or biomedical dynamics with direct trajectory, simulator, or action-response evaluation."
ALT-2f2ac4647872,fresh_alternate_public_search,A Digital Twin Framework for Predictive Modeling and Intervention Optimization in Inflammatory Bowel Disease,,Prathyek Poojary,2025,2025,2025 IEEE MIT Undergraduate Research Technology Conference (URTC),10.1109/urtc68753.2025.11533070,,https://doi.org/10.1109/urtc68753.2025.11533070,proceedings-article,crossref,"""clinical digital twin"" intervention",registered,,uncertain,empirical,insufficient_abstract,The relevant title lacks an abstract confirming data-learned dynamics and empirical intervention evaluation.,uncertain,empirical,insufficient_abstract,"The digital twin predictive intervention optimization inflammatory bowel disease title plausibly denotes learned medical dynamics, but the missing abstract does not establish direct future or action evaluation.",include,empirical,include_empirical,third_full_text_adjudication,"The study learns multimodal IBD representations and temporal predictors from 10,286 patients, then evaluates biomarker and flare trajectories plus hundreds of patient-specific intervention counterfactuals."
ALT-44571950f60c,fresh_alternate_public_search,A digital twin-enhanced decision support system improves time-in-range in type 1 diabetes: a randomized clinical trial.,"Most individuals with type 1 diabetes (T1D) worldwide continue to be managed with multiple daily injections or sensor-augmented pumps. Decision-support systems (DSSs) have emerged as cost-effective tools to enhance treatment adherence and glucose control. We conducted a randomized, open-label, parallel-group study to evaluate STUDIA, a DSS incorporating a digital twin-enabled simulation-assisted bolus calculator. Twenty-eight participants with T1D used either the simulation-assisted calculator or traditional carbohydrate counting for prandial insulin dosing, with glucose monitored using Freestyle Libre. After four weeks, the group using the simulation-assisted calculator showed a 7% increase in time in the target glucose range (70-180 mg/dL) compared to the control (p < 0.001), along with a lower hypoglycemia incidence rate (RR 0.31, p = 0.022). Model performance yielded a mean absolute percentage error at 60 min of 19.2 ± 6.7%, increasing at longer horizons, with most discrepancies between simulation and sensor falling into no-risk or slight-risk zones. These findings support the safety, feasibility, and potential clinical utility of the STUDIA system in people with T1D.","Builes-Montaño CE, Lema-Perez L, Ramírez-Rincón A, Zuleta-Tobón JJ, Restrepo-Gutiérrez JC, Álvarez-Zapata HD, García-Tirado J.",2025,2025-11-13,,10.1038/s41598-025-23165-x,,https://europepmc.org/article/MED/41233385,,europe_pmc,europe_pmc_core,indexed,,include,empirical,include_empirical,"A patient digital twin simulates insulin-action responses, evaluates forecasts, and supports clinically tested dosing decisions.",include,empirical,include_empirical,The digital twin enhanced decision support system improves time range type study learns or calibrates temporal dynamics and directly evaluates intervention-conditioned rollouts or planning outcomes.,include,empirical,include_empirical,reviewer_consensus,"A: Uses a patient-adapted glucose and insulin simulator; tests forecast accuracy and dosing in a randomized trial. B: Primary methods and results establish data-adapted medical or biomedical dynamics with direct trajectory, simulator, or action-response evaluation."
ALT-b2249eb31bfe,fresh_alternate_public_search,A Model to Assess the Outcomes Associated With Dementia With Lewy Bodies.,"BACKGROUND: Research investigating outcomes associated with dementia with Lewy bodies (DLB) disease progression is scarce. Developing models of DLB disease progression will provide information on the burden of disease and facilitate the evaluation of treatments for DLB from a clinical and cost perspective. METHODS: Longitudinal, cognitive evaluation data were utilized in order to identify distinct health states for DLB and to estimate transition probabilities across the DLB disease continuum. These probabilities were applied to a health state transition model to evaluate disease progression and associated outcomes for a closed cohort over a fixed time horizon. The effect of a reduction in the risk of disease progression on outcomes was assessed. RESULTS: Estimated transition probabilities indicate that a patient >60 years of age with mild DLB has a 54%, 30%, 4%, and 12% chance of remaining mild, progressing to severe DLB, being institutionalized, and dying after 1 year, respectively. Reducing the annual risk of transitioning from mild to severe DLB by 40% decreased time institutionalized and increased time to death. CONCLUSIONS: This study used real-world longitudinal data to create a clinically relevant DLB disease progression model. Reducing the rate of disease progression resulted in meaningful benefits with potentially significant public health implications.",Robert Espinosa; Matthew Davis; Scott Johnson; Stephanie Cline; Daniel Weintraub,2021,2021,Alzheimer disease and associated disorders,10.1097/wad.0000000000000412,,https://pubmed.ncbi.nlm.nih.gov/33044304/,journal-article,europe_pmc;pubmed,europe_pmc_core;pubmed_core,indexed,,include,empirical,include_empirical,Longitudinally estimated state transitions drive cohort rollouts and a counterfactual progression-risk intervention.,exclude,not_applicable,review_not_primary,This review centers on assess outcomes associated dementia lewy bodies rather than evaluated medical learned world-model dynamics as its primary subject.,include,empirical,include_empirical,reviewer_consensus,"A: Estimates DLB state transitions from longitudinal observations; rolls out disease outcomes and a progression-risk intervention. B: Primary methods and results establish data-adapted medical or biomedical dynamics with direct trajectory, simulator, or action-response evaluation."
ALT-10e1e2640b93,fresh_alternate_public_search,A Modular Framework to Predict Alzheimer’s Disease Progression Using Conditional Generative Adversarial Networks,,Shoumik Roychowdhury; Shounak Roychowdhury,2020,2020,2020 International Joint Conference on Neural Networks (IJCNN),10.1109/ijcnn48605.2020.9206875,,https://doi.org/10.1109/ijcnn48605.2020.9206875,proceedings-article,crossref,"""disease progression model"" generative intervention",registered,,uncertain,empirical,insufficient_abstract,"The title suggests generative disease progression, but no abstract confirms temporal rollouts or evaluation.",uncertain,empirical,insufficient_abstract,"The modular predict alzheimer s disease progression conditional generative adversarial networks title plausibly denotes learned medical dynamics, but the missing abstract does not establish direct future or action evaluation.",include,empirical,include_empirical,reviewer_consensus,"A: Learns conditional generative Alzheimer progression from longitudinal imaging; evaluates generated future disease states. B: Primary methods and results establish data-adapted medical or biomedical dynamics with direct trajectory, simulator, or action-response evaluation."
ALT-7637963d5f0f,fresh_alternate_public_search,A multidimensional ODE-based model of Alzheimer's disease progression,"Abstract Data-driven Alzheimer’s disease (AD) progression models are useful for clinical prediction, disease mechanism understanding, and clinical trial design. Most dynamic models were inspired by the amyloid cascade hypothesis and described AD progression as a linear chain of pathological events. However, the heterogeneity observed in healthy and sporadic AD populations challenged the amyloid hypothesis, and there is a need for more flexible dynamical models that accompany this conceptual shift. We present a statistical model of the temporal evolution of biomarkers and cognitive tests that allows diverse biomarker paths throughout the disease. The model consists of two elements: a multivariate dynamic model of the joint evolution of biomarkers and cognitive tests; and a clinical prediction model. The dynamic model uses a system of ordinary differential equations to jointly model the rate of change of an individual’s biomarkers and cognitive tests. The clinical prediction model is an ordinal logistic model of the diagnostic label. Prognosis and time-to-onset predictions are obtained by computing the clinical label probabilities throughout the forecasted biomarker trajectories. The proposed dynamical model is interpretable, free of one-dimensional progression hypotheses or disease staging paradigms, and can account for the heterogeneous dynamics observed in sporadic AD. We developed the model using longitudinal data from the Alzheimer’s Disease Neuroimaging Initiative. We illustrate the patterns of biomarker rates of change and the model performance to predict the time to conversion from MCI to dementia.",Matías Nicolás Bossa; Hichem Sahli,2022,2022,Research Square Platform LLC,10.21203/rs.3.rs-1903006/v1,,https://doi.org/10.21203/rs.3.rs-1903006/v1,posted-content,crossref,"""disease progression model"" generative intervention",registered,,include,empirical,include_empirical,Longitudinal data fit multivariate dynamics that roll out biomarker trajectories and predict diagnostic conversion.,exclude,not_applicable,no_learned_dynamics,The multidimensional ode alzheimer s disease progression study uses prescribed mechanistic or statistical dynamics rather than a learned transition mechanism.,include,empirical,include_empirical,reviewer_consensus,"A: Fits multivariate ODE biomarker and cognition dynamics; forecasts trajectories and time to dementia conversion. B: Primary methods and results establish data-adapted medical or biomedical dynamics with direct trajectory, simulator, or action-response evaluation."
ALT-eb7ba539fd65,fresh_alternate_public_search,A Novel Coupling Model of Physiological Degradation and Emotional State for Prediction of Alzheimer's Disease Progression.,"The prediction of Alzheimer's disease (AD) progression plays a very important role in the early intervention of patients and the improvement of life quality. Cognitive scales are commonly used to assess the patient's status. However, due to the complicated pathogenesis of AD and the individual differences in AD, the prediction of AD progression is challenging. This paper proposes a novel coupling model (P-E model) that takes into account the processes of physiological degradation and emotional state transition of AD patients. We conduct experiments on synthetic data to validate the effectiveness of the proposed P-E model. Next, we conduct experiments on 134 subjects with more than 10 follow-ups from the Alzheimer's Disease Neuroimaging Initiative. The prediction performance of the P-E model is significantly better than other state-of-the-art methods, which achieves the mean squared error of 7.137 ± 0.035. The experimental results show that the P-E model can well characterize the non-monotonic properties of AD cognitive data and can also have a good predictive ability for time series data with individual differences.",Jiawei Yang; Shaoping Wang; The Alzheimer's Disease Neuroimaging Initiative,2022,2022,Brain sciences,10.3390/brainsci12091132,,https://pubmed.ncbi.nlm.nih.gov/36138868/,journal-article,crossref;europe_pmc;pubmed,"""disease progression model"" generative intervention;europe_pmc_core;pubmed_core",indexed,,include,empirical,include_empirical,The coupling model represents physiological and emotional state transitions and directly evaluates longitudinal cognitive prediction.,exclude,not_applicable,no_future_or_action_evaluation,"The coupling physiological degradation emotional state prediction alzheimer s disease progression study analyzes or reconstructs dynamics but does not directly evaluate future states, actions, rollouts, or planning.",include,empirical,include_empirical,reviewer_consensus,"A: Couples learned physiological degradation and emotional transitions; tests longitudinal cognitive forecasts on ADNI follow-up. B: Primary methods and results establish data-adapted medical or biomedical dynamics with direct trajectory, simulator, or action-response evaluation."
ALT-55f569d2ada1,fresh_alternate_public_search,A unified framework for prediction of liver steatosis dynamics in response to different diet and drug interventions.,"BACKGROUND & AIMS: Non-alcoholic fatty liver disease (NAFLD) is a common metabolic disorder, characterized by the accumulation of excess fat in the liver, and is a driving factor for various severe liver diseases. These multi-factorial and multi-timescale changes are observed in different clinical studies, but these studies have not been integrated into a unified framework. In this study, we aim to present such a unified framework in the form of a dynamic mathematical model. METHODS: For model training and validation, we collected data for dietary or drug-induced interventions aimed at reducing or increasing liver fat. The model was formulated using ordinary differential equations (ODEs) and the mathematical analysis, model simulation, model formulation and the model parameter estimation were all performed in MATLAB. RESULTS: Our mathematical model describes accumulation of fat in the liver and predicts changes in lipid fluxes induced by both dietary and drug interventions. The model is validated using data from a wide range of drug and dietary intervention studies and can predict both short-term (days) and long-term (weeks) changes in liver fat. Importantly, the model computes the contribution of each individual lipid flux to the total liver fat dynamics. Furthermore, the model can be combined with an established bodyweight model, to simulate even longer scenarios (years), also including the effects of insulin resistance and body weight. To help prepare for corresponding eHealth applications, we also present a way to visualize the simulated changes, using dynamically changing lipid droplets, seen in images of liver biopsies. CONCLUSION: In conclusion, we believe that the minimal model presented herein might be a useful tool for future applications, and to further integrate and understand data regarding changes in dietary and drug induced changes in ectopic TAG in the liver. With further development and validation, the minimal model could be used as a disease progression model for steatosis.",Christian Simonsson; Elin Nyman; Peter Gennemark; Peter Gustafsson; Ingrid Hotz; Mattias Ekstedt; Peter Lundberg; Gunnar Cedersund,2024,2024,"Clinical nutrition (Edinburgh, Scotland)",10.1016/j.clnu.2024.05.017,,https://pubmed.ncbi.nlm.nih.gov/38754305/,journal-article,europe_pmc;pubmed,europe_pmc_core;pubmed_core,indexed,,include,empirical,include_empirical,Intervention data train and validate dynamic equations that roll out liver-fat responses across multiple timescales.,include,empirical,include_empirical,The unified prediction liver steatosis dynamics response different diet drug interventions study learns or calibrates temporal dynamics and directly evaluates intervention-conditioned rollouts or planning outcomes.,include,empirical,include_empirical,reviewer_consensus,"A: Calibrates ODE liver-fat dynamics to intervention datasets; validates diet- and drug-conditioned trajectory predictions. B: Primary methods and results establish data-adapted medical or biomedical dynamics with direct trajectory, simulator, or action-response evaluation."
ALT-0db7baaf92ff,fresh_alternate_public_search,Advancing Precision Oncology with Digital and Virtual Twins: A Scoping Review.,"Digital twins (DTHs) and virtual twins (VTHs) in healthcare represent emerging technologies towards precision medicine, providing opportunities for patient-centric healthcare. Our scoping review aimed to map the current DTH and VTH technologies in oncology, summarize their technical solutions, and assess their credibility. A systematic search was conducted in the main bibliographic databases, identifying 441 records, of which 30 were included. The studies covered a wide range of cancers, including breast, lung, colorectal, and gastrointestinal malignancies, with DTH and VTH applications focusing on diagnosis, therapy, and monitoring. The results revealed heterogeneity in targeted topics, technical approaches, and outcomes. Most twining solutions use synthetic or limited real-world data, raising concerns regarding their reliability. Few studies have integrated real-time data and machine learning for predictive modeling. Technical challenges include data integration, scalability, and ethical considerations, such as data privacy and security. Moreover, the evidence lacks sufficient clinical validation, with only partial credibility in most cases. Our findings underscore the need for multidisciplinary collaboration among end-users and developers to address the technical and ethical challenges of DTH and VTH systems. Although promising for the future of personalized oncology, substantial steps are required to move beyond experimental frameworks and to achieve clinical implementation.","Ștefănigă SA, Cordoș AA, Ivascu T, Feier CVI, Muntean C, Stupinean CV, Călinici T, Aluaș M, Bolboacă SD.",2024,2024-11-13,,10.3390/cancers16223817,,https://europepmc.org/article/MED/39594772,,europe_pmc,europe_pmc_core,indexed,,include,review,include_review,"This oncology-focused scoping review maps digital-twin methods, evidence, credibility, and clinical-translation gaps.",include,review,include_review,"This review primarily synthesizes dynamic medical digital twins for advancing precision oncology digital virtual twins scoping review, including prediction, simulation, or intervention use.",include,review,include_review,reviewer_consensus,A: Systematically maps oncology digital and virtual twin models; synthesizes predictive simulation and therapy applications. B: Substantially synthesizes medical dynamic twins or closely equivalent learned simulation systems and their evaluation.
ALT-cf23547c69b1,fresh_alternate_public_search,AI-Guided Inference of Morphodynamic Attractor-like States in Glioblastoma.,"Background/Objectives : Glioblastoma (GBM) exhibits heterogeneous, nonlinear invasion patterns that challenge conventional modeling and radiomic prediction. Most deep learning approaches describe the morphology but rarely capture the dynamical stability of tumor evolution. We propose an AI framework that approximates a latent attractor landscape of GBM morphodynamics-stable basins in a continuous manifold that are consistent with reproducible morphologic regimes. Methods : Multimodal MRI scans from BraTS 2020 (n = 494) were standardized and embedded with a 3D autoencoder to obtain 128-D latent representations. Unsupervised clustering identified latent basins (""attractors""). A neural ordinary differential equation (neural-ODE) approximated latent dynamics. All dynamics were inferred from cross-sectional population variability rather than longitudinal follow-up, serving as a proof-of-concept approximation of morphologic continuity. Voxel-level perturbation quantified local morphodynamic sensitivity, and proof-of-concept control was explored by adding small inputs to the neural-ODE using both a deterministic controller and a reinforcement learning agent based on soft actor-critic (SAC). Survival analyses (Kaplan-Meier, log-rank, ridge-regularized Cox) assessed associations with outcomes. Results : The learned latent manifold was smooth and clinically organized. Three dominant attractor basins were identified with significant survival stratification (χ 2 = 31.8, p = 1.3 × 10 -7 ) in the static model. Dynamic attractor basins derived from neural-ODE endpoints showed modest and non-significant survival differences, confirming that these dynamic labels primarily encode the morphodynamic structure rather than fixed prognostic strata. Dynamic basins inferred from neural-ODE flows were not independently prognostic, indicating that the inferred morphodynamic field captures geometric organization rather than additional clinical risk information. The latent stability index showed a weak but borderline significant negative association with survival (ρ = -0.13 [-0.26, -0.01]; p = 0.0499). In multivariable Cox models, age remained the dominant covariate (HR = 1.30 [1.16-1.45]; p = 5 × 10 -6 ), with overall C-indices of 0.61-0.64. Voxel-level sensitivity maps highlighted enhancing rims and peri-necrotic interfaces as influential regions. In simulation, deterministic control redirected trajectories toward lower-risk basins (≈57% success; ≈96% terminal distance reduction), while a soft actor-critic (SAC) agent produced smoother trajectories and modest additional reductions in terminal distance, albeit without matching the deterministic controller's success rate. The learned attractor classes were internally consistent and clinically distinct. Conclusions : Learning a latent attractor landscape links generative AI, dynamical systems theory, and clinical outcomes in GBM. Although limited by the cross-sectional nature of BraTS and modest prognostic gains beyond age, these results provide a mechanistic, controllable framework for tumor morphology in which inferred dynamic attractor-like flows describe latent organization rather than a clinically predictive temporal model, motivating prospective radiogenomic validation and adaptive therapy studies.",Simona Ruxandra Volovăț; Diana Ioana Panaite; Mădălina Raluca Ostafe; Călin Gheorghe Buzea; Dragoș Teodor Iancu; Maricel Agop; Lăcrămioara Ochiuz; Dragoș Ioan Rusu; Cristian Constantin Volovăț,2026,2026,"Diagnostics (Basel, Switzerland)",10.3390/diagnostics16010139,,https://pubmed.ncbi.nlm.nih.gov/41515632/,journal-article,europe_pmc;pubmed,europe_pmc_core;pubmed_core,indexed,,include,empirical,include_empirical,A learned neural ODE rolls out latent tumor trajectories and evaluates perturbation and control.,exclude,not_applicable,no_learned_dynamics,The ai guided inference morphodynamic attractor like states glioblastoma study uses prescribed mechanistic or statistical dynamics rather than a learned transition mechanism.,include,empirical,include_empirical,third_full_text_adjudication,"MRI-derived latent states train a neural ODE, and the study directly evaluates generated latent trajectories, perturbation sensitivity, attractor endpoints, and proof-of-concept control toward alternative states."
ALT-99717b78a904,fresh_alternate_public_search,"AI-powered in silico twins: redefining precision medicine through simulation, personalization, and predictive healthcare.","In silico twins (ISTs) are emerging as a transformative paradigm in precision medicine, offering dynamic, high-fidelity representations of individual patients through real-time integration of multimodal data. In this work, we define an in silico twin (IST) as a high-fidelity, artificial intelligence(AI)-augmented computational replica of an individual's biological systems that integrates mechanistic modeling (e.g., PBPK, QSP) with patient-specific data streams to simulate, predict, and optimize therapeutic outcomes in real time. By combining AI, physiological and biomechanical modeling, and advanced simulation engines, these systems enable continuous monitoring, predictive diagnostics, and personalized treatment planning. Unlike conventional digital tools, ISTs provide iterative, adaptive simulations that evolve with patient states, fostering a shift from reactive to proactive healthcare. This review explores the technological foundations underpinning ISTs -including machine learning architectures, multi-scale physiological modeling, data integration, and cloud-edge infrastructure- and maps their clinical applications across the patient care continuum. We also distinguish ISTs from digital twins, virtual patients, and traditional computational models, emphasizing their unique contribution to decision support, drug development, and therapeutic optimization. As digital healthcare ecosystems mature, ISTs represent a crucial step toward simulation-driven, individualized medicine. Their continued development offers substantial potential for improving outcomes, accelerating discovery, and reshaping the clinical landscape. Uniquely, this review introduces a practical taxonomy of IST architectures, a verification and validation checklist for model credibility, and a deployment blueprint to guide their clinical translation and real-world adoption.",Alharthi S.,2025,2025-12-24,,10.1007/s44446-025-00055-x,,https://europepmc.org/article/MED/41441931,,europe_pmc,europe_pmc_core,indexed,,include,review,include_review,"This medical-twin review provides an architecture taxonomy, validation checklist, and clinical-translation blueprint.",include,review,include_review,"This review primarily synthesizes dynamic medical digital twins for ai powered silico twins redefining precision medicine through simulation personalization, including prediction, simulation, or intervention use.",include,review,include_review,reviewer_consensus,A: Reviews AI-augmented patient twins and dynamic simulation architectures; synthesizes treatment-response prediction and optimization uses. B: Substantially synthesizes medical dynamic twins or closely equivalent learned simulation systems and their evaluation.
ALT-f6449fe2d40f,fresh_alternate_public_search,AKI-twinX: explainable organ structured digital twin for sepsis AKI trajectory forecasting,"Abstract Acute kidney injury in sepsis evolves over hours to days, yet most ICU models emphasize onset and provide limited insight into cardio-renal interactions. We developed AKI-twinX, an organ-structured, explainable digital twin that jointly forecasts acute kidney injury onset, acute kidney injury trajectory, and near-term mortality risk. The model learns renal and cardiovascular latent states with sparse feature gating and captures cross-organ coupling with attention. We trained AKI-twinX on MIMIC-IV sepsis using 5-fold cross-validation and evaluated it on an Indiana University Health cohort. Discrimination was consistent across systems (AUC: mortality 0.86-0.88, acute kidney injury onset 0.78-0.82, acute kidney injury trajectory 0.73-0.78). In vasopressor-treated windows, 12-hour systolic blood pressure forecasts tracked observed values (mean absolute error 8.5 mmHg). Counterfactual vasopressor withdrawal shifted predicted blood pressure downward and increased predicted risk, supporting sensitivity to clinically meaningful interventions. AKI-twinX enables trajectory-aware forecasting with bedside auditability in sepsis.",Jinjin Cai; Allison E Gatz; Jiangqiong Li; Deborupa Pal; Haixu Tang; Michael T Eadon; Baijian Yang; Lingzhong Meng; Jing Su,2026,2026,openRxiv,10.64898/2026.03.13.26346736,,https://doi.org/10.64898/2026.03.13.26346736,posted-content,crossref,"""medical digital twin"" trajectory;""physiological trajectory"" forecasting",registered,,include,empirical,include_empirical,Learned organ states support future blood-pressure forecasts and counterfactual vasopressor-withdrawal evaluation.,include,empirical,include_empirical,The aki twinx explainable organ structured digital twin sepsis aki trajectory study learns or calibrates temporal dynamics and directly evaluates intervention-conditioned rollouts or planning outcomes.,include,empirical,include_empirical,reviewer_consensus,"A: Learns coupled renal and cardiovascular latent states; tests AKI trajectories blood-pressure forecasts and vasopressor counterfactuals. B: Primary methods and results establish data-adapted medical or biomedical dynamics with direct trajectory, simulator, or action-response evaluation."
ALT-0e16f0063c94,fresh_alternate_public_search,AlzheimerODE: A Knowledge-Guided Generative Model for Alzheimer's Disease Progression,,Yuhao Jiang; Junbo Ma; Guoqiu Wen; Xinjie Han; Hongqing He; Jiayang Su; Fan Yang; Minghan Chen,2026,2026,Proceedings of the 32nd ACM SIGKDD Conference on Knowledge Discovery and Data Mining V.2,10.1145/3770855.3818833,,https://doi.org/10.1145/3770855.3818833,proceedings-article,crossref,"""disease progression model"" generative intervention",registered,,uncertain,not_applicable,insufficient_abstract,Missing abstract prevents assessing whether AlzheimerODE evaluates learned progression rollouts or intervention responses.,uncertain,empirical,insufficient_abstract,"The alzheimerode knowledge guided generative alzheimer s disease progression title plausibly denotes learned medical dynamics, but the missing abstract does not establish direct future or action evaluation.",include,empirical,include_empirical,third_full_text_adjudication,"AlzheimerODE learns continuous-time reaction-diffusion biomarker dynamics from longitudinal neuroimaging and is evaluated on trajectory accuracy, temporal alignment, spatial consistency, and distributional fidelity."
ALT-db944a487acf,fresh_alternate_public_search,ARE-GAN: Adaptive Regression and ROI-Enhanced Generative Adversarial Network for Alzheimer Disease Progression Prediction,,U Bharathi; S Chitrakala,2026,2026,International Journal of Computational Intelligence Systems,10.1007/s44196-025-01133-7,,https://doi.org/10.1007/s44196-025-01133-7,journal-article,crossref,"""disease progression model"" generative intervention",registered,,uncertain,not_applicable,insufficient_abstract,Missing abstract prevents distinguishing generative trajectory forecasting from ordinary Alzheimer progression prediction.,uncertain,empirical,insufficient_abstract,"The are gan adaptive regression roi enhanced generative adversarial network alzheimer title plausibly denotes learned medical dynamics, but the missing abstract does not establish direct future or action evaluation.",include,empirical,include_empirical,reviewer_consensus,"A: Learns conditional future MRI progression with ARE-GAN; compares generated scans and future disease-stage predictions. B: Primary methods and results establish data-adapted medical or biomedical dynamics with direct trajectory, simulator, or action-response evaluation."
ALT-7c5ab8c52279,fresh_alternate_public_search,"Artificial Intelligence, LLM-based generation of synthetic patients with Parkinson’s Disease: towards a digital twin paradigm for in silico studies","Heterogeneity in sporadic Parkinson’s Disease (PD) is a critical problem that drives variable rates of progression and treatment response and complicates clinical trials. Access to large PD datasets that may help in clustering this heterogeneity is restricted by privacy and regulatory constraints. Simulated patients or digital twins may offer a solution. We developed a large language model (LLM)-framework to generate high-fidelity synthetic PD patients from the Parkinson’s Progression Markers Initiative (PPMI) dataset based on the open-source Qwen3-8B-Base model. Using a relational, tree-structured representation and domain-specific fine-tuning, the model produces patient-level records with longitudinal clinical, imaging, and biomarker data. Fidelity was assessed through distributional similarity, correlation structure, and neurologist review. Utility was tested by training diagnostic classifiers, reproducing a published pharmacometric disease progression model applied to in silico trials, and by extracting a stringent dopamine–motor impairment relationship at early PD stages. Privacy was evaluated via identical match share, distance-to-closest-record, and membership inference attacks. These findings support the use of a dedicated LLM framework for patient simulation, contributing to the foundations of digital twins for PD in silico trials.","Merlo Pich E, Pomponio O, Magno MA, Berti M, Li Lu L, Coser A, Cani I, Calandra Buonaura G, Valenti M, Cividini C, Semenzato N, Baggi A, Saccani S, Franzini JM.",2026,2026-04-29,,10.64898/2026.04.28.26351471,,https://europepmc.org/article/PPR/PPR1265459,,europe_pmc,europe_pmc_core,indexed,,include,empirical,include_empirical,A fine-tuned LLM generates longitudinal patients and evaluates simulator fidelity and in-silico trial utility.,include,empirical,include_empirical,The artificial intelligence llm generation synthetic patients parkinson s disease digital study learns or calibrates temporal dynamics and directly evaluates intervention-conditioned rollouts or planning outcomes.,include,empirical,include_empirical,third_full_text_adjudication,"A fine-tuned LLM generates complete longitudinal Parkinson records from PPMI data, with temporal fidelity checked through ten-year progression fits, visual predictive checks, specialist review, and in-silico trial analyses."
ALT-4ebd98e25663,fresh_alternate_public_search,Automatic Interactive Evaluation for Large Language Models with State Aware Patient Simulator,,Yusheng Liao; Yutong Meng; Yuhao Wang; Hongchen Liu; Heyang Liu; Yanfeng Wang; Yu Wang,2024,2024,Elsevier BV,10.2139/ssrn.4890649,,https://doi.org/10.2139/ssrn.4890649,posted-content,crossref,"""patient simulator"" clinical",registered,,uncertain,not_applicable,insufficient_abstract,Missing abstract prevents determining whether the state-aware patient simulator models clinical dynamics or dialogue.,exclude,not_applicable,no_future_or_action_evaluation,"The automatic interactive large language state aware patient simulator study analyzes or reconstructs dynamics but does not directly evaluate future states, actions, rollouts, or planning.",include,empirical,include_empirical,reviewer_consensus,"A: Uses a learned state-aware patient dialogue simulator; validates multi-turn action-conditioned clinical interactions. B: Primary methods and results establish data-adapted medical or biomedical dynamics with direct trajectory, simulator, or action-response evaluation."
ALT-6fb8e7370e1e,fresh_alternate_public_search,Autosomal Dominant Tubulointerstitial Kidney Disease Clinical Trial Simulator: Case Reports of Model-Informed Drug Development.,"Autosomal Dominant Tubulointerstitial Kidney Disease (ADTKD) is the third most common inherited monogenic kidney disorder. Mutations in UMOD and MUC1 account for most cases, with the disease characterized by progressive eGFR decline leading to kidney failure. No disease-modifying therapies exist, and transplantation is the only current option. Designing trials for ADTKD is hampered by small patient numbers, variable progression rates, and uncertainty around optimal endpoints. Building on natural history data from Wake Forest School of Medicine, nonlinear mixed-effects models were developed to describe eGFR decline in UMOD and MUC1 variants. These models formed the foundation for a web-based clinical trial simulation (CTS) tool (https://app.cop.ufl.edu/adtkd/) built in R Shiny. The tool allows users to define trial populations, configure design parameters, and estimate statistical power by simulating placebo vs. assumed treatment arms. Drug effects were modeled as percentage changes in key parameters of the developed disease progression models describing individual-level eGFR trajectory over age: DPT50 (age at which eGFR is half of its maximum decline), γ 1 $$ {\gamma}_1 $$ and γ 2 $$ {\gamma}_2 $$ (steepness before and after DPT50). Both slope-based eGFR change and end-of-trial eGFR measures functioned as effective surrogate endpoints. Herein, we present the model-based CTS tool developed for ADTKD and demonstrate its use in designing and evaluating clinical trial scenarios, illustrated by two representative case studies. The CTS tool provides a pragmatic framework for optimizing ADTKD trial design. By enabling scenario testing and highlighting genotype-specific considerations, it supports efficient, cost-effective planning and represents an example of model-informed drug development in rare kidney diseases.",Shyam S Ramesh; Mark Rogge; Jongjin Kim; Sanghoon Kang; Kendrah Kidd; Adrienne Williams; Julie Roignot; Katherine Blakeslee; Anthony J Bleyer; Sarah Kim,2026,2026,CPT: pharmacometrics & systems pharmacology,10.1002/psp4.70258,,https://pubmed.ncbi.nlm.nih.gov/42062819/,journal-article,europe_pmc;pubmed,europe_pmc_core;pubmed_core,indexed,,include,empirical,include_empirical,Data-fitted progression models simulate individualized eGFR trajectories under alternative treatment scenarios.,include,empirical,include_empirical,The autosomal dominant tubulointerstitial kidney disease clinical trial simulator case reports study learns or calibrates temporal dynamics and directly evaluates intervention-conditioned rollouts or planning outcomes.,include,empirical,include_empirical,reviewer_consensus,"A: Fits genotype-specific eGFR progression from natural history data; simulates trial arms endpoints and statistical power. B: Primary methods and results establish data-adapted medical or biomedical dynamics with direct trajectory, simulator, or action-response evaluation."
ALT-1dfb4e7629f9,fresh_alternate_public_search,Brain Amyloid Plaque Levels Affect Clinical Progression in Alzheimer Disease: Assessment of Amyloid PET and Change in CDR-SB Utilizing Semi-Mechanistic Model.,"Lecanemab is a humanized IgG1 monoclonal antibody binding with high affinity to protofibrils of amyloid-beta (Aβ) protein. In clinical studies, lecanemab has been shown to reduce amyloid markers in early symptomatic Alzheimer's disease and slow decline on clinical endpoints of cognition and function. Nonlinear mixed-effects modeling assessed the correlation between amyloid PET and change in CDR-SB using data from lecanemab phase 2 study (Study 201) and phase 3 study (Study 301; Clarity AD). Data from placebo-treated subjects were used to establish a disease-progression model; the effect of amyloid reduction on disease progression was defined using data from lecanemab-treated subjects. CDR-SB scores were used with beta regression to fit a Richard's function parameterized in terms of baseline CDR-SB, intrinsic rate of disease progression, shape, and precision of the beta distribution. Simulations were conducted to evaluate the impact of lecanemab treatment over 4 years. Baseline CDR-SB was predicted by diagnosis and baseline mini-mental state examination (BMMSE) score. Intrinsic rate of disease progression was predicted by amyloid PET and BMMSE. Amyloid PET was a better predictor of drug effect than lecanemab exposure, demonstrating amyloid reduction as a surrogate marker of efficacy. Simulations projected the difference in CDR-SB between lecanemab and placebo treated subjects continued increasing over 4 years. Patients with low baseline amyloid and less severe disease were projected to have slower disease progression and better outcomes with lecanemab treatment.",Pratik Bhagunde; Natasha Penner; Brian A Willis; Robert Bell; Arnaud Charil; Michael C Irizarry; Steven Hersch; Larisa Reyderman,2026,2026,CPT: pharmacometrics & systems pharmacology,10.1002/psp4.70173,,https://pubmed.ncbi.nlm.nih.gov/41543367/,journal-article,europe_pmc;pubmed,europe_pmc_core;pubmed_core,indexed,,include,empirical,include_empirical,A data-fitted semi-mechanistic model simulates four-year clinical trajectories under treatment and placebo conditions.,exclude,not_applicable,no_learned_dynamics,The brain amyloid plaque levels affect clinical progression alzheimer disease assessment study uses prescribed mechanistic or statistical dynamics rather than a learned transition mechanism.,include,empirical,include_empirical,reviewer_consensus,"A: Fits semi-mechanistic amyloid and cognition progression dynamics; validates treatment-conditioned longitudinal CDR-SB simulations. B: Primary methods and results establish data-adapted medical or biomedical dynamics with direct trajectory, simulator, or action-response evaluation."
ALT-ea1902cbb70e,fresh_alternate_public_search,Brain Latent Progression: Individual-based spatiotemporal disease progression on 3D Brain MRIs via latent diffusion,,Lemuel Puglisi; Daniel C. Alexander; Daniele Ravì,2025,2025,Medical Image Analysis,10.1016/j.media.2025.103734,,https://doi.org/10.1016/j.media.2025.103734,journal-article,crossref,"""latent dynamics"" medical",registered,,uncertain,empirical,insufficient_abstract,"Title suggests learned MRI progression dynamics, but no abstract confirms rollout, forecasting evaluation, or empirical results.",uncertain,empirical,insufficient_abstract,"The brain latent progression individual spatiotemporal disease progression 3d brain mris title plausibly denotes learned medical dynamics, but the missing abstract does not establish direct future or action evaluation.",include,empirical,include_empirical,reviewer_consensus,"A: Learns individual 3D MRI progression with latent diffusion; compares generated follow-up scans with observed longitudinal MRI. B: Primary methods and results establish data-adapted medical or biomedical dynamics with direct trajectory, simulator, or action-response evaluation."
ALT-d3411f7d184d,fresh_alternate_public_search,"CardamomOT: a mechanistic optimal transport-based framework for gene regulatory network inference, trajectory reconstruction and generative modeling","A key challenge in inferring gene regulatory networks (GRNs) governing cellular processes such as differentiation and reprogramming from experimental data lies in the impossibility of directly measuring protein dynamics at the single-cell level, which prevents establishing causal relationships between regulator activity and target responses. In earlier work, we introduced CARDAMOM, an algorithm that uses temporal snapshots of scRNA-seq data to calibrate a GRN-driven mechanistic model of gene expression. However, this method had several limitations: it could only rely on the relative ordering of time points rather than their exact labels, imposed restrictive quasi-stationary assumptions on protein dynamics, and depended on multiple hyperparameters. Here, we present CardamomOT, a new method based on the same mechanistic model that jointly reconstructs the GRN and unobserved protein trajectories from the data within a mechanistic optimal transport framework. By incorporating exact time labels and priors on protein kinetic rates from the literature, and substantially reducing the number of required hyperparameters, our approach addresses these limitations and substantially improves the accuracy and robustness of GRN calibration. We validate our framework on both in silico and experimental datasets, demonstrating computational scalability and consistently improved performance over state-of-the-art methods in both GRN and trajectory reconstruction. In particular, CardamomOT accurately recovers velocity fields driving cellular trajectories and unobserved protein levels, alongside reliable GRN structures. We also show that these improvements make the calibrated mechanistic model suitable to be used as a generative model to predict cellular responses to unseen perturbations. To our knowledge, this is among the first methods to explicitly integrate mechanistic GRN inference, trajectory reconstruction, and simulation of realistic datasets into a unified framework for scRNA-seq time series analysis. Author summary Predicting gene regulatory interactions and understanding how cellular trajectories respond to perturbations are central challenges in cell biology and bioinformatics, yet they have long been addressed as separate problems. Only a few recent approaches leverage temporal single-cell RNA sequencing data to jointly infer gene regulatory networks (GRNs) and cellular trajectories, including our previous method CARDAMOM. In this work, we introduce CardamomOT, a new framework that integrates optimal transport—a mathematical theory that has become widely used in computational biology in recent years—within a mechanistic modeling approach. This allows us to link cells across timepoints while jointly reconstructing the underlying, unobserved protein trajectories that drive gene regulation. By explicitly modeling these latent dynamics, our method substantially improves the robustness and accuracy of GRN inference. In contrast to many black-box approaches, CardamomOT is grounded in a biologically interpretable mechanistic model of gene expression, incorporating key processes such as transcriptional bursting, protein translation, and degradation. This framework naturally accommodates prior knowledge on RNA and protein kinetic rates available in the literature and remains consistent with the statistical properties of single-cell transcriptomic data. We demonstrate on both simulated and experimental datasets that CardamomOT accurately infers GRNs and reconstructs cellular trajectories. Moreover, because it provides a fully calibrated generative model, it can be used to predict cellular responses to unseen perturbations by modifying the inferred regulatory interactions.","Maugé Y, Ventre E.",2026,2026-04-02,,10.64898/2026.03.31.715390,,https://europepmc.org/article/PPR/PPR1215662,,europe_pmc,europe_pmc_core,indexed,,include,empirical,include_empirical,CardamomOT calibrates temporal cellular dynamics from data and evaluates generative responses to unseen perturbations.,include,empirical,include_empirical,The cardamomot mechanistic optimal transport gene regulatory network inference trajectory reconstruction study learns or calibrates temporal dynamics and directly evaluates temporal rollouts or simulated trajectories.,include,empirical,include_empirical,reviewer_consensus,"A: Calibrates gene-regulatory and protein trajectory dynamics; validates reconstructed and generated cellular trajectories. B: Primary methods and results establish data-adapted medical or biomedical dynamics with direct trajectory, simulator, or action-response evaluation."
ALT-b82bb2551356,fresh_alternate_public_search,Cardiovascular care with digital twin technology in the era of generative artificial intelligence.,"Digital twins, which are in silico replications of an individual and its environment, have advanced clinical decision-making and prognostication in cardiovascular medicine. The technology enables personalized simulations of clinical scenarios, prediction of disease risk, and strategies for clinical trial augmentation. Current applications of cardiovascular digital twins have integrated multi-modal data into mechanistic and statistical models to build physiologically accurate cardiac replicas to enhance disease phenotyping, enrich diagnostic workflows, and optimize procedural planning. Digital twin technology is rapidly evolving in the setting of newly available data modalities and advances in generative artificial intelligence, enabling dynamic and comprehensive simulations unique to an individual. These twins fuse physiologic, environmental, and healthcare data into machine learning and generative models to build real-time patient predictions that can model interactions with the clinical environment to accelerate personalized patient care. This review summarizes digital twins in cardiovascular medicine and their potential future applications by incorporating new personalized data modalities. It examines the technical advances in deep learning and generative artificial intelligence that broaden the scope and predictive power of digital twins. Finally, it highlights the individual and societal challenges as well as ethical considerations that are essential to realizing the future vision of incorporating cardiology digital twins into personalized cardiovascular care.","Thangaraj PM, Benson SH, Oikonomou EK, Asselbergs FW, Khera R.",2024,2024-12-01,,10.1093/eurheartj/ehae619,,https://europepmc.org/article/MED/39322420,,europe_pmc,europe_pmc_core,indexed,,include,review,include_review,"This review synthesizes cardiovascular digital twins, dynamic patient simulation, technical advances, and clinical translation challenges.",include,review,include_review,"This review primarily synthesizes dynamic medical digital twins for cardiovascular care digital twin technology era generative artificial intelligence, including prediction, simulation, or intervention use.",include,review,include_review,reviewer_consensus,A: Reviews cardiovascular twins using statistical and generative dynamics; synthesizes prediction simulation and procedural planning evidence. B: Substantially synthesizes medical dynamic twins or closely equivalent learned simulation systems and their evaluation.
ALT-1bbcf3252882,fresh_alternate_public_search,"CellPace: A temporal diffusion-forcing framework for simulation, interpolation and forecasting of single-cell dynamics","Abstract Single-cell omics technologies resolve cellular heterogeneity at high resolution but provide only static snapshots of continuous developmental processes. This makes it difficult to recover coherent temporal dynamics when developmental stages are irregularly sampled or missing. While recent generative models can simulate observed cell states, they often treat timepoints as discrete categories, hindering interpolation across gaps and extrapolation to unobserved future stages. We present CellPace, a generative model that learns and generates developmental dynamics by leveraging a transformer-based temporal diffusion backbone conditioned on continuous, gap-aware temporal encodings. Across diverse mouse developmental lineages, CellPace achieves state-of-the-art performance in simulation, interpolation, and forecasting tasks. Beyond recovering global population statistics, generated cells preserve fine-grained biological structure, retaining dynamic gene regulatory programs and mapping accurately to anatomical regions in spatial transcriptomics data. Furthermore, CellPace extends naturally to multi-modal data, modeling joint RNA-chromatin dynamics even when temporal ordering is inferred from pseudotime. Together, these results position CellPace as a robust framework for modeling and generating continuous developmental dynamics from sparse, cross-sectional single-cell data.",Chen Su; Amin Emad,2026,2026,openRxiv,10.64898/2026.02.25.707938,,https://doi.org/10.64898/2026.02.25.707938,posted-content,crossref,"""virtual cell"" temporal dynamics",registered,,include,empirical,include_empirical,"CellPace learns continuous cellular dynamics and directly evaluates simulation, interpolation, and future-stage forecasting.",include,empirical,include_empirical,The cellpace temporal diffusion forcing simulation interpolation forecasting single cell dynamics study learns or calibrates temporal dynamics and directly evaluates held-out future states or multi-step forecasts.,include,empirical,include_empirical,reviewer_consensus,"A: Learns continuous-time single-cell developmental dynamics; tests simulation interpolation and future-stage forecasting. B: Primary methods and results establish data-adapted medical or biomedical dynamics with direct trajectory, simulator, or action-response evaluation."
ALT-238a1a830ea0,fresh_alternate_public_search,cLDM-ODE: A Multimodal Generative Framework for Uncertainty-Aware Forecasting of Alzheimer's Disease Progression,,Rishabh Sharma; Vinay Kukreja; Shanmugasundaram Hariharan; Shih-Yu Chen,2026,2026,IRBM,10.1016/j.irbm.2025.100926,,https://doi.org/10.1016/j.irbm.2025.100926,journal-article,crossref,"""disease progression model"" generative intervention",registered,,uncertain,empirical,insufficient_abstract,"The title suggests learned generative Alzheimer progression forecasting, but no abstract confirms direct empirical evaluation.",uncertain,empirical,insufficient_abstract,"The cldm ode multimodal generative uncertainty aware forecasting alzheimer s disease title plausibly denotes learned medical dynamics, but the missing abstract does not establish direct future or action evaluation.",include,empirical,include_empirical,reviewer_consensus,"A: Learns multimodal latent ODE Alzheimer progression; evaluates uncertain future biomarker and imaging trajectories. B: Primary methods and results establish data-adapted medical or biomedical dynamics with direct trajectory, simulator, or action-response evaluation."
ALT-949bc7547612,fresh_alternate_public_search,Clinical-GAN: Trajectory Forecasting of Clinical Events using Transformer and Generative Adversarial Networks,,Vignesh Shankar; Elnaz Yousefi; Alireza Manashty; Dayne Blair; Deepika Teegapuram,2023,2023,Artificial Intelligence in Medicine,10.1016/j.artmed.2023.102507,,https://doi.org/10.1016/j.artmed.2023.102507,journal-article,crossref,"""physiological trajectory"" forecasting",registered,,uncertain,empirical,insufficient_abstract,"The title suggests learned clinical-event trajectory forecasting, but no abstract confirms temporal rollout evaluation.",uncertain,empirical,insufficient_abstract,"The clinical gan trajectory forecasting clinical events transformer generative adversarial networks title plausibly denotes learned medical dynamics, but the missing abstract does not establish direct future or action evaluation.",include,empirical,include_empirical,reviewer_consensus,"A: Learns adversarial Transformer dynamics over clinical visits; forecasts diagnosis procedure and medication codes at later visits. B: Primary methods and results establish data-adapted medical or biomedical dynamics with direct trajectory, simulator, or action-response evaluation."
ALT-3062c794c4e1,fresh_alternate_public_search,Current progress of digital twin construction using medical imaging.,"Medical imaging is fundamental to digital twin technology, enabling patient-specific virtual models of anatomy and physiology. By integrating high-resolution modalities (Magnetic Resonance Imaging (MRI), Computed Tomography (CT), Positron Emission Tomography (PET), ultrasound) with computational frameworks, recent imaging advances now support real-time simulation, predictive modeling, and earlier disease detection. Such capabilities directly inform individualized treatment planning and contribute to more precise, personalized care. Despite remaining challenges-complex anatomical modeling, multimodal integration, and high computational demands-recent advances in imaging and machine learning have significantly enhanced the accuracy and clinical utility of digital twins. The main contributions of our review are: (1) a system-by-system classification of methodologies; (2) evidence that advanced imaging modalities have improved diagnostic accuracy, treatment effectiveness, and patient outcomes beyond conventional approaches; and (3) identification of remaining technical bottlenecks. We further analyze key technical barriers-such as data scarcity and computational complexity-and outline future directions (e.g., AI-driven data augmentation, real-time model optimization) to unlock digital twins' full potential in precision medicine.","Zhao F, Wu Y, Hu M, Chang CW, Liu R, Qiu R, Yang X.",2025,2025-09-01,,10.1002/acm2.70226,,https://europepmc.org/article/MED/40841176,,europe_pmc,europe_pmc_core,indexed,,include,review,include_review,"This medical digital-twin review provides a methodology taxonomy, evidence synthesis, and clinical translation analysis.",include,review,include_review,"This review primarily synthesizes dynamic medical digital twins for current progress digital twin construction medical imaging, including prediction, simulation, or intervention use.",include,review,include_review,third_full_text_adjudication,"This PRISMA-informed review systematically classifies medical-imaging digital twins and substantially synthesizes time-series learning, neural ODEs, predictive simulation, treatment-response modeling, and real-time updating across organ systems."
ALT-531ffbb6add3,fresh_alternate_public_search,Data-driven discovery of digital twins in biomedical research.,"Recent technological advances have expanded the availability of high-throughput biological datasets, opening the way to the reliable design of digital twins of biomedical systems or patients. Such computational tools represent key chemical reaction networks driving perturbation or drug response and can profoundly guide drug discovery and personalized therapeutics. Yet, their development still depends on laborious data integration by the human modeler, so that automated approaches are critically needed. The successes of data-driven system discovery in Physics, rooted in clean datasets and well-defined governing laws, have fueled interest in applying similar techniques in Biology, which presents unique challenges. Here, we reviewed 177 methodologies for automatically inferring digital twins from biological time series, which mostly involved symbolic or sparse regression, and recapitulated them in a Shiny app. We evaluated algorithms according to eight biological and methodological challenges, associated with integrating noisy/incomplete data, multiple conditions, prior knowledge, latent variables, or dealing with high dimensionality, unobserved variable derivatives, candidate library design, and uncertainty quantification. Upon these criteria, sparse regression generally outperformed symbolic regression, particularly when using Bayesian frameworks. Next, deep learning and large language models further emerge as innovative tools to integrate prior knowledge, although their reliability and consistency need to be improved. While no single method addresses all challenges, we argue that progress in learning digital twins will come from hybrid and modular frameworks combining chemical reaction network-based mechanistic grounding, Bayesian uncertainty quantification, and the generative and knowledge integration capacities of deep learning. To support their development, we further highlight key components required for future benchmark development to evaluate methods across all challenges.","Métayer C, Ballesta A, Martinelli J.",2026,2026-01-01,,10.1093/bib/bbaf722,,https://europepmc.org/article/MED/41668337,,europe_pmc,europe_pmc_core,indexed,,include,review,include_review,This biomedical digital-twin review systematically compares dynamics-discovery methods and proposes benchmark criteria.,include,review,include_review,"This review primarily synthesizes dynamic medical digital twins for data driven discovery digital twins biomedical research, including prediction, simulation, or intervention use.",include,review,include_review,reviewer_consensus,A: Reviews 177 data-driven biomedical system-discovery methods; centrally evaluates learned biological dynamic-twin approaches. B: Substantially synthesizes medical dynamic twins or closely equivalent learned simulation systems and their evaluation.
ALT-61ae05403063,fresh_alternate_public_search,Data-driven Huntington's disease progression modelling and estimation of societal cost in the UK.,"We develop a Huntington's disease (HD) progression model and integrate this with a novel economic model, accounting for the major factors of the HD's societal cost. Data from the Enroll-HD observational study were used to fit a continuous-time hidden Markov disease progression model, which identified five distinct states. The number of disease states was determined using a cross-validated maximum likelihood approach. A novel data augmentation method was used to correct the biased life expectancy of the progression model. Multiple sources of cost data were then mapped to Enroll-HD variables using expert experience. A simulation of a synthetic patient population was used to show the feasibility of the approach in estimating population costs and the impact of hypothetical intervention scenarios. Our results confirm that early cognitive decline, which is not captured by the total functional capacity score currently used by clinicians but flagged up in HD integrated staging system, can be quantified from participants' visits. Finally, the results of the UK cost modelling show that indirect costs of HD such as state benefits and lost gross domestic product contribution could be the driving factors for the societal cost, over and above health and social care costs.",Andrew Pollard; Danica Greetham; James Myatt; Hugh Rickards; Cath Stanley; Dave Dungate,2024,2024,Royal Society open science,10.1098/rsos.240824,,https://pubmed.ncbi.nlm.nih.gov/39569347/,journal-article,europe_pmc;pubmed,europe_pmc_core;pubmed_core,indexed,,include,empirical,include_empirical,A data-fitted continuous-time hidden Markov model simulates disease trajectories and hypothetical intervention scenarios.,exclude,not_applicable,no_learned_dynamics,The data driven huntington s disease progression estimation societal cost uk study uses prescribed mechanistic or statistical dynamics rather than a learned transition mechanism.,include,empirical,include_empirical,reviewer_consensus,"A: Fits continuous-time latent Huntington disease transitions; simulates costs and hypothetical intervention trajectories. B: Primary methods and results establish data-adapted medical or biomedical dynamics with direct trajectory, simulator, or action-response evaluation."
ALT-57f713cb9c2e,fresh_alternate_public_search,Data-driven model discovery and model selection for noisy biological systems.,"Biological systems exhibit complex dynamics that differential equations can often adeptly represent. Ordinary differential equation models are widespread; until recently their construction has required extensive prior knowledge of the system. Machine learning methods offer alternative means of model construction: differential equation models can be learnt from data via model discovery using sparse identification of nonlinear dynamics (SINDy). However, SINDy struggles with realistic levels of biological noise and is limited in its ability to incorporate prior knowledge of the system. We propose a data-driven framework for model discovery and model selection using hybrid dynamical systems: partial models containing missing terms. Neural networks are used to approximate the unknown dynamics of a system, enabling the denoising of the data while simultaneously learning the latent dynamics. Simulations from the fitted neural network are then used to infer models using sparse regression. We show, via model selection, that model discovery using hybrid dynamical systems outperforms alternative approaches. We find it possible to infer models correctly up to high levels of biological noise of different types. We demonstrate the potential to learn models from sparse, noisy data in application to a canonical cell state transition using data derived from single-cell transcriptomics. Overall, this approach provides a practical framework for model discovery in biology in cases where data are noisy and sparse, of particular utility when the underlying biological mechanisms are partially but incompletely known.",Xiaojun Wu; MeiLu McDermott; Adam L MacLean,2025,2025,PLoS computational biology,10.1371/journal.pcbi.1012762,,https://pubmed.ncbi.nlm.nih.gov/39836686/,journal-article,europe_pmc;pubmed,europe_pmc_core;pubmed_core,indexed,,include,empirical,include_empirical,Neural networks learn biological dynamics whose simulations recover a single-cell state-transition model.,exclude,not_applicable,no_learned_dynamics,The data driven discovery selection noisy biological systems study uses prescribed mechanistic or statistical dynamics rather than a learned transition mechanism.,include,empirical,include_empirical,reviewer_consensus,"A: Learns missing biological dynamics with hybrid neural ODEs; tests recovered models through simulated trajectories and real systems. B: Primary methods and results establish data-adapted medical or biomedical dynamics with direct trajectory, simulator, or action-response evaluation."
ALT-66f6aefba9e2,fresh_alternate_public_search,Decomposing heterogeneity in disease progression speeds and pathways.,"Understanding why patients with the same diagnosis exhibit markedly different disease progression-some rapidly, others slowly, with distinct symptom patterns-remains a major challenge in medicine. Here, we developed a machine learning framework called DiSPAH (Disease-progression Speed and Pathway Analysis based on a Hidden Markov model) to estimate both the pathway and speed of disease progression in individual patients. DiSPAH models disease progression as continuous-time transitions among latent disease states with a patient-specific progression speed. We applied DiSPAH to longitudinal clinical scores from an amyotrophic lateral sclerosis (ALS) cohort and inferred each patient's trajectory of the latent disease states and progression speed. These dynamics were associated with baseline clinical features and enabled prediction of future course from first-visit data. Our results highlight that jointly modeling progression pathway and speed improves prediction of heterogeneous disease courses, offering a powerful tool for personalized care and research in ALS and other chronic conditions.","Yada Y, Naoki H.",2026,2026-05-12,,10.1038/s41746-026-02665-8,,https://europepmc.org/article/MED/42115692,,europe_pmc,europe_pmc_core,indexed,,include,empirical,include_empirical,The learned continuous-time hidden Markov model infers transitions and predicts future ALS trajectories.,exclude,not_applicable,no_learned_dynamics,The decomposing heterogeneity disease progression speeds pathways study is an ordinary prognostic or static prediction analysis without a learned rollout mechanism.,include,empirical,include_empirical,reviewer_consensus,"A: Learns patient-specific latent ALS pathways and speeds; predicts future disease course from first-visit data. B: Primary methods and results establish data-adapted medical or biomedical dynamics with direct trajectory, simulator, or action-response evaluation."
ALT-cf60ad3588b1,fresh_alternate_public_search,Deep neural networks for endemic measles dynamics: Comparative analysis and integration with mechanistic models.,"Measles is an important infectious disease system both for its burden on public health and as an opportunity for studying nonlinear spatio-temporal disease dynamics. Traditional mechanistic models often struggle to fully capture the complex nonlinear spatio-temporal dynamics inherent in measles outbreaks. In this paper, we first develop a high-dimensional feed-forward neural network model with spatial features (SFNN) to forecast endemic measles outbreaks and systematically compare its predictive power with that of a classical mechanistic model (TSIR). We illustrate the utility of our model using England and Wales measles data from 1944-1965. These data present multiple modeling challenges due to the interplay between metapopulations, seasonal trends, and nonlinear dynamics related to demographic changes. Our results show that while the TSIR model yields similarly performant short-term (1 to 2 biweeks ahead) forecasts for highly populous cities, our neural network model (SFNN) consistently achieves lower root mean squared error (RMSE) across other forecasting windows. Furthermore, we show that our spatial-feature neural network model, without imposing mechanistic assumptions a priori, can uncover gravity-model-like spatial hierarchy of measles spread in which major cities play an important role in driving regional outbreaks. We then turn our attention to integrative approaches that combine mechanistic and machine learning models. Specifically, we investigate how the TSIR can be utilized to improve a state-of-the-art approach known as Physics-Informed-Neural-Networks (PINN) which explicitly combines compartmental models and neural networks. Our results show that the TSIR can facilitate the reconstruction of latent susceptible dynamics, thereby enhancing both forecasts in terms of mean absolute error (MAE) and parameter inference of measles dynamics within the PINN. In summary, our results show that appropriately designed neural network-based models can outperform traditional mechanistic models for short to long-term forecasts, while simultaneously providing mechanistic interpretability. Our work also provides valuable insights into more effectively integrating machine learning models with mechanistic models to enhance public health responses to measles and similar infectious disease systems.","Madden WG, Jin W, Lopman B, Zufle A, Dalziel B, E Metcalf CJ, Grenfell BT, Lau MSY.",2024,2024-11-21,,10.1371/journal.pcbi.1012616,,https://europepmc.org/article/MED/39570994,,europe_pmc,europe_pmc_core,indexed,,include,empirical,include_empirical,Data-learned spatiotemporal measles dynamics are evaluated through multi-horizon forecasts and latent-state reconstruction.,exclude,not_applicable,no_learned_dynamics,The deep neural networks endemic measles dynamics comparative integration mechanistic study uses prescribed mechanistic or statistical dynamics rather than a learned transition mechanism.,include,empirical,include_empirical,reviewer_consensus,"A: Learns spatial neural dynamics of endemic measles; evaluates multi-horizon outbreak forecasts against observations. B: Primary methods and results establish data-adapted medical or biomedical dynamics with direct trajectory, simulator, or action-response evaluation."
ALT-50502bb290be,fresh_alternate_public_search,Deep recurrent model for individualized prediction of Alzheimer’s disease progression,,Wonsik Jung; Eunji Jun; Heung-Il Suk,2021,2021,NeuroImage,10.1016/j.neuroimage.2021.118143,,https://doi.org/10.1016/j.neuroimage.2021.118143,journal-article,crossref,"""disease progression model"" generative intervention",registered,,uncertain,empirical,insufficient_abstract,"The title suggests temporal disease modeling, but missing details prevent confirming transition or rollout evaluation.",exclude,not_applicable,no_future_or_action_evaluation,"The deep recurrent individualized prediction alzheimer s disease progression study analyzes or reconstructs dynamics but does not directly evaluate future states, actions, rollouts, or planning.",include,empirical,include_empirical,reviewer_consensus,"A: Learns recurrent latent Alzheimer disease state; evaluates individualized multi-timepoint progression forecasts. B: Primary methods and results establish data-adapted medical or biomedical dynamics with direct trajectory, simulator, or action-response evaluation."
ALT-8b76200f7bab,fresh_alternate_public_search,Development and validation of a chronic kidney disease progression model using patient-level simulations.,"Chronic disease progression models are available for several highly prevalent conditions. For chronic kidney disease (CKD), the scope of existing progression models is limited to the risk of kidney failure and major cardiovascular (CV) events. The aim of this project was to develop a comprehensive CKD progression model (CKD-PM) that simulates the risk of CKD progression and a broad range of complications in patients with CKD. A series of literature reviews informed the selection of risk factors and identified existing risk equations/algorithms for kidney replacement therapy (KRT), CV events, other CKD-related complications, and mortality. Risk equations and transition probabilities were primarily sourced from publications produced by large US and international CKD registries. A patient-level, state-transition model was developed with health states defined by the Kidney Disease Improving Global Outcomes categories. Model validation was performed by comparing predicted outcomes with observed outcomes in the source cohorts used in model development (internal validation) and other cohorts (external validation). The CKD-PM demonstrated satisfactory modeling properties. Accurate prediction of all-cause and CV mortality was achieved without calibration, while prediction of CV events through CKD-specific equations required implementation of a calibration factor to balance time-dependent versus baseline risk. Predicted annual changes in estimated glomerular filtration rate (eGFR) and urine albumin-creatinine ratio were acceptable in comparison to external values. A flexible eGFR threshold for KRT equations enabled accurate prediction of these events. This CKD-PM demonstrated reliable modeling properties. Both internal and external validation revealed robust outcomes.",Mafalda Ramos; Laetitia Gerlier; Anastasia Uster; Louise Muttram; Dominik Steubl; Andrew H Frankel; Mark Lamotte,2024,2024,Renal failure,10.1080/0886022x.2024.2406402,,https://pubmed.ncbi.nlm.nih.gov/39431558/,journal-article,europe_pmc;pubmed,europe_pmc_core;pubmed_core,indexed,,include,empirical,include_empirical,A data-informed patient-level state-transition model simulates and validates longitudinal CKD progression and complications.,exclude,not_applicable,review_not_primary,This review centers on validation chronic kidney disease progression patient level simulations rather than evaluated medical learned world-model dynamics as its primary subject.,include,empirical,include_empirical,reviewer_consensus,"A: Combines cohort-derived CKD risks in patient-level transitions; validates simulated complications against internal and external cohorts. B: Primary methods and results establish data-adapted medical or biomedical dynamics with direct trajectory, simulator, or action-response evaluation."
ALT-872c15448450,fresh_alternate_public_search,Development of a model-based clinical trial simulation platform to optimize the design of clinical trials for Duchenne muscular dystrophy.,"Early clinical trials of therapies to treat Duchenne muscular dystrophy (DMD), a fatal genetic X-linked pediatric disease, have been designed based on the limited understanding of natural disease progression and variability in clinical measures over different stages of the continuum of the disease. The objective was to inform the design of DMD clinical trials by developing a disease progression model-based clinical trial simulation (CTS) platform based on measures commonly used in DMD trials. Data were integrated from past studies through the Duchenne Regulatory Science Consortium founded by the Critical Path Institute (15 clinical trials and studies, 1505 subjects, 27,252 observations). Using a nonlinear mixed-effects modeling approach, longitudinal dynamics of five measures were modeled (NorthStar Ambulatory Assessment, forced vital capacity, and the velocities of the following three timed functional tests: time to stand from supine, time to climb 4 stairs, and 10 meter walk-run time). The models were validated on external data sets and captured longitudinal changes in the five measures well, including both early disease when function improves as a result of growth and development and the decline in function in later stages. The models can be used in the CTS platform to perform trial simulations to optimize the selection of inclusion/exclusion criteria, selection of measures, and other trial parameters. The data sets and models have been reviewed by the US Food and Drug Administration and the European Medicines Agency; have been accepted into the Fit-for-Purpose and Qualification for Novel Methodologies pathways, respectively; and will be submitted for potential endorsement by both agencies.",Karthik Lingineni; Varun Aggarwal; Juan Francisco Morales; Daniela J Conrado; Diane Corey; Camille Vong; Jackson Burton; Jane Larkindale; Klaus Romero; Stephan Schmidt; Sarah Kim; Cooperative International Neuromuscular Research Group investigators and Duchenne Regulatory Science Consortium members,2022,2022,CPT: pharmacometrics & systems pharmacology,10.1002/psp4.12753,,https://pubmed.ncbi.nlm.nih.gov/34877803/,journal-article,europe_pmc;pubmed,europe_pmc_core;pubmed_core,indexed,,include,empirical,include_empirical,Data-fitted longitudinal dynamics are externally validated and used for multi-outcome clinical-trial simulations.,include,empirical,include_empirical,The clinical trial simulation platform optimize design clinical trials duchenne muscular study learns or calibrates temporal dynamics and directly evaluates temporal rollouts or simulated trajectories.,include,empirical,include_empirical,reviewer_consensus,"A: Fits longitudinal DMD functional progression models; externally validates trajectories and clinical-trial simulations. B: Primary methods and results establish data-adapted medical or biomedical dynamics with direct trajectory, simulator, or action-response evaluation."
ALT-d6d9b0f712ec,fresh_alternate_public_search,Development of a Novel Machine Learning Method for Estimation of Life-Long Chronic Disease Progression and Its Application to Type 2 Diabetes.,"Individual predictions of long-term chronic disease progression from data of limited duration provide valuable insights into estimating patient outcomes and therapeutic needs. Statistical Restoration of Fragmented Time course (SReFT) was developed to address this challenge, yet it is computationally too intensive for large-scale datasets. Although diabetes is a representative chronic disease with significant medical needs, it has been challenging to analyze long-term changes using large-scale patient data due to this limitation. In this study, we aimed to develop a new method (SReFT-machine learning, SReFT-ML) by applying machine learning to the concept of SReFT, and to confirm its performance using synthetic data and the data from a clinical trial, the Action to Control Cardiovascular Risk in Diabetes (ACCORD) trial (N = 10,251). SReFT-ML has successfully analyzed both synthetic and clinical data, and reconstructed biomarker trajectories over a 30-year period in patients with diabetes. Decreases in diastolic blood pressure and renal function may be important indicators of disease progression. Furthermore, although age and mortality data were not included in the model, survival analysis demonstrated a clear trend of hazard increases in mortality and diabetes-related outcomes with disease progression. This study introduced machine learning to enhance long-term disease progression modeling. The resulting model characterized a 30-year trajectory of disease risk in diabetes. The results provide a clinically meaningful hypothesis that incorporating systemic factors such as renal function and blood pressure, in addition to classic glycemic control, may enhance comprehensive diabetes care. Trial Registration: ClinicalTrials.gov number: NCT00000620.","Sano Y, Jin R, Yoshioka H, Nakazato Y, Sato H, Hisaka A.",2025,2025-10-01,,10.1111/cts.70351,,https://europepmc.org/article/MED/41127917,,europe_pmc,europe_pmc_core,indexed,,include,empirical,include_empirical,The machine-learned model reconstructs and evaluates thirty-year biomarker trajectories from longitudinal clinical data.,exclude,not_applicable,no_learned_dynamics,The machine learning method estimation life long chronic disease progression its study is an ordinary prognostic or static prediction analysis without a learned rollout mechanism.,include,empirical,include_empirical,reviewer_consensus,"A: Learns lifetime diabetes biomarker progression from fragmented records; tests reconstructed trajectories on synthetic and clinical data. B: Primary methods and results establish data-adapted medical or biomedical dynamics with direct trajectory, simulator, or action-response evaluation."
ALT-1305c7353fe7,fresh_alternate_public_search,Digital twin brain simulator for real-time consciousness monitoring and virtual intervention using primate electrocorticogram data,"Abstract At the forefront of bridging computational brain modeling with personalized medicine, this study introduces a novel, real-time, electrocorticogram (ECoG) simulator, based on the digital twin brain concept. Utilizing advanced data assimilation techniques, specifically a Variational Bayesian Recurrent Neural Network model with hierarchical latent units, the simulator dynamically predicts ECoG signals reflecting real-time brain latent states. By assimilating broad ECoG signals from macaque monkeys across awake and anesthetized conditions, the model successfully updated its latent states in real-time, enhancing precision of ECoG signal simulations. Behind successful data assimilation, self-organization of latent states in the model was observed, reflecting brain states and individuality. This self-organization facilitated simulation of virtual drug administration and uncovered functional networks underlying changes in brain function during anesthesia. These results show that the proposed model can simulate brain signals in real-time with high accuracy and is also useful for revealing underlying information processing dynamics.",Yuta Takahashi; Hayato Idei; Misako Komatsu; Jun Tani; Hiroaki Tomita; Yuichi Yamashita,2025,2025,npj Digital Medicine,10.1038/s41746-025-01444-1,,https://doi.org/10.1038/s41746-025-01444-1,journal-article,crossref,"""clinical digital twin"" intervention",registered,,include,empirical,include_empirical,A recurrent neural dynamics model assimilates ECoG data and evaluates real-time simulation plus virtual drug interventions.,include,empirical,include_empirical,The digital twin brain simulator real time consciousness monitoring virtual intervention study learns or calibrates temporal dynamics and directly evaluates intervention-conditioned rollouts or planning outcomes.,include,empirical,include_empirical,reviewer_consensus,"A: Assimilates primate ECoG into recurrent latent brain dynamics; tests real-time simulation and virtual anesthetic intervention. B: Primary methods and results establish data-adapted medical or biomedical dynamics with direct trajectory, simulator, or action-response evaluation."
ALT-f38cea90635e,fresh_alternate_public_search,Digital twin models for predicting venetoclax and azacitidine-induced neutropenia in patients with acute myeloid leukemia.,"Therapeutic toxicity, which can be life-threatening, presents a major challenge in treating patients with acute myeloid leukemia (AML). Medical digital twins, which are virtual representations of patient disease, have the potential to forecast disease progression and simulate potential treatments. Using neutrophil counts and blast percentages, we developed mechanistic models to predict toxicity (neutropenia) in AML patients receiving combination venetoclax and azacitidine treatment. We identified a best-fitting model, though patient-specific accuracy was highly variable. To address this variability, we investigated subsets of patients based on their accordance with model assumptions, and were able to identify features predictive of model fit. In addition, we found that continuous updating over time improves model accuracy. The model evaluated in this study could be further validated in a larger clinical setting and may support a digital twin for decision making in forecasting therapeutic toxicity of venetoclax and azacitidine treatment.","Zhang Y, Martinez J, Tercan B, Kuusanmäki H, Emmert-Streib F, Chandraseelan JG, Farea A, Yli-Harja O, Heckman CA, Gibbs DL, Thorsson V, Shmulevich I, Kontro M, Qin G, Aguilar B.",2025,2025-10-06,,10.1038/s41746-025-01978-4,,https://europepmc.org/article/MED/41053343,,europe_pmc,europe_pmc_core,indexed,,include,empirical,include_empirical,Patient-updated mechanistic dynamics forecast treatment-induced neutropenia and evaluate individualized predictive accuracy.,include,empirical,include_empirical,The digital twin predicting venetoclax azacitidine induced neutropenia patients acute myeloid study learns or calibrates temporal dynamics and directly evaluates intervention-conditioned rollouts or planning outcomes.,include,empirical,include_empirical,reviewer_consensus,"A: Fits patient-specific AML neutropenia dynamics under treatment; tests toxicity forecasts and continuous model updating. B: Primary methods and results establish data-adapted medical or biomedical dynamics with direct trajectory, simulator, or action-response evaluation."
ALT-0c7ca3990ee0,fresh_alternate_public_search,"Digital Twins in Neurology Care: Evidence, Limitations, and a Path Forward.","Digital twins are increasingly promoted in neurology as an advancement beyond conventional artificial intelligence, yet the term is often applied without conceptual or methodological rigor. Strict definitions describe digital twins as dynamically updated, bidirectionally linked models that generate predictive, decision-relevant value, criteria rarely met by current neurological applications. This Opinion critically examines the state of digital twins across major neurological domains, including dementia, multiple sclerosis, Parkinson's disease, epilepsy, stroke, pain, and migraine. We argue that most existing systems are more accurately described as twin-inspired longitudinal decision-support or trial-analytics models rather than true clinical digital twins. While neurology is well-suited to digital twin approaches due to disease heterogeneity, multimodal data, and iterative care pathways, progress is limited by gaps in measurement validity, uncertainty handling, prospective evaluation, and governance. A pragmatic path forward is proposed, emphasizing question-specific, validated neurological digital twins over overgeneralized brain twin narratives, and suggesting that much of the current field is better understood as twin-inspired modeling rather than true clinical digital twin implementation.",Parisa Gazerani,2026,2026,Journal of integrative neuroscience,10.31083/jin50563,,https://pubmed.ncbi.nlm.nih.gov/42216639/,journal-article,europe_pmc;pubmed,europe_pmc_core;pubmed_core,indexed,,include,review,include_review,"This neurology review provides a strict definition, evidence assessment, limitations, and clinical-translation pathway.",include,review,include_review,"This review primarily synthesizes dynamic medical digital twins for digital twins neurology care evidence limitations path forward, including prediction, simulation, or intervention use.",include,review,include_review,reviewer_consensus,A: Critically reviews dynamic twin-inspired systems across neurology; synthesizes predictive evidence limitations and validation gaps. B: Substantially synthesizes medical dynamic twins or closely equivalent learned simulation systems and their evaluation.
ALT-b5ebc3599d50,fresh_alternate_public_search,"Digital twins in precision pharmacotherapy: emerging applications, challenges, and future directions.","Digital twin technology, defined as dynamic digital models that represent individual patients, is emerging as a promising paradigm in precision pharmacotherapy. The integration of pharmacokinetic and pharmacodynamic (PK/PD) modeling, clinical data, genomic information, and real-time patient monitoring enables digital twins to shift drug therapy away from population-based averages toward individualized, adaptive decisions. This narrative review explores conceptual frameworks, emerging applications, methodological approaches, clinical value, limitations, and future directions of digital twins in pharmacotherapy, with particular emphasis on the role of clinical pharmacists. Unlike broader digital twin reviews that primarily emphasize technical architectures, disease-specific applications, or pharmaceutical research and development, this review focuses on the clinical-pharmacy translation layer: how digital twin outputs can be interpreted, validated, communicated, and converted into actionable medication decisions at the bedside and across ambulatory care settings. Key applications include precision dosing, polypharmacy management, antimicrobial stewardship, and the optimization of complex therapies, alongside important ethical, regulatory, and implementation challenges.","Jarab AS, Al-Qerem W, Jarab H, Jrab O, Elsherif R, Al Meslamani AZ, Al Hamarneh Y, Aburuz S.",2026,2026-08-18,,10.3389/fdgth.2026.1881217,,https://europepmc.org/article/MED/42682858,,europe_pmc,europe_pmc_core,indexed,,include,review,include_review,"This pharmacotherapy review synthesizes digital-twin methods, medication applications, validation, and bedside translation.",include,review,include_review,"This review primarily synthesizes dynamic medical digital twins for digital twins precision pharmacotherapy emerging applications challenges future directions, including prediction, simulation, or intervention use.",include,review,include_review,reviewer_consensus,A: Reviews PK-PD and adaptive twins for precision pharmacotherapy; synthesizes treatment-response simulation and medication optimization. B: Substantially synthesizes medical dynamic twins or closely equivalent learned simulation systems and their evaluation.
ALT-f58f7b29b390,fresh_alternate_public_search,Disease Modeling and External Model Evaluation Through Clinical Data Sharing Platform for HR+/HER2- Breast Cancer.,"Predictive models for disease progression are valuable for clinical trial design and interpretation; however, suitable data are needed for the development of such models. This study aimed to develop a Tumor Growth Inhibition-Overall Survival (TGI-OS) model for hormone receptor-positive (HR+)/human epidermal growth factor receptor 2 negative (HER2-) breast cancer using clinical trial data available through Vivli, a clinical trial data sharing platform. The CONFIRM study (Phase 3 study comparing fulvestrant 250 vs. 500 mg) was used for model development, and the PALOMA-3 and SANDPIPER Phase 3 studies (palbociclib and taselisib) were used for external model qualifications. Longitudinal tumor size profiles were first analyzed with the TGI model. The TGI-OS model, a parametric model linking TGI metrics and baseline predictors of survival outcomes, was then developed using data from the CONFIRM study and showed successful internal qualification, including the prediction of the survival difference between two dose groups. The TGI-OS model showed large underestimation for the OS for PALOMA-3; nevertheless, the predicted treatment effect (hazard ratio of OS) was in good agreement with the observation for both studies, suggesting its potential as a tool to support drug development decisions. While integrating shared clinical trial data from multiple sources, facilitated by platforms like Vivli, is crucial for advancing predictive modeling efforts, caution should be exercised when such models are applied for new studies, especially when there are breakthroughs in the treatment landscape.","Yoshida K, Bruno R, Chanu P.",2025,2025-07-17,,10.1002/psp4.70073,,https://europepmc.org/article/MED/40671643,,europe_pmc,europe_pmc_core,indexed,,exclude,empirical,no_learned_dynamics,This pharmacometric tumor-growth and survival model lacks learned state-transition dynamics.,include,empirical,include_empirical,The disease external through clinical data sharing platform hr her2 breast study learns or calibrates temporal dynamics and directly evaluates intervention-conditioned rollouts or planning outcomes.,include,empirical,include_empirical,reviewer_consensus,"A: Fits longitudinal tumor-growth and survival dynamics; externally evaluates dose-group and survival predictions. B: Primary methods and results establish data-adapted medical or biomedical dynamics with direct trajectory, simulator, or action-response evaluation."
ALT-d7f5daff27f0,fresh_alternate_public_search,DITTO: A Visual Digital Twin for Interventions and Temporal Treatment Outcomes in Head and Neck Cancer.,"Digital twin models are of high interest to Head and Neck Cancer (HNC) oncologists, who have to navigate a series of complex treatment decisions that weigh the efficacy of tumor control against toxicity and mortality risks. Evaluating individual risk profiles necessitates a deeper understanding of the interplay between different factors such as patient health, spatial tumor location and spread, and risk of subsequent toxicities that can not be adequately captured through simple heuristics. To support clinicians in better understanding tradeoffs when deciding on treatment courses, we developed DITTO, a digital-twin and visual computing system that allows clinicians to analyze detailed risk profiles for each patient, and decide on a treatment plan. DITTO relies on a sequential Deep Reinforcement Learning digital twin (DT) to deliver personalized risk of both long-term and short-term disease outcome and toxicity risk for HNC patients. Based on a participatory collaborative design alongside oncologists, we also implement several visual explainability methods to promote clinical trust and encourage healthy skepticism when using our system. We evaluate the efficacy of DITTO through quantitative evaluation of performance and case studies with qualitative feedback. Finally, we discuss design lessons for developing clinical visual XAI applications for clinical end users.","Wentzel A, Attia S, Zhang X, Canahuate G, Fuller CD, Marai GE.",2025,2024-11-25,,10.1109/tvcg.2024.3456160,,https://europepmc.org/article/MED/39255169,,europe_pmc,europe_pmc_core,indexed,,exclude,empirical,no_learned_dynamics,The sequential reinforcement-learning twin predicts risks but does not describe a learned dynamics model.,include,empirical,include_empirical,The ditto visual digital twin interventions temporal treatment outcomes head neck study learns or calibrates temporal dynamics and directly evaluates intervention-conditioned rollouts or planning outcomes.,include,empirical,include_empirical,reviewer_consensus,"A: Learns sequential treatment-conditioned cancer outcome dynamics; evaluates personalized toxicity and disease-outcome predictions. B: Primary methods and results establish data-adapted medical or biomedical dynamics with direct trajectory, simulator, or action-response evaluation."
ALT-531d7f078a79,fresh_alternate_public_search,EczemaPred: A computational framework for personalised prediction of eczema severity dynamics.,"BACKGROUND: Atopic dermatitis (AD) is a chronic inflammatory skin disease leading to substantial quality of life impairment with heterogeneous treatment responses. People with AD would benefit from personalised treatment strategies, whose design requires predicting how AD severity evolves for each individual. OBJECTIVE: This study aims to develop a computational framework for personalised prediction of AD severity dynamics. METHODS: We introduced EczemaPred, a computational framework to predict patient-dependent dynamic evolution of AD severity using Bayesian state-space models that describe latent dynamics of AD severity items and how they are measured. We used EczemaPred to predict the dynamic evolution of validated patient-oriented scoring atopic dermatitis (PO-SCORAD) by combining predictions from the models for the nine severity items of PO-SCORAD (six intensity signs, extent of eczema, and two subjective symptoms). We validated this approach using longitudinal data from two independent studies: a published clinical study in which PO-SCORAD was measured twice weekly for 347 AD patients over 17 weeks, and another one in which PO-SCORAD was recorded daily by 16 AD patients for 12 weeks. RESULTS: EczemaPred achieved good performance for personalised predictions of PO-SCORAD and its severity items daily to weekly. EczemaPred outperformed standard time-series forecasting models such as a mixed effect autoregressive model. The uncertainty in predicting PO-SCORAD was mainly attributed to that in predicting intensity signs (75% of the overall uncertainty). CONCLUSIONS: EczemaPred serves as a computational framework to make a personalised prediction of AD severity dynamics relevant to clinical practice. EczemaPred is available as an R package.",Guillem Hurault; Jean François Stalder; Sophie Mery; Alain Delarue; Markéta Saint Aroman; Gwendal Josse; Reiko J Tanaka,2022,2022,Clinical and translational allergy,10.1002/clt2.12140,,https://pubmed.ncbi.nlm.nih.gov/35344305/,journal-article,europe_pmc;pubmed,europe_pmc_core;pubmed_core,indexed,,include,empirical,include_empirical,Bayesian state-space transitions are learned from longitudinal eczema data and evaluated for multi-horizon future severity prediction.,include,empirical,include_empirical,The eczemapred computational personalised prediction eczema severity dynamics study learns or calibrates temporal dynamics and directly evaluates intervention-conditioned rollouts or planning outcomes.,include,empirical,include_empirical,reviewer_consensus,"A: Fits Bayesian latent eczema severity dynamics; validates personalized future severity trajectories in two studies. B: Primary methods and results establish data-adapted medical or biomedical dynamics with direct trajectory, simulator, or action-response evaluation."
ALT-75c423c80690,fresh_alternate_public_search,Exploring the suitability of piecewise-linear dynamical system models for cognitive neural dynamics.,"Dynamical system models have proven useful for decoding the current brain state from neural activity. So far, neuroscience has largely relied on either linear models or non-linear models based on artificial neural networks (ANNs). Piecewise linear approximations of non-linear dynamics have proven useful in other technical applications. Moreover, such explicit models provide a clear advantage over ANN-based models when the dynamical system is not only supposed to be observed, but also controlled, in particular when a controller with guarantees is needed. Here we explore whether piecewise-linear dynamical system models (recurrent Switching Linear Dynamical System or rSLDS models) could be useful for modeling brain dynamics, in particular in the context of cognitive tasks. These models have the advantage that they can be estimated not only from continuous observations like field potentials or smoothed firing rates, but also from sparser single-unit spiking data. We first generate artificial neural data based on a non-linear computational model of perceptual decision-making and demonstrate that piecewise-linear dynamics can be successfully recovered from these observations. We then demonstrate that the piecewise-linear model outperforms a linear model in terms of predicting future states of the system and associated neural activity. Finally, we apply our approach to a publicly available dataset recorded from monkeys performing perceptual decisions. Much to our surprise, the piecewise-linear model did not provide a significant advantage over a linear model for these particular data, although linear models that were estimated from different trial epochs showed qualitatively different dynamics. In summary, we present a dynamical system modeling approach that could prove useful in situations, where the brain state needs to be controlled in a closed-loop fashion, for example, in new neuromodulation applications for treating cognitive deficits. Future work will have to show under what conditions the brain dynamics are sufficiently non-linear to warrant the use of a piecewise-linear model over a linear one.","Wu J, Asamoah B, Kong Z, Ditterich J.",2025,2025-05-12,,10.3389/fnins.2025.1582080,,https://europepmc.org/article/MED/40421134,,europe_pmc,europe_pmc_core,indexed,,include,empirical,include_empirical,Data-fitted rSLDS models predict future neural states and are evaluated on simulated and monkey recordings.,exclude,not_applicable,no_future_or_action_evaluation,"The exploring suitability piecewise linear dynamical system cognitive neural dynamics study analyzes or reconstructs dynamics but does not directly evaluate future states, actions, rollouts, or planning.",include,empirical,include_empirical,reviewer_consensus,"A: Learns switching latent dynamics of cognitive neural activity; tests future neural-state prediction on simulated and recorded data. B: Primary methods and results establish data-adapted medical or biomedical dynamics with direct trajectory, simulator, or action-response evaluation."
ALT-27768d84fbdd,fresh_alternate_public_search,Exposure-safety Markov modeling of ocular adverse events in patient populations treated with tisotumab vedotin.,"Tisotumab vedotin (TV), a tissue factor-directed antibody-drug conjugate (ADC), is approved in the US at 2.0 mg/kg every 3 weeks (Q3W) for adult patients with recurrent or metastatic cervical cancer following disease progression on or after chemotherapy. Previous logistic regression analysis showed a positive association between TV exposure and ocular adverse events (OAEs), which were identified as prespecified AEs of interest in TV clinical studies. To further optimize TV dose from a safety perspective, we developed a discrete-time Markov model (DTMM) to characterize exposure-response (E-R) relationships of exposures of both ADC and the microtubule-disrupting agent monomethyl auristatin E to the incidence, severity, and longitudinal time course of grade ≥ 2 OAEs in patients with advanced solid tumors. A total of 757 patients who received TV as monotherapy or combination (with carboplatin, bevacizumab, or pembrolizumab) across seven clinical studies were included in this analysis. Of multiple covariates modeled, implementation of an eye care plan was the only covariate to significantly reduce risk of grade ≥ 2 OAEs. The DTMM suggested an association between ADC exposure and risk of grade ≥ 2 OAEs. Based on the totality of data from clinical outcomes, pharmacokinetics, and E-R analyses, as well as DTMM modeling results, TV 1.7 mg/kg every 2 weeks may provide higher efficacy with slightly increased risk of OAEs compared with 2.0 mg/kg Q3W, although these OAEs are manageable with an appropriate eye care plan. ClinicalTrials.gov ID (first submission): NCT03485209 (2018-03-08), NCT03657043 (2018-08-22), NCT03438396 (2018-02-08), NCT03786081 (2018-12-13), NCT03913741 (2019-03-29), NCT02001623 (2013-11-14), and NCT02552121 (2015-09-14).","Feng S, Gunawan R, Passey C, Voellinger J, Polhamus D, Gerritsen A, O'Day C, Carret AS, Soumaoro I, Gupta M, Hanley WD.",2025,2025-10-03,,10.1007/s10928-025-10003-w,,https://europepmc.org/article/MED/41044356,,europe_pmc,europe_pmc_core,indexed,,include,empirical,include_empirical,A data-fitted Markov transition model evaluates longitudinal ocular-state responses under alternative drug exposures.,exclude,not_applicable,review_not_primary,This review centers on exposure safety markov ocular adverse events patient populations treated tisotumab rather than evaluated medical learned world-model dynamics as its primary subject.,include,empirical,include_empirical,reviewer_consensus,"A: Fits drug-exposure-dependent ocular adverse-event transitions; evaluates longitudinal severity and recovery dynamics. B: Primary methods and results establish data-adapted medical or biomedical dynamics with direct trajectory, simulator, or action-response evaluation."
ALT-a34805bc05f7,fresh_alternate_public_search,Fast-acting insulin aspart (Fiasp®) improves glycemic outcomes when used with MiniMed,"INTRODUCTION: Medtronic has developed a virtual patient simulator for modeling and predicting insulin therapy outcomes for people with type 1 diabetes (T1D). An enhanced simulator was created to estimate outcomes when using the MiniMedTM 670G system with standard NovoLog® (EU: NovoRapid, US: NovoLog) versus Fiasp ® by using clinical data. METHODS: Sixty-seven participants' PK profiles were generated per type of insulin (Total of 134 PK profiles). 7,485 virtual patients' PK measurements was matched with one of the 67 NovoLog® PK Tmax values. These 7,485 virtual patients were then simulated using the Medtronic MiniMed™ 670G algorithm following an in-silico protocol of 90 days: 14 days in open loop (Manual Mode) followed by 76 days in closed loop (Auto Mode). Simulation study was repeated with each NovoLog® PK profile being replaced by its corresponding Fiasp® PK profile in the same virtual patient. To validate our in-silico analysis, we compared the results of ""actual"" 19 ""real life"" patients from a clinical study RESULTS: Simulated overall and postprandial glycemic outcomes improved in all age groups with Fiasp®. The percentage of time in the euglycemic range increased by about ~2.2% with Fiasp®, in all age groups (p < 0.01). The percentage of time spent at <70 mg/dL was reduced by about ~0.6% with insulin Fiasp® (p < 0.01) and the mean glucose was reduced by about 1.3 mg/dL (p < 0.01), excluding those age <7 years. The simulated mean postprandial SG was reduced by ~5 mg/dL, a significant difference for all age groups. A clinical study results showed similar improvements with MiniMedTM 670G system when switching from NovoLog® to Fiasp®. CONCLUSIONS: The simulation studies indicate that using Fiasp® in place of NovoLog® with the MiniMedTM 670G system will significantly improve the time spent in the healthy, euglycemic range and reduce exposure to hyperglycemia and hypoglycemia in most patients.",Benyamin Grosman; Di Wu; Neha Parikh; Anirban Roy; Gayane Voskanyan; Natalie Kurtz; Jeppe Sturis; Ohad Cohen; Magnus Ekelund; Robert Vigersky,2021,2021,Computer methods and programs in biomedicine,10.1016/j.cmpb.2021.106087,,https://pubmed.ncbi.nlm.nih.gov/33873075/,journal-article,europe_pmc;pubmed,europe_pmc_core;pubmed_core,indexed,,include,empirical,include_empirical,The clinically adapted virtual-patient simulator compares insulin substitutions through validated 90-day closed-loop rollouts.,exclude,not_applicable,no_primary_empirical_evaluation,"The fast acting insulin aspart improves glycemic outcomes when used minimed record is editorial, corrective, conceptual, or consensus-based and lacks a primary learned-dynamics evaluation.",include,empirical,include_empirical,reviewer_consensus,"A: Adapts a diabetes virtual-patient simulator with clinical PK profiles; validates long-horizon insulin-response simulations against patients. B: Primary methods and results establish data-adapted medical or biomedical dynamics with direct trajectory, simulator, or action-response evaluation."
ALT-0cdd85000e2e,fresh_alternate_public_search,Forecasting Alzheimer’s Disease Progression via Identity-preserved Denoising Diffusion Generative Adversarial Network,"Abstract Forecasting the progression of Alzheimer’s disease (AD) is essential for evaluating secondary prevention measures thought to modify the disease trajectory. However, accurate prediction of longitudinal MRIs remains challenging, particularly in preserving subject identity, as deep generative models may potentially generate plausible future MRIs of different individuals from a single baseline scan. In the present study, we developed a novel identity-preserved denoising diffusion generative adversarial network (IP-DDGAN) capable of rapidly generating subject-specific longitudinal MRIs conditioned on metadata. Concretely, we developed an identity-preservation strategy with a metadata-guided module and identity-preserved regularization terms to maintain subject identity in synthetic longitudinal MRIs. Furthermore, we comprehensively integrated the morphometrics, subject identity consistency and image-level quality metrics to evaluate the fidelity and biological plausibility of synthetic longitudinal MRIs. The results demonstrate that the synthetic MRIs generated by IP-DDGAN retain biological and disease-related phenotypes, exhibiting sufficient realism to support their application in downstream tasks. Our proposed model is capable of capturing temporal biological and disease-related changes and forecasting the different progression trajectories, including critical transitions from cognitively normal (CN) to mild cognitive impairment (MCI) and from MCI to AD.",Zhuangzhuang Li; Tongtong Che; Shaozhen Yan; Dong Wang; Yong Liu; Kun Zhao,2025,2025,Springer Science and Business Media LLC,10.21203/rs.3.rs-7846693/v1,,https://doi.org/10.21203/rs.3.rs-7846693/v1,posted-content,crossref,"""disease progression model"" generative intervention",registered,,include,empirical,include_empirical,IP-DDGAN learns subject-specific temporal MRI transitions and directly evaluates generated longitudinal disease trajectories.,include,empirical,include_empirical,The forecasting alzheimer s disease progression identity preserved denoising diffusion generative study learns or calibrates temporal dynamics and directly evaluates held-out future states or multi-step forecasts.,include,empirical,include_empirical,reviewer_consensus,"A: Learns subject-specific longitudinal MRI generation; evaluates temporal biological fidelity and future-scan realism. B: Primary methods and results establish data-adapted medical or biomedical dynamics with direct trajectory, simulator, or action-response evaluation."
ALT-4dc856a87102,fresh_alternate_public_search,From mechanistic models to artificial intelligence: exploring the potential of digital twins in geriatric oncology.,"This survey explores how machine learning and artificial intelligence (AI) can be integrated with mechanistic models to create more accurate, dynamic, predictive, and personalized representations of biological systems, commonly referred to as digital twins (DTs). Mechanistic models, such as pathway-based Boolean or differential equation frameworks, provide interpretable insights into biological processes; however, calibrating these models to represent individual variability across large, heterogeneous cohorts remains a significant challenge, as their physically constrained structures often lack the flexibility to capture complex, non-mechanistic nuances in patient data. Focusing on elderly cancer patients-a vulnerable population underrepresented in clinical research-we discuss how hybrid DTs can bridge the gap between interpretable mechanistic frameworks and flexible, predictive AI approaches, enabling continuous monitoring, risk stratification, and adaptive treatment planning. To illustrate these principles, we present a proof-of-concept case study involving a synthetic breast cancer dataset in which comprehensive geriatric assessment, clinical tests, and quality of life measures inform dosing decisions for older patients via a Markov Decision Process. By combining a synthesis of current literature with the application of a sequential decision-making framework optimized using longitudinal data, this work provides a foundational understanding for researchers and clinicians interested in leveraging DTs to improve personalization and outcomes in geriatric oncology.","Karampelesis P, Denazis S, Koufopavlou O, Zacharaki EI.",2026,2026-07-23,,10.3389/frai.2026.1760912,,https://europepmc.org/article/MED/42564457,,europe_pmc,europe_pmc_core,indexed,,include,review,include_review,This geriatric-oncology digital-twin survey synthesizes hybrid modeling and adaptive treatment translation.,include,review,include_review,"This review primarily synthesizes dynamic medical digital twins for mechanistic artificial intelligence exploring potential digital twins geriatric oncology, including prediction, simulation, or intervention use.",include,review,include_review,third_full_text_adjudication,"The survey centrally examines AI and machine-learning integration with mechanistic models for dynamic, personalized oncology twins, including learned calibration, longitudinal transition models, and adaptive treatment planning evidence."
ALT-f7ef75a1f217,fresh_alternate_public_search,From virtual to reality: innovative practices of digital twins in tumor therapy.,"Background As global cancer incidence and mortality rise, digital twin technology in precision medicine offers new opportunities for cancer treatment. Objective This study aims to systematically analyze the current applications, research trends, and challenges of digital twin technology in tumor therapy, while exploring future directions. Methods Relevant literature up to 2024 was retrieved from PubMed, Web of Science, and other databases. Data visualization was performed using R and VOSviewer software. The analysis includes the research initiation and trends, funding models, global research distribution, sample size analysis, and data processing and artificial intelligence applications. Furthermore, the study investigates the specific applications and effectiveness of digital twin technology in tumor diagnosis, treatment decision-making, prognosis prediction, and personalized management. Results Since 2020, research on digital twin technology in oncology has surged, with significant contributions from the United States, Germany, Switzerland, and China. Funding primarily comes from government agencies, particularly the National Institutes of Health in the U.S. Sample size analysis reveals that large-sample studies have greater clinical reliability, while small-sample studies emphasize technology validation. In data processing and artificial intelligence applications, the integration of medical imaging, multi-omics data, and AI algorithms is key. By combining multimodal data integration with dynamic modeling, the accuracy of digital twin models has been significantly improved. However, the integration of different data types still faces challenges related to tool interoperability and limited standardization. Specific applications of digital twin technology have shown significant advantages in diagnosis, treatment decision-making, prognosis prediction, and surgical planning. Conclusion Digital twin technology holds substantial promise in tumor therapy by optimizing personalized treatment plans through integrated multimodal data and dynamic modeling. However, the study is limited by factors such as language restrictions, potential selection bias, and the relatively small number of published studies in this emerging field, which may affect the comprehensiveness and generalizability of our findings. Moreover, issues related to data heterogeneity, technical integration, and data privacy and ethics continue to impede its broader clinical application. Future research should promote international collaboration, establish unified interdisciplinary standards, and strengthen ethical regulations to accelerate the clinical translation of digital twin technology in cancer treatment.","Shen S, Qi W, Liu X, Zeng J, Li S, Zhu X, Dong C, Wang B, Shi Y, Yao J, Wang B, Jing L, Cao S, Liang G.",2025,2025-03-19,,10.1186/s12967-025-06371-z,,https://europepmc.org/article/MED/40108714,,europe_pmc,europe_pmc_core,indexed,,include,review,include_review,"This systematic oncology digital-twin review maps applications, evidence trends, challenges, and clinical translation.",include,review,include_review,"This review primarily synthesizes dynamic medical digital twins for virtual reality innovative practices digital twins tumor therapy, including prediction, simulation, or intervention use.",include,review,include_review,reviewer_consensus,A: Systematically reviews digital twins in tumor therapy; synthesizes prediction treatment simulation and implementation evidence. B: Substantially synthesizes medical dynamic twins or closely equivalent learned simulation systems and their evaluation.
ALT-056bf65776d0,fresh_alternate_public_search,Generating whole-brain neural activity and behavior through unified latent dynamics,"Abstract Understanding how high-dimensional neural activity and behavior emerge from shared underlying dynamics remains a fundamental challenge in neuroscience. Addressing this problem is key to enabling digital twins that can faithfully reproduce and predict the multiscale brain–behavior dynamics of living systems. Here we present NEBULA (NEural and Behavioral modeling through Unified LAtent dynamics), a generative framework that jointly models whole-brain neural activity and behavior. By applying NEBULA to brain-wide recordings from C. elegans , we identify a shared low-dimensional dynamical manifold that underlies both neural activity and behavior, enabling long-horizon generation and targeted in silico interventions. Perturbations of the learned dynamics reveal behaviorally relevant transition points, whereas steering interventions enable controlled manipulation of neural and behavioral states without retraining. These results establish a framework for linking brain dynamics to behavior in a living organism and provide a foundation for scalable virtual experimentation in neuroscience.",Davide Nuzzi; Maurizio Mattia; Giovanni Pezzulo,2026,2026,openRxiv,10.64898/2026.06.05.730482,,https://doi.org/10.64898/2026.06.05.730482,posted-content,crossref,"""latent dynamics"" medical;""latent dynamics"" physiological",registered,,include,empirical,include_empirical,"NEBULA learns generative neural-behavioral dynamics and evaluates long-horizon rollouts, interventions, and state steering.",include,empirical,include_empirical,The generating whole brain neural activity behavior through unified latent dynamics study learns or calibrates temporal dynamics and directly evaluates intervention-conditioned rollouts or planning outcomes.,include,empirical,include_empirical,third_full_text_adjudication,"NEBULA learns latent whole-brain and behavioral dynamics from living-organism recordings and directly evaluates long-horizon generation, transition-point perturbations, and controlled steering interventions."
ALT-d95710ea0760,fresh_alternate_public_search,"Generative ""Medical Time Travel"" Simulators for Disease Progression Forecasting",,Lynal Marwin Lobo; Kushal Gowda HB; Rakshitha Kiran P,2025,2025,2025 First International Conference on Intelligent Computing and Communication Systems (CICCS),10.1109/ciccs66437.2025.11280238,,https://doi.org/10.1109/ciccs66437.2025.11280238,proceedings-article,crossref,"""disease progression model"" generative intervention",registered,,uncertain,not_applicable,insufficient_abstract,The highly relevant simulator title lacks an abstract needed to verify empirical learned dynamics and evaluation.,uncertain,empirical,insufficient_abstract,"The generative medical time travel simulators disease progression forecasting title plausibly denotes learned medical dynamics, but the missing abstract does not establish direct future or action evaluation.",include,empirical,include_empirical,third_full_text_adjudication,"The temporal generative simulator is trained on longitudinal medical data to generate future disease images and sequences, with future-state fidelity evaluated using image and segmentation metrics."
ALT-49858f3d90ed,fresh_alternate_public_search,Generative modeling of clinical time series via latent stochastic differential equations.,"Clinical time series data from electronic health records and medical registries offer unprecedented opportunities to understand patient trajectories and inform medical decision-making. However, leveraging such data presents significant challenges due to irregular sampling, complex latent physiology, and inherent uncertainties in both measurements and disease progression. To address these challenges, we propose a generative modeling framework based on latent neural stochastic differential equations (SDEs) that views clinical time series as discrete-time partial observations of an underlying controlled stochastic dynamical system. Our approach models latent dynamics via neural SDEs with modality-dependent emission models, while performing state estimation and parameter learning through variational inference. This formulation naturally handles irregularly sampled observations, learns complex nonlinear interactions, and captures the stochasticity of disease progression and measurement noise within a unified scalable probabilistic framework. We validate the framework on three complementary tasks: (i) individual treatment effect estimation using a simulated pharmacokinetic-pharmacodynamic (PKPD) model of lung cancer, (ii) probabilistic glucose forecasting using synthetic data from the Bergman Minimal Model, and (iii) probabilistic forecasting of physiological signals using real-world intensive care unit (ICU) data from 12,000 patients. Results show that our framework achieves the strongest overall performance compared to latent ordinary differential equation (ODE), controlled differential equation (CDE), and long short-term memory (LSTM) baselines, with consistent advantages in uncertainty calibration across all datasets. These results highlight its potential for enabling precise, uncertainty-aware predictions to support clinical decision-making.",Muhammad Aslanimoghanloo; Ahmed ElGazzar; Marcel van Gerven,2026,2026,Journal of biomedical informatics,10.1016/j.jbi.2026.105043,,https://pubmed.ncbi.nlm.nih.gov/42000010/,journal-article,europe_pmc;pubmed,europe_pmc_core;pubmed_core,indexed,,include,empirical,include_empirical,The learned controlled neural SDE directly evaluates treatment counterfactuals and probabilistic physiological forecasting.,include,empirical,include_empirical,The generative clinical time series latent stochastic differential equations study learns or calibrates temporal dynamics and directly evaluates intervention-conditioned rollouts or planning outcomes.,include,empirical,include_empirical,reviewer_consensus,"A: Learns controlled latent stochastic clinical dynamics; evaluates multistep physiological forecasts and treatment simulations. B: Primary methods and results establish data-adapted medical or biomedical dynamics with direct trajectory, simulator, or action-response evaluation."
ALT-0b099473166d,fresh_alternate_public_search,Graph Representation Forecasting of Patient's Medical Conditions: Toward a Digital Twin.,"Objective: Modern medicine needs to shift from a wait and react, curative discipline to a preventative, interdisciplinary science aiming at providing personalized, systemic, and precise treatment plans to patients. To this purpose, we propose a ""digital twin"" of patients modeling the human body as a whole and providing a panoramic view over individuals' conditions. Methods: We propose a general framework that composes advanced artificial intelligence (AI) approaches and integrates mathematical modeling in order to provide a panoramic view over current and future pathophysiological conditions. Our modular architecture is based on a graph neural network (GNN) forecasting clinically relevant endpoints (such as blood pressure) and a generative adversarial network (GAN) providing a proof of concept of transcriptomic integrability. Results: We tested our digital twin model on two simulated clinical case studies combining information at organ, tissue, and cellular level. We provided a panoramic overview over current and future patient's conditions by monitoring and forecasting clinically relevant endpoints representing the evolution of patient's vital parameters using the GNN model. We showed how to use the GAN to generate multi-tissue expression data for blood and lung to find associations between cytokines conditioned on the expression of genes in the renin-angiotensin pathway. Our approach was to detect inflammatory cytokines, which are known to have effects on blood pressure and have previously been associated with SARS-CoV-2 infection (e.g., CXCR6, XCL1, and others). Significance: The graph representation of a computational patient has potential to solve important technological challenges in integrating multiscale computational modeling with AI. We believe that this work represents a step forward toward next-generation devices for precision and predictive medicine.","Barbiero P, Viñas Torné R, Lió P.",2021,2021-09-16,,10.3389/fgene.2021.652907,,https://europepmc.org/article/MED/34603366,,europe_pmc,europe_pmc_core,indexed,,include,empirical,include_empirical,The learned GNN digital twin forecasts multiscale physiological trajectories in simulated clinical cases.,include,empirical,include_empirical,The graph representation forecasting patient s medical conditions digital twin study learns or calibrates temporal dynamics and directly evaluates intervention-conditioned rollouts or planning outcomes.,include,empirical,include_empirical,reviewer_consensus,"A: Learns graph-based patient physiological endpoint dynamics; evaluates future-condition forecasts and transcriptomic integration. B: Primary methods and results establish data-adapted medical or biomedical dynamics with direct trajectory, simulator, or action-response evaluation."
ALT-77e8f9271a36,fresh_alternate_public_search,Hierarchical Bayesian modelling of disease progression to inform clinical trial design in centronuclear myopathy.,"BACKGROUND: Centronuclear myopathies are severe rare congenital diseases. The clinical variability and genetic heterogeneity of these myopathies result in major challenges in clinical trial design. Alternative strategies to large placebo-controlled trials that have been used in other rare diseases (e.g., the use of surrogate markers or of historical controls) have limitations that Bayesian statistics may address. Here we present a Bayesian model that uses each patient's own natural history study data to predict progression in the absence of treatment. This prospective multicentre natural history evaluated 4-year follow-up data from 59 patients carrying mutations in the MTM1 or DNM2 genes. METHODS: Our approach focused on evaluation of forced expiratory volume in 1 s (FEV1) in 6- to 18-year-old children. A patient was defined as a responder if an improvement was observed after treatment and the predictive probability of such improvement in absence of intervention was less than 0.01. An FEV1 response was considered clinically relevant if it corresponded to an increase of more than 8%. RESULTS: The key endpoint of a clinical trial using this model is the rate of response. The power of the study is based on the posterior probability that the rate of response observed is greater than the rate of response that would be observed in the absence of treatment predicted based on the individual patient's previous natural history. In order to appropriately control for Type 1 error, the threshold probability by which the difference in response rates exceeds zero was adapted to 91%, ensuring a 5% overall Type 1 error rate for the trial. CONCLUSIONS: Bayesian statistical analysis of natural history data allowed us to reliably simulate the evolution of symptoms for individual patients over time and to probabilistically compare these simulated trajectories to actual observed post-treatment outcomes. The proposed model adequately predicted the natural evolution of patients over the duration of the study and will facilitate a sufficiently powerful trial design that can cope with the disease's rarity. Further research and ongoing dialog with regulatory authorities are needed to allow for more applications of Bayesian statistics in orphan disease research.",Eve Fouarge; Arnaud Monseur; Bruno Boulanger; Mélanie Annoussamy; Andreea M Seferian; Silvana De Lucia; Charlotte Lilien; Leen Thielemans; Khazal Paradis; Belinda S Cowling; Chris Freitag; Bradley P Carlin; Laurent Servais; NatHis-MTM Study Group,2021,2021,Orphanet journal of rare diseases,10.1186/s13023-020-01663-7,,https://pubmed.ncbi.nlm.nih.gov/33407688/,journal-article,europe_pmc;pubmed,europe_pmc_core;pubmed_core,indexed,,include,empirical,include_empirical,The Bayesian model learns natural-history trajectories and evaluates simulated untreated counterfactuals against post-treatment outcomes.,exclude,not_applicable,no_future_or_action_evaluation,"The hierarchical bayesian disease progression inform clinical trial design centronuclear myopathy study analyzes or reconstructs dynamics but does not directly evaluate future states, actions, rollouts, or planning.",include,empirical,include_empirical,reviewer_consensus,"A: Fits patient-specific Bayesian myopathy progression; predicts untreated trajectories for treatment-response assessment. B: Primary methods and results establish data-adapted medical or biomedical dynamics with direct trajectory, simulator, or action-response evaluation."
ALT-11ca23d625dd,fresh_alternate_public_search,How to improve statistical power in a trial with SCA2 patients using natural history data.,"Randomized, double-blind, placebo-controlled trials are the gold standard for evaluating treatment effects, as they minimize biases. However, they raise ethical concerns regarding participant exposure to potentially ineffective interventions. For rare neurodegenerative diseases, these trials are further challenged by the limited number of patients. Our goal is to leverage recent advancements in statistical methodologies to enhance the statistical power of these trials. We aim to test these methods to the ATRIL study, which evaluated the efficacy of riluzole in patients with dominant cerebellar ataxia SCA2. We trained a progression model on natural history data to capture the progression of the disease, using Disease Course Mapping. We explored the prediction-powered inference for clinical trials method (PPCT), which leverages the prognostic scores predicted by this model, to offer an unbiased comparison between the observed progression in treated patients and the predicted progression if they had not been treated. Then, we compared PPCT to the prognostic covariate adjustment and the Hybrid Augmented Inverse Probability Weighting (H-AIPW) methods, which respectively incorporate the prognostic score to the analysis of covariance or to the Augmented Inverse Probability Weighting (AIPW) method. These methods were applied to the ATRIL trial, which included treated and placebo SCA2 patients, using a model trained on patients from US and European cohorts (EUROSCA, SPATAX, CRC-SCA). Disease Course Mapping models accurately forecasted the prognostic scores, namely the predicted one-year SARA score progression, with correlations around 0.15. The treatment effect estimator had a lower variance using the PPCT (0.342), prognostic covariate adjustment (0.344), and H-AIPW (0.348) methods compared to the classical variance (0.407). Notably, PPCT would reduce the sample size by 14.5% (6 patients). Using the PPCT estimator of the average treatment effect, the same variance reported in the ATRIL paper could have been achieved with 39 patients instead of 45. Our study addresses the challenge of statistical power in clinical trials and explores new methodological advancements. Applying the PPCT, prognostic covariate adjustment, or H-AIPW methods helps reduce confidence intervals, enhance statistical power, or decrease the required sample size for the trial by leveraging information from external data. Although the ATRIL's trial conclusion on riluzole remains unchanged, these methods could have enabled the selection of fewer patients, which is crucial for rare neurodegenerative diseases.","Tran M, Poulet PE, Petit E, Durr A, Klockgether T, Ashizawa T, Coarelli G, du Montcel ST.",2026,2026-03-05,,10.1186/s13063-026-09591-w,,https://europepmc.org/article/MED/41787540,,europe_pmc,europe_pmc_core,indexed,,include,empirical,include_empirical,The learned progression model forecasts untreated trajectories and evaluates their counterfactual use in a clinical trial.,exclude,not_applicable,no_future_or_action_evaluation,"The how improve statistical power trial sca2 patients natural history data study analyzes or reconstructs dynamics but does not directly evaluate future states, actions, rollouts, or planning.",include,empirical,include_empirical,reviewer_consensus,"A: Learns SCA2 disease-course trajectories from natural history data; evaluates model-assisted trial power and treatment inference. B: Primary methods and results establish data-adapted medical or biomedical dynamics with direct trajectory, simulator, or action-response evaluation."
ALT-d527b2b5e8f4,fresh_alternate_public_search,Human Digital Twin for Personalized Elderly Type 2 Diabetes Management.,"Managing Elderly type 2 diabetes (E-T2D) is challenging due to geriatric conditions (e.g., co-morbidity, multiple drug intake, etc.), and personalization becomes paramount for precision medicine. This paper presents a human digital twin (HDT) framework to manage E-T2D that exploits various patient-specific data and builds a suite of models exploiting the data for prediction and management to personalize diabetes treatment in E-T2D patients. These models include mathematical and deep-learning ones that capture different patient aspects. Consequently, the HDT virtualizes the patient from different viewpoints using an HDT that mimics the patient and has interfaces to update the virtual models simultaneously from measurements. Using these models the HDT obtains deeper insights about the patient. Further, an adaptive patient model fusing this information and a learning-based model predictive control (LB-MPC) algorithm are proposed. The geriatric conditions are captured as model parameters and constraints while solving the LB-MPC to personalize the insulin infusion for E-T2D management. The HDT is deployed on and illustrated with 15 patients using clinical trials and simulations. Our results show that HDT helps improve the time-in-range from 3-75% to 86-97% and reduces insulin infusion by 14-29%.","Thamotharan P, Srinivasan S, Kesavadev J, Krishnan G, Mohan V, Seshadhri S, Bekiroglu K, Toffanin C.",2023,2023-03-07,,10.3390/jcm12062094,,https://europepmc.org/article/MED/36983097,,europe_pmc,europe_pmc_core,indexed,,include,empirical,include_empirical,The adaptive diabetes twin evaluates learning-based predictive control of personalized insulin delivery.,exclude,not_applicable,review_not_primary,This review centers on human digital twin personalized elderly type 2 diabetes management rather than evaluated medical learned world-model dynamics as its primary subject.,include,empirical,include_empirical,third_full_text_adjudication,The diabetes twin adapts patient-model parameters from clinical measurements and evaluates predicted glucose evolution and learning-based model-predictive insulin control across alternative dosing trajectories.
ALT-cf089f5a91f0,fresh_alternate_public_search,Hybrid deep learning-mechanistic modeling of cellular dynamics from a spatiotemporal single-cell atlas.,"Single-cell measurement technologies provide a powerful framework for studying cellular heterogeneity, transitions, and regulatory networks, yet reconstructing the underlying dynamical processes governing these transitions remains a major challenge due to the high dimensionality of gene expression data. To address this, we develop a variational autoencoder (VAE)–latent neural ordinary differential equation (ODE) approach that learns a low-dimensional latent representation of cellular states and models their temporal evolution. We apply our framework to the single-cell fluorescence imaging spatiotemporal atlas of Drosophila melanogaster blastoderm embryos via spatial registration, which comprises six registered developmental time points prior to gastrulation. In our approach, gene expression profiles are encoded into a latent space where a neural ordinary differential equation (ODE) is trained to capture the continuous dynamics of cellular states over time, and a decoder subsequently maps these evolving latent representations back to the original high-dimensional gene expression space, enabling accurate reconstruction of observed transcriptional patterns. While such black-box deep learning approaches excel at capturing complex dynamical trajectories, they are inherently limited in their ability to predict the effects of combinatorial perturbations. To overcome this limitation, we leverage the inferred latent dynamics as a foundation for fitting a mechanistic Hill-function model of gene regulation, which—guided by the black-box representations—enables interpretable predictions by systematically perturbing couplings between specific gene pairs and thus provides mechanistic insight into developmental regulatory programs. Author summary We set out to learn how genes interact over time during early development using data measured from individual cells. Many powerful deep learning models can fit complex patterns, but they are hard to edit or use for “what-if” genetic changes. Classical mechanistic models are easier to interpret but struggle when the data are sparse. We built a hybrid approach that combines both strengths. First, we trained a deep learning model to place each cell’s gene activity into a smooth, low-dimensional space and to estimate how these states change over time. We then used those estimates to fit a simple, editable model of gene regulation based on standard biochemical response curves. This second model lets us turn specific regulatory connections on or off and predict the effects without retraining the whole system. Using a spatiotemporal atlas of the fruit fly embryo, we show that the hybrid model makes accurate short-term predictions and yields clear, testable hypotheses about which genes control others. Our study demonstrates a practical way to turn flexible deep learning into interpretable, mechanistic insight for dynamic single-cell data.",Xiaoyu Duan; Vipul Periwal,2025,2025,bioRxiv : the preprint server for biology,10.1101/2025.10.02.679951,,https://pubmed.ncbi.nlm.nih.gov/41256408/,journal-article,europe_pmc;pubmed,europe_pmc_core;pubmed_core,indexed,,include,empirical,include_empirical,Learned latent cellular dynamics support short-term forecasts and data-adapted counterfactual gene-regulation perturbations.,include,empirical,include_empirical,The hybrid deep learning mechanistic cellular dynamics spatiotemporal single cell atlas study learns or calibrates temporal dynamics and directly evaluates intervention-conditioned rollouts or planning outcomes.,include,empirical,include_empirical,reviewer_consensus,"A: Learns latent neural ODE cellular developmental dynamics; validates temporal trajectories on spatiotemporal single-cell data. B: Primary methods and results establish data-adapted medical or biomedical dynamics with direct trajectory, simulator, or action-response evaluation."
ALT-ad2c2c11044d,fresh_alternate_public_search,Inferring Trajectories of Psychotic Disorders Using Dynamic Causal Modeling.,"INTRODUCTION: Illness course plays a crucial role in delineating psychiatric disorders. However, existing nosologies consider only its most basic features (e.g., symptom sequence, duration). We developed a Dynamic Causal Model (DCM) that characterizes course patterns more fully using dense timeseries data. This foundational study introduces the new modeling approach and evaluates its validity using empirical and simulated data. METHODS: A three-level DCM was constructed to model how latent dynamics produce symptoms of depression, mania, and psychosis. This model was fit to symptom scores of nine patients collected prospectively over four years, following first hospitalization. Simulated subjects based on these empirical data were used to evaluate model parameters at the subject-level. At the group-level, we tested the accuracy with which the DCM can estimate the latent course patterns using Parametric Empirical Bayes (PEB) and leave-one-out cross-validation. RESULTS: Analyses of empirical data showed that DCM accurately captured symptom trajectories for all nine subjects. Simulation results showed that parameters could be estimated accurately (correlations between generative and estimated parameters >= 0.76). Moreover, the model could distinguish different latent course patterns, with PEB correctly assigning simulated patients for eight of nine course patterns. When testing any pair of two specific course patterns using leave-one-out cross-validation, 30 out of 36 pairs showed a moderate or high out-of-samples correlation between the true group-membership and the estimated group-membership values. CONCLUSION: DCM has been widely used in neuroscience to infer latent neuronal processes from neuroimaging data. Our findings highlight the potential of adopting this methodology for modeling symptom trajectories to explicate nosologic entities, temporal patterns that define them, and facilitate personalized treatment.",Jingwen Jin; Peter Zeidman; Karl J Friston; Roman Kotov,2023,2023,"Computational psychiatry (Cambridge, Mass.)",10.5334/cpsy.94,,https://pubmed.ncbi.nlm.nih.gov/38774642/,journal-article,europe_pmc;pubmed,europe_pmc_core;pubmed_core,indexed,,include,empirical,include_empirical,The fitted generative dynamics model simulates symptom trajectories and empirically evaluates trajectory and parameter recovery.,exclude,not_applicable,review_not_primary,This review centers on inferring trajectories psychotic disorders dynamic causal rather than evaluated medical learned world-model dynamics as its primary subject.,include,empirical,include_empirical,reviewer_consensus,"A: Fits dynamic causal symptom-course models to longitudinal patients; validates latent trajectory recovery with empirical and simulated data. B: Primary methods and results establish data-adapted medical or biomedical dynamics with direct trajectory, simulator, or action-response evaluation."
ALT-d3993e000d34,fresh_alternate_public_search,Integrated Longitudinal Population Dose-Hemoglobin Response of Daprodustat Following Dose Titration in Patients With Anemia in Chronic Kidney Disease.,"Daprodustat, a novel oral hypoxia-inducible factor prolyl hydroxylase inhibitor is approved in the United States for the treatment of anemia due to chronic kidney disease (CKD) in adults receiving dialysis for at least 4 months. Pharmacodynamic dose-hemoglobin (Dose-Hgb) models were developed as daprodustat progressed through development. To support global phase III development, a dose-titration algorithm, guided by simulations from the initial Dose-Hgb model based on phase II clinical data, was implemented. This work was to update and re-calibrate this model to support the dose titration algorithm. Data from five pivotal phase III studies in CKD patients with anemia treated with daprodustat once daily (q.d.) and/or three times a week (t.i.w.) using a titration dosing schedule were included. The data comprised 2,770 CKD patients with anemia providing 53,535 Hgb observations over a period of 6 months up to 4 years. This final Dose-Hgb model consisted of a precursor cell compartment and 12 transit compartments to describe the red blood cell (RBC) lifespan. Treatment increased the precursor cell production rate (K in ) by a power of allometrically scaled dose. Disease progression, as an exponential decline of Hgb production rate over time, varied with dialysis status. The dose-titration algorithm resulted in comparable response for t.i.w. dosing relative to q.d. dosing. Titration-based visual predictive checks for Hgb target criteria for the analysis dataset and the prediction dataset showed that the model adequately predicted the observed data. This re-calibrated Dose-Hgb model will provide further support for the individualized dosing strategy in CKD patients with anemia treated with daprodustat.","Mahar KM, van Noort M, van den Berg P, Yang S, Visser SAG, Post TM.",2025,2025-01-28,,10.1002/cpt.3544,,https://europepmc.org/article/MED/39876087,,europe_pmc,europe_pmc_core,indexed,,include,empirical,include_empirical,A data-calibrated dose-conditioned transit model predicts hemoglobin responses and validates titration simulations.,exclude,not_applicable,no_learned_dynamics,The integrated longitudinal population dose hemoglobin response daprodustat following dose titration study uses prescribed mechanistic or statistical dynamics rather than a learned transition mechanism.,include,empirical,include_empirical,reviewer_consensus,"A: Fits longitudinal dose-hemoglobin response dynamics; recalibrates and simulates dose-titration trajectories. B: Primary methods and results establish data-adapted medical or biomedical dynamics with direct trajectory, simulator, or action-response evaluation."
ALT-8e4690fb56cd,fresh_alternate_public_search,Interpretable learning of temporal cellular dynamics from single-cell data.,"Reconstructing temporal cellular dynamics from static single-cell transcriptomics remains a major challenge. Methods based on RNA velocity are useful, but interpreting their results to learn new biology remains difficult, and their predictive power is limited. Here, we propose NeuroVelo, a method that couples learning of an optimal linear projection with non-linear neural ordinary differential equations. Using dynamical systems theory in the optimized latent space, NeuroVelo can at the same time determine cellular transitions and identify gene interactions that drive the observed temporal dynamics of gene expression. We benchmark NeuroVelo against several state-of-the-art methods using single-cell datasets, demonstrating that NeuroVelo simultaneously reconstructs correct cell-type transitions and identifies gene-regulatory networks that drive cell fate directly from the data.","Kouadri Boudjelthia I, Milite S, El Kazwini N, Huang Y, Sottoriva A, Sanguinetti G.",2026,2026-03-01,Cell Reports Methods,10.1016/j.crmeth.2026.101342,,https://europepmc.org/article/MED/41875867,journal-article,crossref;europe_pmc,"""virtual cell"" temporal dynamics;europe_pmc_core",indexed,,include,empirical,include_empirical,Neural ODE dynamics learned from single-cell data are benchmarked on reconstructing cellular transitions.,exclude,not_applicable,no_learned_dynamics,The interpretable learning temporal cellular dynamics single cell data study uses prescribed mechanistic or statistical dynamics rather than a learned transition mechanism.,include,empirical,include_empirical,reviewer_consensus,"A: Learns neural ODE cellular transition dynamics; benchmarks reconstructed transitions and regulatory interactions. B: Primary methods and results establish data-adapted medical or biomedical dynamics with direct trajectory, simulator, or action-response evaluation."
ALT-6b7467bd30eb,fresh_alternate_public_search,Is San Diego California on Track to Reach HCV Elimination? A Modeling Analysis of Combination Prevention Strategies.,"In 2020, the Eliminate Hepatitis C Initiative in the county of San Diego (COSD) was launched, a private-public joint endeavor between the COSD and the American Liver Foundation. We use epidemic modeling to assess whether the COSD is on track to reach its elimination targets (80% reduction in incidence, 65% reduction in hepatitis C virus (HCV)-related mortality by 2030 compared to 2015) and what intervention scale-up may be required. We adapted a previously developed dynamic, deterministic model of HCV transmission and disease progression among adults in the COSD, stratified by risk, age, gender, and human immunodeficiency virus (HIV) status. The model is calibrated to detailed historical epidemiological data on HCV burden, treatment, and mortality in the COSD. We project HCV infections and mortality under status quo HCV treatment (65%/year among people coinfected with HCV and HIV, 0-5%/year among others) and determine what treatment scale-up among those without HIV is required to achieve HCV elimination, with or without concomitant reductions in injection transmission risk from 2024 onward. We project an increase in new HCV infections in the COSD to 2213 [95% C.I.: 1069-3763] in 2030, a mean 91% relative increase between 2015 and 2030. HCV-related deaths are expected to decrease to 246 [95% C.I.: 180-295] in 2030, a mean relative decrease of 14% compared to 2015. The incidence elimination target could be achieved through increasing HCV treatment among those without HIV to a mean of 60%/year, similar to the level achieved among people coinfected with HCV and HIV. Combination interventions reduce the treatment needed; if injecting risk is reduced by 25%, then treating 48%/year could achieve elimination. The COSD is likely not on track to reach the incidence or mortality targets, but achieving the incidence target is possible if treatment rates overall are scaled-up to rates that have been achieved among people coinfected with HCV and HIV. Elimination is achievable but requires committed funding and expansion of comprehensive testing, linkage, and treatment programs alongside harm reduction initiatives.","Cheema JS, Suckow S, Ramers C, Loose P, Tomada A, Tweeten S, Stamos-Buesig T, Abramovitz D, Eger WH, Strathdee SA, Martin NK.",2024,2024-11-22,,10.3390/v16121819,,https://europepmc.org/article/MED/39772129,,europe_pmc,europe_pmc_core,indexed,,include,empirical,include_empirical,A data-calibrated dynamic HCV model projects disease states under treatment and transmission-risk counterfactuals.,exclude,not_applicable,no_future_or_action_evaluation,"The is san diego california track reach hcv elimination combination prevention study analyzes or reconstructs dynamics but does not directly evaluate future states, actions, rollouts, or planning.",include,empirical,include_empirical,reviewer_consensus,"A: Calibrates HCV transmission and progression dynamics to local data; projects infections mortality and intervention scale-up scenarios. B: Primary methods and results establish data-adapted medical or biomedical dynamics with direct trajectory, simulator, or action-response evaluation."
ALT-6a64d732fb1e,fresh_alternate_public_search,Koopman-based linearization of preparatory EEG dynamics in Parkinson's disease during galvanic vestibular stimulation.,"Introduction Parkinson's disease (PD) impairs motor preparation due to basal ganglia dysfunction, contributing to motor deficits. Galvanic Vestibular Stimulation (GVS), a non-invasive neuromodulation technique, shows promise in enhancing motor function in PD, but its underlying neural mechanisms are poorly understood. This study employs a Deep Koopman model to linearize and analyze preparatory EEG dynamics in PD, hypothesizing that GVS restores cortical activity patterns critical for motor planning. Methods EEG data from 18 PD participants (on/off medication) and 18 healthy controls were collected during a preparatory phase of a motor task under three conditions: sham, GVS1 (50-100 Hz multi-sine), and GVS2 (100-150 Hz multi-sine). A Deep Koopman framework mapped EEG signals into a three-dimensional latent space for linear dynamical analysis. Temporal dynamics were assessed via eigenvalue analysis, spatial contributions via regression-based scalp mapping, and motor performance correlations via Pearson's coefficients. A Linear Quadratic Regulator (LQR) simulated control of PD dynamics toward healthy patterns. Results The Deep Koopman model accurately captured EEG dynamics, with eigenvalue analysis showing no significant temporal dynamic differences across groups. Spatial contribution analysis revealed that PD-Off sham conditions deviated most from healthy control EEG patterns, while GVS and medication significantly reduced these deviations, aligning PD patterns closer to controls. Closer alignment correlated with improved motor performance metrics, including reduced reaction and squeeze times. LQR control effectively guided PD neural dynamics toward healthy trajectories in the latent space. Discussion GVS enhances motor preparation in PD by restoring healthy cortical EEG patterns, with additive benefits from dopaminergic medication. The Deep Koopman framework offers a powerful approach for dissecting complex EEG dynamics and designing targeted neuromodulation strategies. These findings elucidate GVS's therapeutic mechanisms and highlight its potential for personalized PD interventions, warranting further exploration in larger cohorts and varied stimulation protocols.","Kia M, Mirian MS, Soori S, Saedi S, Arasteh E, Faramarzi MH, Chinchani A, Lee S, Luczak A, McKeown MJ.",2025,2025-05-14,,10.3389/fnhum.2025.1566566,,https://europepmc.org/article/MED/40438537,,europe_pmc,europe_pmc_core,indexed,,include,empirical,include_empirical,Learned EEG dynamics are evaluated under stimulation and used for simulated trajectory control.,include,empirical,include_empirical,The koopman linearization preparatory eeg dynamics parkinson s disease during galvanic study learns or calibrates temporal dynamics and directly evaluates intervention-conditioned rollouts or planning outcomes.,include,empirical,include_empirical,reviewer_consensus,"A: Learns Koopman latent EEG dynamics in Parkinson disease; evaluates stimulation-conditioned dynamical changes. B: Primary methods and results establish data-adapted medical or biomedical dynamics with direct trajectory, simulator, or action-response evaluation."
ALT-1989194480f7,fresh_alternate_public_search,Latent process model of the 6-minute walk test in Duchenne muscular dystrophy : A Bayesian approach to quantifying rare disease progression.,"Duchenne muscular dystrophy (DMD) is a rare X-linked genetic pediatric disease characterized by a lack of functional dystrophin production in the body, resulting in muscle deterioration. Lower body muscle weakness progresses to non-ambulation typically by early teenage years, followed by upper body muscle deterioration and ultimately death by the late twenties. The objective of this study was to enhance the quantitative understanding of DMD disease progression through nonlinear mixed effects modeling of the population mean and variability of the 6-min walk test (6MWT) clinical endpoint. An indirect response model with a latent process was fit to digitized literature data using full Bayesian estimation. The modeling data set consisted of 22 healthy controls and 218 DMD patients from one interventional and four observational trials. The model reasonably described the central tendency and population variability of the 6MWT in healthy subjects and DMD patients. An exploratory categorical covariate analysis indicated that there was no apparent effect of corticosteroid administration on DMD disease progression. The population predicted 6MWT began to rise at 1.32 years of age, plateauing at 654 meters (m) at 17.2 years of age for the healthy population. The DMD trajectory reached a maximum of 411 m at 8.90 years before declining and falling below 1 m at age 18.0. The model has potential to be used as a Bayesian estimation and posterior simulation tool to make informed model-based drug development decisions that incorporate prior knowledge with new data.",Janelle L Lennie; John T Mondick; Marc R Gastonguay,2020,2020,Journal of pharmacokinetics and pharmacodynamics,10.1007/s10928-020-09671-7,,https://pubmed.ncbi.nlm.nih.gov/31960231/,journal-article,europe_pmc;pubmed,europe_pmc_core;pubmed_core,indexed,,include,empirical,include_empirical,A data-fitted latent disease dynamics model generates posterior simulations of longitudinal walking trajectories.,exclude,not_applicable,no_future_or_action_evaluation,"The latent process 6 minute walk test duchenne muscular dystrophy bayesian study analyzes or reconstructs dynamics but does not directly evaluate future states, actions, rollouts, or planning.",include,empirical,include_empirical,reviewer_consensus,"A: Fits Bayesian latent DMD walking progression; evaluates predicted longitudinal clinical-endpoint trajectories. B: Primary methods and results establish data-adapted medical or biomedical dynamics with direct trajectory, simulator, or action-response evaluation."
ALT-d03766bf85b3,fresh_alternate_public_search,Learning Covariate Relations in Disease Progression Models Using Symbolic Neural Networks.,"Covariate modeling provides individual predictions of outcomes by disease progression models. Current methodology for mapping covariates onto model parameters is limited by predefined parametric functions which can result in inadequate covariate selection and biased predictions by the final model. Furthermore, present methodology scales poorly to high-dimensional data due to combinatorial limitations. In the present study, a novel method for automation of covariate model identification in disease progression models is described. Symbolic neural networks are used to simultaneously identify the parametric covariate functions and optimize model parameters of a Markov chain. By stepwise pruning of initially fully connected dense symbolic networks, humanly readable functions representing the covariate relations are produced. The presented methodology is applied to a dataset containing disease progression observations for type 2 diabetes patients. Although utilizing fewer covariates, the resulting model demonstrates predictive performance similar to that of a model which was developed on the same data using state-of-the-art modeling methodology.","Sundell J, Wahlquist Y, Kjellsson MC, Karlsson MO, Soltesz K.",2026,2026-03-01,,10.1002/psp4.70214,,https://europepmc.org/article/MED/41806166,,europe_pmc,europe_pmc_core,indexed,,include,empirical,include_empirical,Symbolic neural networks learn covariate-conditioned Markov transitions and are evaluated on predictive performance.,exclude,not_applicable,no_future_or_action_evaluation,"The learning covariate relations disease progression symbolic neural networks study analyzes or reconstructs dynamics but does not directly evaluate future states, actions, rollouts, or planning.",include,empirical,include_empirical,third_full_text_adjudication,"Symbolic neural networks fit covariate-dependent Markov transition probabilities from longitudinal diabetes data, and simulated state-occupancy trajectories are validated against held-out observations."
ALT-ea4b3285b2fe,fresh_alternate_public_search,Learning Temporal Basis Vectors for Closed-Loop Neural Stimulation.,"We introduce a new framework for forecasting the spatiotemporal neural response to stimulation based on learning temporal basis functions. Our proposed temporal basis function model (TBFM) predicts neural responses as a function of both past neural activity and stimulation parameters. This enables TBFM's application to closed-loop neural stimulation using model-based control techniques such as model predictive control (MPC) or model-based reinforcement learning (MBRL). We illustrate the use of TBFMs on data from 40 sessions of micro-electrocorticography (μECog) capturing the response to excitatory optogenetic stimulation in two non-human primates (NHPs). We show that in such a setting, TBFMs require less than 20 minutes of data collection and 5 minutes of training time, while exhibiting accuracy comparable to a complex non-linear dynamical systems model, and greater accuracy than linear state space models (LSSMs) such as those based on the Kalman Filter. Finally, we demonstrate the model's ability to shape neural activity towards desired regimes in two simulated closed-loop stimulation experiments.Clinical relevance- By optimizing sample efficiency, training time, and latency, our model begins to bridge the gap between complex AI-based approaches to modeling brain stimulation and the vision of using such models to develop novel closed-loop stimulation protocols for treating a variety neurological conditions.",Matthew J Bryan; Felix Schwock; Azadeh Yazdan-Shahmorad; Rajesh P N Rao,2025,2025,Annual International Conference of the IEEE Engineering in Medicine and Biology Society. IEEE Engineering in Medicine and Biology Society. Annual International Conference,10.1109/embc58623.2025.11254522,,https://pubmed.ncbi.nlm.nih.gov/41336632/,journal-article,europe_pmc;pubmed,europe_pmc_core;pubmed_core,indexed,,include,empirical,include_empirical,Learns stimulation-conditioned neural dynamics and evaluates forecasting plus simulated closed-loop control.,include,empirical,include_empirical,The learning temporal basis vectors closed loop neural stimulation study learns or calibrates temporal dynamics and directly evaluates intervention-conditioned rollouts or planning outcomes.,include,empirical,include_empirical,reviewer_consensus,"A: Learns neural-response dynamics conditioned on stimulation; evaluates forecasts for closed-loop control. B: Primary methods and results establish data-adapted medical or biomedical dynamics with direct trajectory, simulator, or action-response evaluation."
ALT-792483034b08,fresh_alternate_public_search,LNODE: Uncovering the Latent Dynamics of A β in Alzheimer's Disease.,"Aβ Positron Emission Tomography (PET) is often used to manage Alzheimer's disease (AD). To better understand Aβ progression, we introduce and evaluate a mathematical model that couples Aβ at parcellated gray matter regions. We term this model LNODE for "" latent network ordinary differential equations "". At each region, we track normal Aβ , abnormal Aβ , and m latent states that intend to capture unobservable mechanisms coupled to Aβ progression. LNODE is parameterized by subject-specific parameters and cohort parameters. We jointly invert for these parameters by fitting the model to Aβ -PET data from 585 subjects from the ADNI dataset. Although underparameterized, our model achieves population R2≥98% compared to R2≤60% when fitting without latent states. Furthermore, these preliminary results suggest the existence of different subtypes of Aβ progression.","Wen Z, Biros G.",2026,2025-09-18,Lecture Notes in Computer Science,10.1007/978-3-032-05182-0_31,,https://europepmc.org/article/MED/41522259,book-chapter,crossref;europe_pmc,"""latent dynamics"" medical;europe_pmc_core",indexed,,include,empirical,include_empirical,A subject-adapted neural ODE models longitudinal amyloid state evolution and is evaluated against PET trajectories.,exclude,not_applicable,no_learned_dynamics,The lnode uncovering latent dynamics alzheimer s disease study uses prescribed mechanistic or statistical dynamics rather than a learned transition mechanism.,include,empirical,include_empirical,reviewer_consensus,"A: Fits latent network ODE amyloid dynamics to PET data; evaluates longitudinal fit and progression subtypes. B: Primary methods and results establish data-adapted medical or biomedical dynamics with direct trajectory, simulator, or action-response evaluation."
ALT-7109e80d2138,fresh_alternate_public_search,Longitudinal Synthetic Data Generation by Artificial Intelligence to Accelerate Clinical and Translational Research in Breast Cancer.,"PURPOSE: Real-world data (RWD) are critical for breast cancer (BC) research but are limited by privacy concerns, missing information, and data fragmentation. This study explores synthetic data (SD) generated through advanced generative models to address these challenges and create harmonized longitudinal data sets. METHODS: A data set of 1052 patients with human epidermal growth factor receptor 2-positive and triple-negative BC from the Informatics for Integrating Biology and the Bedside (i2b2) platform was used. Advanced generative models, including generative adversarial networks (GANs), variational autoencoders (VAEs), and language models (LMs), were applied to generate synthetic longitudinal data sets replicating disease progression, treatment patterns, and clinical outcomes. The Synthethic Validation Framework (SAFE) powered by Train was used to evaluate the fidelity, utility, and privacy. SD were tested across three settings: (1) integration with i2b2 for privacy-preserving data sets; (2) multistate disease modeling to predict clinical outcomes; and (3) generation of synthetic control groups for clinical trials. RESULTS: The synthetic data sets exhibited high fidelity (score 0.94) and ensured privacy, with temporal patterns validated through time-series analyses and Uniform Manifold Approximation and Projection embeddings. In setting A, SD accurately mirrored RWD on the i2b2 platform while maintaining privacy. In setting B, incorporating SD improved the predictive performance of a multistate disease progression model, increasing the C-index by up to 10%. In setting C, SD replicated the end points of the APT trial, demonstrating its feasibility for generating synthetic control arms with preserved statistical properties of the real data set. CONCLUSION: AI-generated longitudinal SD effectively address key challenges in RWD use in BC. This approach can improve translational research and clinical trial design while ensuring robust privacy protection. Integration with platforms such as i2b2 highlights their scalability and potential for broader applications in oncology.",Elena Zazzetti; Saverio D'Amico; Flavia Jacobs; Rita De Sanctis; Lorenzo Chiudinelli; Mariangela Gaudio; Gianluca Asti; Mattia Delleani; Elisabetta Sauta; Mirco Quintavalla; Alessandro Bruseghini; Luca Lanino; Giulia Maggioni; Alessia Campagna; Victor Savevski; Matteo G Della Porta; Alberto Zambelli,2025,2025,JCO clinical cancer informatics,10.1200/cci-25-00033,,https://pubmed.ncbi.nlm.nih.gov/41197110/,journal-article,europe_pmc;pubmed,europe_pmc_core;pubmed_core,indexed,,include,empirical,include_empirical,Generative models learn longitudinal cancer trajectories and are evaluated as synthetic disease and trial simulators.,include,empirical,include_empirical,The longitudinal synthetic data generation by artificial intelligence accelerate clinical translational study learns or calibrates temporal dynamics and directly evaluates intervention-conditioned rollouts or planning outcomes.,include,empirical,include_empirical,third_full_text_adjudication,"Generative models learn longitudinal breast-cancer records, and the study directly tests temporal coherence across visits, multistate progression behavior, and synthetic control-arm trajectories against real data."
ALT-d6abe9c98cda,fresh_alternate_public_search,Mapping the future of medicine through digital twins.,"Digital twins are rapidly gaining popularity in medicine and the health sciences, as they offer not merely a new method but a versatile paradigm capable of addressing a wide range of healthcare challenges. In this paper, we provide a focused survey of these developments and highlight promising approaches across several fields, including general health systems, cardiology, oncology, and mental health. We also discuss the key challenges and future directions for general medical digital twin systems.",Frank Emmert-Streib; Shailesh Tripathi; Olli Yli-Harja,2026,2026,Frontiers in molecular medicine,10.3389/fmmed.2026.1840371,,https://pubmed.ncbi.nlm.nih.gov/42130902/,journal-article,europe_pmc;pubmed,europe_pmc_core;pubmed_core,indexed,,exclude,review,review_not_primary,Provides a generic medical digital-twin survey without a focused world-model evidence synthesis.,include,review,include_review,"This review primarily synthesizes dynamic medical digital twins for mapping future medicine through digital twins, including prediction, simulation, or intervention use.",include,review,include_review,reviewer_consensus,A: Surveys medical digital twins across clinical specialties; centrally reviews dynamic prediction simulation and intervention approaches. B: Substantially synthesizes medical dynamic twins or closely equivalent learned simulation systems and their evaluation.
ALT-e928d3e6cc41,fresh_alternate_public_search,Maximizing Knowledge Extraction From Patient-Reported Outcome Data Using Exposure-Outcome Item Response Modeling Approach: Understanding Efavirenz-Induced Central Nervous System Toxicity.,"This investigation was undertaken to maximally extract hidden knowledge from an efavirenz-based trial data set using an item response theory-based approach to exposure-outcome analysis. The aim was to understand the influence of efavirenz exposure on the underlying neuropsychiatric impairment in HIV/AIDS patients. Data from 196 individuals with 4136 neuropsychiatric impairment symptom observations at baseline and 2 and 12 weeks of 600-mg efavirenz-based therapy was analyzed. The 7 symptoms were categorized as sleep disorders (3), hallucinations (3), and cognitive impairment (1). A longitudinal item response theory model incorporating 3 latent variables based on the symptom categories and a linear disease progression model with a symptomatic drug effect was developed in NONMEM 7.4.1. The model adequately characterized the observed symptoms and revealed the hidden knowledge on the informativeness of symptoms in characterizing the underlying neuropsychiatric impairment. Informativeness, which was affected by underlying impairment severity and efavirenz therapy duration, varied among symptoms. Sleep disorders were the most efavirenz-sensitive symptom category. Vivid dreams and auditory hallucinations were most informative in their respective symptom categories. Mini-Mental State Examination score cutoff levels used to classify the severity of cognitive impairment did not distinctively correspond with neuropsychiatric impairment severity. Efavirenz treatment effect on the severity of neuropsychiatric impairment was not more than 15%. Simulation of individual symptoms at the 400-mg dose only reduced the prevalence of sleep disorder symptoms. Use of the exposure-item response theory modeling approach maximally extracted hidden knowledge about efavirenz-induced neuropsychiatric impairment and appropriately characterized the impact of dose reduction on specific neuropsychiatric impairment symptoms.",Karungi S Bisaso; Kuteesa R Bisaso; Jackson K Mukonzo; Ene I Ette,2020,2020,Journal of clinical pharmacology,10.1002/jcph.1570,,https://pubmed.ncbi.nlm.nih.gov/32096561/,journal-article,europe_pmc;pubmed,europe_pmc_core;pubmed_core,indexed,,include,empirical,include_empirical,A trial-fitted dose-conditioned longitudinal model simulates symptom responses under alternative efavirenz dosing.,exclude,not_applicable,no_future_or_action_evaluation,"The maximizing knowledge extraction patient reported outcome data exposure outcome item study analyzes or reconstructs dynamics but does not directly evaluate future states, actions, rollouts, or planning.",include,empirical,include_empirical,reviewer_consensus,"A: Fits exposure-dependent latent symptom progression; evaluates longitudinal drug-toxicity time courses. B: Primary methods and results establish data-adapted medical or biomedical dynamics with direct trajectory, simulator, or action-response evaluation."
ALT-6d957ad1c16c,fresh_alternate_public_search,Med-Real2Sim: Non-Invasive Medical Digital Twins using Physics-Informed Self-Supervised Learning and Virtual Patient Breathing Simulator using VR,,,2026,2026,Iconic Research and Engineering Journals,10.64388/irev9i9-1715434,,https://doi.org/10.64388/irev9i9-1715434,journal-article,crossref,"""patient simulator"" clinical",registered,,uncertain,empirical,insufficient_abstract,The relevant digital-twin title lacks details needed to distinguish learned breathing dynamics from physics simulation.,uncertain,empirical,insufficient_abstract,"The med real2sim non invasive medical digital twins physics informed self title plausibly denotes learned medical dynamics, but the missing abstract does not establish direct future or action evaluation.",include,empirical,include_empirical,third_full_text_adjudication,The framework calibrates patient-specific hemodynamic model parameters from real echocardiogram videos and evaluates generated pressure-volume dynamics and downstream in-silico trial behavior.
ALT-467729658e57,fresh_alternate_public_search,Medical digital twin insights: Enhancing cancer treatment through generative modeling.,"Medical digital twins enhanced with generative modelling represent a revolutionary advancement in cancer therapy. These computerized models replicate the biological processes of individual patients, enabling clinicians to better understand tumour behaviour and predict treatment responses. By integrating large-scale datasets, including genetic profiles, medical imaging, and clinical information, this technology supports a shift from conventional one-size-fits-all treatment approaches toward personalised cancer care. Medical digital twins utilise artificial intelligence-driven generative modelling to simulate cancer progression and therapeutic interactions. These models combine multimodal patient-specific data to generate dynamic, real-time simulations. Various treatment scenarios, involving both synthetic and natural therapeutic options, are computationally tested to predict cellular responses, efficacy, and toxicity before clinical application. The use of medical digital twins allows accurate forecasting of tumour behaviour and treatment outcomes. By pre-testing multiple therapeutic strategies, this approach significantly reduces clinical risks while improving treatment effectiveness. The ability to predict both efficacy and toxicity leads to safer, more efficient treatment selection compared to traditional methods. Medical digital twins promote a precise, patient-centred approach to cancer therapy by tailoring treatments based on individual genetic and molecular profiles. As AI-driven personalised medicine continues to evolve, the integration of generative modelling with digital twins is expected to enhance treatment success rates and improve patient quality of life. Ultimately, this technology transforms traditional cancer care into a dynamic, adaptive, and personalised healthcare model.",Panneerselvam Theivendren; Surabhi Panneerselvam; Selvaraj Kunjiappan; Deepalakshmi Mani; Arun Kanniyappan Parthasarathy,2026,2026,Computational biology and chemistry,10.1016/j.compbiolchem.2026.109074,,https://pubmed.ncbi.nlm.nih.gov/42025266/,journal-article,europe_pmc;pubmed,europe_pmc_core;pubmed_core,indexed,,include,review,include_review,Synthesizes generative cancer digital twins that simulate progression and treatment-response scenarios.,include,review,include_review,"This review primarily synthesizes dynamic medical digital twins for medical digital twin insights enhancing cancer treatment through generative, including prediction, simulation, or intervention use.",include,review,include_review,reviewer_consensus,A: Reviews generative cancer digital-twin modeling; synthesizes disease progression and treatment-response simulation. B: Substantially synthesizes medical dynamic twins or closely equivalent learned simulation systems and their evaluation.
ALT-a864b2e17b7a,fresh_alternate_public_search,Medical Digital Twin: A Review on Technical Principles and Clinical Applications.,"The usage of digital twins (DTs) is growing across a wide range of businesses. The health sector is one area where DT use has recently increased. Ultimately, the concept of digital health twins holds the potential to enhance human existence by transforming disease prevention, health preservation, diagnosis, treatment, and management. Big data's explosive expansion, combined with ongoing developments in data science (DS) and artificial intelligence (AI), might greatly speed up research and development by supplying crucial data, a strong cyber technical infrastructure, and scientific know-how. The field of healthcare applications is still in its infancy, despite the fact that there are several DT programs in the military and industry. This review's aim is to present this cutting-edge technology, which focuses on neurology, as one of the most exciting new developments in the medical industry. Through innovative research and development in DT technology, we anticipate the formation of a global cooperative effort among stakeholders to improve health care and the standard of living for millions of people globally.",Mario Tortora; Francesco Pacchiano; Suely Fazio Ferraciolli; Sabrina Criscuolo; Cristina Gagliardo; Katya Jaber; Manuel Angelicchio; Francesco Briganti; Ferdinando Caranci; Fabio Tortora; Alberto Negro,2025,2025,Journal of clinical medicine,10.3390/jcm14020324,,https://pubmed.ncbi.nlm.nih.gov/39860329/,journal-article,europe_pmc;pubmed,europe_pmc_core;pubmed_core,indexed,,include,review,include_review,Synthesizes medical digital-twin technical principles and clinical applications as a healthcare-focused translational review.,include,review,include_review,"This review primarily synthesizes dynamic medical digital twins for medical digital twin review technical principles clinical applications, including prediction, simulation, or intervention use.",include,review,include_review,reviewer_consensus,A: Reviews technical principles and clinical medical-twin applications; covers learned prediction simulation and adaptive use cases. B: Substantially synthesizes medical dynamic twins or closely equivalent learned simulation systems and their evaluation.
ALT-21155df63ca2,fresh_alternate_public_search,Modelling neural coding in the auditory midbrain with high resolution and accuracy.,"Computational models of auditory processing can be valuable tools for research and technology development. Models of the cochlea are highly accurate and widely used, but models of the auditory brain lag far behind in both performance and penetration. Here we present ICNet, a convolutional encoder-decoder model of neural coding in the inferior colliculus. We developed ICNet using large-scale intracranial recordings from anaesthetized gerbils, addressing three key modelling challenges that are common across all sensory systems: capturing the full statistical structure of neuronal response patterns; accounting for physiological and experimental non-stationarity; and extracting features of sensory processing that are shared across different brains. ICNet provides highly accurate simulation of multi-unit neural responses to a wide range of complex sounds, including near-perfect responses to speech. It also reproduces key neurophysiological phenomena such as forward masking and dynamic range adaptation. ICNet can be used to simulate activity from thousands of neural units or to provide a compact representation of early central auditory processing through its latent dynamics, facilitating a wide range of hearing and audio applications. It can also serve as a foundation core, providing a baseline neural representation for models of active listening or higher-level auditory processing.",Fotios Drakopoulos; Lloyd Pellatt; Shievanie Sabesan; Yiqing Xia; Andreas Fragner; Nicholas A Lesica,2025,2025,Nature machine intelligence,10.1038/s42256-025-01104-9,,https://pubmed.ncbi.nlm.nih.gov/41019457/,journal-article,europe_pmc;pubmed,europe_pmc_core;pubmed_core,indexed,,include,empirical,include_empirical,"Learns stimulus-conditioned neural dynamics and validates simulated responses, adaptation, and masking across sounds.",exclude,not_applicable,no_future_or_action_evaluation,"The neural coding auditory midbrain high resolution accuracy study analyzes or reconstructs dynamics but does not directly evaluate future states, actions, rollouts, or planning.",include,empirical,include_empirical,reviewer_consensus,"A: Learns neural response dynamics from intracranial recordings; validates simulated responses across complex sounds. B: Primary methods and results establish data-adapted medical or biomedical dynamics with direct trajectory, simulator, or action-response evaluation."
ALT-772584a789d2,fresh_alternate_public_search,Multi-Objective Model-based Reinforcement Learning for Infectious Disease Control,"Severe infectious diseases such as the novel coronavirus (COVID-19) pose a huge threat to public health. Stringent control measures, such as school closures and stay-at-home orders, while having significant effects, also bring huge economic losses. In the face of an emerging infectious disease, a crucial question for policymakers is how to make the trade-off and implement the appropriate interventions timely given the huge uncertainty. In this work, we propose a Multi-Objective Model-based Reinforcement Learning framework to facilitate data-driven decision-making and minimize the overall long-term cost. Specifically, at each decision point, a Bayesian epidemiological model is first learned as the environment model, and then the proposed model-based multi-objective planning algorithm is applied to find a set of Pareto-optimal policies. This framework, combined with the prediction bands for each policy, provides a real-time decision support tool for policymakers. The application is demonstrated with the spread of COVID-19 in China.","Wan R, Zhang X, Song R.",2022,2022-02-26,,,,https://europepmc.org/article/PPR/PPR597469,,europe_pmc,europe_pmc_core,indexed,,include,empirical,include_empirical,Learns a Bayesian epidemiological environment model and evaluates planning policies for disease-control interventions.,include,empirical,include_empirical,The multi objective reinforcement learning infectious disease control study learns or calibrates temporal dynamics and directly evaluates intervention-conditioned rollouts or planning outcomes.,include,empirical,include_empirical,reviewer_consensus,"A: Learns a Bayesian epidemic environment model at decision points; evaluates multi-objective policy planning under uncertainty. B: Primary methods and results establish data-adapted medical or biomedical dynamics with direct trajectory, simulator, or action-response evaluation."
ALT-c8668820c69c,fresh_alternate_public_search,Myo-ODE: continuous-time trajectory reconstruction and risk prediction of high myopia via neural ordinary differential equations.,"The global surge in childhood myopia necessitates robust screening tools for early risk stratification; however, conventional predictive models often struggle with irregular follow-up intervals and fail to capture the continuous nature of refractive development. We propose Myo-ODE, a continuous-time framework based on Neural Ordinary Differential Equations (Neural ODEs) to predict high myopia risk. Unlike traditional discrete machine learning models, Myo-ODE parameterizes the derivative of the refractive state, allowing myopia progression to be represented as a continuous latent dynamic flow. This architecture explicitly accommodates non-uniform screening intervals and supports temporal interpolation and cautious short-term extrapolation within the observed follow-up horizon. Evaluated on a longitudinal dataset ( N = 4,973), Myo-ODE achieved the highest F1-score of 0.8000 (95% CI: 0.7741-0.8256) and Recall of 0.7812 (95% CI: 0.7518-0.8103), while maintaining a competitive AUC of 0.9834 (95% CI: 0.9781-0.9887). Furthermore, our framework reconstructs individualized refractive progression trajectories and provides an interpretable estimate of the model-learned progression momentum of SE change. By bridging the gap between discrete clinical observations and continuous trajectory-level modeling, Myo-ODE offers a promising tool for personalized myopia surveillance in real-world screening environments.","Zhao N, Zheng R, Lu J, Huang Z, Li C, Dai C, Enbei X, Wang J.",2026,2026-07-09,,10.3389/fpubh.2026.1897882,,https://europepmc.org/article/MED/42494919,,europe_pmc,europe_pmc_core,indexed,,include,empirical,include_empirical,Myo-ODE learns continuous refractive dynamics and directly predicts future high-myopia risk from longitudinal clinical data.,exclude,not_applicable,no_learned_dynamics,The myo ode continuous time trajectory reconstruction risk prediction high myopia study uses prescribed mechanistic or statistical dynamics rather than a learned transition mechanism.,include,empirical,include_empirical,reviewer_consensus,"A: Learns continuous refractive-state dynamics with a neural ODE; evaluates interpolation extrapolation and future myopia risk. B: Primary methods and results establish data-adapted medical or biomedical dynamics with direct trajectory, simulator, or action-response evaluation."
ALT-e32f66429421,fresh_alternate_public_search,New PK/PD model directly links diabetes drug dose to blood glucose level for personalized care.,"The management of diabetes mellitus focuses on close monitoring of a patient's blood glucose level while the clinician experiments with a dosing strategy using clinical guidelines and his/her own experience. We propose a pharmacokinetic and pharmacodynamics model that characterizes the dose-response of patients receiving anti-diabetic drug therapy. We derive and establish a direct relationship between drug dosage and blood glucose level. This new drug-dose drug-effect model, combined with a linear disease progression model, is used to fit the patient's daily self-monitored blood glucose (SMBG) data to obtain the personalized treatment effect for each patient. The model predicts the long-term drug effect using the prescribed dose, thus allowing for dose optimization. The model is evaluated on patients with gestational diabetes mellitus. SMBG data collected during the first month of treatment is used to train the model. The model is able to characterize the personalized dose-response and disease progression. Moreover, when compared to a descriptive autoregression model, our model gives a better long-term prediction of the drug effect on the trend of the blood glucose level. This mechanism-based treatment effect model utilizes daily recorded blood glucose data to estimate and predict a patient's personalized dose-response and disease progression. Such evidence can be used by clinicians to individualize and optimize dose regimens to achieve better treatment outcomes.",Eva K Lee; Xin Wei; Michael D Wright; Francine Baker-Witt,2022,2022,AMIA ... Annual Symposium proceedings. AMIA Symposium,,,https://pubmed.ncbi.nlm.nih.gov/37128362/,journal-article,europe_pmc;pubmed,europe_pmc_core;pubmed_core,indexed,,include,empirical,include_empirical,Personalized PK/PD dynamics are fitted from glucose data and evaluated for dose-response prediction and optimization.,exclude,not_applicable,no_learned_dynamics,The pk pd directly links diabetes drug dose blood glucose level study uses prescribed mechanistic or statistical dynamics rather than a learned transition mechanism.,include,empirical,include_empirical,reviewer_consensus,"A: Fits personalized dose-glucose PK-PD dynamics; validates long-term drug-response prediction and dose optimization. B: Primary methods and results establish data-adapted medical or biomedical dynamics with direct trajectory, simulator, or action-response evaluation."
ALT-e09335683ce3,fresh_alternate_public_search,Optical compression of multimodal clinical data into a unified visual memory for generative trajectory forecasting,"ABSTRACT Importance Current clinical artificial intelligence is bottlenecked by highly specialized, fragmented models that reduce complex, multimodal data into isolated scalar predictions. By reframing multimodal perception as a pure vision problem, optical compression into a universal visual operating system can resolve internal data interaction bottlenecks and shift the paradigm toward continuous, generative clinical forecasting. Objective To develop and internally validate Clinical Visual Memory, a generalist visual foundation model utilizing high-fidelity optical compression to fuse five heterogeneous intensive care unit (ICU) data modalities into a unified visual-token space, acting as a generative navigation system for critical-care trajectories. Design, Setting, and Participants Retrospective modeling study using MIMIC-IV adult ICU encounters. After excluding stays shorter than 24 hours, 54,551 patients, 68,546 hospital admissions, and 74,829 ICU stays comprised the eligible cohort. Strict patient-level partitioning prevented cross-split leakage. Methods Structured electronic health record (EHR) data, vital signs, 10-second electrocardiogram (ECG) waveforms, chest radiographs, and clinical notes were rendered as 2D images and encoded by a single frozen DINOv2 vision transformer. Through modality-aware latent-query cross-attention, these highly heterogeneous sources were optically compressed into a shared 1024-dimensional Clinical Visual Memory. To establish a universal output interface, this memory conditioned an conditional instruction-tuned image generator to decode eight-domain deterioration trajectories across 3- to 48-hour horizons. Visual compression fidelity was evaluated by reducing retained source-pixel area to 1%, and critical transitions were mapped using event-specific projected-axis geometry. Results Operating as a generalist foundation, Clinical Visual Memory achieved AUROCs of 0.852 (95% CI, 0.821-0.882) for 48-hour mortality, 0.699 (0.673-0.725) for incident acute kidney injury (AKI), 0.723 (0.688-0.757) for high Sequential Organ Failure Assessment (SOFA), and 0.742 (0.726-0.757) for alive ICU discharge. Crucially, resolving the token bottleneck via an 8-fold reduction in source-pixel area preserved 98.9% of the uncompressed 48-hour mortality AUROC. Generative image-out decoding maintained clinical meaning, and trajectory geometry functioned as a proactive navigation system, yielding median warning lead times of 34.8 hours (IQR, 17.5-43.3) before death, 14.6 hours (6.5-33.2) before AKI, 15.0 hours (6.0-27.0) before high SOFA, and 20.8 hours (10.2-36.0) before recovery, with low false-alert burdens (0.040-0.109 per patient-day). Conclusions and Relevance Clinical Visual Memory demonstrates that optical compression can successfully unify highly heterogeneous clinical data into a single, high-fidelity visual-token representation. By functioning as a continuous clinical navigation system rather than a discrete alert generator, this framework lays the architectural foundation for a generalist, generative visual operating system in critical care medicine. External and prospective validation are required before clinical deployment. KEY POINTS Question Can optical compression of heterogeneous, multimodal intensive care data into a unified visual-token memory enable a generalist generative framework for continuous clinical forecasting? Findings In MIMIC-IV, five clinical modalities were rendered as images and fused via a shared frozen DINOv2 transformer into a 1024-dimensional Clinical Visual Memory. This unified architecture supported robust multitask prediction, achieving AUROCs of 0.852 for 48-hour mortality, 0.699 for incident AKI, 0.723 for high SOFA, and 0.742 for alive ICU discharge. Crucially, an 8-fold reduction in source-pixel area preserved 98.9% of the uncompressed mortality discrimination, validating high-fidelity optical compression. Generative image-out decoding successfully translated this memory into actionable clinical trajectories, yielding median warning lead times of 34.8 hours before death, 14.6 hours before AKI, 15.0 hours before high SOFA, and 20.8 hours before alive ICU discharge. Meaning By resolving multimodal data bottlenecks through high-fidelity visual compression, this framework shifts clinical AI from fragmented, task-specific alerts to a unified, generalist visual operating system. It demonstrates that complex patient states can be continuously navigated and generatively forecasted via a single interpretable visual-token memory.",Zongheng Guo; Bo Jin; Zhi Han; Takumi Ichikawa; Naoto Ozawa; Xuefeng B. Ling,2026,2026,openRxiv,10.64898/2026.09.03.26361736,,https://doi.org/10.64898/2026.09.03.26361736,posted-content,crossref,"""physiological trajectory"" forecasting",registered,,include,empirical,include_empirical,The learned multimodal memory generatively forecasts multi-horizon ICU deterioration trajectories and evaluates transition warning performance.,include,empirical,include_empirical,The optical compression multimodal clinical data into unified visual memory generative study learns or calibrates temporal dynamics and directly evaluates held-out future states or multi-step forecasts.,include,empirical,include_empirical,reviewer_consensus,"A: Learns multimodal ICU trajectory dynamics in visual-token space; internally validates generative future clinical trajectories. B: Primary methods and results establish data-adapted medical or biomedical dynamics with direct trajectory, simulator, or action-response evaluation."
ALT-b062a5a9fbf8,fresh_alternate_public_search,Optimized glycemic control of type 2 diabetes with reinforcement learning: a proof-of-concept trial.,"The personalized titration and optimization of insulin regimens for treatment of type 2 diabetes (T2D) are resource-demanding healthcare tasks. Here we propose a model-based reinforcement learning (RL) framework (called RL-DITR), which learns the optimal insulin regimen by analyzing glycemic state rewards through patient model interactions. When evaluated during the development phase for managing hospitalized patients with T2D, RL-DITR achieved superior insulin titration optimization (mean absolute error (MAE) of 1.10 ± 0.03 U) compared to other deep learning models and standard clinical methods. We performed a stepwise clinical validation of the artificial intelligence system from simulation to deployment, demonstrating better performance in glycemic control in inpatients compared to junior and intermediate-level physicians through quantitative (MAE of 1.18 ± 0.09 U) and qualitative metrics from a blinded review. Additionally, we conducted a single-arm, patient-blinded, proof-of-concept feasibility trial in 16 patients with T2D. The primary outcome was difference in mean daily capillary blood glucose during the trial, which decreased from 11.1 (±3.6) to 8.6 (±2.4) mmol L -1 (P < 0.01), meeting the pre-specified endpoint. No episodes of severe hypoglycemia or hyperglycemia with ketosis occurred. These preliminary results warrant further investigation in larger, more diverse clinical studies. ClinicalTrials.gov registration: NCT05409391 .",Guangyu Wang; Xiaohong Liu; Zhen Ying; Guoxing Yang; Zhiwei Chen; Zhiwen Liu; Min Zhang; Hongmei Yan; Yuxing Lu; Yuanxu Gao; Kanmin Xue; Xiaoying Li; Ying Chen,2023,2023,Nature medicine,10.1038/s41591-023-02552-9,,https://pubmed.ncbi.nlm.nih.gov/37710000/,journal-article,europe_pmc;pubmed,europe_pmc_core;pubmed_core,indexed,,include,empirical,include_empirical,Model-based reinforcement learning uses patient-model dynamics to optimize insulin actions and receives clinical evaluation.,include,empirical,include_empirical,The optimized glycemic control type 2 diabetes reinforcement learning proof concept study learns or calibrates temporal dynamics and directly evaluates intervention-conditioned rollouts or planning outcomes.,include,empirical,include_empirical,reviewer_consensus,"A: Learns a patient interaction model for insulin control; validates simulated recommendations and proof-of-concept clinical outcomes. B: Primary methods and results establish data-adapted medical or biomedical dynamics with direct trajectory, simulator, or action-response evaluation."
ALT-ffa943add08e,fresh_alternate_public_search,Paracetamol Concentrations and Time-Course of Ductus Arteriosus Diameter in Extremely Preterm Neonates: A Population Pharmacokinetic-Pharmacodynamic Analysis.,"Background Patent ductus arteriosus is a common complication of extreme prematurity. Prophylactic treatment with indomethacin or ibuprofen has shown efficacy on ductus closure but without reducing mortality and morbidity. Prophylactic treatment by paracetamol could be a safer alternative. Objective The aim was to build a pharmacokinetic-pharmacodynamic (PKPD) model describing the effect of paracetamol on the time-course of the ductus arteriosus diameter. Methods Extremely preterm neonates of 23-26 weeks of gestational age were recruited within 12 h after birth and were treated with prophylactic intravenous paracetamol for 5 days (two dose levels: 20 mg/kg followed by 7.5 mg/kg or 25 mg/kg followed by 10 mg/kg every 6 h). The diameter of ductus arteriosus was determined by echocardiography performed daily until day 7. The PKPD model was built using an I max model with effect compartment and exponential disease progression model. Concentrations of paracetamol in the effect compartment were simulated with different doses over time for 500 virtual patients. Results A total of 29 extremely preterm neonates with median birth weight of 800 g (IQR: 670-860) were included in the study. Between-subject variability was estimated on transfer rate constant between the central compartment and the effect compartment (ke 0 ) and maximum drug inhibition (I max ) parameters. Two subpopulations with different I max values were identified: 99% for a first subpopulation of 10 patients and 42% for the second subpopulation of 19 patients. A negative effect of maximum fraction of inspired oxygen (FiO 2 ) used during transfer to intensive care unit and a positive effect of intubation and ventilation during treatment were significant on ke 0 . Simulations showed that both dose levels generally enabled patients to reach the concentration needed to achieve 95% of maximal inhibition by the end of treatment. However, the second dose level enabled more than 90% of patients to reach this inhibition threshold as early as day one. Conclusion The relationship between paracetamol and the time-course of ductus arteriosus diameter has been described in extremely preterm neonates. Intravenous paracetamol treatment with a loading dose of 25 mg/kg within 12 h after birth followed by 10 mg/kg every 6 h appears to be effective to accelerate time to ductus closure with limited benefit of a further dose increase.",Faheemah Padavia; Jean-Marc Treluyer; Gilles Cambonie; Cyril Flamant; Aline Rideau; Manon Tauzin; Juliana Patkai; Géraldine Gascoin; Mirka Lumia; Outi Aikio; Frantz Foissac; Saïk Urien; Sihem Benaboud; Gabrielle Lui; Léo Froelicher Bournaud; Yi Zheng; Ruth Kemper; Marine Tortigue; Alban-Elouen Baruteau; Jaana Kallio; Mikko Hallman; Alpha Diallo; Léa Levoyer; Jean-Christophe Roze; Naïm Bouazza,2025,2025,Clinical pharmacokinetics,10.1007/s40262-025-01567-4,,https://pubmed.ncbi.nlm.nih.gov/40889095/,journal-article,europe_pmc;pubmed,europe_pmc_core;pubmed_core,indexed,,include,empirical,include_empirical,Patient-fitted PK/PD dynamics are evaluated through dose-conditioned simulations of ductus closure trajectories.,exclude,not_applicable,no_learned_dynamics,The paracetamol concentrations time course ductus arteriosus diameter extremely preterm neonates study uses prescribed mechanistic or statistical dynamics rather than a learned transition mechanism.,include,empirical,include_empirical,reviewer_consensus,"A: Fits neonatal paracetamol and ductus-diameter dynamics; simulates dose-conditioned time courses in virtual patients. B: Primary methods and results establish data-adapted medical or biomedical dynamics with direct trajectory, simulator, or action-response evaluation."
ALT-23f67b6e2f8e,fresh_alternate_public_search,"Patient-specific digital twins in aortic disease: integrating computational hemodynamics, immune profiling, and precision endovascular strategy.","Aortic aneurysms and acute aortic syndromes continue to be significant contributors to cardiovascular morbidity and mortality; however, current risk stratification and treatment timing rely heavily on static anatomical thresholds that do not fully reflect the dynamic biology and mechanics of disease progression. Patient-specific digital twins offer a unifying paradigm where multimodal patient data are integrated into a continuously updated computational representation of an individual aorta to predict trajectories and support precise decision-making. In this review, we propose a five-domain architecture for an aortic digital twin (1): a structural-biomechanical substrate that reconstructs patient geometry and predicts wall stress and remodeling tendency; (2) computational hemodynamics to quantify flow-derived descriptors such as wall shear stress, oscillatory shear, and stagnation; (3) immunobiological integration to incorporate inflammatory activity, immune cell heterogeneity, and proteolytic remodeling signals; (4) predictive intelligence that combines multimodal features, generates individualized growth and complication predictions through uncertainty quantification, and updates predictions with longitudinal data; and (5) a sophisticated endovascular strategy layer that translates twin outputs into procedural planning, device selection, and risk-corrected surveillance. This framework highlights how the bidirectional link between inflammation and mechanics can be functionalized as a feedback ecosystem rather than a set of independent analyses, and outlines the evidence requirements for clinical translation, including validation pathways, workflow integration, and management considerations. By shifting the clinical focus from ""Is the aorta large enough?"" to ""How will this patient's disease develop, and how can we best modify the course?"", aortic digital twins can enable earlier, more individualized, and more lasting prevention of adverse aortic events.","Dinc R, Ardic N.",2026,2026-05-11,,10.3389/fcvm.2026.1812347,,https://europepmc.org/article/MED/42199203,,europe_pmc,europe_pmc_core,indexed,,include,review,include_review,"This review proposes a medical digital-twin architecture and synthesizes prediction, procedural planning, and translation requirements.",include,review,include_review,"This review primarily synthesizes dynamic medical digital twins for patient specific digital twins aortic disease integrating computational hemodynamics immune, including prediction, simulation, or intervention use.",include,review,include_review,reviewer_consensus,A: Reviews patient-specific aortic digital-twin architectures; synthesizes hemodynamic progression and intervention simulation approaches. B: Substantially synthesizes medical dynamic twins or closely equivalent learned simulation systems and their evaluation.
ALT-bf936bea3ffc,fresh_alternate_public_search,Personalized Input-Output Hidden Markov Models for Disease Progression Modeling,"Disease progression models are important computational tools in healthcare and are used for tasks such as improving disease understanding, informing drug discovery, and aiding in patient management. Although many algorithms for time series modeling exist, healthcare applications face particular challenges such as small datasets, medication effects, disease heterogeneity, and a desire for personalized predictions. In this work, we present a disease progression model that addresses these needs by proposing a probabilistic time-series model that captures individualized disease states, personalized medication effects, disease-state medication effects, or any combination thereof. The model builds on the framework of an input-output hidden Markov model where the parameters are learned using a structured variational approximation. To demonstrate the utility of the algorithm, we apply it to both synthetic and real-world datasets. In the synthetic case, we demonstrate the benefits afforded by the proposed model as compared to standard techniques. In the real-world cases, we use two Parkinson’s disease datasets to show improved predictive performance when ground truth is available and clinically relevant insights that are not revealed via classic Markov models when ground truth is not available.","Severson KA, Chahine LM, Smolensky L, Ng K, Hu J, Ghosh S.",2020,2020-07-19,,10.1101/2020.07.17.20153510,,https://europepmc.org/article/PPR/PPR189280,,europe_pmc,europe_pmc_core,indexed,,include,empirical,include_empirical,The learned input-output HMM models medication-conditioned disease transitions and demonstrates predictive performance on Parkinson’s datasets.,include,empirical,include_empirical,The personalized input output hidden markov disease progression study learns or calibrates temporal dynamics and directly evaluates temporal rollouts or simulated trajectories.,include,empirical,include_empirical,reviewer_consensus,"A: Learns personalized input-output hidden Markov disease transitions; evaluates future states and medication effects on Parkinson datasets. B: Primary methods and results establish data-adapted medical or biomedical dynamics with direct trajectory, simulator, or action-response evaluation."
ALT-e1f3bd53960a,fresh_alternate_public_search,PINN-EM: Physics-Guided Disease Progression Model of Geographic Atrophy.,"OBJECTIVE: To construct a personalizable spatio-temporal disease progression model of patients with a late dry form of Age-Related Macular Degeneration (AMD), known as Geographic Atrophy (GA). METHODS: From a series of retinal optical coherence tomography (OCT) scans, we infer the coefficients for the parametrized partial differential equation (PDE), such that the parametrized PDE best describes the observed imaging data. Acting as a soft constraint, the recovered PDE helps to extrapolate an implicit neural representation (INR) of the GA segmentation map progression. To enable efficient training, we propose an iterative method - PINN-EM, designed to recover coefficients of non-linear PDEs. At each iteration, the method decouples the problem into PDE coefficients fitting and data fitting steps, resembling Expectation Maximization algorithm. RESULTS: We extensively tested the proposed method in large-scale experiments using the open-source PDEBench benchmark to validate its performance. Furthermore, we applied the method to the challenging problem of GA progression modeling, where patients exhibit a high variance in GA growth patterns and speed. The proposed spatio-temporal disease progression model outperformed the baselines, even outperforming posterior knowledge models in Dice score for newly affected growth areas. CONCLUSION: We demonstrated that the proposed spatio-temporal disease progression model fitted with introduced PINN-EM outperforms existing baselines in synthetic and real clinical applications, highlighting the extrapolation capabilities of the INR models. SIGNIFICANCE: The proposed spatio-temporal disease progression model and PINN-EM fitting procedure can be applied across diverse domains facing the challenge of fitting parametrized PDE to the empirical datasets.",Dmitrii Lachinov; Thomas Pinetz; Hrvoje Bogunovic,2026,2026,IEEE transactions on bio-medical engineering,10.1109/tbme.2026.3655164,,https://pubmed.ncbi.nlm.nih.gov/41553889/,journal-article,europe_pmc;pubmed,europe_pmc_core;pubmed_core,indexed,,include,empirical,include_empirical,PINN-EM learns patient-specific PDE dynamics from OCT data and evaluates extrapolated spatial disease progression.,include,empirical,include_empirical,The pinn em physics guided disease progression geographic atrophy study learns or calibrates temporal dynamics and directly evaluates temporal rollouts or simulated trajectories.,include,empirical,include_empirical,reviewer_consensus,"A: Fits patient-specific PDE progression from serial OCT; evaluates extrapolated geographic-atrophy trajectories. B: Primary methods and results establish data-adapted medical or biomedical dynamics with direct trajectory, simulator, or action-response evaluation."
ALT-4ec8aacca130,fresh_alternate_public_search,Predicting diabetes mellitus metabolic goals and chronic complications transitions-analysis based on natural language processing and machine learning models.,"Objective To estimate Diabetes mellitus (DM) progression at one and two years in terms of glycemic targets and development of complications. Research design and methods We analyzed a retrospective cohort of adult DM patients treated in a Health Maintenance Organization in Colombia, including those with at least one glycosylated hemoglobin (HbA1c) measurement in 2018, 2019, and 2020. We defined four disease transition stages based on metabolic goals according to HbA1c levels and complications: 1. Within HbA1c goals and without complications; 2. Outside goals and without complications, 3. Within goals, but with complications, and 4. Outside goals and with complications. We applied Natural Language Processing (NLP) techniques to extract relevant clinical information from Electronic Health Records. Machine learning (ML) models were used to predict patient progression. Results A total of 23,802 patients were included. Despite achieving initial glycemic control, more than 60% of patients who started within HbA1c targets and without complications developed chronic complications within two years. Our models, which achieved up to 80% accuracy and F1 scores above 74%, identified key predictors of disease progression. Adherence to dyslipidemia treatment guidelines significantly reduced the likelihood of HbA1c deterioration and complications, whereas non-adherence to pharmacological treatments increased the risk of complications. These findings suggest that HbA1c control alone is insufficient to prevent disease progression and that a more comprehensive management approach-including lipid control, kidney function monitoring, and improved adherence to clinical guidelines-is necessary. Conclusions Patient compliance with pharmacological treatments, professional adherence to clinical practice guidelines, and lifestyle interventions play a crucial role in diabetes progression. While our models provide strong predictive capabilities, improving data quality and integration remains essential for better forecasting and intervention strategies.","Colmenares-Mejia CC, García-Suaza AF, Rodríguez-Lesmes P, Lochmuller C, Atehortúa SC, Camacho-Cogollo JE, Martínez JP, Rincón J, Céspedes YR, Morales-Mendoza E, Isaza-Ruget MA.",2025,2025-04-15,,10.1371/journal.pone.0321258,,https://europepmc.org/article/MED/40233062,,europe_pmc,europe_pmc_core,indexed,,include,empirical,include_empirical,Machine-learning models predict transitions among four clinical diabetes states at one- and two-year horizons.,exclude,not_applicable,no_learned_dynamics,The predicting diabetes mellitus metabolic goals chronic complications transitions natural language study is an ordinary prognostic or static prediction analysis without a learned rollout mechanism.,include,empirical,include_empirical,reviewer_consensus,"A: Learns discrete diabetes complication transitions from EHR data; evaluates one- and two-year next-state predictions. B: Primary methods and results establish data-adapted medical or biomedical dynamics with direct trajectory, simulator, or action-response evaluation."
ALT-3c2780d5948f,fresh_alternate_public_search,Prediction of Alzheimer's Disease Progression with Multi-Information Generative Adversarial Network,,Yan Zhao; Baoqiang Ma; Pengbo Jiang; Debin Zeng; Xuetong Wang; Shuyu Li,2021,2021,IEEE Journal of Biomedical and Health Informatics,10.1109/jbhi.2020.3006925,,https://doi.org/10.1109/jbhi.2020.3006925,journal-article,crossref,"""disease progression model"" generative intervention",registered,,uncertain,empirical,insufficient_abstract,"The generative progression title is relevant, but no abstract establishes temporal transitions or rollout evaluation.",uncertain,empirical,insufficient_abstract,"The prediction alzheimer s disease progression multi information generative adversarial network title plausibly denotes learned medical dynamics, but the missing abstract does not establish direct future or action evaluation.",include,empirical,include_empirical,reviewer_consensus,"A: Learns multi-information GAN Alzheimer progression; evaluates generated future disease images and stages. B: Primary methods and results establish data-adapted medical or biomedical dynamics with direct trajectory, simulator, or action-response evaluation."
ALT-ab6014707f0f,fresh_alternate_public_search,Prediction of Disease Progression and Clinical Response in Systemic Sclerosis: Experience From a Proof-of-Concept Trial.,"OBJECTIVE: Using the modified Rodnan skin score (mRSS) as a surrogate for disease activity, a phase 2a study in patients with systemic sclerosis (SSc) measured efficacy of the autotaxin inhibitor ziritaxestat. Mathematical modeling of mRSS was used to predict disease progression, examine candidate trial designs, and predict the probability of successfully discriminating treatment effect. METHODS: Patients with SSc receiving 600 mg of ziritaxestat or placebo for 24 weeks were included, in addition to data up to week 52 of the open-label extension (OLE). Longitudinal mRSS data were described using a disease progression model; drug effect was a binary variable. Parameters used to predict the OLE mRSS outcome were estimated using data from the 24-week double-blind phase and validated with observed data. Three trial designs were simulated to identify which had the highest probability of detecting a treatment effect. Power to detect a treatment effect was quantified using the simulations. RESULTS: Maximum decreases from baseline in mRSS were 50.4% (ziritaxestat) and 34.7% (placebo). Study designs based on 300 patients randomized 2:1 or 1:1 to 600 mg of ziritaxestat or placebo had similar probabilities of detecting a significant treatment effect. Power to detect a treatment effect was >80% for all simulations. CONCLUSION: Disease progression and drug effect could be predicted beyond the range of observed data. This modeling and simulation approach may inform future trial design, including study duration, and predict the probability of success.",Marta Neve; Paul M Diderichsen; Eric Helmer; Dick de Vries; Amit Taneja,2024,2024,ACR open rheumatology,10.1002/acr2.11678,,https://pubmed.ncbi.nlm.nih.gov/38923416/,journal-article,europe_pmc;pubmed,europe_pmc_core;pubmed_core,indexed,,include,empirical,include_empirical,A data-fitted treatment-conditioned progression model predicts held-out longitudinal responses and simulates future trial outcomes.,exclude,not_applicable,no_learned_dynamics,The prediction disease progression clinical response systemic sclerosis experience proof concept study uses prescribed mechanistic or statistical dynamics rather than a learned transition mechanism.,include,empirical,include_empirical,reviewer_consensus,"A: Fits longitudinal systemic-sclerosis progression and drug effects; validates outcomes and simulated trial designs. B: Primary methods and results establish data-adapted medical or biomedical dynamics with direct trajectory, simulator, or action-response evaluation."
ALT-7fd0dbde7906,fresh_alternate_public_search,Predictive modeling of hemodynamics during viscerosensory neurostimulation via neural computation mechanism in the brainstem.,"Neurostimulation for cardiovascular control faces challenges due to the lack of predictive modeling for stimulus-driven dynamic responses, which is crucial for precise neuromodulation via quality feedback. We address this by employing a digital twin approach that leverages computational mechanisms underlying neuro-hemodynamic responses during neurostimulation. Our results emphasize the computational role of the nucleus tractus solitarius (NTS) in the brainstem in determining these responses. The intrinsic neural circuit within the NTS harbors collective dynamics residing in a low-dimensional latent space, which effectively captures stimulus-driven hemodynamic perturbations. Building on this, we developed a digital twin framework for individually optimized predictive modeling of neuromodulatory outcomes. This framework potentially enables the design of closed-loop neurostimulation systems for precise hemodynamic control. Consequently, our digital twin based on neural computation mechanisms marks an advancement in the artificial regulation of internal organs, paving the way for precise translational medicine to treat chronic diseases.","Lee J, Mun J, Choo M, Park SM.",2025,2025-04-23,,10.1038/s41746-025-01635-w,,https://europepmc.org/article/MED/40269082,,europe_pmc,europe_pmc_core,indexed,,include,empirical,include_empirical,The individualized latent-dynamics digital twin predicts stimulus-driven hemodynamic responses for prospective closed-loop control.,include,empirical,include_empirical,The predictive hemodynamics during viscerosensory neurostimulation neural computation mechanism brainstem study learns or calibrates temporal dynamics and directly evaluates intervention-conditioned rollouts or planning outcomes.,include,empirical,include_empirical,reviewer_consensus,"A: Learns latent neuro-hemodynamic response to stimulation; evaluates individualized intervention-conditioned dynamics. B: Primary methods and results establish data-adapted medical or biomedical dynamics with direct trajectory, simulator, or action-response evaluation."
ALT-bb4c93d199b3,fresh_alternate_public_search,Probabilistic Forecasting and Information-Theoretic Analysis of Multivariate fMRI Dynamics.,"Functional magnetic resonance imaging (fMRI) signals exhibit complex temporal structure arising from multivariate neural dynamics, physiological variability, and measurement uncertainty. In this work, we formulate region-of-interest-level fMRI analysis as a probabilistic multi-step forecasting problem and investigate the predictability of blood-oxygen-level-dependent (BOLD) activity from an information-theoretic perspective. Using the Natural Scenes Dataset, we model multiregional BOLD activity as a stochastic process with finite memory and train multiple forecasting architectures, including linear regression, exponential smoothing, recurrent neural networks, and transformer-based models, to predict future BOLD samples from preceding temporal observations. Forecasting performance is analyzed together with entropy-based quantities, including marginal entropy, conditional entropy, and normalized predictive information measures estimated directly from model-derived predictive distributions without imposing restrictive Gaussian assumptions on the underlying BOLD dynamics. The transformer model achieved significant improvement over a naive persistence baseline (p=0.001) while yielding a high predictive information fraction (η=75.49%). Post hoc directed information analysis revealed that short-horizon prediction was dominated primarily by autoregressive, within-ROI, temporal structure. Overall, the proposed framework demonstrates how probabilistic forecasting and information-theoretic analysis can be integrated to characterize the predictability, uncertainty structure, and directional organization of large-scale fMRI dynamics and may support future downstream neuroengineering and neural-state inference applications.","Bayer A, Zhang Z, Ipek AE, Khavari R, Aazhang B.",2026,2026-07-01,,10.3390/e28070738,,https://europepmc.org/article/MED/42511348,,europe_pmc,europe_pmc_core,indexed,,include,empirical,include_empirical,Learned temporal architectures directly evaluate probabilistic multi-step forecasts of future multiregional physiological brain states.,include,empirical,include_empirical,The probabilistic forecasting information theoretic multivariate fmri dynamics study learns or calibrates temporal dynamics and directly evaluates held-out future states or multi-step forecasts.,include,empirical,include_empirical,reviewer_consensus,"A: Learns probabilistic multiregion fMRI dynamics; evaluates multistep neural forecasts and predictive information. B: Primary methods and results establish data-adapted medical or biomedical dynamics with direct trajectory, simulator, or action-response evaluation."
ALT-3c5208bdbe14,fresh_alternate_public_search,Progression of type 1 diabetes from latency to symptomatic disease is predicted by distinct autoimmune trajectories.,"Development of islet autoimmunity precedes the onset of type 1 diabetes in children, however, the presence of autoantibodies does not necessarily lead to manifest disease and the onset of clinical symptoms is hard to predict. Here we show, by longitudinal sampling of islet autoantibodies (IAb) to insulin, glutamic acid decarboxylase and islet antigen-2 that disease progression follows distinct trajectories. Of the combined Type 1 Data Intelligence cohort of 24662 participants, 2172 individuals fulfill the criteria of two or more follow-up visits and IAb positivity at least once, with 652 progressing to type 1 diabetes during the 15 years course of the study. Our Continuous-Time Hidden Markov Models, that are developed to discover and visualize latent states based on the collected data and clinical characteristics of the patients, show that the health state of participants progresses from 11 distinct latent states as per three trajectories (TR1, TR2 and TR3), with associated 5-year cumulative diabetes-free survival of 40% (95% confidence interval [CI], 35% to 47%), 62% (95% CI, 57% to 67%), and 88% (95% CI, 85% to 91%), respectively (p < 0.0001). Age, sex, and HLA-DR status further refine the progression rates within trajectories, enabling clinically useful prediction of disease onset.","Kwon BC, Anand V, Achenbach P, Dunne JL, Hagopian W, Hu J, Koski E, Lernmark Å, Lundgren M, Ng K, Toppari J, Veijola R, Frohnert BI, T1DI Study Group.",2022,2022-03-21,,10.1038/s41467-022-28909-1,,https://europepmc.org/article/MED/35314671,,europe_pmc,europe_pmc_core,indexed,,include,empirical,include_empirical,A learned continuous-time HMM identifies latent disease transitions and evaluates future diabetes-onset trajectories.,exclude,not_applicable,no_future_or_action_evaluation,"The progression type 1 diabetes latency symptomatic disease is predicted by study analyzes or reconstructs dynamics but does not directly evaluate future states, actions, rollouts, or planning.",include,empirical,include_empirical,third_full_text_adjudication,Continuous-time hidden Markov models learn transition rates from 15 years of longitudinal autoantibody data and are evaluated through distinct progression trajectories and future diabetes-onset survival.
ALT-daa53240ed85,fresh_alternate_public_search,Quantifying Genetic and Environmental Factors Accounting for Multistage Progression of Precancerous Lesions and Oral Cancer: Applications to Risk-Guided Prevention.,"Background Oral squamous cell carcinoma (OSCC) is a multifactorial and multistage disease influenced by both genetic susceptibility and environmental risk factors. However, conventional oral cancer preventions are often based on environmental exposures but do not allow for genetic susceptibility and both factors contributing to multistage progressions. This study developed a comprehensive multistate risk model combining both types of factors. Methods Using data from literature, the researchers built a multistate progression model and calculated transition risks to simulate outcomes in a high-risk population, similar to those eligible for oral cancer screening in Taiwan. Results The findings showed that OSCC risk varied dramatically across the population, ranging from 362 to over 24,000 cases per 100,000, depending on risk level. The integration of genetic and environmental risk factors into a multistate disease model allows for more accurate risk stratifications of precancerous and invasive OSCC. Frequent screening is more effective, notably in high-risk individuals. Incorporating a health education program provided an additional 2 to 6% reduction in incidence, particularly benefiting higher-risk groups. Simulation findings indicate that tailored screening strategies, particularly when combined with health education interventions, can significantly improve the effectiveness of oral cancer prevention. Conclusions Quantifying the effects of genetic susceptibility and environmental factors on multistate natural history of precancerous lesions and oral cancer provides a valuable framework for developing the risk-guided policies for oral cancer prevention.","Jumparway D, Su CW, Yen AM, Liu YT, Chen MK, Liu KJ, Sarakarn P, Chen SL.",2025,2025-06-24,,10.3390/cancers17132114,,https://europepmc.org/article/MED/40647413,,europe_pmc,europe_pmc_core,indexed,,include,empirical,include_empirical,A data-derived multistate model simulates oral-cancer transitions and counterfactual screening and education strategies.,exclude,not_applicable,no_future_or_action_evaluation,"The quantifying genetic environmental factors accounting multistage progression precancerous lesions oral study analyzes or reconstructs dynamics but does not directly evaluate future states, actions, rollouts, or planning.",include,empirical,include_empirical,third_full_text_adjudication,The multistate model derives transition risks from empirical oral-cancer evidence and directly simulates future lesion progression under screening intervals and risk-factor interventions.
ALT-8c0d38af637d,fresh_alternate_public_search,Quantifying Uncertainty in Alzheimer’s Disease Progression Modelling: A Variational Disease Progression Score Framework,"Abstract Predicting the course of Alzheimer’s disease for individual patients remains a major challenge due to the heterogeneity of disease expression and the sparsity of longitudinal data. We introduce a variational Disease Progression Score (DPS) framework that maps multimodal biomarker dynamics (Cerebrospinal fluid, neuroimaging, and cognitive assessments) onto a continuous latent timeline with quantified uncertainty. The framework combines a neural encoder, which infers subject-specific progression parameters from demographic and clinical features, with a cascade of logistic functions structured according to the amyloid cascade hypothesis. Applied to the Alzheimer’s Disease Neuroimaging Initiative (ADNI) cohort, the inferred timeline separated diagnostic groups it never observed (AUC 0.98 for cognitively normal vs Alzheimer’s Disease), and the estimated cascade strengths and biomarker orderings were consistent with the established sequence of Alzheimer’s pathology. The model produces individualised prognoses for previously unseen subjects from baseline data alone, with 95% credible intervals achieving 89-98% empirical coverage across biomarkers, and these predictions can be dynamically refined as new observations become available. The framework thus provides a biologically interpretable, uncertainty-aware index of disease severity, offering a probabilistic foundation for patient-level prognosis and precision monitoring in Alzheimer’s disease. Author summary Alzheimer’s disease develops gradually, and its course varies widely from person to person, which makes it hard to predict how any individual will progress. Accurate, individual-level predictions would help doctors intervene earlier and design better clinical trials, but the data available in practice are sparse and collected at irregular times, and most existing prediction tools offer little sense of how confident they are. We developed a method that places each person on a shared disease timeline estimated from routinely collected information such as age, genetics, and a brief cognitive assessment. Moreover, our model reports the uncertainty of each prediction and refines both the prediction and its uncertainty as new measurements become available for a patient. Using the ADNI dataset, we found that the model realigned patients according to their clinical diagnoses. It also recovered biological findings consistent with the established understanding of the disease. Its confidence estimates were reliable for most measurements. We hope this approach is a step forward in the development of prediction tools that clinicians can genuinely trust for individual patients.",Tunchanok Ngamsaowaros; Indu Bodala; Sofia Michopoulou; Mahesan Niranjan,2026,2026,openRxiv,10.64898/2026.08.19.26360855,,https://doi.org/10.64898/2026.08.19.26360855,posted-content,crossref,"""disease progression model"" generative intervention",registered,,include,empirical,include_empirical,Learned latent biomarker dynamics generate individualized future trajectories and evaluate predictive uncertainty on ADNI.,exclude,not_applicable,no_learned_dynamics,The quantifying uncertainty alzheimer s disease progression variational disease progression score study is an ordinary prognostic or static prediction analysis without a learned rollout mechanism.,include,empirical,include_empirical,third_full_text_adjudication,The ADNI-fitted latent cascade model generates individualized future biomarker trajectories from baseline and evaluates prognostic accuracy and credible-interval coverage on unseen subjects.
ALT-ca8c7adfc7a7,fresh_alternate_public_search,Quantitative Comparisons of Progressive Supranuclear Palsy Rating Scale Versions Using Item Response Theory.,"Background Progressive supranuclear palsy (PSP) is a neurodegenerative, late-onset disease that is challenging in terms of assessment. The Progressive Supranuclear Palsy Rating Scale (PSPRS), a 28-item clinician-reported scale, is the most established clinical outcome assessment method. Recently, the U.S. Food and Drug Administration (FDA) has proposed a subscale of 10 items as an alternative to full PSPRS. Objectives To quantitatively evaluate and compare the properties of full PSPRS and the FDA subscale using item response theory. To develop a progression model of the disease and assess relative merits of study designs and analysis options. Methods Data of 979 patients from four interventional trials and two registries were available for analysis. Our investigation was divided into: (1) estimating informativeness of the 28 items; (2) estimating disease progression; and (3) comparing the scales, trial designs, and analysis options with respect to power to detect a clinically relevant treatment effect. Results PSPRS item scores had a low pairwise correlation (r = 0.17 ± 0.14) and the items irritability, sleep difficulty, and postural tremor were uncorrelated with the other items. The FDA-selected items displayed higher correlation (r = 0.35 ± 0.14) and were the basis for a longitudinal item response model including disease progression. Trial simulations indicated that identification of a disease-modifying treatment effect required less than half the study size if the analysis was based on longitudinal item information compared with total scores at end-of-treatment. Conclusion A longitudinal item response model based on the FDA-selected PSPRS items is a promising tool in evaluating treatments for PSP. © 2024 The Author(s). Movement Disorders published by Wiley Periodicals LLC on behalf of International Parkinson and Movement Disorder Society.","Gewily M, Plan EL, Yousefi E, König F, Posch M, Hopfner F, Höglinger G, Karlsson MO.",2024,2024-08-29,,10.1002/mds.30001,,https://europepmc.org/article/MED/39206961,,europe_pmc,europe_pmc_core,indexed,,include,empirical,include_empirical,"A fitted longitudinal disease model supports trial rollouts comparing treatment effects, designs, and analysis power.",exclude,not_applicable,no_future_or_action_evaluation,"The quantitative comparisons progressive supranuclear palsy rating scale versions item response study analyzes or reconstructs dynamics but does not directly evaluate future states, actions, rollouts, or planning.",include,empirical,include_empirical,reviewer_consensus,"A: Fits item-response disease progression dynamics; simulates trial designs and treatment-effect detection power. B: Primary methods and results establish data-adapted medical or biomedical dynamics with direct trajectory, simulator, or action-response evaluation."
ALT-86ecd04e07f7,fresh_alternate_public_search,Risk Factor Identification in Heterogeneous Disease Progression with L1-Regularized Multi-state Models.,"Multi-state model (MSM) is a useful tool to analyze longitudinal data for modeling disease progression at multiple time points. While the regularization approaches to variable selection have been widely used, extending them to MSM remains largely unexplored. In this paper, we have developed the L1-regularized multi-state model (L1MSTATE) framework that enables parameter estimation and variable selection simultaneously. The regularized optimization problem was solved by deriving a one-step coordinate descent algorithm with great computational efficiency. The L1MSTATE approach was evaluated using extensive simulation studies, and it showed that L1MSTATE outperformed existing regularized multi-state models in terms of the accurate identification of risk factors. It also outperformed the un-regularized multi-state models (MSTATE) in terms of identifying the important risk factors in situations with small sample sizes. The power of L1MSTATE in predicting the transition probabilities comparing with MSTATE was demonstrated using the Europe Blood and Marrow Transplantation (EBMT) dataset. The L1MSTATE was implemented in the open-access R package ' L1mstate '.","Dang X, Huang S, Qian X.",2021,2021-01-04,,10.1007/s41666-020-00085-1,,https://europepmc.org/article/MED/35415453,,europe_pmc,europe_pmc_core,indexed,,include,empirical,include_empirical,A regularized multistate model learns clinical transition probabilities and evaluates them through simulations and EBMT data.,exclude,not_applicable,no_future_or_action_evaluation,"The risk factor identification heterogeneous disease progression l1 regularized multi state study analyzes or reconstructs dynamics but does not directly evaluate future states, actions, rollouts, or planning.",include,empirical,include_empirical,third_full_text_adjudication,The regularized multistate model learns covariate-dependent clinical transition intensities and directly evaluates predicted transition probabilities and future state occupancy on held-out data.
ALT-422955863466,fresh_alternate_public_search,scMTG reconstructs single-cell temporal dynamics with Markov transition generators,"Abstract Single-cell time-series data offer a unique opportunity to study how cell states emerge, evolve, and diversify over time. However, cells are destructively measured across time points and individual cells cannot be directly tracked, making it challenging to reconstruct cell-state transitions and uncover the dynamic regulatory programs. Existing methods are predominantly based on optimal transport and typically require predefined low-dimensional representations, which can limit scalability, flexibility, and mechanistic interpretability. Here we present scMTG, a single-cell Markov transition generative framework that jointly learns cell representations and temporal cell-state transitions from unpaired single-cell time-series data. In a series of experiments, scMTG demonstrates superior performance in interpolating held-out missing-time-point data and inferring cross-time-point transition matrices, compared with state-of-the-art methods. More importantly, the learned Markov transition generator provides an interpretable framework for identifying the molecular programs that drive cell-state changes, enabling characterization of cell fate decisions and construction of time-resolved regulatory networks. Together, scMTG provides a unified generative framework for reconstructing cellular dynamics and uncovering regulatory programs that shape development, differentiation, and disease progression. scMTG is available as open-source software at https://github.com/liuq-lab/scMTG .",Xuejian Cui; Haochen Wang; Zijing Gao; Rui Jiang; Wing Hung Wong; Qiao Liu,2026,2026,openRxiv,10.64898/2026.06.04.730241,,https://doi.org/10.64898/2026.06.04.730241,posted-content,crossref,"""virtual cell"" temporal dynamics",registered,,include,empirical,include_empirical,scMTG learns Markov cell-state transitions and directly evaluates missing-time interpolation and transition-matrix inference.,include,empirical,include_empirical,The scmtg reconstructs single cell temporal dynamics markov transition generators study learns or calibrates temporal dynamics and directly evaluates temporal rollouts or simulated trajectories.,include,empirical,include_empirical,reviewer_consensus,"A: Learns single-cell Markov transition generators; evaluates missing-time interpolation and cross-time transitions. B: Primary methods and results establish data-adapted medical or biomedical dynamics with direct trajectory, simulator, or action-response evaluation."
ALT-c71fc7548383,fresh_alternate_public_search,SimulAD: a dynamical model for personalized simulation and disease staging in Alzheimer's disease.,"SimulAD is a computational disease progression model (DPM) originally developed on the ADNI database to simulate the evolution of clinical and imaging markers characteristic of AD, and to quantify the disease severity (DS) of a subject. In this work, we assessed the validity of this estimated DS, as well as the generalization of the DPM., by applying SimulAD on a new cohort from the Geneva Memory Center (GMC). The differences between the estimated DS of healthy, mild cognitive impairment and AD dementia groups were statistically significant (p-values < 0.05; d ≥ 0.8). DS correlated with MMSE (ρ = -0.55), hippocampal atrophy (ρ = -0.62), glucose hypometabolism (ρ = -0.67), amyloid burden (ρ = 0.31) and tau deposition (ρ = 0.62) (p-values < 0.01). Based on the dynamics estimated on the ADNI cohort, we simulated a DPM for the subjects of the GMC cohort. The difference between the temporal evolution of similar biomarkers simulated on the ADNI and GMC cohorts remained below 10%. This study illustrates the robustness and good generalization of SimulAD, highlighting its potential for clinical and pharmaceutical studies.",Abi Nader Clément; Federica Ribaldi; Giovanni B Frisoni; Valentina Garibotto; Philippe Robert; Nicholas Ayache; Marco Lorenzi,2022,2022,Neurobiology of aging,10.1016/j.neurobiolaging.2021.12.015,,https://pubmed.ncbi.nlm.nih.gov/35320737/,journal-article,europe_pmc;pubmed,europe_pmc_core;pubmed_core,indexed,,include,empirical,include_empirical,SimulAD learns biomarker dynamics and validates simulated trajectories on an independent cohort.,include,empirical,include_empirical,The simulad dynamical personalized simulation disease staging alzheimer s disease study learns or calibrates temporal dynamics and directly evaluates temporal rollouts or simulated trajectories.,include,empirical,include_empirical,reviewer_consensus,"A: Fits multimodal Alzheimer biomarker dynamics; externally validates simulated trajectories and disease severity. B: Primary methods and results establish data-adapted medical or biomedical dynamics with direct trajectory, simulator, or action-response evaluation."
ALT-b6f8ec5868d5,fresh_alternate_public_search,Simulating the outcome of amyloid treatments in Alzheimer's disease from imaging and clinical data.,"In this study, we investigate SimulAD, a novel quantitative instrument for the development of intervention strategies for disease-modifying drugs in Alzheimer's disease. SimulAD is based on the modeling of the spatio-temporal dynamics governing the joint evolution of imaging and clinical biomarkers along the history of the disease, and allows the simulation of the effect of intervention time and drug dosage on the biomarkers' progression. When applied to multi-modal imaging and clinical data from the Alzheimer's Disease Neuroimaging Initiative the method enables to generate hypothetical scenarios of amyloid lowering interventions. The results quantify the crucial role of intervention time, and provide a theoretical justification for testing amyloid modifying drugs in the pre-clinical stage. Our experimental simulations are compatible with the outcomes observed in past clinical trials, and suggest that anti-amyloid treatments should be administered at least 7 years earlier than what is currently being done in order to obtain statistically powered improvement of clinical endpoints.","Abi Nader C, Ayache N, Frisoni GB, Robert P, Lorenzi M, Alzheimer’s Disease Neuroimaging Initiative.",2021,2021-04-28,,10.1093/braincomms/fcab091,,https://europepmc.org/article/MED/34085040,,europe_pmc,europe_pmc_core,indexed,,include,empirical,include_empirical,SimulAD learns spatiotemporal biomarker dynamics and evaluates treatment-time and dosage counterfactuals.,include,empirical,include_empirical,The simulating outcome amyloid treatments alzheimer s disease imaging clinical data study learns or calibrates temporal dynamics and directly evaluates intervention-conditioned rollouts or planning outcomes.,include,empirical,include_empirical,reviewer_consensus,"A: Fits multimodal Alzheimer progression dynamics; simulates timing and dosage of amyloid interventions. B: Primary methods and results establish data-adapted medical or biomedical dynamics with direct trajectory, simulator, or action-response evaluation."
ALT-5bec8ffd48d9,fresh_alternate_public_search,Simulation of long-term lecanemab treatment effect on Alzheimer's disease progression.,"Introduction Anti-amyloid therapies such as lecanemab have demonstrated statistically significant slowing of decline on the Clinical Dementia Rating-Sum of Boxes (CDR-SB) in patients with early Alzheimer's disease (AD) in pivotal trials. Converting treatment differences on CDR-SB into time saved from disease progression may help convey clinical relevance for patients and caregivers more effectively. Methods Disease progression models were developed using Alzheimer's Disease Neuroimaging Initiative and National Alzheimer's Coordinating Center data. A 37% treatment-related time delay, derived from the Clarity AD trial, was applied to estimate long-term efficacy of lecanemab. Results Natural progression models estimated 11.5 to 13.7 years from mild cognitive impairment due to AD to severe AD. When starting treatment at CDR-SB 3.2, lecanemab delayed progression to severe AD by 2.5 to 3.7 years when assuming patients remained on treatment and 2.0 to 3.0 years when accounting for treatment discontinuation. Results were consistent across different datasets. Discussion Projections suggest lecanemab substantially delays clinical progression of AD, preserving patients' time in earlier stages of AD.","Williams T, Jang SR, Lanctôt KL, Kang A, Bloudek L, Wang G.",2026,2026-04-01,,10.1002/trc2.70274,,https://europepmc.org/article/MED/42339400,,europe_pmc,europe_pmc_core,indexed,,include,empirical,include_empirical,Data-derived progression models simulate long-term treatment-conditioned trajectories and compare projections across independent datasets.,include,empirical,include_empirical,The simulation long term lecanemab treatment effect alzheimer s disease progression study learns or calibrates temporal dynamics and directly evaluates intervention-conditioned rollouts or planning outcomes.,include,empirical,include_empirical,reviewer_consensus,"A: Fits Alzheimer natural-progression models to cohort data; projects long-term lecanemab treatment delays. B: Primary methods and results establish data-adapted medical or biomedical dynamics with direct trajectory, simulator, or action-response evaluation."
ALT-6ef29c270060,fresh_alternate_public_search,Simulation of the COVID-19 epidemic on the social network of Slovenia: Estimating the intrinsic forecast uncertainty.,"In the article a virus transmission model is constructed on a simplified social network. The social network consists of more than 2 million nodes, each representing an inhabitant of Slovenia. The nodes are organised and interconnected according to the real household and elderly-care center distribution, while their connections outside these clusters are semi-randomly distributed and undirected. The virus spread model is coupled to the disease progression model. The ensemble approach with the perturbed transmission and disease parameters is used to quantify the ensemble spread, a proxy for the forecast uncertainty. The presented ongoing forecasts of COVID-19 epidemic in Slovenia are compared with the collected Slovenian data. Results show that at the end of the first epidemic wave, the infection was twice more likely to transmit within households/elderly care centers than outside them. We use an ensemble of simulations (N = 1000) and data assimilation approach to estimate the COVID-19 forecast uncertainty and to inversely obtain posterior distributions of model parameters. We found that in the uncontrolled epidemic, the intrinsic uncertainty mostly originates from the uncertainty of the virus biology, i.e. its reproduction number. In the controlled epidemic with low ratio of infected population, the randomness of the social network becomes the major source of forecast uncertainty, particularly for the short-range forecasts. Virus transmission models with accurate social network models are thus essential for improving epidemics forecasting.","Zaplotnik Ž, Gavrić A, Medic L.",2020,2020-08-27,,10.1371/journal.pone.0238090,,https://europepmc.org/article/MED/32853292,,europe_pmc,europe_pmc_core,indexed,,include,empirical,include_empirical,A data-assimilated transmission model is calibrated to observations and evaluated through epidemic forecasts and uncertainty rollouts.,exclude,not_applicable,no_future_or_action_evaluation,"The simulation covid 19 epidemic social network slovenia estimating intrinsic forecast study analyzes or reconstructs dynamics but does not directly evaluate future states, actions, rollouts, or planning.",include,empirical,include_empirical,reviewer_consensus,"A: Calibrates network epidemic and disease-progression dynamics; validates forecasts and uncertainty against Slovenian data. B: Primary methods and results establish data-adapted medical or biomedical dynamics with direct trajectory, simulator, or action-response evaluation."
ALT-afc5b7064ab2,fresh_alternate_public_search,Simulation of the Progression of the COVID-19 Disease in Northwest Syria Using Basic and Adjusted SIR Model,"Abstract Background: Syria has been experienced an armed conflict since 2011. At the time of writing, Northwest Syria is outside governmental control and facing the challenges of the COVID-19 pandemic. In this research, we studied the progression of the COVID-19 pandemic in northwest Syria. We studied the impact of wearing facial masks and discussed the results compared to the existing figures and facts. Methods: Based on available data and using the basic and adjusted SIR model, we estimated the value of the basic reproduction number () which gives an initial prediction of the disease progression. We studied the disease progression for one year (from July 2020 to July 2021) and simulated using the basic and adjusted SIR models. Results: We estimated that the for 2019-nCOV was 2.38, and the resulted figures were overestimated compared to the reported numbers and data concerning the COVID-19 pandemic. However, when adjusting the model by a preventive measure (in this case, wearing face masks), the results were significantly less and closer to the actual reported numbers. Conclusions: Hospital utilization throughout 365 days was projected depending on the basic and adjusted SIR model. The pandemic's peak in the studied area was predicted to arise in December 2020. The expected number of cases to be infected and admitted to hospitals and ICU in 365 days was 633636, 1901, and between 1141 and 2090, accordingly.",Orwa Al Abdulla; Agneta Kallström; Jussi Kauhanen; Camilo Valderrama,2021,2021,Springer Science and Business Media LLC,10.21203/rs.3.rs-339649/v1,,https://doi.org/10.21203/rs.3.rs-339649/v1,posted-content,crossref,"""disease progression model"" generative intervention",registered,,include,empirical,include_empirical,The data-calibrated SIR model evaluates epidemic rollouts and a mask intervention against reported outcomes.,exclude,not_applicable,review_not_primary,This review centers on simulation progression covid 19 disease northwest syria basic adjusted sir rather than evaluated medical learned world-model dynamics as its primary subject.,include,empirical,include_empirical,reviewer_consensus,"A: Calibrates SIR progression to northwest Syria data; compares baseline and mask-intervention trajectories with observations. B: Primary methods and results establish data-adapted medical or biomedical dynamics with direct trajectory, simulator, or action-response evaluation."
ALT-ed87368a386c,fresh_alternate_public_search,Simulation-Based Inference for Whole-Brain Network Modeling of Epilepsy using Deep Neural Density Estimators,"Whole-brain network modeling of epilepsy is a data-driven approach that combines personalized anatomical information with dynamical models of abnormal brain activity to generate spatio-temporal seizure patterns as observed in brain imaging signals. Such a parametric simulator is equipped with a stochastic generative process, which itself provides the basis for inference and prediction of the local and global brain dynamics affected by disorders. However, the calculation of likelihood function at whole-brain scale is often intractable. Thus, likelihood-free inference algorithms are required to efficiently estimate the parameters pertaining to the hypothetical areas in the brain, ideally including the uncertainty. In this detailed study, we present simulation-based inference for the virtual epileptic patient (SBI-VEP) model, which only requires forward simulations, enabling us to amortize posterior inference on parameters from low-dimensional data features representing whole-brain epileptic patterns. We use state-of-the-art deep learning algorithms for conditional density estimation to retrieve the statistical relationships between parameters and observations through a sequence of invertible transformations. This approach enables us to readily predict seizure dynamics from new input data. We show that the SBI-VEP is able to accurately estimate the posterior distribution of parameters linked to the extent of the epileptogenic and propagation zones in the brain from the sparse observations of intracranial EEG signals. The presented Bayesian methodology can deal with non-linear latent dynamics and parameter degeneracy, paving the way for reliable prediction of neurological disorders from neuroimaging modalities, which can be crucial for planning intervention strategies.","Hashemi M, Vattikonda AN, Jha J, Sip V, Woodman MM, Bartolomei F, Jirsa VK.",2022,2022-06-03,,10.1101/2022.06.02.22275860,,https://europepmc.org/article/PPR/PPR502261,,europe_pmc,europe_pmc_core,indexed,,include,empirical,include_empirical,Patient-specific simulator parameters are learned from EEG and evaluated for seizure-dynamics prediction and intervention planning.,exclude,not_applicable,no_future_or_action_evaluation,"The simulation inference whole brain network epilepsy deep neural density estimators study analyzes or reconstructs dynamics but does not directly evaluate future states, actions, rollouts, or planning.",include,empirical,include_empirical,reviewer_consensus,"A: Personalizes whole-brain seizure dynamics through simulation-based inference; validates generated spatiotemporal seizure patterns. B: Primary methods and results establish data-adapted medical or biomedical dynamics with direct trajectory, simulator, or action-response evaluation."
ALT-656641ee746b,fresh_alternate_public_search,Single versus multiple inhaler triple therapy in COPD using data from the pragmatic INTREPID trial: cost-effectiveness analysis from the Chilean public healthcare system perspective.,"BACKGROUND: Chronic obstructive pulmonary disease (COPD) imposes a substantial economic burden in Chile. This study assessed the cost-effectiveness of fluticasone furoate, umeclidinium, and vilanterol (FF/UMEC/VI) once daily via single inhaler compared to multiple inhaler triple therapy (MITT) for moderate to severe COPD, from the Chilean public healthcare system perspective. RESEARCH DESIGN AND METHODS: The Galaxy COPD disease progression model was adapted to the Chilean setting, incorporating Chilean healthcare resource use and unit costs, along with patient data, comparators, and treatment effects from INTREPID trial. Costs and healthcare benefits were aggregated over 25 years and reported as incremental cost-effectiveness ratios (ICERs-cost/quality-adjusted life year [QALY] gained). Sensitivity analysis included probabilistic assessment. RESULTS: Single inhaler FF/UMEC/VI provided an additional 0.261 QALYs at an incremental cost of 114.21 United States Dollars (USD) per patient, leading to an ICER of 438.41 USD/QALY in the base case. FF/UMEC/VI reduced severe exacerbations per patient per year by 4.38% compared to MITT. FF/UMEC/VI was dominant over MITT in 5- and 10-year time horizons. CONCLUSIONS: Despite higher total costs due to increased drug acquisition, FF/UMEC/VI reduces healthcare resource utilization associated with COPD events, representing a cost-effective option compared to MITT for moderate to severe COPD in Chile.",Felipe Moraes Dos Santos; Nicolás Sandoval Astudillo; Manuel Espinoza; Carlos Balmaceda; Jose Fernando Romero; Stephen G Noorduyn,2026,2026,Expert review of pharmacoeconomics & outcomes research,10.1080/14737167.2026.2693168,,https://pubmed.ncbi.nlm.nih.gov/42343705/,journal-article,europe_pmc;pubmed,europe_pmc_core;pubmed_core,indexed,,include,empirical,include_empirical,The adapted COPD progression model performs 25-year treatment counterfactual rollouts using trial patient effects.,exclude,not_applicable,review_not_primary,This review centers on single versus multiple inhaler triple therapy copd data pragmatic intrepid rather than evaluated medical learned world-model dynamics as its primary subject.,include,empirical,include_empirical,reviewer_consensus,"A: Adapts a COPD progression model with trial data; simulates long-term treatment outcomes and exacerbations. B: Primary methods and results establish data-adapted medical or biomedical dynamics with direct trajectory, simulator, or action-response evaluation."
ALT-b3e7bbcf7025,fresh_alternate_public_search,Temporal Generative Models for Longitudinal Study of Disease Progression Patterns,,Anu D; Manoj Kumar M V,2026,2026,2026 IEEE Global Symposium on Emerging and Communication Technologies (GSEACT),10.1109/gseact68539.2026.11620023,,https://doi.org/10.1109/gseact68539.2026.11620023,proceedings-article,crossref,"""disease progression model"" generative intervention",registered,,uncertain,empirical,insufficient_abstract,"The title suggests temporal generative disease modeling, but no abstract confirms learned transitions or rollout evaluation.",uncertain,empirical,insufficient_abstract,"The temporal generative longitudinal disease progression patterns title plausibly denotes learned medical dynamics, but the missing abstract does not establish direct future or action evaluation.",include,empirical,include_empirical,third_full_text_adjudication,ProgVAE learns irregular longitudinal EHR dynamics across three chronic diseases and directly evaluates next-stage progression and trajectory errors against ODE-VAE and recurrent generative baselines.
ALT-6dd7b171b472,fresh_alternate_public_search,Temporal order of clinical and biomarker changes in familial frontotemporal dementia.,"Unlike familial Alzheimer's disease, we have been unable to accurately predict symptom onset in presymptomatic familial frontotemporal dementia (f-FTD) mutation carriers, which is a major hurdle to designing disease prevention trials. We developed multimodal models for f-FTD disease progression and estimated clinical trial sample sizes in C9orf72, GRN and MAPT mutation carriers. Models included longitudinal clinical and neuropsychological scores, regional brain volumes and plasma neurofilament light chain (NfL) in 796 carriers and 412 noncarrier controls. We found that the temporal ordering of clinical and biomarker progression differed by genotype. In prevention-trial simulations using model-based patient selection, atrophy and NfL were the best endpoints, whereas clinical measures were potential endpoints in early symptomatic trials. f-FTD prevention trials are feasible but will likely require global recruitment efforts. These disease progression models will facilitate the planning of f-FTD clinical trials, including the selection of optimal endpoints and enrollment criteria to maximize power to detect treatment effects.","Staffaroni AM, Quintana M, Wendelberger B, Heuer HW, Russell LL, Cobigo Y, Wolf A, Goh SM, Petrucelli L, Gendron TF, Heller C, Clark AL, Taylor JC, Wise A, Ong E, Forsberg L, Brushaber D, Rojas JC, VandeVrede L, Ljubenkov P, Kramer J, Casaletto KB, Appleby B, Bordelon Y, Botha H, Dickerson BC, Domoto-Reilly K, Fields JA, Foroud T, Gavrilova R, Geschwind D, Ghoshal N, Goldman J, Graff-Radford J, Graff-Radford N, Grossman M, Hall MGH, Hsiung GY, Huey ED, Irwin D, Jones DT, Kantarci K, Kaufer D, Knopman D, Kremers W, Lago AL, Lapid MI, Litvan I, Lucente D, Mackenzie IR, Mendez MF, Mester C, Miller BL, Onyike CU, Rademakers R, Ramanan VK, Ramos EM, Rao M, Rascovsky K, Rankin KP, Roberson ED, Savica R, Tartaglia MC, Weintraub S, Wong B, Cash DM, Bouzigues A, Swift IJ, Peakman G, Bocchetta M, Todd EG, Convery RS, Rowe JB, Borroni B, Galimberti D, Tiraboschi P, Masellis M, Finger E, van Swieten JC, Seelaar H, Jiskoot LC, Sorbi S, Butler CR, Graff C, Gerhard A, Langheinrich T, Laforce R, Sanchez-Valle R, de Mendonça A, Moreno F, Synofzik M, Vandenberghe R, Ducharme S, Le Ber I, Levin J, Danek A, Otto M, Pasquier F, Santana I, Kornak J, Boeve BF, Rosen HJ, Rohrer JD, Boxer AL, Frontotemporal Dementia Prevention Initiative (FPI) Investigators.",2022,2022-09-22,,10.1038/s41591-022-01942-9,,https://europepmc.org/article/MED/36138153,,europe_pmc,europe_pmc_core,indexed,,include,empirical,include_empirical,Learned multimodal disease trajectories are directly used in clinical-trial simulations for patient selection and endpoint planning.,exclude,not_applicable,no_learned_dynamics,The temporal order clinical biomarker changes familial frontotemporal dementia study is an ordinary prognostic or static prediction analysis without a learned rollout mechanism.,include,empirical,include_empirical,reviewer_consensus,"A: Fits genotype-specific frontotemporal dementia progression; simulates endpoints enrollment and prevention-trial power. B: Primary methods and results establish data-adapted medical or biomedical dynamics with direct trajectory, simulator, or action-response evaluation."
ALT-cc1c1352d964,fresh_alternate_public_search,The Coupled Stochastic Dynamical System: A Generative Model for Simulating and Forecasting Youth Mental Health Trajectories,"Mechanism-informed models that can simulate counterfactual mental-health trajectories remain scarce in digital phenotyping. Most existing approaches either predict outcomes from sensor-derived data without specifying the cross-domain generative process or reconstruct latent dynamics without encoding the mechanistic assumptions needed for intervention simulation. Here, we introduce the Coupled Stochastic Dynamical System (CSDS), a forward generative model that jointly simulates digital engagement, wearable physiology, and psychiatric burden as a family of coupled stochastic processes. Using the multi-year GLOBEM cohort (N=496) integrating passive sensing, ecological momentary assessment, and survey-based measures, we first identified four distinct behavioural phenotypes by clustering. Bayesian inversion of the CSDS satisfied 80–83% of clusters’ weighted phenotype targets through separable traitvulnerability, physical-activity, and affective-response parameter families. Participant-level inversion produced virtual twins that recovered the individual dynamic structure of complex human behaviours: Hidden Markov Models trained on the synthetic timeseries decoded observed state occupancy and transitions ( r =0.84–0.87 and 0.93–0.94), and outperformed mean- or persistence-based null models in shorthorizon magnitude prediction, with sparser affective channels showing horizon-stable directional forecasting above chance (66–78% balanced accuracy to 21 days). These findings position generative behavioural models as falsifiable and interpretable frameworks for studying youth mental-health trajectories and for developing future personalised interventions.","Koutsouleris N, Turner G, Grüning DJ, Penzel N, Jacobs G, Fietz J, Buciuman M, Urquijo M, Mena S, Fraza C, Lalousis P, Antonucci LA, Schneider S, Wang H, Jirsa V, Slovak P, Orben A.",2026,2026-07-29,,10.64898/2026.07.26.26358943,,https://europepmc.org/article/PPR/PPR1288838,,europe_pmc,europe_pmc_core,indexed,,include,empirical,include_empirical,Data-adapted stochastic dynamics generate virtual-twin trajectories and are evaluated for transitions and multistep forecasts.,include,empirical,include_empirical,The coupled stochastic dynamical system generative simulating forecasting youth mental health study learns or calibrates temporal dynamics and directly evaluates intervention-conditioned rollouts or planning outcomes.,include,empirical,include_empirical,reviewer_consensus,"A: Calibrates coupled stochastic mental-health and sensor dynamics; tests individual trajectories and counterfactual simulations. B: Primary methods and results establish data-adapted medical or biomedical dynamics with direct trajectory, simulator, or action-response evaluation."
ALT-0fdbd7fc2fe3,fresh_alternate_public_search,The potential of the Medical Digital Twin in diabetes management: a review.,"Diabetes is a chronic prevalent disease that must be managed to improve the patient's quality of life. However, the limited healthcare management resources compared to the large diabetes mellitus (DM) population are an obstacle that needs modern information technology to improve. Digital twin (DT) is a relatively new approach that has emerged as a viable tool in several sectors of healthcare, and there have been some publications on DT in disease management. The systematic summary of the use of DTs and its potential applications in DM is less reported. In this review, we summarized the key techniques of DTs, proposed the potentials of DTs in DM management from different aspects, and discussed the concerns of this novel technique in DM management.",Yanting Chu; Shanhong Li; Jie Tang; Huiqun Wu,2023,2023,Frontiers in medicine,10.3389/fmed.2023.1178912,,https://pubmed.ncbi.nlm.nih.gov/37547605/,journal-article,europe_pmc;pubmed,europe_pmc_core;pubmed_core,indexed,,exclude,review,review_not_primary,This generic diabetes digital-twin review summarizes potential uses without a world-model evidence map.,include,review,include_review,"This review primarily synthesizes dynamic medical digital twins for potential medical digital twin diabetes management review, including prediction, simulation, or intervention use.",include,review,include_review,reviewer_consensus,A: Reviews medical digital twins for diabetes management; synthesizes dynamic monitoring prediction and treatment applications. B: Substantially synthesizes medical dynamic twins or closely equivalent learned simulation systems and their evaluation.
ALT-93e4c18ce5af,fresh_alternate_public_search,Towards AI-based precision rehabilitation via contextual model-based reinforcement learning.,"BACKGROUND: Stroke is a condition marked by considerable variability in lesions, recovery trajectories, and responses to therapy. Consequently, precision medicine in rehabilitation post-stroke, which aims to deliver the ""right intervention, at the right time, in the right setting, for the right person,"" is essential for optimizing stroke recovery. Although artificial intelligence (AI) has been effectively utilized in other medical fields, no current AI system is designed to tailor and continuously refine rehabilitation plans post-stroke. METHODS: We propose a novel AI-based decision-support system for precision rehabilitation that uses reinforcement learning (RL) to personalize the treatment plan. Specifically, our system iteratively adjusts the sequential treatment plan-timing, dosage, and intensity-to maximize long-term outcomes based on a patient model that includes covariate data (the context). The system collaborates with clinicians and people with stroke to customize the recommended plan based on clinical judgment, constraints, and preferences. To achieve this goal, we propose a contextual Markov decision process (CMDP) framework and a novel hierarchical Bayesian model-based RL algorithm, named posterior sampling for contextual RL (PSCRL), that discovers and continuously adjusts near-optimal sequential treatments by efficiently balancing exploitation and exploration while respecting constraints and preferences. RESULTS: We implemented and validated our precision rehabilitation system in simulations with 150 diverse, synthetic patients. Simulation results showed the system's ability to continuously learn from both upcoming data from the current patient and a database of past patients via Bayesian hierarchical modeling. Specifically, the algorithm's sequential treatment recommendations became increasingly more effective in improving functional gains for each patient over time and across the synthetic patient population. As a result, the algorithm's treatments were superior to non-adaptive, ""one-size-fits-all"" dosing schedules (uniform, decreasing, and increasing). CONCLUSIONS: Our novel AI-based precision rehabilitation system, based on contextual model-based RL, has the potential to play a key role in novel learning health systems in rehabilitation.",Dongze Ye; Haipeng Luo; Carolee Winstein; Nicolas Schweighofer,2025,2025,Journal of neuroengineering and rehabilitation,10.1186/s12984-025-01771-0,,https://pubmed.ncbi.nlm.nih.gov/41419889/,journal-article,crossref;europe_pmc;pubmed,"""model-based reinforcement learning"" medical;""model-based reinforcement learning"" surgical;europe_pmc_core;pubmed_core",indexed,,include,empirical,include_empirical,Bayesian model-based RL adapts patient dynamics and directly evaluates sequential rehabilitation control.,include,empirical,include_empirical,The ai precision rehabilitation contextual reinforcement learning study learns or calibrates temporal dynamics and directly evaluates intervention-conditioned rollouts or planning outcomes.,include,empirical,include_empirical,third_full_text_adjudication,"The stroke patient transition model was developed from DOSE and EXCITE trial data, then used to evaluate action-conditioned recovery rollouts and adaptive treatment schedules in model-based reinforcement learning."
ALT-009a6e0f911b,fresh_alternate_public_search,Towards Causality-Aware Inferring: A Sequential Discriminative Approach for Medical Diagnosis.,"Medical diagnosis assistant (MDA) aims to build an interactive diagnostic agent to sequentially inquire about symptoms for discriminating diseases. However, since the dialogue records for building a patient simulator are collected passively, the collected records might be deteriorated by some task-unrelated biases, such as the preference of the collectors. These biases might hinder the diagnostic agent to capture transportable knowledge from the simulator. This work identifies and resolves two representative non-causal biases, i.e., (i) default-answer bias and (ii) distributional inquiry bias. Specifically, Bias (i) originates from the patient simulator which tries to answer the unrecorded inquiries with some biased default answers. To eliminate this bias and improve upon a well-known causal inference technique, i.e., propensity score matching, we propose a novel propensity latent matching in building a patient simulator to effectively answer unrecorded inquiries; Bias (ii) inherently comes along with the passively collected data that the agent might learn by remembering what to inquire within the training data while not able to generalize to the out-of-distribution cases. To this end, we propose a progressive assurance agent, which includes the dual processes accounting for symptom inquiry and disease diagnosis respectively. The diagnosis process pictures the patient mentally and probabilistically by intervention to eliminate the effect of the inquiry behavior. And the inquiry process is driven by the diagnosis process to inquire about symptoms to enhance the diagnostic confidence which alters as the patient distribution changes. In this cooperative manner, our proposed agent can improve upon the out-of-distribution generalization significantly. Extensive experiments demonstrate that our framework achieves new state-of-the-art performance and possesses the advantage of transportability.",Junfan Lin; Keze Wang; Ziliang Chen; Xiaodan Liang; Liang Lin,2023,2023,IEEE transactions on pattern analysis and machine intelligence,10.1109/tpami.2023.3292363,,https://pubmed.ncbi.nlm.nih.gov/37405895/,journal-article,europe_pmc;pubmed,europe_pmc_core;pubmed_core,indexed,,include,empirical,include_empirical,A learned action-conditioned patient simulator supports sequential symptom inquiry and receives direct experimental evaluation.,exclude,not_applicable,no_learned_dynamics,"The causality aware inferring sequential discriminative medical diagnosis study evaluates education, training, or simulator hardware rather than learned patient dynamics.",include,empirical,include_empirical,reviewer_consensus,"A: Learns a causal patient response simulator from clinical dialogues; evaluates sequential symptom inquiry and diagnosis interactions. B: Primary methods and results establish data-adapted medical or biomedical dynamics with direct trajectory, simulator, or action-response evaluation."
ALT-96b19f8d66a6,fresh_alternate_public_search,TWIN: Personalized Clinical Trial Digital Twin Generation,,Trisha Das; Zifeng Wang; Jimeng Sun,2023,2023,Proceedings of the 29th ACM SIGKDD Conference on Knowledge Discovery and Data Mining,10.1145/3580305.3599534,,https://doi.org/10.1145/3580305.3599534,proceedings-article,crossref,"""clinical digital twin"" intervention",registered,,uncertain,empirical,insufficient_abstract,"The medical digital-twin title is relevant, but no abstract permits assessing learned temporal dynamics or evaluation.",uncertain,empirical,insufficient_abstract,"The twin personalized clinical trial digital twin generation title plausibly denotes learned medical dynamics, but the missing abstract does not establish direct future or action evaluation.",include,empirical,include_empirical,third_full_text_adjudication,"TWIN learns personalized longitudinal clinical-trial records, preserves temporal relations across visits and events, and evaluates record fidelity, downstream outcome simulation, and privacy against real trial data."
ALT-2e0b832a46b2,fresh_alternate_public_search,Type 1 diabetes prevention clinical trial simulator: Case reports of model-informed drug development tool.,"Clinical trials seeking to delay or prevent the onset of type 1 diabetes (T1D) face a series of pragmatic challenges. Despite more than 100 years since the discovery of insulin, teplizumab remains the only FDA-approved therapy to delay progression from Stage 2 to Stage 3 T1D. To increase the efficiency of clinical trials seeking this goal, our project sought to inform T1D clinical trial designs by developing a disease progression model-based clinical trial simulation tool. Using individual-level data collected from the TrialNet Pathway to Prevention and The Environmental Determinants of Diabetes in the Young natural history studies, we previously developed a quantitative joint model to predict the time to T1D onset. We then applied trial-specific inclusion/exclusion criteria, sample sizes in treatment and placebo arms, trial duration, assessment interval, and dropout rate. We implemented a function for presumed drug effects. To increase the size of the population pool, we generated virtual populations using multivariate normal distribution and ctree machine learning algorithms. As an output, power was calculated, which summarizes the probability of success, showing a statistically significant difference in the time distribution until the T1D diagnosis between the two arms. Using this tool, power curves can also be generated through iterations. The web-based tool is publicly available: https://app.cop.ufl.edu/t1d/. Herein, we briefly describe the tool and provide instructions for simulating a planned clinical trial with two case studies. This tool will allow for improved clinical trial designs and accelerate efforts seeking to prevent or delay the onset of T1D.",Juan Francisco Morales; Marian Klose; Yannick Hoffert; Jagdeep T Podichetty; Jackson Burton; Stephan Schmidt; Klaus Romero; Inish O'Doherty; Frank Martin; Martha Campbell-Thompson; Michael J Haller; Mark A Atkinson; Sarah Kim,2024,2024,CPT: pharmacometrics & systems pharmacology,10.1002/psp4.13193,,https://pubmed.ncbi.nlm.nih.gov/38961520/,journal-article,europe_pmc;pubmed,europe_pmc_core;pubmed_core,indexed,,include,empirical,include_empirical,A data-derived T1D progression model simulates treatment-control trials and evaluates counterfactual trial power.,exclude,not_applicable,no_learned_dynamics,The type 1 diabetes prevention clinical trial simulator case reports informed study is an ordinary prognostic or static prediction analysis without a learned rollout mechanism.,include,empirical,include_empirical,reviewer_consensus,"A: Fits type 1 diabetes onset dynamics from natural history data; simulates treatment effects trial designs and power. B: Primary methods and results establish data-adapted medical or biomedical dynamics with direct trajectory, simulator, or action-response evaluation."
ALT-dcb2580cae0b,fresh_alternate_public_search,Using an optimized generative model to infer the progression of complications in type 2 diabetes patients.,"BACKGROUND: People live a long time in pre-diabetes/early diabetes without a formal diagnosis or management. Heterogeneity of progression coupled with deficiencies in electronic health records related to incomplete data, discrete events, and irregular event intervals make identification of pre-diabetes and critical points of diabetes progression challenging. METHODS: We utilized longitudinal electronic health records of 9298 patients with type 2 diabetes or prediabetes from 2005 to 2016 from a large regional healthcare delivery network in China. We optimized a generative Markov-Bayesian-based model to generate 5000 synthetic illness trajectories. The synthetic data were manually reviewed by endocrinologists. RESULTS: We build an optimized generative progression model for type 2 diabetes using anchor information to reduce the number of parameters learning in the third layer of the model from [Formula: see text] to [Formula: see text], where [Formula: see text] is the number of clinical findings, [Formula: see text] is the number of complications, [Formula: see text] is the number of anchors. Based on this model, we infer the relationships between progression stages, the onset of complication categories, and the associated diagnoses during the whole progression of type 2 diabetes using electronic health records. DISCUSSION: Our findings indicate that 55.3% of single complications and 31.8% of complication patterns could be predicted early and managed appropriately to potentially delay (as it is a progressive disease) or prevented (by lifestyle modifications that keep patient from developing/triggering diabetes in the first place). CONCLUSIONS: The full type 2 diabetes patient trajectories generated by the chronic disease progression model can counter a lack of real-world evidence of desired longitudinal timeframe while facilitating population health management.",Xiaoxia Wang; Yifei Lin; Yun Xiong; Suhua Zhang; Yanming He; Yuqing He; Zhikun Zhang; Joseph M Plasek; Li Zhou; David W Bates; Chunlei Tang,2022,2022,BMC medical informatics and decision making,10.1186/s12911-022-01915-5,,https://pubmed.ncbi.nlm.nih.gov/35778708/,journal-article,crossref;europe_pmc;pubmed,"""disease progression model"" generative intervention;europe_pmc_core;pubmed_core",indexed,,include,empirical,include_empirical,The learned generative progression model produces and evaluates full synthetic diabetes trajectories from longitudinal records.,include,empirical,include_empirical,The optimized generative infer progression complications type 2 diabetes patients study learns or calibrates temporal dynamics and directly evaluates temporal rollouts or simulated trajectories.,include,empirical,include_empirical,reviewer_consensus,"A: Learns generative Markov-Bayesian diabetes complication dynamics; evaluates synthetic illness trajectories and stage transitions. B: Primary methods and results establish data-adapted medical or biomedical dynamics with direct trajectory, simulator, or action-response evaluation."
AUD-eb75e7258782,primary_search_alternate_filter,Deep Generative Model of Macrophage Immune Response for Hepato-intestinal Tumor Therapy Optimization.,"Digestive tract cancers, including hepatobiliary and gastrointestinal malignancies, remain a major oncological burden globally. Immunotherapy efficacy rates are low, with only 15% to 30% of patients experiencing responses following treatment. Tumor-associated macrophages, which change phenotype between a pro-inflammatory and an immunosuppressive state, play a key role in determining the response to therapy, and current static biomarkers are inadequate for capturing the spatial-temporal changes associated with the immune response. We developed a bioinspired digital twin platform integrating variational representation learning with causal sequence modeling. The platform incorporates heterogeneous biological data (1.2 million single-cell transcriptomes, spatial immunophenotyping, and clinical trajectories) from 2,847 individuals across 5 digestive cancer types. Graph-based attention mechanisms encode intercellular interactions, while transformer-based temporal modules simulate immunological state transitions. A model-predictive optimization layer identifies patient-specific interventions maximizing repolarization potential. The biomimetic model predicted the outcome of therapy response better than conventional biomarker models did (area under the receiver operating characteristic curve: 0.847 compared to 0.692 with a statistically significant difference at P below 0.001). In an exploratory, nonrandomized analysis of discordant cases ( n = 156) where model and physician recommendations differed, model-guided treatment was associated with higher response rates (47.4% versus 28.2%) and longer median progression-free survival (9.8 months versus 6.0 months; P = 0.003); however, selection bias cannot be excluded. This study provides preliminary evidence for the feasibility of a computational framework for immunotherapy optimization; prospective randomized trials are required to establish clinical utility.","Zhou L, Tan Y, Lv W, Lin K, Li F, Ouyang W, Zhang D.",2026,2026-06-16,,10.34133/cbsystems.0559,,https://europepmc.org/article/MED/42644119,,['europe_pmc'],['europe_pmc_core'],indexed,world-model phrase absent from title and abstract,include,empirical,include_empirical,"Learned temporal immune transitions support simulated interventions, predictive evaluation, and model-predictive treatment optimization.",include,empirical,include_empirical,The deep generative macrophage immune response hepato intestinal tumor therapy optimization study learns or calibrates temporal dynamics and directly evaluates intervention-conditioned rollouts or planning outcomes.,include,empirical,include_empirical,reviewer_consensus,"A: Learns causal sequence dynamics of tumor macrophage states; validates temporal predictions and intervention optimization. B: Primary methods and results establish data-adapted medical or biomedical dynamics with direct trajectory, simulator, or action-response evaluation."
AUD-6c0866a27898,primary_search_alternate_filter,Digital Twins for Predictive Modelling of Thrombosis and Stroke Risk: Current Approaches and Future Directions,"Thrombosis drives substantial global mortality across atrial fibrillation, venous thromboembolism, and atherosclerosis. However, clinical scores treat risk as a static variable and omit evolving comorbidities, functional biomarkers, anatomy, and treatment exposure, leading to misclassification and preventable events. This statement advances a unified scientific agenda for patient-specific digital twins that dynamically integrate multimodal longitudinal data with mechanistic insight to predict thrombogenesis risks. We position these digital twins as hybrid models anchored in physics and data-driven algorithms that can simulate disease progression and therapy. The goal of this approach is to refine stroke and bleeding estimation beyond current clinical rules. Continuous updating from imaging data, laboratory test results, wearables, and electronic health records supports dynamic risk trajectories and adaptive care pathways, facilitating continuous risk reassessment. This statement analyzes gaps in data quality, calibration, validation, and uncertainty quantification that presently limit the clinical translation of this technology. Research priorities are then proposed for multiscale thrombosis modelling, physics-informed learning, probabilistic forecasting, and regulatory-compliant data stewardship. Finally, we outline translation to in silico trials, regulatory alignment, and hospital workflows that link predictions to decisions. By articulating shared challenges across thrombosis-driven diseases and reframing risk as a time-varying measurable quantity, this statement lays a foundation for developing digital twin approaches that support a shift from population heuristics towards precise, timely thrombosis care. These advances are essential for translating digital twin technology from research to clinical practice, enabling dynamic risk prediction and personalized anticoagulation therapy.",Adelaide de Vecchi; Oscar Camara; R Cavarra; Juan Carlos del Alamo; Wahbi K. El‐Bouri; Albert Ferro; Henry Horng-Shing Lu; Paolo Melidoro; S Ogbomo-Harmitt; Iván Olier; Sandra Ortega‐Martorell; Rushad Patell; Christian Vergara; Vitaly Volpert; Gregory Y. H. Lip; Oleg Aslanidi,2026,2026-02-09,Thrombosis and Haemostasis,10.1055/a-2761-5903,,https://doi.org/10.1055/a-2761-5903,article,['openalex'],"['""world model"" EHR', '""world model"" clinical', '""world model"" echocardiography', '""world model"" patient', '""world model"" physiology', '""world model"" treatment']",open-access,world-model phrase absent from title and abstract,include,review,include_review,"Medical digital twins are primary, with model taxonomy, evidence gaps, and clinical-translation priorities.",include,review,include_review,"This review primarily synthesizes dynamic medical digital twins for digital twins predictive thrombosis stroke risk current approaches future directions, including prediction, simulation, or intervention use.",include,review,include_review,third_full_text_adjudication,"This scientific statement substantially synthesizes hybrid physics-and-data-driven thrombosis twins, longitudinal updating, probabilistic forecasting, disease and therapy simulation, validation gaps, and clinical translation pathways."
AUD-7b680c396592,primary_search_alternate_filter,Individual hearts: computational models for improved management of cardiovascular disease,"Cardiovascular disease remains a leading cause of morbidity and mortality worldwide, with conventional management often applying standardised approaches that struggle to address individual variability in increasingly complex patient populations. Computational models, both knowledge-driven and data-driven, have the potential to reshape cardiovascular medicine by offering innovative tools that integrate patient-specific information with physiological understanding or statistical inference to generate insights beyond conventional diagnostics. This review traces how computational modelling has evolved from theoretical research tools into clinical decision support systems that enable personalised cardiovascular care. We examine this evolution across three key domains: enhancing diagnostic accuracy through improved measurement techniques, deepening mechanistic insights into cardiovascular pathophysiology and enabling precision medicine through patient-specific simulations. The review covers the complementary strengths of data-driven approaches, which identify patterns in large clinical datasets, and knowledge-driven models, which simulate cardiovascular processes based on established biophysical principles. Applications range from artificial intelligence-guided measurements and model-informed diagnostics to digital twins that enable in silico testing of therapeutic interventions in the digital replicas of individual hearts. This review outlines the main types of cardiovascular modelling, highlighting their strengths, limitations and complementary potential through current clinical and research applications. We also discuss future directions, emphasising the need for interdisciplinary collaboration, pragmatic model design and integration of hybrid approaches. While progress is promising, challenges remain in validation, regulatory approval and clinical workflow integration. With continued development and thoughtful implementation, computational models hold the potential to enable more informed decision-making and advance truly personalised cardiovascular care.",Nick van Osta; Tim van Loon; Joost Lumens,2025,2025-09-09,Heart,10.1136/heartjnl-2024-324177,,https://doi.org/10.1136/heartjnl-2024-324177,article,['openalex'],"['""world model"" clinical', '""world model"" echocardiography', '""world model"" medicine', '""world model"" patient', '""world model"" physiology']",open-access,world-model phrase absent from title and abstract,include,review,include_review,"The review synthesizes patient-specific cardiovascular simulations, digital twins, model types, and clinical translation.",exclude,not_applicable,review_not_primary,This review centers on individual hearts computational improved management cardiovascular disease rather than evaluated medical learned world-model dynamics as its primary subject.,include,review,include_review,reviewer_consensus,A: Reviews data-driven and mechanistic individualized heart models; synthesizes patient-specific simulation and decision-support evidence. B: Substantially synthesizes medical dynamic twins or closely equivalent learned simulation systems and their evaluation.
AUD-d5aa0fec108f,primary_search_alternate_filter,P535 Optimising vedolizumab in treatment sequences for Crohn’s disease: Results from a simulation model using real-world evidence,"Abstract Background With the availability of biologic therapies for treating Crohn’s disease (CD) there are limited data to inform optimal treatment decisions. Vedolizumab (VDZ), an anti-integrin antibody that selectively targets lymphocyte migration to the gut, was approved in 2014 for the treatment of moderate-to-severe CD. We developed a model based on real-world evidence (RWE) to examine the effect of different positioning for VDZ in CD treatment sequences on clinical outcomes. Methods A Markov sequential model was developed to identify the optimal position of VDZ within a sequence of CD therapies that included corticosteroids (CS), 2 biologics and best supportive care. Three sequences were compared: VDZ as first biologic (first position), second and last biologic among anti-TNFs and ustekinumab as alternate biologic treatments. To test the behaviour of the model, VDZ was also positioned before CS (Position 0, off label). Model inputs were informed using published RWE. At each position in the treatment sequence, patients achieving clinical response or remission during induction continued on maintenance; patients on maintenance could lose clinical response or remission; patients who did not achieve response during induction or lost response during maintenance (including after dose escalation) moved to the next position of the sequence after a treatment-free interval. Surgery, development of intestinal malignancy/lymphoma, and discontinuation of treatment due to serious adverse events or death could occur at each sequence position. VDZ sequences were compared and ranked based on quality-adjusted life years (QALYs), patient-reported outcomes (PRO2/3) derived from CDAI scores, or proportion of patients undergoing surgery by the end of the 10-year time horizon for model simulation. Probabilistic sensitivity analysis (PSA) evaluated the impact of model inputs uncertainty on the outcomes. Results For QALYs, PRO2/3, and rates of surgery, VDZ early in the treatment sequence was the optimal positioning strategy (Table). Using QALYs as the ranking criterion, VDZ before CS was the optimal sequence yielding 5.19 QALYs and incremental QALYs of 0.7, 0.20, and 0.20 versus the second-, third- and fourth-line strategy, respectively. The ranking of VDZ in treatment sequences was preserved when PRO2/3 or surgery were used as ranking criteria. In 1,780/2,000 PSA iterations (89%), VDZ before CS or as first biologic yielded the highest QALYs vs. other sequence positions. Conclusion The results of this simulation model using real-world evidence clearly indicate that positioning VDZ earlier in the treatment sequence may yield better patient outcomes in terms of QALYs, PROs and rates of surgery.",E Louis; A Nikolaou; M Litkiewicz; C Agboton; S Wang; A Armuzzi,2021,2021,Journal of Crohn's and Colitis,10.1093/ecco-jcc/jjab076.656,,https://doi.org/10.1093/ecco-jcc/jjab076.656,journal-article,['crossref'],"['""world model"" treatment']",registered,world-model phrase absent from title and abstract,include,empirical,include_empirical,RWE-informed Markov transitions simulate ten-year treatment-sequence outcomes and compare alternative action policies.,exclude,not_applicable,no_future_or_action_evaluation,"The p535 optimising vedolizumab treatment sequences crohn s disease results simulation study analyzes or reconstructs dynamics but does not directly evaluate future states, actions, rollouts, or planning.",include,empirical,include_empirical,reviewer_consensus,"A: Parameterizes Crohn treatment-state transitions from real-world evidence; compares sequential therapy policies and outcomes. B: Primary methods and results establish data-adapted medical or biomedical dynamics with direct trajectory, simulator, or action-response evaluation."
AUD-a956f62c779d,primary_search_alternate_filter,Pumping the brakes on RNA velocity by understanding and interpreting RNA velocity estimates.,"Background RNA velocity analysis of single cells offers the potential to predict temporal dynamics from gene expression. In many systems, RNA velocity has been observed to produce a vector field that qualitatively reflects known features of the system. However, the limitations of RNA velocity estimates are still not well understood. Results We analyze the impact of different steps in the RNA velocity workflow on direction and speed. We consider both high-dimensional velocity estimates and low-dimensional velocity vector fields mapped onto an embedding. We conclude the transition probability method for mapping velocity estimates onto an embedding is effectively interpolating in the embedding space. Our findings reveal a significant dependence of the RNA velocity workflow on smoothing via the k-nearest-neighbors (k-NN) graph of the observed data. This reliance results in considerable estimation errors for both direction and speed in both high- and low-dimensional settings when the k-NN graph fails to accurately represent the true data structure; this is an unknown feature of real data. RNA velocity performs poorly at estimating speed in both low- and high-dimensional spaces, except in very low noise settings. We introduce a novel quality measure that can identify when RNA velocity should not be used. Conclusions Our findings emphasize the importance of choices in the RNA velocity workflow and highlight critical limitations of data analysis. We advise against over-interpreting expression dynamics using RNA velocity, particularly in terms of speed. Finally, we emphasize that the use of RNA velocity in assessing the correctness of a low-dimensional embedding is circular.","Zheng SC, Stein-O'Brien G, Boukas L, Goff LA, Hansen KD.",2023,2023-10-26,,10.1186/s13059-023-03065-x,,https://europepmc.org/article/MED/37885016,,['europe_pmc'],['europe_pmc_core'],indexed,world-model phrase absent from title and abstract,include,empirical,include_empirical,RNA velocity estimates data-derived cellular transition directions and directly evaluates temporal direction and speed accuracy.,exclude,not_applicable,no_future_or_action_evaluation,"The pumping brakes rna velocity by understanding interpreting rna velocity estimates study analyzes or reconstructs dynamics but does not directly evaluate future states, actions, rollouts, or planning.",include,empirical,include_empirical,reviewer_consensus,"A: Evaluates RNA-velocity transition estimates in single cells; tests direction and speed against known and simulated dynamics. B: Primary methods and results establish data-adapted medical or biomedical dynamics with direct trajectory, simulator, or action-response evaluation."
AUD-7f06de254050,primary_search_alternate_filter,Temporal dynamics of trauma memory persistence.,"Abstract Traumatic events lead to distressing memories, but such memories are made all the worse when they intrude to mind unbidden and recurrently. Intrusive memories are a hallmark of several mental health disorders including posttraumatic stress disorder (PTSD) and can persist for years. Critically, the reduction of intrusive memories provides a treatment target. While cognitive models for psychological trauma exist, these lack formal quantitative structure and robust empirical validation. Here we develop a mechanistically-driven, quantitative framework to extend understanding of the temporal dynamic processes of trauma memory. We show how the marginal gains of interventions for intrusive memories can be enhanced as key properties of the intervention vary. Validating the framework against empirical data highlights that while emerging interventions to reduce occurrence of intrusive memories can be effective, counter-intuitively, maintaining these memories in a sufficiently reactivated state is essential for preventing their persistence. Author Summary Intrusive memories and flashbacks after trauma are prominent in several mental disorders. Quantifying these intrusions is the aim of the current study. While many conceptual models for trauma memory exist, none provide a mechanistic framework for validating experimental or clinical evidence. Our approach is to develop a probabilistic description of memory mechanisms to link to the broader goals of trauma treatment. Analysis shows how critical attributes of the framework such as intervention strength and reminder strength determine success in managing intrusive memories. Validation with empirical data shows how the framework can be parameterized and predictions evaluated against observed outcomes. In this way neural mechanisms associated with memory can be combined with broader cognitive processes.","Bonsall MB, Holmes EA.",2023,2023-06-07,bioRxiv (Cold Spring Harbor Laboratory),10.1098/rsif.2023.0108,,https://europepmc.org/article/MED/37282590,preprint,"['europe_pmc', 'openalex']","['""world model"" clinical', '""world model"" treatment', 'europe_pmc_core']",indexed,world-model phrase absent from title and abstract,include,empirical,include_empirical,A data-parameterized probabilistic trauma-memory dynamics model evaluates intervention-conditioned persistence predictions against observed outcomes.,exclude,not_applicable,no_learned_dynamics,The temporal dynamics trauma memory persistence study is an ordinary prognostic or static prediction analysis without a learned rollout mechanism.,include,empirical,include_empirical,reviewer_consensus,"A: Calibrates trauma-memory persistence dynamics to empirical data; tests time-course predictions and intervention parameters. B: Primary methods and results establish data-adapted medical or biomedical dynamics with direct trajectory, simulator, or action-response evaluation."
